,TCGA-51-4081-01A,TCGA-44-7669-01A,TCGA-43-2576-01A,TCGA-NC-A5HP-01A,TCGA-38-7271-01A,TCGA-69-7765-01A,TCGA-50-5049-01A,TCGA-55-8091-01A,TCGA-85-7710-01A,TCGA-86-8278-01A,TCGA-43-6770-01A,TCGA-66-2756-01A,TCGA-98-A53I-01A,TCGA-56-8083-01A,TCGA-60-2708-01A,TCGA-69-7974-01A,TCGA-60-2704-01A,TCGA-85-8351-01A,TCGA-55-8092-01A,TCGA-43-6647-01A,TCGA-78-7155-01A,TCGA-55-7573-01A,TCGA-63-A5MT-01A,TCGA-44-7662-01A,TCGA-05-4249-01A,TCGA-63-A5MP-01A,TCGA-MN-A4N5-01A,TCGA-L9-A50W-01A,TCGA-69-7764-01A,TCGA-58-8390-01A,TCGA-50-5930-01A,TCGA-55-8094-01A,TCGA-90-A59Q-01A,TCGA-86-8055-01A,TCGA-21-1070-01A,TCGA-34-5232-01A,TCGA-62-A46O-01A,TCGA-62-8398-01A,TCGA-66-2778-01A,TCGA-90-A4EE-01A,TCGA-73-7498-01A,TCGA-97-8171-01A,TCGA-33-4533-01A,TCGA-55-8616-01A,TCGA-39-5029-01A,TCGA-39-5031-01A,TCGA-77-8138-01A,TCGA-58-8387-01A,TCGA-44-5645-01B,TCGA-85-8481-01A
ENPP4,3.736666113,6.19126455,5.342705816,4.917057916,6.246218024,6.476435466,6.355281975,5.740378383,5.1852147,6.069290061,4.582552483,6.12992852,4.046042557,5.632674736,5.415973,6.020818325,5.976287721,5.576074017,5.762923329,5.35697311,6.752270766,6.329003281,4.48216018,6.13783065,6.328726563,5.555190973,6.071231131,5.999571522,6.295401455,5.163654998,6.201837702,6.352359251,5.730523982,6.121753192,5.629909179,5.430334177,6.172087517,6.112920579,6.293096497,5.540444632,6.309779386,6.33554212,5.493006321,6.459547634,5.423412896,5.522602733,4.591585253,5.274379787,5.962923512,4.441228138
SEMA3F,6.646569208,6.150112527,6.176219424,6.405109542,5.856568535,6.121050636,6.306738206,5.938482252,6.917711977,5.768986496,6.486109493,5.477189695,6.079239665,5.995990737,6.489235237,6.168789656,6.176885382,6.787103843,6.437993197,6.951342112,5.923378332,5.662909732,6.643711244,6.396076395,6.2904366,6.36350533,5.937602866,6.449699912,5.374830759,6.583067971,6.12190943,5.402321122,6.655753523,6.312799879,6.527082491,6.634849209,5.374297523,6.98387889,6.601884833,6.252067039,6.229472517,6.746590443,6.079690106,5.372263514,6.825193861,6.584961112,6.888868955,6.310621312,4.727940593,6.903305484
KLHL13,5.820459934,3.904964794,2.937031595,5.386082292,3.707614561,2.68485084,4.937767363,3.674784339,5.527377354,1.737173473,6.06103787,5.407010681,5.549993098,5.104888576,5.75361866,2.512901938,5.106702611,4.874315283,1.647946824,4.237479802,3.655537529,4.128040745,5.512484337,4.66861208,3.045307015,6.08877539,2.593862981,0.911642057,2.627766785,5.686852343,2.718047485,1.949188515,3.464541326,2.934338995,5.024548489,5.867096676,1.853495325,1.698884226,5.37469463,4.456148076,2.296884089,1.37538665,5.587441706,3.558929768,4.855451083,5.27571407,4.142922885,6.096085867,3.678777702,4.553740963
ICA1,3.275571142,6.639886046,5.99324509,5.003197204,5.966675901,6.249671827,5.84924856,5.763471595,5.52223624,6.150817448,4.304193936,6.254022574,4.723832547,5.820119916,5.071973002,6.178795427,5.231403208,5.980167764,6.528553465,5.237623935,6.638461089,6.218051755,6.31916857,6.106222765,6.117770259,5.452705612,6.312475068,6.326966806,6.212863357,5.100258334,6.189411162,6.50056407,6.51776987,6.17637126,5.33129732,5.012208237,6.510014973,6.360332847,4.380866177,5.718528659,6.335074311,6.186348263,5.192833281,6.472722446,3.869627089,4.998342703,5.225437637,4.166480527,5.568068766,4.329461079
CFLAR,5.192460408,5.942406948,5.716803642,5.531924878,6.242560145,6.366584992,5.926872998,6.062590522,5.784372218,5.962416496,5.523605534,5.400722679,5.804208722,5.46779664,5.209559124,6.441625754,6.051823449,5.732411892,6.085341246,5.887669211,5.545839823,6.10620667,6.037098123,6.04765146,6.116534179,5.882514576,6.401883939,5.905896127,6.30043741,5.76590179,5.994390117,5.604138198,6.285706392,5.970562355,6.075894291,6.049500734,5.999181417,5.950428557,5.714321993,5.869034334,6.084570507,5.695741515,4.659967676,6.36506227,5.689988228,5.485919864,5.856926733,5.548414229,6.028425428,5.868031993
FKBP4,6.92415609,7.107696038,6.67527557,6.739798428,6.488844515,6.598680116,6.521154859,6.698358466,6.854704354,6.4637172,6.852151781,7.046493201,6.706760984,6.580138951,7.012307475,6.435492208,6.694948047,6.994746672,6.355233255,6.812194158,6.725480545,6.201605964,7.069339249,6.551306629,6.210502172,6.527036046,6.176148353,6.477721367,6.58075139,6.936699689,6.53328042,7.028244167,6.713820796,6.589489552,6.921642602,6.812373137,6.660838876,6.973404902,7.053958007,6.839379583,6.379763771,6.984673295,6.739425813,6.551695616,6.81443125,6.668822927,7.211164431,7.044482043,5.173563758,6.994218431
PDK4,3.629308951,6.456828541,5.629882017,4.190903233,7.014051497,6.415139645,6.206622556,5.627029621,5.303755685,4.792881309,4.670138286,6.098974065,4.674277002,6.558341776,6.111279388,6.114161467,6.322575361,5.74979305,5.835678216,5.169779743,5.421649575,5.967393513,5.772242246,5.493513822,6.07258349,6.212294782,4.645884677,5.141759058,6.558851517,5.118425731,6.737708352,7.309066086,4.578106936,5.530683983,5.578504254,4.651687396,6.81405872,5.947770619,5.605118841,4.77034684,6.54759892,3.702558164,5.392423744,6.615288892,4.675927505,5.387337177,5.659699954,3.725426076,5.560191834,4.198046759
HOXA11,4.284699989,0.249251235,1.370607346,4.222209361,0.948109897,1.02829419,0,0.281570442,2.912789805,0,2.389247357,2.184212554,3.847154308,5.955289195,3.417376801,0.239412126,4.109425546,4.953420337,2.706850227,2.842849535,4.568186296,0,4.891728259,1.164662539,0,3.737691302,0.532692576,0,0,4.411081314,2.860694813,0,3.230970688,3.910093101,3.712242209,1.906646223,4.746862569,1.380211823,4.634710214,2.753786617,0.408188816,0.859314481,6.264707787,0,2.87504375,4.562054288,2.683924175,0.516431897,0.445851665,4.706048887
ACSM3,2.326519698,3.851944783,3.859730696,2.51406377,5.045710819,4.682400138,4.223892346,4.562972784,2.238478448,4.539353092,3.508308211,4.378691253,3.076395437,4.390646285,3.992760323,5.534349594,4.297765226,3.782129196,5.420106582,3.137820575,4.594563503,5.569488522,3.383323712,3.064893583,5.242789141,3.704971123,4.870304164,5.382378274,5.860349073,5.053642107,4.994355981,3.703229627,4.353085244,4.565137528,3.225921784,3.771831814,5.363997507,4.838251045,3.916180206,3.534133898,5.277305238,6.389368573,3.220969859,4.082684121,2.930838679,4.613834669,4.020724627,3.112222165,5.17167031,1.977294706
PON1,0,5.111476414,2.854014782,0.876125605,1.689514291,5.147345773,1.097627968,2.115953872,1.390145095,4.297555747,0.828294344,4.145581517,0.847707619,5.085958994,0,1.880720568,0.227729506,1.813277222,2.370889843,1.209987287,1.635831095,2.167901064,1.202627048,3.369441437,4.136762223,1.156147325,3.569910524,4.29734675,1.507574741,1.574312121,4.38209578,6.279936907,3.323252186,2.043759648,1.089195871,1.598522169,5.076536314,0.649816177,0.256551775,2.113279933,3.512027697,2.658497655,3.497002275,3.842626333,0.236889124,0,0.917339321,0,4.986463301,0
TMEM132A,6.62748294,6.422123117,6.462647607,6.583482895,5.852999607,5.142263245,5.686971563,5.836644852,6.515601864,6.244867649,6.599308851,5.897738501,6.370295622,6.029205568,6.37808248,5.690341585,5.882255955,6.47803599,6.210083656,7.041962572,6.315916486,5.062804522,6.570425538,6.563707353,6.519629857,6.770081418,6.13467704,6.180954577,5.580838871,7.019665605,5.597870078,6.467940184,5.652663313,6.211956627,6.372679816,6.382245546,4.630354647,6.099892574,6.322807925,6.199678524,5.360795874,6.117897061,6.167606801,6.103706484,6.539959671,6.330792045,6.764035147,6.372714873,2.938993668,7.162727982
DLX6,5.159150537,2.555198557,4.580206021,5.162478751,2.436422158,0.947747281,4.43170028,0.997283909,3.493370791,2.603128914,5.226455446,4.61117859,5.788180594,7.032056241,4.363811491,0.164604256,5.781457971,2.846927704,3.133431131,3.969636466,4.941469235,0.325355997,2.431951894,0.44484023,0,5.639225604,0,0,1.590893071,5.490640807,1.009224907,2.164446648,4.015416723,0.817574543,3.49379597,4.614709103,5.547472481,0,4.067086507,3.871604867,0.900757923,0,6.233028678,0.511696905,2.356687093,5.630479011,4.279327692,5.006078308,0,4.003281096
ALDH3B1,4.145210354,5.639890341,6.559727904,5.478817637,6.118625558,6.325004148,6.206968795,5.912653382,5.801623076,5.470801852,4.890126863,5.666003503,4.903292662,4.850899389,4.4154126,6.580491678,5.495309184,5.543257692,6.822994155,5.207773979,3.998227978,6.059061925,5.494595242,6.513480495,6.060067667,4.860108552,6.209402359,6.114884513,6.857143264,4.799813071,6.700309211,6.887684403,6.382140391,5.939878621,5.022863428,5.485350526,6.168391393,6.862070531,4.752205878,5.629239339,6.937959825,6.295655324,4.680160052,6.861214514,5.429977515,5.295442065,5.681455879,4.275116942,5.042978468,5.335138477
ARHGAP44,4.626142333,4.940931236,4.754944983,3.480380875,5.260598749,4.704402112,5.645291073,4.443541675,2.572072752,5.418242995,3.894012607,2.607268821,5.234669639,5.126227373,3.107471077,5.431675818,4.970908987,4.570883743,2.926702414,3.182995824,5.799820829,5.896773784,3.123861329,3.625379573,5.85672969,4.856787983,5.271152663,5.21077371,5.452915545,3.158781611,5.737526753,4.319401926,3.137309195,5.016876226,4.432412552,3.833517765,4.416738934,5.243542022,3.977967177,4.634129203,5.246820887,5.826114756,5.37638168,5.117593513,3.572041602,5.008736252,3.988338683,3.157660083,4.961602681,2.956941459
ARSD,5.786408357,5.753857622,6.588256437,5.849462339,6.453586386,6.382761308,5.873430722,6.415791451,6.673812743,6.635191817,6.268484419,6.162939037,5.882601238,6.027693779,5.988116927,6.714513061,6.000975209,6.21466175,6.654052237,6.429177592,5.32539474,6.550760972,5.979805349,5.977478073,6.276106465,5.316800168,6.214029615,6.404411494,6.605160053,5.5672391,6.237137894,6.691117222,6.141583804,6.331052813,6.218745397,5.815650618,6.42939577,6.626838921,5.96244258,5.758921399,6.849799097,6.607202969,6.097025422,6.427480433,6.068009139,5.662135136,6.259730704,4.719252735,5.991706249,4.068600377
ADIPOR2,6.831495162,6.647530126,6.356216253,6.482080556,6.37416326,6.365877664,6.316140652,6.417816526,6.66090069,6.358835482,6.691871562,6.546881555,6.366498096,6.33999643,6.575580552,6.451694933,6.571424733,6.62410009,6.359217505,6.649599112,6.490493395,6.106476716,6.937977466,6.24032155,6.091711902,6.350013219,5.972289121,6.281197499,6.311108936,6.522099118,6.500601397,6.990899995,6.439172996,6.361529089,6.654477494,6.641676685,6.584045871,6.75373786,6.549352341,6.538071657,6.254382631,6.228531282,6.42308449,6.222677538,6.520392195,6.481544275,6.86934274,6.649088518,5.537778679,6.958757034
PAX6,4.677009371,2.90697917,1.614981286,2.010899772,2.305118125,1.667437113,1.832568203,1.518941475,1.032004639,1.721688529,4.564517584,1.659873885,2.030973063,5.01898779,1.601892763,1.518087903,3.479606832,1.890211228,2.686438792,4.320242428,2.511625845,2.174033181,3.29941686,1.434869583,2.509087671,4.325294661,1.585646871,1.572999928,1.808581708,4.704555495,1.627980011,1.676100311,1.696572791,1.702804292,3.664090071,3.055414259,1.755272805,0.981658316,1.362418358,3.488451544,1.966076042,1.408938489,5.400232127,1.531642336,2.299796047,4.361757187,1.825907714,1.331995527,3.360452161,2.105961052
E2F2,4.972369227,5.841840035,4.117531129,4.474568764,4.097399781,3.85105631,4.663025819,3.959546567,5.257285572,4.531831912,4.851622537,5.152873739,4.983584903,5.988138281,4.681817103,5.04677004,4.563846981,4.61844181,4.107660454,4.090562212,6.181189234,3.794750256,4.808725844,5.047348355,3.934708063,4.986297169,5.054409898,4.10693434,4.346006026,5.613208717,4.614839398,4.769174312,4.942650409,4.766441678,6.007916571,5.302946174,5.696139971,4.829005288,5.36207615,5.332116714,3.099471875,4.533555171,5.055771146,3.830881283,4.631181043,5.418603378,5.071216664,5.581530377,2.583350819,4.864101594
JARID2,6.242649111,6.238133159,5.685778285,6.060073663,5.955404729,5.694645138,5.576970785,5.47250266,6.485732018,5.671818973,6.324492891,5.786836208,6.156355574,6.106112207,6.236674554,5.498696838,5.826892232,6.056316154,5.823431928,6.319612446,6.750672651,5.720675121,6.240794225,5.738086683,5.932067554,6.194578008,5.798212863,5.624935927,5.876586891,6.143333118,5.915828129,5.785458302,5.575650344,5.544511835,5.95841599,6.239789299,5.604562617,6.200955535,5.637843618,6.31590723,5.869541456,6.101313886,5.835439959,5.482041451,6.108930392,5.964588995,6.020405277,6.06574154,5.403699123,6.355257174
RHOBTB2,5.225275648,6.154647824,6.076163406,5.334010775,6.667316498,6.130799748,5.756214501,6.069666035,5.58011421,6.441898909,5.547336943,5.91297381,5.253509249,5.601526191,5.35544036,6.661466468,5.894031588,6.065159774,5.715184528,5.77620285,5.460168141,6.45518597,5.99990824,6.128829078,6.539761955,5.712042654,6.003692964,6.434493476,7.214402039,5.85414302,6.396859188,6.373307729,5.951029718,5.695958016,5.625556612,5.625017242,6.454426469,6.372439816,5.385848927,5.418921265,6.86745401,5.829995813,5.810470037,6.020972483,5.484511442,5.891970303,6.099534616,4.142874809,5.546237757,5.494829313
IYD,0.754280947,1.914173978,4.800591456,0.990487753,2.657499414,2.674796823,3.238172437,1.26989681,0.806388421,0.979657758,0.384220821,5.382185866,0.077749361,0.724864815,0.631923503,2.494109096,1.776266262,1.016710681,3.109761108,0.185245894,3.50541861,3.473188309,1.129624962,0.640788476,2.130375852,0.717685266,1.382915013,4.313186377,2.534191999,0.795781103,2.236838499,4.863784074,1.658965251,4.235751776,0.94683965,0.820472742,0.9856082,3.990605845,2.913401967,0.226340108,4.89643727,4.38595979,0.144342272,4.898416208,0.826091968,1.623587949,0.407730496,0.892515896,4.826923471,0.901246928
VTA1,6.195303074,6.105773967,5.991418167,6.144449236,5.925662972,5.982926886,6.081066751,5.519649192,6.090773918,5.897251422,6.190149445,6.118299802,5.838109719,6.07186127,6.17509041,5.721066524,6.057158838,6.305108598,5.98608581,5.660205421,6.394898983,5.817062872,6.24043857,5.980451619,6.118627873,6.161999092,5.543555797,5.209983514,5.438211764,6.199274851,5.93326266,6.093328553,5.968622574,5.91043439,6.118007029,6.118728146,6.075420805,5.828143215,6.513574616,5.926705021,5.430686,5.631858034,6.290706609,5.978504131,6.174459892,6.106759494,6.204027995,6.363783737,5.338229861,6.266184778
CD9,7.722586058,6.788354319,7.183606157,7.355370621,7.068019457,7.182302038,7.281903326,7.121432177,7.266320479,7.323657077,7.495103779,7.390682922,7.471086592,6.931296922,7.458635685,7.165023837,7.198467709,7.294100045,6.574554003,7.382089737,5.565059133,7.042505273,7.503524233,6.963080024,6.94383412,7.254427044,6.871200861,7.170103869,7.198901304,7.253953896,6.957554705,7.032746047,7.079595329,7.165681272,7.437478472,7.518583094,6.833016667,7.109440289,7.791424453,6.942460169,7.266509641,7.124558071,7.111561872,7.265844728,7.338225311,7.344702902,7.726834192,7.615789417,5.941798872,7.753444379
NCAPD2,6.912476733,6.934452233,6.389553639,6.602974506,6.335873299,6.141259541,6.233307694,6.105287763,6.734250444,6.335091148,6.962403664,6.554943037,6.686184099,6.723905309,6.724850064,6.481392084,6.569015958,6.611491672,6.033270014,6.766665825,6.908269606,6.054745473,7.025998763,6.382037792,6.178631536,6.429219049,6.174145569,6.183977267,6.232453593,6.85016465,6.420416148,6.596486618,6.510200344,6.298782273,6.735959786,6.624918326,6.644475089,6.702235173,6.267866809,6.765217938,6.071973135,6.332744354,6.503501237,5.991500805,6.623566056,6.418164924,7.086579456,6.777045528,5.275975226,6.769108796
NME1-NME2,4.608576926,4.186881642,2.912576076,3.832320494,3.587500669,5.045616892,3.533934155,3.926763622,3.462348554,3.593767429,4.557269345,5.211603358,3.843784766,4.397399515,5.426754214,4.785600468,4.07264905,3.528695023,3.157407886,5.513320801,4.331455513,2.623068694,3.656918421,3.517143754,5.339877381,4.048809842,3.855082205,2.403236875,2.784642183,4.732252573,3.278343567,4.005809785,4.159084337,3.308690958,3.903154932,4.565295699,4.09231608,3.375166602,5.799727038,3.978371378,2.656689346,2.780265475,3.857334364,3.915738478,4.492391467,5.510394414,4.336345944,6.133151963,0.737858522,5.117348534
DPF1,5.169492783,4.166270786,3.240302989,2.33356485,1.852079871,1.490141565,1.580378666,2.055661323,3.032253125,1.198758537,4.696598272,4.072946862,3.119712738,4.892976604,3.148807003,2.298130158,1.923536691,1.933020448,1.017906116,1.906318895,4.301406869,1.637786351,3.169286698,2.484638649,2.466861888,3.406917042,2.331196947,1.249281241,0.45581178,2.103222297,2.534956618,1.050098814,1.634923569,1.764857073,3.946976875,3.215474688,1.547478928,0.832401327,1.165912792,2.593467747,1.542411512,0.632355521,4.670546487,1.323573282,4.333030946,3.633980817,2.366194236,2.976560894,2.306875433,2.200230717
GABRA3,5.338098672,5.486362302,4.358140752,5.641752166,0.598983301,0,3.380519792,1.037468448,4.846469576,0.995375939,5.308511735,5.53113657,5.591070836,5.289406518,5.031409597,0.375614442,4.68756143,5.43168746,5.385583203,1.624049137,6.12494343,0.272915814,4.749883593,0.261326132,0,5.705200245,0,0,0,4.751340304,4.039852672,5.613232538,3.655607373,5.886386803,4.444969384,5.146933467,0.950354429,0,6.094136598,5.436490871,0.23923932,0,4.428748393,0.763225309,5.244524608,5.163406852,5.704504377,3.774767507,1.237529124,4.668915585
PRICKLE3,6.350286443,4.861300122,5.82692738,6.193008044,5.473070275,5.507193352,5.491124723,5.757393907,6.114351965,5.874421675,6.267872999,5.981960168,6.017910962,5.663037215,6.306146379,5.567817848,5.357243447,6.214424007,5.695147276,5.755310053,5.544375454,5.488216009,6.134659397,5.54233934,5.789228258,5.93212607,6.001657121,5.721037438,5.134769017,6.312798779,5.378408683,6.313222279,5.586531783,5.396047919,6.008949968,6.181931872,5.834043514,5.834916531,6.09040196,6.199330706,5.462458518,5.98274631,5.5890011,6.074981759,6.217822817,5.650157678,6.219543772,6.028420032,4.276187908,6.038929182
MVP,6.535687754,6.49310529,7.088326688,6.605507784,7.076575986,6.810044161,6.904329507,7.058482393,6.804003109,7.230793952,6.570633892,6.213844267,6.559040537,6.49287047,6.632264614,7.068035564,6.426399981,6.868665094,6.85783196,6.914863536,5.78897621,7.058656666,6.773476237,7.021305977,7.127257814,6.609624217,7.084553192,7.18013792,7.038892378,6.640396325,6.549214111,6.906480565,6.978229499,7.024697403,6.611816411,6.698132797,6.323039336,7.094768907,6.819979514,6.654742926,7.010977768,7.308847095,6.092212996,7.069061113,6.913511185,6.436434965,7.056454396,6.385241694,5.546092636,7.028319571
GPRC5A,6.228341062,6.532394277,7.203682599,6.396090223,7.254561401,7.155772647,6.501319029,6.900619523,7.111566621,7.032709757,5.892961636,5.071593425,5.464010874,6.08329056,5.861186321,7.167620812,6.533928613,6.847142096,6.556973151,5.89198831,6.657512324,6.749777903,6.86740693,7.0477629,6.951944142,5.96635118,7.028106353,6.913402104,6.787940701,5.894957829,7.461015916,7.019044126,7.021792478,6.723860834,6.755719909,6.414701577,7.195342379,7.434703685,6.673325657,5.805506742,7.059111408,6.292503754,5.833209994,7.277710371,6.339130477,6.335217929,6.880480154,6.175069979,6.115491271,7.205366173
POLA2,6.146158082,6.220460476,5.671668023,5.769573241,5.47619644,5.234228441,5.486920647,5.484400376,5.930507297,5.67524986,5.950300737,6.214566448,5.866814252,5.94653085,5.662792843,5.900499394,5.378100553,5.732567712,5.681050713,5.587906496,5.917303309,5.437086621,5.828130504,6.131022435,5.234162472,5.995789936,5.62360653,5.712860761,5.591878672,6.003655057,5.568944194,5.537583579,5.264196333,5.438609211,6.119351433,6.220577627,5.68261297,5.844307578,5.939546192,6.107600641,5.246839651,5.614482816,5.796502723,5.512220114,5.915616777,6.018338945,5.357529128,6.070911473,4.821711498,5.512133091
CHDH,1.447861523,5.349674845,4.049222617,3.128283965,4.073670959,5.246311749,3.582025766,4.612488354,1.843667761,5.382330408,3.247434863,5.24653877,2.282647582,4.81768295,2.837109602,4.826958698,4.089243326,4.503459698,4.32424454,3.740775992,4.338973626,5.049597574,3.675398453,4.352645908,5.72112376,3.858133453,6.084042267,5.181502717,4.497406563,4.343569324,4.458808881,5.074268888,4.23169971,5.481685573,3.354183044,3.46718711,3.946871704,5.464541491,2.956822791,5.420441889,5.429424056,5.208031874,4.091251398,4.151636887,3.545033469,4.089701265,4.761026694,2.861653062,4.604376348,3.201375122
CLCA4,4.862722497,0.461962416,0,3.942012164,0.393959997,0.304500753,0.771758559,0.892494496,6.680346817,0.140406827,3.619164624,0.393272666,1.388679643,2.384138262,4.099950412,1.129989156,3.732799104,6.170024887,1.817464364,5.148144229,0,2.919889261,1.052023696,0,0.490538401,4.800922648,0.201918392,0.676156623,1.805902959,6.157861714,0.595258924,2.101001067,5.173635281,1.009288294,5.015394509,6.840168801,0.298015185,0.210191263,7.063196299,1.494486855,0.150342379,0.524547328,2.504433137,1.875373373,6.795127657,5.412954838,4.014605955,1.809429519,1.722645901,4.031135829
ATP2C1,6.804448346,6.449301998,6.159252981,6.376743119,6.409615353,6.351001101,6.403477814,6.69515954,6.947473168,6.050091669,6.479586328,6.606820049,6.584026694,6.412051788,6.901726571,6.268652926,6.718161284,6.865963155,6.313313771,6.755516173,6.791117484,6.409298916,6.579649422,6.375215067,6.314203193,6.564937354,6.13532792,6.326723563,6.24099086,6.870026444,6.402133941,6.190575191,6.389595818,6.61708089,6.604664468,6.715591748,6.554366954,6.401287976,6.886588747,6.6639211,6.151629927,6.38827031,6.308059318,6.00713554,6.639108618,6.541198002,6.760844636,6.574300046,5.943255332,6.720179812
PRDM11,5.251512133,3.108026758,4.176965359,5.38673389,4.115160743,4.093058502,4.170095785,3.762472334,4.809625879,4.302610771,5.431541667,2.331064825,4.731839553,5.310962952,4.730135177,4.341648592,5.10332956,4.783582935,4.277028639,4.686389642,3.661488748,4.490336971,4.444004807,2.893195929,4.250723035,5.275154146,3.792509843,4.707579911,4.604229012,5.475619147,4.153387429,1.33064137,4.05357028,3.982756514,4.649074617,3.684760244,3.006222949,4.158962473,4.974147969,4.037867551,4.630282901,4.463591626,4.955899175,3.994684562,5.432764549,5.128632501,4.495650187,4.673897767,4.169543476,4.680726533
SNAI2,6.865838948,5.114470985,6.163780917,6.666491557,5.807701182,6.208719215,6.172170342,5.95756749,6.664346793,5.711340519,6.718789444,5.205948755,6.330148819,6.309491662,7.212281145,5.33207024,6.585414725,5.975547345,5.497195176,6.770789799,4.2682186,5.348006444,6.53540414,6.333249689,5.203517317,6.646111184,5.62035193,4.781619949,5.29309862,6.739957367,5.858652597,3.329797324,6.351024124,6.176578178,6.561673167,6.357316894,4.56978097,5.629111999,6.500641037,5.584086186,5.538540344,4.293319488,6.588961082,5.659459354,6.687319547,6.578660426,6.707752578,6.662028916,4.7602996,6.969730174
ZFP64,5.951980067,5.48047922,5.195073289,5.525224286,5.35287876,5.35248842,5.365459332,5.268253135,5.735571007,5.764226492,6.097797875,5.811430238,5.970513778,5.943086758,5.904381877,5.321390418,5.519388583,6.123706857,5.384843438,5.683659144,6.047747814,5.174037198,5.538818775,5.227776855,5.842745206,5.904812786,5.476426125,5.340421486,5.44075375,6.121497888,5.503889429,5.356114985,5.047982153,5.350260033,5.389696673,5.969946275,5.102072075,5.645334494,5.689387686,5.693037153,5.292671558,5.037663074,5.606622681,5.336993617,6.015172675,5.793058114,5.915121924,6.059236576,4.560919527,5.859534358
PLEKHB1,3.46583523,6.471723324,5.350695845,4.397090026,5.834215838,5.867558993,6.054952913,5.959868319,4.02158643,6.093338547,3.555451845,6.271332513,5.282572981,5.997816728,2.799977495,5.871857678,4.898155869,5.257819812,5.298964151,3.894708989,4.588956405,6.107789185,4.379096608,5.501457859,5.896842758,4.412241689,4.893971631,6.348481214,5.679738412,5.047863456,6.145594452,6.49142949,3.764211403,5.517863266,4.477948504,4.982837266,3.526055551,6.02478609,4.752393763,5.855081544,6.553664629,5.294773824,4.749346316,5.90920935,4.921976372,5.211858054,4.532693962,3.470888237,4.470304289,3.255343747
SPAST,6.508140781,5.951076245,5.920688442,6.206651537,5.941165637,6.041065077,6.039219611,5.6952661,5.971962451,5.947280036,6.200918943,5.658074815,6.390817384,5.991584036,5.903459311,5.968852259,6.274677133,6.077505309,5.740497958,5.93306464,6.613595414,5.835008231,5.822349641,5.656756804,6.134596493,6.355655602,5.893640143,5.64317413,5.981128441,6.302499679,5.906532862,5.90280993,5.740982213,5.968769231,6.196883505,6.110101555,6.297873851,5.786160582,6.258540447,5.955532899,5.477668237,5.751265664,6.328141226,6.121346451,5.752966776,6.25121383,6.019040305,6.150657,5.544216207,5.979130256
KCNG1,4.513277563,0.638371189,1.311951755,5.028195972,1.55614431,1.456416714,1.128777957,1.989448677,4.116992611,1.435020766,4.385027351,0.482110303,4.190552383,5.704850184,5.028953849,0.205711375,3.94736374,4.382319275,0.501729554,5.225168265,0.216317147,1.665790612,4.816917027,1.750428769,1.012048938,4.694089711,1.205963802,0.886953338,0.725064902,5.31559403,2.230758976,0.62725315,3.939679695,1.456503832,5.12271152,2.678226231,0.520995945,1.841078195,1.070633583,2.82829049,0.353602872,0.699272935,5.837193351,1.442929294,5.01479587,5.037805727,5.247820181,4.564800783,1.039687571,6.386211924
TBPL1,5.976038421,5.587076655,5.344268334,5.707642281,5.511814966,5.376137947,5.722147468,5.201988744,5.390441653,4.78350314,5.504362197,5.897180163,5.65868637,5.36865866,5.448859766,4.969655534,5.403993032,5.62148855,5.265650534,4.896856433,5.76766422,5.382572511,5.88135991,5.345918571,5.675131428,5.840699837,4.6995921,4.604181667,4.554620014,5.865306175,5.352370374,5.505279826,5.463427513,5.154156704,5.667248366,5.581427628,5.491331769,4.900364029,6.465120617,5.793118164,4.742705099,5.78483788,5.964115052,4.922148811,5.742629557,5.742063824,5.821579699,6.115193999,5.0487219,5.652944116
ARNTL2,6.583161898,5.92774834,5.888997016,6.470329385,5.195201738,4.670701045,5.632183567,5.926172896,6.351508596,5.870258075,6.503091417,4.792813505,5.615158105,5.522456382,6.591753977,6.429736463,6.194103835,6.422917121,5.965057893,6.563555566,5.873448544,4.618666099,6.233935367,5.954636156,4.26803715,7.028031605,6.30409593,4.787676198,5.183628526,5.995677671,5.819036458,5.864965419,6.217658142,5.87262053,6.613785129,6.46863009,6.045397612,6.225879843,6.591189727,6.241392137,4.208859637,5.248393428,5.709391682,4.715387979,6.038824068,6.173544442,6.801618421,6.384441649,5.246529502,6.8817403
ASTE1,5.553393299,5.384210863,5.072971477,5.475645508,5.316846266,5.336618534,5.445397711,5.379797342,5.898974111,5.427023584,5.264377133,5.670456877,5.679918177,5.449457848,5.667533365,4.859783683,5.441207207,5.349588391,5.368097865,5.025022834,5.664046714,5.318866903,5.204438324,5.165754723,5.306420349,5.142496084,5.136406192,5.329931936,5.093845852,5.893927655,4.850004477,4.587094894,5.389071339,5.242866177,5.450810437,5.454400669,5.470289136,4.616131557,6.085367216,5.518224628,5.142173554,5.204524076,5.392135637,5.132562778,5.759393849,5.873175265,5.373942403,5.772692103,5.171338569,4.670560639
HOXC8,5.755910801,0.933398423,4.15596921,5.378132294,3.92567841,4.304039498,2.632553945,2.088837283,4.588690476,0.455636069,3.318797042,3.969092934,5.772838725,5.514925193,4.506566773,0.525139708,4.674273762,1.260115089,4.885855134,4.600338109,3.885571223,1.238368082,3.013906806,3.013592838,4.040498796,5.093804088,1.380622779,4.339110964,0,5.591406335,3.206469291,4.012228618,4.854427615,4.688404767,5.097442111,5.174411775,5.155592851,4.409711805,3.86591363,4.980383168,1.246965015,5.051687265,5.448006027,2.513109358,3.70823388,4.718026854,5.277924715,5.477521656,1.809292456,4.632158364
DNAH5,1.588445518,4.967824843,4.773297643,3.806472771,4.184224996,5.369016734,4.402165927,5.660811995,3.807115519,4.910711656,2.908863901,2.797268723,2.789976022,3.874088349,2.841514411,5.246547018,4.035734647,4.968193802,3.571757717,4.29243159,1.208202782,5.932593878,2.394435502,5.544262311,4.411156674,3.528653558,4.786146142,4.834321111,5.60053324,1.882645707,4.580716756,4.851302165,3.450865051,4.437337858,4.442032998,4.180395124,3.401257725,3.186985467,3.307139792,2.769037573,4.587080425,2.97444651,2.51198612,6.11085801,4.555973065,3.450084957,3.82647229,1.785845323,5.921833774,3.939517937
ZFYVE16,5.345255822,5.697332911,5.332079152,5.218509882,5.612085016,5.673207499,5.604925965,5.757095516,5.1375591,5.630437666,5.182957904,5.477678672,5.141871944,5.228240474,5.18685357,5.74929679,5.80584303,5.354932339,5.674748014,5.34013811,6.101225981,5.653222736,5.285633903,5.451614783,5.789357303,5.159063029,5.468463353,5.600115892,5.074301772,5.316337583,5.608408327,5.127687462,5.468316527,5.745129128,5.3414256,5.155831062,5.859928574,5.65972011,5.134615561,5.154486663,5.624666166,5.431627741,5.474848565,5.161310749,4.65405678,5.179749945,5.151049132,4.795887461,5.985792087,5.318049884
LSG1,6.751735796,6.071349093,6.26131542,6.338616864,6.060859767,6.026430531,6.106250772,6.15383961,6.577402045,6.283920419,6.723915368,6.632352512,6.601752539,6.569351084,6.516274876,6.013145177,6.672727485,6.663469646,6.086571203,6.44711972,6.637479284,5.925561377,6.349145821,6.301724584,6.097410554,6.974049622,5.95501889,6.061003911,6.089153936,6.661937975,6.163154684,6.011596639,6.222875314,6.21029092,6.098640066,6.63254857,6.249253062,6.333109376,6.559071118,6.472614816,5.897366117,6.294851247,6.70354268,5.877316283,6.615415784,6.728865144,6.393050837,7.085927739,5.618244386,6.474598792
TG,2.681064767,1.35859647,1.366073059,4.163370791,1.487874783,1.320143173,1.552332156,2.121081481,3.199798172,3.190192087,3.069776857,0.368725363,3.267775606,1.100250256,2.382788419,2.072150149,3.55442476,1.939232561,2.446370078,3.913769023,0.557506238,2.07083824,4.78807338,1.566516642,2.72253762,2.701626643,2.784082929,2.095431109,0.640608803,0.891168976,2.205669241,0.263731457,3.410142986,1.690615949,4.181330877,2.159143117,0.510895741,1.835988316,1.802795742,2.775382265,1.095265322,0.560659774,2.009434304,1.279407529,3.537802546,2.162587405,5.874677486,1.158574842,3.196567689,3.946131805
DCUN1D1,6.242406877,6.028684962,5.708769325,6.220288092,5.71032989,5.602607513,5.686869399,5.766732973,6.263794459,5.783437466,6.321542606,6.064296149,6.068511003,5.948051522,5.80339226,5.420842123,6.312169533,6.069053781,5.390089152,5.833301931,6.376359122,5.677013978,5.805735836,5.61588656,5.665703265,6.308030762,5.37085487,5.464563527,5.470230145,6.119918824,5.711958733,5.116746588,5.615287236,6.089751663,7.039194498,6.382506681,6.163246184,5.609880087,6.636938857,5.741466479,5.456928103,5.477999028,6.444356752,4.989029132,6.044197901,6.452373571,5.849183301,6.401706946,5.757607014,6.152730523
ZIC2,5.477818866,2.336981097,0.293846615,5.269967179,3.834990901,4.858591294,3.015057656,0.802862219,4.002983778,4.551753762,5.806338949,0.218574739,3.899569768,6.589069278,4.556186881,4.838593805,4.212864847,5.741662901,3.99382153,4.077311877,1.614663244,1.028637879,5.968199811,0,2.988674221,5.011519904,5.107543044,0.210152119,0.620420603,5.860052352,1.038902402,0,4.998824223,4.020820782,5.835372049,4.792937553,1.988874951,4.03342267,4.781790872,6.018370017,0.156228417,0,6.204682439,3.705417923,4.692799988,4.05379262,5.679748449,0.379211059,0,3.867545256
FAM214A,5.663019471,5.669568448,5.531237011,5.203073653,5.971710977,5.723945195,5.535552576,6.032624403,5.861010757,6.050363864,5.238993791,4.769531799,5.471227961,5.390349628,4.752265576,5.439483143,5.615110569,5.654403622,5.701114575,5.522043297,5.941695087,5.864764663,5.236559983,5.854208645,6.032562783,5.670825732,5.870133896,5.770284333,5.856816678,5.205521638,5.796719479,5.320196485,5.758447376,5.724232705,5.624656253,5.733840122,5.994288846,5.437140291,5.04886658,5.123102507,5.933948073,5.468395422,4.933184839,5.844877364,4.913611602,5.221705712,5.592952206,5.190545044,6.103115844,5.081471759
LMO3,1.464063346,6.066109726,6.235848007,3.375843927,6.063281201,6.615614961,5.096124077,6.239639968,3.351844542,6.514188398,3.862054859,3.027288607,1.725634383,3.990093625,3.168151074,6.196203108,5.342209304,5.27759053,2.615322514,2.780462814,4.908328906,6.15570819,3.312041219,5.188393831,6.490432244,4.948220811,6.394402929,5.885847591,5.976190599,3.174728458,4.802949134,4.676557875,1.785001514,4.997561288,4.766598968,4.335698991,3.936716624,4.559468713,5.217801676,4.11004348,6.577558163,2.172275965,4.293885221,6.487519999,3.833176337,5.001175235,4.21089885,3.885847656,6.37112129,1.180188224
CELF2,4.341939773,5.967402771,5.574420894,4.714969449,6.485523365,6.303196701,6.105236047,5.932433386,4.89449028,6.072286692,5.19981285,4.123812829,5.35548216,5.856676346,5.498016064,6.210608199,6.156533843,5.28551105,6.396299477,5.451755456,5.855706382,6.185338847,5.090708297,5.938692439,6.086754941,5.899242707,6.022381106,6.056597208,6.475677395,4.810631439,6.507062582,5.109932366,5.725378697,5.927717896,5.622404723,5.640346469,6.416871278,5.763364892,4.885470972,5.847834445,6.347601801,5.914516186,6.13851505,6.201178784,4.93312451,5.624124046,5.384861089,4.835801138,6.110383951,4.748014597
R3HDM1,5.882381672,6.009436988,5.632588011,5.887870259,5.755178602,5.788812465,5.651599535,5.685667167,5.832156068,5.791955333,6.138710934,6.399026583,5.866458029,5.820162197,6.028852866,5.824543635,5.834243634,6.058717943,5.786276149,6.006734071,6.451373881,5.605481719,5.752510489,5.89867724,5.750036868,5.560709938,5.661342645,5.344607776,5.701443125,6.039718322,5.80538263,5.719594257,5.658701823,5.669763186,5.709865594,5.936062141,5.989086731,5.671105803,5.392616888,5.743664278,5.47244023,5.333296641,5.797114232,5.628575116,6.012670437,5.725625596,5.916019054,5.838434574,5.319925705,5.599670718
RAD51,5.989920812,5.735285604,5.733077787,5.690399794,4.719176271,4.545100409,5.452070509,4.47330954,5.752530607,4.945685619,5.93751368,5.508577948,5.698387085,5.939488701,5.366183738,5.28225184,5.134610043,5.900632874,5.210331177,5.277295292,6.368274826,4.025663193,5.904241984,5.379107425,4.439073358,6.105013876,5.524917164,4.775661598,5.174283419,6.023985658,5.653218027,5.421251984,5.582913911,4.918986769,5.612240875,5.844086315,6.358377433,5.638647901,6.348350507,5.656518508,3.607191638,5.087210821,5.601557357,5.022250115,5.440884718,5.480905498,5.919908992,6.31210208,3.90603014,5.763747313
POLQ,5.71365828,4.983671073,3.706533469,5.191302364,2.787186447,3.174044385,3.609548977,3.107279616,5.394257991,3.668787994,4.972177094,4.613227829,5.712995056,4.952510571,4.400764789,4.224591068,4.906963821,4.82874246,4.412344076,4.024303622,5.376517225,2.172389174,5.014660606,4.301824713,2.500981026,5.567858137,4.59703904,3.065537253,3.372644316,5.378243055,3.780193807,3.958459296,5.197867033,3.949209248,5.23750507,5.234039292,5.618398567,4.740775814,4.093267501,5.600214443,1.997144135,3.881010019,3.877474576,2.355099693,4.573499711,4.152444154,4.693067239,5.508285124,3.735781556,4.160403887
THOC3,6.206240249,5.67810437,5.066381875,5.666646459,4.859300114,4.208578629,5.110469824,4.830568494,5.718074599,4.976287933,6.429081791,5.804163333,5.838395197,5.212513597,6.398267503,5.151994216,5.094763838,6.058146467,5.404033782,5.048523744,5.549779665,5.313014524,5.223967774,4.82967981,5.009543195,6.222120376,4.923400096,5.233978292,5.269647257,5.705223343,5.523682318,5.589304732,5.991998952,5.545020808,5.741170355,6.378643667,5.400720055,5.575634963,6.261466825,5.429466609,5.108054928,5.644141312,5.360344968,4.523381251,5.364364963,5.470526739,5.832487891,6.10241601,3.581743276,5.531959787
FNIP2,5.442782038,5.858965556,5.409918775,5.364190642,6.075929824,6.507177588,5.670128251,6.30415178,5.488910288,6.278776697,5.49246179,4.045255036,4.67162489,5.154238611,5.639225073,6.252055815,5.747099382,5.538451958,5.007295217,6.166506392,6.306814494,6.166793282,5.014035522,5.621425708,6.613066586,5.316722225,5.575986175,6.176006221,5.495501523,4.977670306,5.652925037,5.821220767,4.682648997,5.845605553,5.349529666,5.282327943,5.358509835,5.584314134,4.998841903,5.14871427,5.982228732,6.713849483,4.99713342,6.15430904,5.231733379,5.731174081,4.962036715,5.047526466,6.021751169,4.773128973
IL17RB,3.8043413,5.841676144,4.618627538,3.786382713,4.703727029,6.002048018,4.936335547,4.863756148,3.813065499,5.772298599,4.028832983,6.013322665,3.989977055,5.313834998,4.097105132,5.241087554,5.022058809,4.586657548,4.671079598,4.550330805,5.544629847,5.170373565,4.106744785,5.098120176,5.395845216,4.169570384,6.507232118,4.929044382,4.707602593,4.902258591,4.770050031,5.83722557,5.136180566,5.417236649,4.777053144,4.521950003,5.007203051,4.973654185,3.950855046,5.30652574,4.97247647,5.122986021,5.472519162,4.567231966,4.021679881,4.788483586,4.824926821,4.345113434,5.130419077,4.055364266
TRAF3IP2,5.857913355,5.101324603,5.621777202,5.993733898,5.842269664,5.715038246,5.404565863,5.781316997,5.651797089,5.86002259,5.770137668,5.114834465,5.538852285,5.780413339,6.354954167,5.278743806,5.888799862,6.287787015,5.465190718,6.375875579,4.771209996,5.761067077,6.240690529,5.525385271,5.77843147,5.827233592,5.566245775,5.368526723,5.489817851,6.063994779,5.402428674,5.086341549,6.014636142,5.505615116,6.193246992,6.17369442,5.566445892,5.507883713,6.075266,5.89350312,5.196800244,6.229433983,5.611027843,5.30370648,5.88740462,5.884565863,6.301337766,5.344635778,5.422260824,6.28532819
SERPINB3,7.002792584,4.389411789,3.418372961,6.458266631,0.579795163,1.490066373,4.865894927,5.512834817,7.284140782,6.686257957,5.853667673,1.296662986,5.723601745,3.064866489,6.172528992,4.386970048,5.019269132,6.319032019,1.390667699,5.555765085,0.487021096,5.978748872,4.633003808,0.649788556,0,6.409254667,1.114961489,0,0,6.105838519,3.821292441,0,7.162817132,2.212793215,7.204366889,6.563763833,4.613285036,1.944149006,7.098931163,1.734545419,0.892752541,0.231291276,5.265909215,6.363169527,7.482063477,7.152935238,5.321034383,5.561929031,2.848044906,7.051134104
SOAT1,5.850725407,6.348283411,6.404463691,5.778313993,6.538491821,6.626048421,6.384680439,6.329644962,6.082342438,6.282523414,5.999637191,6.25476367,6.029126357,5.830561584,6.283871952,6.570145664,6.256674722,6.191748923,6.043806103,6.327341966,6.509725044,6.502462373,6.046054409,6.500011714,6.639891876,6.03047146,6.067328321,6.473617374,6.354258394,5.902504195,6.576467301,6.510164094,5.888676617,6.406031609,6.134943616,5.781702715,6.542994773,6.41776819,5.717396574,6.053946392,6.177817907,6.768225885,6.176373848,6.5002581,5.954893288,5.82890597,5.903146945,5.655005037,5.979381393,6.083596157
ATP11B,6.726777664,5.815763269,5.8737347,6.300334999,6.145638006,5.892416048,5.85568334,6.198470766,6.649637663,6.200672271,6.58980727,5.98079457,6.270770723,6.50262766,6.231245958,5.90883854,6.646828104,6.371100669,5.773440332,6.367770634,6.219640055,6.041704916,5.929990409,5.888536305,5.866570385,6.739755575,5.803133242,5.946963703,6.041703013,6.317255633,6.054821765,5.287314261,5.762698489,6.452368683,6.501488432,6.773766529,6.406367262,5.936006173,6.452828863,6.139805344,5.80963428,6.003491542,6.642941486,5.608343335,6.242457622,6.467956794,6.165003887,6.418207963,5.955252533,6.703302409
NDC1,6.109587229,6.382899127,6.073626508,5.749136254,5.824600958,5.905668087,6.33786368,5.728731152,6.354684473,5.513633944,6.302680599,6.309256882,5.758637898,6.355144905,6.152394209,5.924940707,5.901594884,6.633129472,5.684370515,5.949953094,6.824938005,6.01904486,6.205713581,6.263313791,5.845372688,6.204622218,5.792581579,5.371449075,5.71094921,6.291094122,6.021293627,6.142976176,5.906270662,5.962570967,6.203395429,6.187462676,6.53101443,6.040467762,6.57122735,5.906785015,5.429840009,6.025773409,6.250538778,5.852906974,6.141517393,6.15223133,6.403586045,6.450266994,5.349001629,6.130752085
YBX3,6.92845676,6.619669081,6.630668444,6.806331394,6.501673082,6.598433246,6.162682331,6.557399967,6.815633066,6.622554953,6.900797147,6.13837398,6.574672251,6.490029816,7.023553478,6.586351976,6.66297951,7.079789193,6.194935903,6.840628158,6.3109569,6.371687429,6.805699707,6.481435807,6.325583787,6.515192924,6.389297974,6.278697161,6.556013207,6.739071683,6.537693555,6.496831615,6.933805684,6.478038648,6.989159336,6.803024399,6.728603751,6.532637481,7.036610208,6.742225185,6.340091834,6.643137097,6.548896024,6.438931497,6.876982738,6.628679514,7.20128804,6.889762698,5.920056127,7.127698385
QSER1,6.286844885,6.070385597,5.458362615,5.948579246,5.451204794,5.805849832,5.473263366,5.668375352,6.343454647,5.655088044,6.039410501,5.530010728,5.803445721,5.695338448,5.514282171,5.581386271,6.007613146,6.170145527,5.62648298,5.926624771,6.321945949,5.314952215,6.325711709,5.387856407,5.828116912,6.081130897,5.529250508,5.31157485,5.804947192,6.137612726,5.477113762,5.411448984,5.305593513,5.789699028,6.018313689,5.498032032,5.551451909,5.627995968,5.607566589,5.876140566,5.425670262,5.595911722,5.854681695,5.219558848,5.825703174,5.544457047,5.54479743,5.366549297,5.852894154,5.775177528
MTMR1,6.461145003,6.086842167,5.800259155,6.264183277,6.207769951,6.052430695,5.860082474,5.987531349,6.336239895,6.086730776,6.578159363,6.055857788,6.195500134,5.958869387,6.068853005,6.012789542,6.18279607,6.327427903,5.916070751,5.673598361,6.093652296,5.95255774,6.302562906,5.854310444,6.137194278,6.724736176,6.266671383,5.838671584,6.125761348,6.455487504,5.931911395,5.667828095,6.137488356,6.143078522,6.132820613,6.238706049,5.922929496,5.842765695,5.867385201,6.525154875,5.893288932,6.016699658,5.946121902,6.037816562,6.20639037,5.984977454,6.270483032,6.07287231,5.786833157,5.839608819
GPC1,7.098847647,4.825407616,5.974906567,6.956536355,6.098482391,6.074351425,6.335056155,6.389479731,6.817331401,6.499865579,7.063075181,4.277557623,6.963896277,6.503819992,7.202839852,5.814508176,6.751107635,6.687030012,5.548660398,7.184034225,4.994972019,6.087462079,6.882121917,6.116419564,6.003427277,6.72356168,6.282498161,6.048570901,5.74856558,6.946182408,5.677075661,4.42653803,6.866175932,6.581964654,6.898856245,7.161207584,6.041783315,5.982107046,7.058975532,6.231955883,6.234170731,5.395191992,6.742046256,6.245038042,7.135619988,6.859604002,7.439926927,6.795603382,4.039492885,7.447367795
LIMCH1,5.509130846,6.368359736,6.350794836,5.605243564,6.35647524,6.131682094,5.922445124,6.404756836,6.096646601,6.358479618,5.70974732,6.303595063,4.559551947,5.89379909,5.226420506,6.590107876,5.89432289,5.505842441,5.626633038,4.883718505,6.980562441,6.480844608,5.530447197,6.385195365,5.901425076,5.650571853,6.231487114,6.217219727,6.775288591,5.527368562,6.463549966,6.844628384,5.787625812,6.237470301,4.901123796,4.915782469,6.231744757,5.988135763,4.448116111,4.705808369,6.654033927,5.769642072,4.611016394,6.313504346,5.718980136,5.2092653,4.668487551,3.577807889,6.102099684,4.954597425
INTS13,6.386391697,6.194354502,6.041676738,6.208689685,5.948946642,6.016194182,6.16532587,5.97907886,6.25439774,5.906296572,6.561728563,5.980120588,6.06428589,5.994230092,6.555863893,6.286308002,6.100204983,6.534979532,6.207665887,6.35715491,6.478936591,5.818096624,6.051632063,6.04856543,5.734601838,6.88931661,6.416091109,5.723085699,5.787017647,6.169216232,5.755964419,6.159789365,6.146585993,6.052986228,6.244188428,6.222891151,6.285816535,6.269697822,6.526071613,6.411416468,5.671107454,6.186074768,6.196772751,5.916691681,6.358815543,6.207765576,6.529725703,6.513182318,5.441810978,6.409887101
DMRT3,4.320352032,0,3.209343359,4.407051285,0,1.222356836,2.795583601,1.923926268,1.436796721,2.733198054,5.884311885,0.294660338,4.294586001,5.33873627,4.783582976,1.747444556,3.933514226,0.87606473,0.251261985,2.769453524,5.778432133,3.948614331,1.024383916,3.344443731,2.33326421,6.027580991,0,2.286727145,2.285176555,4.025217832,2.174945675,0,2.559166016,3.681645632,2.640563474,3.403214669,0,0,4.274868089,3.153036802,0.212229569,2.372888702,5.558370103,3.261833366,2.72609969,4.672608781,1.451362965,4.754428211,1.022411386,2.10472027
NGFR,4.333906422,3.259459732,4.593244798,4.789533591,5.352073797,3.271075354,4.87332158,4.352959704,3.691597643,3.457008667,4.485027577,2.620774108,4.858241546,5.860904578,6.239431469,3.895545006,5.809351918,5.848621798,2.230732066,5.85735839,2.940871662,4.851763067,7.014624107,1.1273226,3.699862686,5.41341339,3.543383173,3.087863479,4.426876375,5.987917396,3.557870686,2.086559205,3.42102498,4.418920678,6.083724074,6.295891903,1.684197202,3.96981408,5.153849328,5.646871273,4.336728724,2.07900256,6.474469085,5.35616224,6.119644435,5.920321267,7.276471865,5.305802002,3.307421168,7.191314466
SLC9A3R2,6.070400995,6.453074357,7.072227632,6.181611964,6.78380578,6.431141432,6.726694091,6.605820405,6.333780071,6.837271261,6.19132362,6.445434774,6.276307442,6.253695144,6.222696961,6.65924743,5.900715942,6.422136869,6.68227536,6.275344845,6.059900754,6.772966412,6.289565594,6.970280016,6.851721097,5.871238234,6.651197679,6.746457121,6.560690818,6.22942864,6.561552126,6.688856898,6.410136765,6.62141388,5.971444388,6.091075792,5.701395058,6.790228835,6.204824225,6.248813067,6.985822046,6.853974587,5.976470253,7.070652518,6.373636822,6.190567647,6.534269928,6.099622128,4.610554213,6.584580786
DGKA,6.47705958,5.050668013,5.50816232,6.485324606,5.878545936,5.227843136,5.444201946,5.280712254,6.275456729,5.582263306,6.252456548,4.505992555,6.033124073,5.511766101,6.335672161,4.745640946,6.080741168,5.940046765,5.502883949,5.966979177,4.13784299,5.554747769,6.299723155,5.32300818,5.136697213,6.466788954,5.101077144,5.462985215,5.480405919,5.995150168,5.444709027,4.971050169,6.549980892,5.489378335,6.462890091,6.542749513,5.739118044,6.016909335,5.685414256,5.838798353,5.401432327,4.650441132,5.58595987,5.559142928,5.879101429,5.912277965,6.238485474,6.164893778,5.201675038,6.17437373
ERBB3,6.371102635,6.495632991,6.490959187,5.971230802,6.712244565,6.676029665,6.246814906,6.286299884,6.4514028,6.931317234,5.902262136,6.319815944,5.982488458,6.48446425,5.604049316,6.660519247,6.036211632,6.331186264,6.783454916,5.616178478,6.703284021,6.795628719,6.121609291,6.148590271,7.012857492,6.246509093,6.724597641,6.797687028,6.937654999,6.539068596,6.8039154,6.761214996,6.677019572,6.375884392,6.395174786,6.533599903,6.848403414,6.916276579,6.304315344,5.071915447,6.860045178,7.028511157,5.120257141,6.703549367,5.854338872,6.110175857,6.257205388,6.161700185,5.688238539,6.04019507
TLE2,5.92738925,6.1880678,6.395598132,5.171244213,6.464063376,6.030310021,6.267214724,6.272675406,5.729524162,6.256711794,5.513163242,6.33449019,4.680567637,6.280691462,5.575313312,5.927830468,5.176425465,5.127064367,5.799835902,5.41517399,6.312844665,6.441312373,5.674609426,6.476075157,6.427750103,5.525472906,6.369823812,6.557166218,6.23508418,6.218722128,6.056871345,5.455561512,5.360975231,6.106934156,5.620316322,4.76931405,6.39226209,6.064174807,4.830501812,5.1916522,6.503720573,6.278089359,6.505668737,6.520159292,5.360694365,6.393562835,5.708568772,5.854452331,5.103092067,5.991480634
FAM107B,4.839485568,6.21692295,6.50006184,5.165064989,6.717700824,6.398747403,6.822011054,6.519125569,6.620722419,6.356851977,5.464344145,6.142818272,5.93095804,5.8548995,5.636311749,6.476356432,6.285954798,6.337605951,6.776946528,6.080296414,5.649322611,6.709499243,6.286541676,6.670810986,6.643490617,5.942582526,6.192990067,6.876426242,6.824399096,5.954315539,6.967362968,6.786239704,6.338711859,6.656656432,6.304686193,6.245751391,6.821204135,6.900466689,6.365060089,6.060869296,6.376275369,5.897304483,5.966367089,6.643131864,6.30775206,5.950390739,6.559565423,6.163210996,6.087048258,6.526174536
DIP2B,6.840697869,6.30265856,5.693894212,6.460185946,5.865709744,5.733041208,5.588041667,5.562901395,6.378895337,6.029044872,6.61093362,5.751531842,6.335345268,5.872042352,6.488389104,6.149836621,6.464174118,6.25249889,5.575369788,6.310907398,6.423348311,5.767688424,5.91268618,5.603119966,6.058243602,6.569489584,5.343510947,5.564927071,5.820795091,6.179703173,5.753248517,5.941372049,5.630879796,6.065242343,6.032375278,6.241707942,6.269461025,6.237985011,5.831318665,5.741582655,5.599959898,5.924877948,5.84274302,5.824474032,5.869019218,6.016392763,6.330984131,5.953432482,5.64905815,6.218964695
ZMYND12,3.250833746,4.041433974,4.686013051,4.003852011,4.42837114,4.592063591,4.796921867,4.983310499,2.896111371,4.473122106,2.763007586,5.71464744,3.852821357,1.875990285,2.495530288,4.621170935,3.609699289,4.197225931,4.908124124,3.372497967,4.605701017,5.397718988,2.844969106,3.301655913,4.910814932,2.561206701,4.072197393,4.629715215,5.122170188,3.647469003,5.191790975,5.242730259,4.441629182,4.27311785,2.622554847,4.059006927,5.795563121,4.426851116,5.303128763,4.080744779,4.196181247,5.72425372,3.776434284,5.108771606,4.030958391,4.074431445,3.561533906,3.416187913,4.495016288,3.21907058
MPPED2,2.155150131,4.721054221,2.441788567,5.156674604,2.477369036,2.242506012,1.35883816,2.378951135,5.256865963,2.510248389,1.286230522,0.782247735,1.850845824,5.306519861,3.20725195,1.969246953,2.932426562,0.493805006,0.352272779,1.975704127,4.158369915,2.114037225,1.619033814,2.035230957,1.75009116,3.223008478,0.250223998,1.447220143,1.773062544,5.424976226,1.310664649,0.446021737,1.751518459,2.705711005,5.197952103,2.22895934,1.328657034,0.60840029,2.792346706,2.885682187,2.315960114,1.370081887,5.053626369,1.0452052,4.956261554,2.220493423,3.906516144,2.860555124,2.513200086,3.405895943
ATP11A,5.965453074,6.220783109,6.877413174,5.340703511,6.479080755,6.815757827,6.282636593,6.206564138,5.761977165,6.379126723,5.72368825,5.661248318,5.029622703,6.053078099,5.582712699,6.825626188,6.361038494,6.281442052,5.639309947,5.592340545,6.889246717,6.578616142,5.787199476,6.118317007,7.089737121,5.789163334,6.71293397,6.941914044,6.731883991,5.303481577,6.294590244,6.404182476,6.353214912,6.081636565,5.914483106,5.453839629,5.929664991,6.435234151,4.778145599,5.621107666,7.101132882,7.152596972,5.232675843,6.613215118,5.120569314,5.343089592,5.774611378,4.807512984,6.328109233,5.704912161
PSME4,6.43281473,6.389693618,6.248580471,6.447594835,6.121048108,6.116100133,6.075081562,6.140974201,6.508318062,6.100858578,6.40460093,6.668420607,6.386195944,6.198035919,6.453239292,6.215957155,6.261902296,6.627656113,5.907385054,6.401051547,6.555907281,6.121224169,6.441092139,6.081224996,6.224357023,6.504121917,5.985092583,5.944485966,6.250449657,6.483476043,5.87694775,6.231298969,6.070842234,6.314903515,6.496922234,6.326750253,6.386189265,6.130064033,6.084246555,6.339785496,6.019001883,6.02886011,6.108902251,6.162801734,6.382986924,6.587761806,6.457550189,5.731742824,5.949272596,6.39980102
PITX1,6.586390917,5.546886045,5.868661807,6.522411994,4.59884658,4.335481866,2.36737662,5.485344189,6.499724718,6.010346356,6.803289055,2.212195866,6.038020763,6.20531744,6.688132626,6.136550932,5.879932017,6.227060596,5.294583061,6.151198545,4.906242085,4.128107492,4.986477532,1.812013242,5.066251107,6.274097367,5.931923971,1.773672317,1.319349245,6.414592355,5.746205688,5.118853302,5.928963136,4.816867518,6.443912806,7.135333751,3.386361051,6.301173557,7.23100283,5.921625984,0.804697493,0.282130808,6.13073724,5.050245312,7.049460264,6.855650688,6.117795225,6.914060437,1.25633913,6.005816298
ADGRF5,5.461034264,6.408277891,5.979394271,5.237014438,7.005917028,6.986483643,6.85091401,6.68166538,5.694490418,6.971499434,5.959777471,5.489603615,5.594226057,5.410421532,5.860181474,6.82410675,6.408376478,6.411440737,5.356891905,6.029943299,5.806460503,7.013906685,5.706947652,6.911001529,7.163207722,6.05286585,6.340401853,7.072259124,7.093877276,5.764952758,6.260053086,5.954203125,5.182044572,6.843430997,5.83361733,5.605496049,5.160843394,6.328171467,5.862669518,5.615706068,7.220074492,7.0374881,5.30977612,7.102393512,5.576631,5.914782739,5.851300813,4.715759625,6.505875127,4.948943176
SDK2,5.698583039,4.276082965,2.997611525,5.619377839,5.090872112,3.32775123,2.702003076,3.47055781,3.013499876,3.571881515,6.05593002,5.177949615,4.94861607,6.040074674,6.24572048,3.991687242,5.767332405,3.748606842,2.38251668,6.427982626,0.295238369,4.900604848,2.622480807,1.385217543,5.880403653,6.155395648,3.500056045,6.873310667,2.768882754,3.415768065,3.216655305,1.771878104,2.377367055,3.015408802,3.879228005,4.913112458,1.514819486,3.999196576,1.683706095,5.290466667,3.540318252,6.496545207,5.359101565,4.039907592,5.709248324,4.994834685,5.303725063,4.978691416,3.757767184,6.077552058
PLA2G10,4.553157472,3.639326618,5.370525783,3.266928409,4.123242226,3.635940157,3.953330274,3.829729339,2.043601895,5.729487745,2.637821556,3.052092496,3.657879519,2.461839875,1.327388472,3.751199569,3.555334492,3.165486063,4.044995855,2.522235455,2.00442338,5.570387597,2.999597416,3.101957896,5.557747525,4.417251599,4.826912726,5.540786154,6.668983674,2.258756557,5.771126876,5.776975308,3.339904728,3.782843717,3.187945537,2.99298785,4.067920468,4.681593271,3.576031165,3.133600744,6.665366297,5.467497998,0.972841159,4.910231024,3.619828164,3.308107304,2.203312002,1.838371351,4.615467331,2.175932934
HES2,5.723271468,2.784937579,4.444464518,6.206923244,2.1476269,1.533759527,4.138303136,3.942769554,5.803543931,4.002429602,5.487658648,2.018175267,5.334534269,5.531058275,5.843105559,3.369329238,4.835938715,5.050357226,2.894116493,5.245488046,1.188039348,3.67946348,5.548787423,2.004984416,2.536566933,4.313562475,5.005717544,1.518799062,1.886151587,5.672137221,4.081286141,5.087727926,6.005526774,4.260004044,6.64029226,5.135714136,6.643645935,3.244164046,6.139970886,3.114952152,2.61871308,1.403784202,4.036022359,4.700393122,6.754180408,5.530151656,5.631914622,3.135844332,1.799463355,5.644918562
ATP1B3,7.408733757,6.594993816,6.763837337,7.391499765,6.777138666,6.717743008,6.855632007,6.798889843,7.312516432,6.465925904,7.388726302,6.976058262,7.157254167,7.054626429,7.29908583,6.660607253,7.134778129,7.13499722,6.425165421,6.732982563,7.084341914,6.442698229,7.078678573,6.859438082,6.574365813,7.027999847,6.58607273,6.361482377,6.320043306,7.342982566,6.689169502,6.71664639,6.833262567,6.64305709,7.328676567,7.461317115,7.208655216,6.641547761,7.509972943,6.714959311,6.420669402,6.269848003,7.20786166,6.555527746,7.383173669,7.317726422,7.078572486,7.422513224,5.697856859,7.540780416
MAPK6,6.593223025,6.523369599,5.950554812,6.409672393,5.953843092,6.108947006,6.042040127,6.194472612,6.793139046,6.250588954,6.573946703,6.116285658,6.153050788,5.89520579,6.628678265,6.257281921,6.284946916,6.8228008,5.882321479,6.775595734,6.732565278,6.07861773,6.479344326,6.029338121,6.184435432,6.513053664,5.695277753,6.088442452,5.969691133,6.430366404,6.451020314,6.278486397,6.156346899,6.0738493,6.358512146,6.455249387,6.666279788,6.725118382,6.961627206,5.85290023,5.634283863,5.639522191,6.055215514,5.902037288,6.393758982,6.134376784,6.568225123,6.267732752,5.734126259,6.665078451
RAB27A,5.434889442,5.993323805,6.197751911,5.67468298,6.479588803,6.779174067,6.331106836,6.427527503,6.048675025,6.274281868,5.62007318,5.415331218,5.649468324,5.726965566,5.663911082,6.403461706,6.183342113,5.814134751,6.240369815,6.236741791,5.552293492,6.632941642,6.002103594,6.297372086,6.362187491,6.043275778,6.493965292,6.517913746,6.18700688,5.73220195,6.436388348,5.890401891,6.073307748,6.189786992,6.047997572,5.984174377,6.018952896,6.035782274,6.114424128,5.781463604,6.345760531,6.0921861,5.790482707,6.333333559,5.511627246,5.761583757,6.104001809,5.686606049,6.200530982,6.142672724
HDHD5,6.507359673,6.410879427,6.069007488,6.365582303,5.874119789,5.768460021,6.277395044,5.884549814,6.324199906,6.015137203,6.428938139,6.787176438,6.128180188,6.312642176,6.750317081,6.00915507,5.841847951,6.32753523,5.560689813,6.21417154,6.853285376,5.642922806,6.278870575,5.635542327,6.092078788,6.139029997,5.631995511,6.049651729,5.468288904,6.456645688,5.576261729,5.855626398,5.763142176,6.183997322,6.139272001,6.160989324,5.85463296,6.199616821,6.737563151,6.089557005,5.922278369,6.486411427,6.115969481,6.091483038,6.380614446,6.278429248,6.096587612,6.642644492,4.720547544,6.162364441
ST6GALNAC2,6.508694276,3.213193897,5.516505785,6.514329825,4.764505381,5.146198125,4.142045539,4.466862456,6.100373353,5.597989833,6.452607703,2.381747568,6.619799582,4.922288481,6.109635001,5.831221527,5.898679243,5.995557869,2.4583213,5.995593571,4.268373228,4.914595544,6.351750359,5.098766052,4.361188256,6.087305729,5.671905602,3.854518685,5.649403604,6.139483317,4.256801886,4.524762566,5.984300293,5.019611015,5.916686068,6.393263251,5.75480002,3.734561021,5.750114671,5.759013639,4.857709948,2.04136794,5.576237397,5.23655276,6.125028678,5.787660047,6.448633094,5.938667884,4.655723151,6.335579832
TESK2,5.386539137,5.396865339,4.558262394,5.152522522,5.18952138,5.013891642,5.312880087,5.029208067,5.123063723,4.509780111,5.895511305,5.566909489,5.207064458,5.504001187,5.645090327,4.808660762,5.367381047,4.884372008,5.009628052,5.62547033,6.433485342,5.499225705,5.584734578,4.664331485,5.153808126,4.956195372,4.900996203,4.176054608,4.872920319,5.884930771,5.234559123,4.402693788,4.835993958,4.952300676,5.650168484,5.779041693,5.182900712,4.02063517,5.737569139,5.134666479,4.954168888,3.920572621,5.319125873,4.861729868,5.579836183,5.710026147,5.391508426,5.570273918,4.848612177,5.002784967
MGAT4A,4.158206946,6.257157514,5.653113981,4.33638008,6.152751381,5.772743744,6.252935195,6.034657512,4.719412426,6.098463364,4.620869444,6.240579195,5.193241506,5.216605176,5.392607753,6.080521229,5.971610162,5.419395202,5.607847551,5.115738041,6.160988814,5.810966861,5.1818432,5.96115297,6.051852257,5.411750207,5.637468511,5.575592776,5.471222146,4.922727508,5.636422401,6.119048544,5.245724489,6.070172467,5.5111697,5.215168482,5.507079418,5.626392614,5.455962519,5.745666426,5.734083501,5.355068771,5.010257279,5.850769489,4.701401344,5.190081305,5.14619261,5.318273973,5.937103584,4.505490246
RPS6KA2,5.506566201,6.343419977,6.176904237,4.91958469,6.552875135,6.732880929,6.15107732,6.065025019,5.851267833,6.476585764,5.645353132,5.379473919,4.990902755,6.063088659,5.216480537,6.508793261,6.042057867,6.037513252,6.118305572,5.902302974,4.80569634,6.531151674,6.176150973,6.304140091,6.616557286,5.694814194,6.406044906,6.148873477,6.380890183,5.210530496,6.557351538,5.960895045,5.940164639,6.379946654,6.070161621,5.86375514,6.095352979,6.138820905,5.474089011,5.451004073,6.782532101,6.168737309,6.149220204,6.791488531,5.100389974,5.67530247,6.065248384,5.289923483,5.533295506,6.040219563
TRIP13,6.466142282,6.676141992,5.956384527,5.771562554,5.268060663,6.029261359,5.995692374,5.16875284,6.600884788,5.026136311,6.206338753,6.664304381,6.248864962,6.551785603,5.666303054,6.14760634,5.842246022,6.68743494,5.248386623,6.414976635,6.577617846,5.080423821,6.021737262,6.415573863,4.953236125,6.530863815,5.956387125,4.486121159,5.383143627,6.242637097,6.007486352,6.498773608,6.042428115,5.568915567,6.2868718,6.039235387,6.195933147,5.987047087,6.689391954,6.663530879,3.718785021,5.590126547,5.897714777,6.235044672,6.534853791,6.330752568,6.418282415,6.545275704,3.500227813,6.246331515
SLC6A15,3.210914905,5.852261159,0.945836067,3.244799384,0.576932496,0.127580834,0.550490701,0.294485726,4.585665205,0.056814015,5.076573058,5.242078685,0,5.723474533,6.010965053,0.730173434,5.210137724,6.193225649,0,5.409164071,3.872848113,1.405293635,2.554540136,0,0,5.677760536,0,0,0,5.866181106,0.487154373,2.706886306,3.147711294,0,2.209117939,0.984786221,4.827753069,0,3.492266615,3.101767015,0,0,5.809834176,0.73660625,5.751588604,4.85857102,0.133150718,4.559664171,0.465051344,3.899714895
TFRC,7.441586529,6.592110322,6.466067467,6.546317434,6.43170227,6.376845681,6.494475297,6.457166317,7.045607699,6.402514326,7.368311115,6.593826778,6.952896366,6.769263981,7.020951911,6.13140894,7.241574895,7.263242366,5.906143249,7.186216547,7.126861639,6.291119811,7.0542094,6.372235807,5.827888671,7.437365666,5.984953791,5.996037177,6.065416907,7.041390115,6.249232009,6.083948364,6.351177648,6.585628812,6.787649327,7.223892103,6.777988925,6.461014455,7.035733356,6.883006019,5.543639163,6.282589683,6.874986476,6.025703661,6.822271157,7.014028122,6.915615671,7.24785897,5.862061562,7.345186813
NDE1,6.34799419,5.783178585,5.541824186,6.110596491,5.623514593,5.433453927,5.641436261,5.728087296,6.307818097,5.962779233,6.345098669,6.10783532,5.814983494,5.86800735,6.074377071,5.698246524,5.727364282,6.3594089,5.480761636,6.391990381,5.571125296,5.616238936,6.507008363,5.773832154,6.099267532,6.184160377,5.039222651,5.380552441,5.825394036,6.481102777,5.619016176,5.419025964,5.859298352,5.951434257,5.927061729,5.960305159,5.480763019,5.899105683,5.24852745,5.64954949,5.61603108,5.042470219,5.759942812,5.518818059,6.013507982,5.853203414,6.341974152,6.185141189,5.315705094,6.596683905
MCM2,6.828663227,6.778028925,6.283681002,6.310072302,6.207700987,5.81847109,6.294880479,5.803723285,7.011155871,6.243153331,6.793657333,6.815522393,6.709495878,6.815778004,6.802408562,6.093136081,6.487683973,6.803446407,5.952903162,6.310750214,7.092510317,5.605475778,6.47543678,6.509458416,5.906259647,6.589603972,6.178746621,5.989240238,6.019657392,6.961959524,6.289874354,6.289971032,6.136546623,6.26095004,6.553332126,6.785973723,6.579779416,6.196932325,6.989426907,6.824182995,5.288034728,6.264004143,6.573010733,5.768044792,6.819504103,6.794780113,6.698966274,6.834004536,3.908392776,6.274087131
TP63,7.130044677,2.508559257,3.479194472,6.897163623,3.877058493,3.728500297,3.522869853,6.099958017,6.969783611,5.44785331,7.221590641,4.429180707,7.095053431,5.77226822,7.095424244,5.884241186,6.977810337,6.864539012,3.038833034,6.772842466,2.790023119,5.635166045,6.908681709,5.446232465,5.320148312,7.161975925,2.396869942,4.671651895,1.777031805,6.96029533,3.677788582,0.990048209,6.105806153,5.702730799,6.759406527,7.170919947,1.979157761,1.538290162,7.07272811,6.478608963,3.437826094,0.728373649,6.445918329,4.337322216,7.198722976,7.037139962,6.796961922,7.057914166,6.014556278,6.811024593
ADAM11,4.207471673,1.172125369,1.253980092,2.601260405,0.745776324,0.743656915,0.750027617,2.062191158,1.77725708,2.101690403,3.864167464,1.675048985,3.788046906,5.244386529,3.28712718,2.736804842,2.485206753,2.515394877,1.828963251,2.579552207,4.855585654,1.925854722,3.238913863,2.056146201,1.997025231,4.611470117,3.200495465,5.946187044,1.075853604,2.518805544,0.454076194,2.14114694,3.193777161,1.575536268,2.237157728,2.022594848,2.69425739,1.576105384,1.64781211,3.919295782,2.107105782,3.846488205,5.440146766,2.217065387,2.905906814,4.624182974,1.260677496,4.281741471,1.862222492,1.337441269
PPP2R2C,6.180661483,6.212346839,2.184451697,5.43546111,2.566568505,1.030650512,0.911621242,5.100625645,6.247377096,2.970995154,5.80903099,0.990509065,5.607640501,4.999084292,6.258494312,0.780841423,4.995874536,5.513698046,0.528383529,4.281656386,0,2.221635638,1.853438227,0.664213815,5.034019597,5.51191073,3.933474693,0.293323599,0.569330981,5.017699507,4.770337791,1.605799828,4.952753285,1.521461238,5.75364111,2.763591775,6.232881355,5.990709907,4.348688066,5.208638711,3.327368384,0.058434093,5.408496768,1.316384246,6.366005572,4.930884556,3.312667669,3.054885168,0.348370405,6.05545534
SNCB,3.219598177,2.66584991,1.494156987,1.722426742,2.197710767,0.848150053,1.577592668,1.761791053,0.333307255,0.233188643,3.286880516,0,3.377818171,4.468697359,3.413625025,0,2.653139768,1.958751671,1.220530541,3.404489208,0,0.519633118,0.695554827,0,0.301718027,4.462187434,0.597461948,0.331482161,1.209636133,0.961334197,1.44463521,0,1.069659742,1.061083275,0.969277554,2.384228209,0,1.627887643,0.349859127,2.109655854,1.079585242,0,5.214834557,1.797967387,1.162349307,1.565184509,0.507064801,1.763731589,0.50167549,0.495948146
MGLL,5.839559201,6.043664084,6.49941385,5.418205249,6.487774772,6.447998559,6.283450764,6.513280104,5.298763289,6.726811268,5.894341084,5.442461687,5.405645382,6.121193383,6.329949567,6.708199813,6.165044749,6.050735902,6.002490793,5.761717237,4.731729578,6.693498702,4.579814021,6.239669171,6.696524066,6.049466202,5.940724042,6.987393768,6.629608811,4.891900516,6.664369885,5.889852506,6.255326678,6.64797159,5.667324236,6.078554279,6.268492622,6.026327435,6.130552025,5.374885326,6.618282813,6.874324394,5.073950563,6.772643853,6.165999607,6.327418767,5.6169166,5.696804881,5.776528652,5.581470001
SCARF1,4.669519945,5.330261496,5.31019645,4.7144688,5.645626833,5.408913127,5.692191903,5.563379323,4.769508169,5.326514825,5.121630603,4.671692794,5.399667187,4.552526027,5.03147398,5.821025207,5.217978557,5.47896686,4.930045061,5.527842231,4.19729727,5.450251422,4.918628743,5.547726958,5.81121059,5.167628056,5.917563685,5.55794134,4.629377493,5.192639622,5.30173963,4.324671166,5.844556507,5.06816063,5.225548053,5.196180834,3.615326647,5.568181636,4.777182129,5.650707647,6.061191571,5.387309106,4.556828128,5.220933476,4.792919806,4.835652076,5.279299428,4.878192529,5.128107777,4.580511869
GTSE1,6.083248097,5.878695665,5.808577386,5.838629109,4.546052072,4.905518475,5.349527631,4.946254858,5.89217812,5.088857113,6.360874118,5.522717547,6.213076328,6.243862941,5.795253296,5.806865921,5.62748517,5.598136552,5.115010781,5.468379205,6.356343828,3.952901249,5.243098516,5.710900982,4.426287662,5.525174681,5.281361609,4.30119077,4.583206655,6.127983386,5.077259336,5.254777867,5.594370108,5.554628687,5.791878104,5.665757079,5.855125978,5.987644231,4.683025186,5.704955026,3.517572645,4.791202868,6.040594939,4.443256753,5.046485351,5.743590762,5.837885295,6.151908124,2.728705061,6.045308456
FSCN1,7.177416633,6.689487581,7.102200213,7.291489509,6.625634564,6.474335524,6.642404102,6.600881182,7.262783751,6.301642915,7.260361242,6.105320532,6.910082742,7.12458719,7.654603425,6.793355498,6.817233678,7.411240479,6.661386071,7.4268435,7.157949195,6.247210537,7.26176981,7.121895846,6.512923437,6.940265322,6.228799107,6.354755449,5.695729374,7.103297658,6.809589663,6.46600832,6.941836186,7.15500104,7.226669763,7.183204585,5.234779805,7.034734474,7.297784822,6.890193979,6.477399009,5.596444001,7.147125319,6.548772963,7.24027232,7.068717363,7.540083752,7.116512656,4.369569196,7.462407478
PLD1,6.219343711,4.736951519,5.355256896,6.48291071,4.783970192,5.01457428,4.630564564,4.614633612,5.637696526,4.654330176,6.147061639,5.490515374,6.364001879,4.7490488,5.573006,4.36137554,5.796851053,5.421105674,4.257684921,5.763719145,4.943268594,4.760671621,5.276572362,4.926218568,3.969549214,5.746059767,4.402427047,4.662774312,4.264735805,5.928287947,4.895477668,5.149299546,5.137706314,5.025772397,5.26632909,6.238844432,5.565540386,4.636745514,5.41000266,5.629491364,4.148544768,2.724070196,5.550079755,4.303582091,5.887934077,5.69514944,5.291306636,5.261329265,5.027661713,5.812980756
DLG1,6.451644895,5.406584948,5.656730234,6.195419122,5.754457633,5.849917974,5.998119604,5.90034559,6.388063194,5.996336901,6.370313884,6.041368047,6.304037647,6.264500368,6.157094167,5.615678118,6.425805303,6.283884819,5.849920318,6.453710939,6.527569226,5.817334357,6.022182743,5.84149312,5.887785064,6.01008334,5.703725265,5.790564793,5.759582929,6.320746858,5.677966921,5.620131461,5.94254051,5.828840273,6.012484258,6.338279873,6.090797719,5.644618703,6.321258555,6.03066187,5.782768791,5.886384677,6.561240184,5.470537877,6.185144603,6.525899829,6.226458248,6.685895923,5.837272243,6.368986677
RBMS2,5.613131962,5.944184133,6.1968767,5.691624207,6.009664041,6.1307783,5.848620154,6.005580363,5.996259667,6.111587613,5.617056604,5.666895778,5.131385891,5.704919797,5.723248161,6.262287111,6.056134224,5.88933154,6.178055431,6.163926173,6.133252347,6.267874384,5.933284367,6.008989686,5.914101411,5.549379057,5.885045485,5.990562278,6.151621602,5.989128565,6.297150785,5.407712774,6.370488488,6.088010976,5.921700375,5.746214321,5.842711489,6.26967797,5.271009128,5.393989672,6.256354241,5.524922221,5.631709426,6.264450117,5.392118331,5.58973247,6.140642726,5.314859205,5.977324062,6.39128367
UNG,6.745287698,6.763538316,6.452742004,6.587640819,6.400204895,6.193040225,6.455623327,6.357525952,6.597561818,6.134800917,6.673663011,6.957432805,6.564530897,6.54051063,6.863427162,6.401709767,6.445084804,6.877495603,6.171563458,6.449618744,6.855196805,6.059120851,6.555772108,6.363909534,6.556705818,6.589841806,6.085009669,6.406665981,6.375573467,6.658977291,6.53052816,6.279923462,6.463420511,6.343401941,6.55227498,6.399072867,6.572178047,6.595834747,6.987734633,6.768997478,6.109037553,6.686200549,6.495999364,6.265905349,6.751227341,6.758103357,6.60502635,6.785022207,5.060842009,6.482190668
SLC46A1,3.988836714,4.65456831,4.943793687,5.086167081,4.942924912,5.240310678,4.836441603,4.379095696,5.191610029,4.41284047,3.828263925,5.074527565,4.735513409,4.213257486,3.765010948,5.619199928,4.531877583,5.052244401,4.723913191,4.1885279,5.444098867,5.220628136,4.403081918,4.577071942,4.613826774,4.288377405,5.119706229,5.26907679,4.061311775,4.01208983,5.560259199,5.315733687,5.065207755,4.666630322,3.853188539,3.71212016,5.355654514,4.508093558,4.019796579,4.518315695,5.047479167,5.274273855,4.005295155,4.723770589,4.486140917,4.309529145,4.88715296,3.023754029,4.408807237,4.906986128
PAG1,4.684488605,5.244972605,4.87570653,4.775292147,5.76811513,6.336626828,5.871627727,5.963456014,5.515907331,6.132698331,5.008999589,3.603421313,4.877643507,5.03392866,5.579682449,6.234205036,5.741348154,4.409015329,5.495849087,5.795339576,5.347661669,5.433378578,4.690258465,5.742052302,5.665291408,5.075248382,5.467242746,6.100110638,5.875280058,4.559836514,5.672784526,5.946655002,5.362149394,5.844001076,5.340759343,5.084771571,4.750494275,4.935357928,4.1762216,5.26829107,6.087685294,4.292759904,5.212499219,6.024872035,5.057597841,4.799406291,4.763312832,4.580367173,5.854349987,4.700288099
JADE1,4.269257506,6.055906418,4.755307806,4.513911401,5.993328632,5.80750827,5.747715144,5.634612362,5.619403736,5.508288346,5.511285525,5.680450126,4.822266565,5.443557046,5.16438803,5.522746478,5.28566271,5.391067824,5.957880568,4.870455663,6.106899349,5.637627124,4.809158118,5.220766459,5.309394186,4.895485805,5.295917517,5.291580317,6.20344649,4.594163358,6.187385334,6.291012054,5.282000823,5.48792913,5.160664901,5.329891833,5.740426971,5.27949567,4.631520714,4.935232468,5.985091512,5.551300474,5.663154017,5.683803078,5.494523107,5.169704131,4.623660134,4.865928698,5.311734267,4.300604497
TP73,5.075162748,4.279770529,4.017293015,5.288361066,3.935579847,3.044489294,3.549562689,4.280288336,5.551202338,4.490636128,4.935896593,4.288402813,4.934461179,5.930973202,4.87568579,4.16804204,4.783687926,2.352351528,3.911419446,5.650682889,1.53486272,5.005023999,5.699270745,2.63506233,4.463853598,4.109778307,4.973244166,4.188919138,3.515117704,6.631624241,4.391042946,2.884118526,4.976981169,4.036851811,5.646424566,5.771005409,1.798831403,3.069635514,3.988137171,5.867242817,3.239166811,3.525508615,5.633243054,4.572918135,5.322212767,5.481921532,5.704804374,4.471363658,3.157451074,5.750323064
SENP1,5.801123958,5.950269918,5.307647459,5.64187048,5.642416846,5.500099237,5.612260082,5.477479118,6.034205018,5.600405138,5.707989273,6.012940652,5.609166323,5.891608094,5.814133366,5.539276057,5.804193897,5.737104373,5.623965689,5.70312022,6.279814312,5.44297258,5.663155058,5.452247617,5.681266353,5.925891441,5.441561778,5.402223884,5.592194888,6.052513035,5.466800389,5.505895319,5.491174321,5.53248957,5.906587987,5.714943913,5.928658146,5.84830754,5.443983414,5.75369675,5.32244538,5.349231765,5.775779228,5.269761552,5.546501529,5.63984183,5.782381481,5.696216083,5.361312492,5.306595486
SLC4A4,0.886646758,4.644912377,3.708815666,2.660142897,5.342120555,5.288292906,4.934729461,5.565976483,4.621424185,3.008788576,3.939301768,4.179794985,1.639681554,4.334216433,4.078952316,6.062162315,4.940074397,5.419457209,3.028281055,4.158926443,6.303934258,5.820377726,2.223964211,4.325721986,5.731665889,3.648719085,4.496562967,6.658714419,5.91806216,3.527189303,4.374969968,5.005072698,2.254842697,4.82832737,3.252813448,3.802536007,3.154778434,6.179025525,4.376109533,2.733944508,4.13623457,6.256244552,4.364434614,5.185604492,5.110834321,4.588677577,4.315725923,2.444525741,5.590489615,4.953541461
CLDND1,6.988335644,6.29751367,6.505172066,6.560874191,6.344959337,6.330316014,6.468624247,6.375586693,6.951279275,6.3477511,6.597941632,6.723175025,6.853718283,6.010616617,6.535604179,6.142425868,6.434258451,6.520926988,6.121626023,6.388470148,6.465904449,5.924668401,6.59661137,6.343133111,6.192304674,6.699511512,6.258671146,6.142876811,6.289853925,6.740439986,6.498111988,6.429276215,6.526383721,6.355243911,6.576234373,6.845763381,6.584835881,6.028806082,7.126926428,6.528623852,6.145892419,6.112547116,6.357544567,5.910307129,6.630830728,6.351813491,6.553646627,6.910119296,5.77260273,6.682485727
NDC80,5.936841515,6.439290132,5.959839575,5.297370239,4.691289463,4.810528863,5.682369419,4.709558208,5.878001867,4.413278322,5.88944676,5.787953926,6.021249281,5.93535899,5.337807544,5.620089619,5.686174103,5.473739107,5.385493287,5.231559828,6.749355566,4.07839933,5.785448915,6.106005037,4.306029143,5.849033152,5.258852019,3.945247875,4.981372606,5.900168345,5.097505995,5.874869336,5.952270418,5.724384248,5.917188291,5.805585875,5.64638374,5.631824248,5.790956009,5.835888173,3.528621371,5.076381565,6.200119051,4.696555665,5.879731626,6.098927511,5.660083863,6.077177321,3.899134825,4.806191892
MAGI3,4.983987937,5.619878418,5.141376717,4.538556424,6.180206797,6.328496221,5.801324591,5.410837652,4.840614361,6.16750848,4.959027243,3.842514051,4.394573445,5.364964723,5.263882379,6.455101666,5.485844218,5.417283532,5.211100162,4.782313093,6.332627776,6.460602719,4.060457579,5.456358845,6.296886347,4.63777886,6.669402701,5.607633175,6.12792785,5.222218355,5.954779366,4.867189333,4.079656177,5.546183811,5.129637225,5.550916555,5.741573601,5.467339924,5.468541166,4.600126801,5.605183319,5.342582347,5.493744255,6.395065966,4.624262704,5.445483998,5.422216127,5.150615216,6.021520748,4.732751507
COL4A4,1.167976972,5.849950926,4.973612997,2.215281828,5.723188631,4.750833389,5.394756091,4.461001347,3.884960267,5.18304701,4.047856019,2.142960406,5.518271383,4.750594944,0.938067694,5.836595616,4.833760243,3.9321453,5.586574214,3.585222481,3.660555088,6.156086828,3.599759798,4.851489788,5.309132746,3.99416403,5.272596675,5.594208588,6.419107451,6.02640172,5.326941926,5.935065529,4.42131171,5.023439457,4.349360217,4.768509476,5.773571955,5.927552649,3.249315045,4.844393339,5.94569553,5.497775487,2.298357822,5.985024957,4.460659362,3.893505433,3.532653657,3.016159902,5.707616314,2.910830334
MEF2C,4.135736329,5.35321498,5.237423905,4.207125688,6.233406268,5.714176138,5.962049883,5.937697888,4.32597981,5.090400165,4.559318598,4.350830722,5.487780828,4.55817452,4.573284032,5.778788865,5.754990057,4.878542228,5.295381146,5.079526919,4.573358673,5.675589558,4.461599731,5.429505754,5.728565928,5.058298971,4.92097342,5.077985369,5.268352136,4.480374523,5.327727255,3.480094765,4.820256113,5.636175265,5.128615214,5.307791788,4.310227797,5.048092331,4.541861368,4.967963519,5.633636113,5.090272173,5.115177678,5.851447312,4.773907284,5.051711415,4.945148017,4.931482337,5.77198607,4.298710099
PKP1,7.420684662,2.95157163,4.288346614,7.520402088,2.002503749,5.247801267,2.639220071,3.724296032,7.174464591,2.454642032,7.52931881,7.112702699,7.202686778,6.617213162,7.410869914,6.370032838,7.140658744,7.050462563,1.360962279,7.14266082,2.167080033,4.705582867,6.690797574,0.416197795,1.929314641,7.266740616,2.157833309,4.672798517,4.880320311,7.266912648,3.949054776,3.21930457,5.567215907,4.758244293,7.094549747,7.427249919,4.397901592,3.374076601,7.149414456,6.86713532,4.763865811,1.724451775,6.630175546,4.664597181,7.051133011,7.217452295,7.043222991,7.066775618,0.846139446,7.114095188
CADPS2,4.713329392,6.438856756,5.621600721,4.720948529,6.40699316,6.213078589,6.175151635,6.277807341,5.003488552,6.239649332,5.129288263,4.777313909,4.652132509,5.49346767,5.682760875,6.175999948,5.853518465,5.970604902,6.116265139,5.424523267,6.478476079,6.337546095,4.416519846,5.094785179,6.435943927,5.357957807,5.771512439,6.351499869,6.464768039,5.95515949,6.342572139,6.254214299,5.864633585,6.376402172,5.263710919,5.334157325,6.197534949,6.28495387,4.730887514,6.22400381,6.355497338,6.442665146,5.3335177,6.018874097,5.062812659,5.777267869,5.258856646,5.04478036,6.039039772,4.767464893
GSK3B,6.569755912,6.444195117,6.078456698,6.400646188,6.075228236,6.063390073,5.860227724,6.058830665,6.522406547,5.916513418,6.170483555,6.291465988,6.412178839,5.977744491,6.490548543,6.141100358,6.06259543,6.472332893,5.904848094,6.305268956,6.560161553,6.058549796,5.885222758,5.960867455,6.257457083,6.223748718,5.786105358,6.186494338,5.97291109,6.435159047,6.013179252,5.902847481,5.986763088,6.289502813,6.329941678,6.389966141,6.355065669,6.055577115,6.209169255,6.14207717,6.087815386,5.882095882,5.870398417,5.718284952,6.3468777,6.187881486,6.255453575,6.129311612,5.88247013,6.068237198
HAL,4.950684817,4.198525794,5.268935925,1.330389216,1.78290952,3.961384478,2.250662437,3.011871075,1.7033612,3.077684129,1.182786665,4.998651579,3.183468857,1.200784725,1.14123905,5.366184098,2.763542427,2.233708375,5.699462363,1.388887446,2.489356136,4.699727393,2.989860099,3.122470198,3.97216542,2.497365984,3.115467947,4.39423779,4.295138528,3.348489039,5.653314248,6.112704924,5.43700882,2.583631808,2.70563726,1.921319644,6.365481052,6.659200755,3.299360406,1.724217623,5.254037206,1.409841639,0.609653638,4.108605119,3.363391892,1.752290287,1.623402472,2.699684927,4.463738418,1.524751609
FAM234B,5.899416406,5.738952779,3.776777018,5.177556624,5.046370277,5.02367443,4.869606177,4.492350658,4.956725252,5.046346648,5.337502351,5.305331631,5.444421691,5.276779858,6.04202226,5.053798011,5.31334281,5.08886528,4.515566306,5.301971807,5.932079039,5.053038616,4.605561719,4.691401222,4.888762177,5.303234094,4.871095864,4.461250118,3.620022102,5.022688014,4.542334771,3.437439899,4.335638965,5.073378567,5.708577964,5.223969793,4.561847706,4.796377371,5.051170241,5.515399942,4.701273738,4.905750527,5.391956893,5.147116984,5.392316255,5.268206742,6.178962757,5.478158848,4.365777354,5.654837439
SLCO1A2,3.743124448,0.805714482,2.191588985,4.590663284,0.726127455,0.276226919,0.278969215,0.229907079,3.680339085,0.043513981,3.740319983,1.76477769,4.349484414,3.752858341,4.083057584,1.27339453,4.838879901,1.840810416,3.861573489,4.2927027,1.585875961,0.462444202,3.319502716,0,0,3.155286137,0.124321496,0,0.941420588,4.612545706,3.783232057,6.183075052,3.714528752,2.230600798,0.589037806,4.122365409,5.056870569,0.06627762,3.734678083,4.073657886,0.510939724,0,3.007344362,0.253284056,5.170342947,3.955828037,2.169425154,4.335453745,0.590418477,1.935352631
NKAIN1,4.209876393,5.777811444,3.336234701,3.967416578,0.782513583,1.221478729,3.019854964,1.206595256,0.605435644,1.66253817,3.700178186,5.439588157,3.92353519,5.824238319,4.609031371,3.919179707,3.174558165,2.943057525,0,4.133401815,5.858374317,0.660741251,2.066359886,2.189106821,2.271532943,3.023460814,2.098590406,0.231085465,0.916804547,3.675422488,2.130532119,6.006546245,0.582278275,2.789767302,2.670661132,2.688254803,3.189514187,2.389084477,4.553741491,1.230332222,0.463130934,0.590225637,5.844712395,1.939333303,2.585774187,3.52626314,0.8821341,3.382049839,0,2.77350815
MYNN,5.900175728,5.534123329,5.275897049,6.124137908,5.424250734,5.538945305,5.71765331,5.423273125,5.884389704,5.497798245,6.012744318,6.146204785,5.713603987,6.09538468,5.793660548,4.931897797,5.843505531,5.646051208,5.624320954,5.430029273,5.856704832,5.468731614,5.617442435,5.095804924,5.526010931,5.823644869,5.382254992,5.280755011,5.228174625,5.881362717,5.303774107,5.693945668,5.475432984,5.371709297,6.245908374,6.153121858,5.775678235,5.036525376,6.572995079,5.797980095,5.20565751,5.252716404,6.425281438,5.081174399,5.765391914,6.059560925,5.555611484,6.327227096,5.442010108,5.767003514
PREP,6.381817207,6.248555641,6.397342312,6.386329355,6.251473817,6.187104381,6.46462669,5.884341021,6.279317882,6.245405985,6.495438842,6.455525834,6.042839186,6.434057719,6.721373859,6.127500514,6.232993833,6.919389446,6.250565554,6.644939415,6.563688662,6.200238256,6.400283955,6.263885288,6.551552172,6.388766949,5.768507756,5.777823943,5.878931153,6.483487718,6.281861467,6.127664732,6.297324561,6.260900372,6.386584057,6.538432271,6.120897516,6.258691796,6.700153097,6.356873051,5.937807807,6.383392528,6.530892124,6.193077792,6.636501825,6.477166246,6.708915721,6.376512529,5.53216918,6.716452177
WDR47,5.661062539,5.676517606,4.878254133,5.450024379,5.680352601,5.62725181,5.7898118,5.460189575,5.56455544,5.33652235,6.306195572,5.367604968,5.21929783,5.439157586,5.878783798,5.705644612,5.8537829,5.800143443,5.272489024,5.795550422,5.866438796,5.880436121,5.860745286,5.465309219,5.893276698,5.106532968,4.9891771,4.793118355,5.659852321,6.144435457,5.386317256,5.213595422,5.109665594,5.774858191,5.59281302,5.971958688,5.897412739,5.223825409,6.012853482,5.634066091,5.127431696,5.271496595,6.068404074,5.760527538,5.837041679,5.800354479,6.267891469,6.274912725,5.330413034,5.896065573
OVGP1,4.061286781,3.935966865,4.542215226,3.53579455,3.948011911,3.868187935,4.43390499,3.971083634,3.072301836,2.954393082,3.919572039,2.36139961,4.274967956,3.565231285,3.269947607,4.825821149,4.274708676,3.749679211,3.845372356,3.831962478,4.401995748,5.067064835,3.65848196,4.310420073,5.398825452,4.006127542,4.518221183,5.199725613,6.117311482,3.791058812,5.109141911,5.381790297,4.780755011,4.36484039,3.281451174,4.714020073,6.03861918,4.532187518,2.442532471,4.128587409,5.60654492,6.260559776,3.950320058,5.647053134,2.523620864,3.887170126,3.156218781,4.685963549,3.946947272,2.786819565
MAP3K4,5.852982624,5.702637611,5.354604423,6.109669845,5.571691697,5.518262078,5.353503476,5.265536618,6.023199924,5.517252755,5.594252807,5.226517994,5.345381685,6.218813628,5.887371532,5.301088435,5.991325397,6.205397566,5.611233764,5.678375439,5.748918547,5.532363608,5.719055604,5.533566487,5.901073163,5.722798793,5.209503021,4.941824822,5.37161249,5.929771044,5.180818315,4.831674544,5.966171412,5.477887552,5.827864919,5.830061616,5.625629812,5.398909078,5.209255462,5.766969672,5.289416298,5.600547948,5.981314395,5.642027866,5.749890943,5.743350485,5.932115251,5.704510165,5.571871409,5.972762253
IGSF9,6.355382291,5.227350034,5.91796767,6.08168545,5.963373072,5.096141964,5.298953351,4.911118681,6.297254556,5.550264301,6.381133536,5.792948529,6.536458867,6.226491178,6.441991004,3.516097759,6.121319253,6.717255508,3.597736052,6.194019795,5.424486459,5.415496521,5.774590433,6.072388173,5.311681255,6.600024559,5.715607508,5.736039121,5.66127361,6.931802695,5.917673642,5.688816697,5.405999713,5.725429231,5.869967963,6.617764572,5.349155138,5.225636803,5.975383687,6.541270015,5.601583453,5.523696094,5.716500435,5.570728688,4.75774719,6.259752385,6.436099618,6.565270123,3.442317802,5.734053644
TTC39A,3.942085754,6.039926733,5.618827914,3.780721369,4.67167188,6.31345172,5.807194316,5.063633361,4.420969075,4.759350543,4.382827545,6.159604892,4.590289524,4.408340617,3.819995392,5.710040682,4.096956225,5.106907484,5.221227276,4.014461604,5.01548012,5.812975795,5.082580949,5.256291809,5.946511311,4.29627839,4.871385124,5.908711938,5.713130231,4.485630738,5.715283107,6.366311554,4.167424957,5.448032061,4.988815437,4.207443302,5.728804604,5.425591626,5.611631685,4.91026708,3.814953259,6.314484699,4.162766728,6.029819824,5.582844527,4.432067055,3.968184916,4.020422873,4.52746897,3.943315656
ORC1,5.619196716,6.285345953,4.886971822,4.98803812,4.447420131,4.564264571,5.63983328,4.170382875,5.592362348,4.34180638,6.165031684,5.969030892,5.617932203,6.143461473,5.615082527,5.413687115,5.122976777,5.998537553,4.663306452,5.065055698,6.503634946,4.101457247,5.618585415,5.706334468,4.418716746,5.634068932,5.427666772,4.439310004,5.301399701,5.836903597,5.276732177,5.541745084,5.161154446,4.881653391,5.585776638,5.788591612,6.203936175,5.608327926,5.54421495,5.569921359,3.087851276,5.204090044,5.813130031,5.12863256,5.095139555,5.40137754,5.666781853,6.053301891,3.386449747,5.053347836
RAD54L,5.667509247,5.919763109,5.311022622,5.114698587,4.167269087,4.484628028,4.729836683,4.606949555,5.724544657,4.838332966,6.094641952,5.960676519,5.212845826,5.929353639,5.575042742,5.137369453,5.215156832,5.937738996,4.973951628,5.270938434,6.290639974,3.33080301,6.034373692,5.701290829,3.704052321,5.873710835,5.140547468,4.231763551,5.151971351,6.162487681,5.151196538,5.221412497,5.245231812,4.97734555,5.863219669,5.849657427,5.86075254,5.231550036,5.420134489,5.454943661,2.629783593,5.108450252,5.700812165,4.062014912,5.605263779,5.368092107,5.724522656,6.10277753,3.114160955,5.474739559
CEACAM6,6.724320242,6.562337353,7.883659385,5.103064436,7.59559846,7.699623445,7.7479192,7.487794561,7.010827795,7.803157131,6.633853357,6.880707566,4.230813989,5.777206684,6.632029997,7.755884949,6.407309557,6.729000518,6.20403511,5.51589822,7.4348718,7.658032335,5.403037891,7.715541726,7.729932424,6.118065631,7.427920926,7.483868759,7.801902066,5.852153512,7.883093272,7.838066263,6.301902825,7.736881016,7.081414073,6.841695006,7.671531447,7.89409142,7.356679483,5.258683864,7.542735852,5.933649853,5.344735682,7.833075971,7.001754132,6.806152867,6.682489796,7.149047984,6.836237419,6.915572481
FAT2,6.356632608,1.841130756,0.442861328,6.564567654,0.73674819,1.937461244,0.787925246,2.254835322,6.594677356,2.454947246,6.538543186,0.940607823,5.981902864,4.250894598,6.697446781,2.332051478,6.288523157,6.32755077,1.011133636,6.955024232,0.782095801,4.170706986,6.032142169,2.924496224,0.844092883,6.206007432,2.586301542,0.771917373,0.841471333,6.035836633,1.282296433,0.493916057,5.105284286,2.945519513,6.228112905,6.667088231,0.896507073,1.044802104,5.477020315,5.06598751,1.202785346,2.082176429,5.029590314,3.100949239,6.266618528,5.437728741,6.590732068,4.88643992,3.301281309,6.588993145
KLHL42,6.451313416,6.245241138,5.399147059,6.023055552,5.443154497,5.326454797,5.370596027,5.492629524,6.298911533,5.491719111,6.241597016,6.006085196,5.958324302,5.848943129,5.8286823,5.64731678,5.987966328,5.737163429,5.734660514,6.091687321,5.594186909,5.39608791,5.630755022,5.638306328,5.124367683,6.788403779,5.842927349,5.310034738,5.638842376,6.413423923,5.417276907,5.759888212,5.789028348,5.679310312,5.816055167,5.576012729,5.904742871,5.702116838,5.683188712,6.017199264,5.475184555,5.410157853,5.882751428,5.325712299,5.012100694,5.68550012,6.018792761,5.711700418,5.581540453,5.804302808
DNM1L,6.60985346,6.467504154,6.268376782,6.249534547,5.938085767,6.042084215,6.024325232,6.086333942,6.336527056,6.033951137,6.336223916,6.328147936,6.201824861,6.205226,6.271533199,6.380112979,6.472026954,6.388293983,6.317824231,6.469699774,6.68037569,5.977729323,6.304037728,6.020282122,6.192076657,6.206869237,5.833644037,5.783781812,5.964949142,6.428451813,6.082145677,6.169870922,6.209825845,6.117134303,6.434941412,6.249107789,6.613106754,6.331264497,6.249151879,6.546556001,5.912580162,5.929959761,6.151309113,6.083037483,6.148101806,6.035739467,6.432832201,6.397151932,5.902316036,6.618725022
PTHLH,7.118875277,6.391103446,4.478716903,6.988803155,3.767897881,4.549651997,4.952637142,4.375274173,6.961153358,3.990207184,7.309819033,4.336028693,4.500490939,4.284808454,7.497293202,2.562727698,6.73093207,7.168856751,3.582676798,6.970003807,3.174352242,4.191206191,4.92707031,5.560976338,2.522513955,6.505687294,3.830032772,2.63664284,4.193637149,6.979219966,3.58449604,5.459430501,5.438557478,5.424713546,6.433129867,6.532703655,3.050981866,5.058274349,6.983350368,4.262001406,2.725574307,2.20772177,6.388583183,3.064114988,7.080499789,6.23808496,6.526615787,6.945088258,2.541196528,7.091657919
TPX2,6.743882511,6.7730375,6.608489479,6.615844975,5.923615994,6.222538932,6.404121323,5.925334789,6.69920132,5.963969326,6.817163086,6.730438423,6.755435038,6.721155001,6.972694561,6.599828556,6.702045001,6.865922326,6.246620527,6.821662406,7.297780109,5.223199725,6.620899772,6.792210485,5.660693621,6.562651085,6.161998336,5.545675959,6.156588308,6.828050704,6.400305966,6.288042434,6.292069306,6.367447954,6.853302973,6.657586971,6.799844735,6.559692545,6.537200917,6.645805791,4.979513699,5.975662764,6.830097246,6.101178222,6.864799455,6.599697998,6.664480473,6.832911632,4.121972227,6.832499309
C3orf18,4.926364984,4.387792021,4.375727813,4.9260058,5.006766452,5.122031186,5.276803488,5.107053344,4.26889317,4.945596935,4.785186292,4.659855972,4.086596186,5.082728781,4.697341931,5.10443064,4.66477221,4.020233571,4.893953958,5.046898419,5.102427734,5.182154164,4.056336513,4.897801909,5.170863082,4.66150086,5.006674708,5.294711673,5.513330208,4.89532373,4.733336011,3.856438327,4.743556512,5.417400581,4.127635726,4.480383664,3.95597143,4.053671218,4.380534638,4.832088123,5.528963209,5.196906202,5.417667952,5.157159307,4.225276306,4.420546387,4.57747755,4.050106151,4.283463292,4.893031603
TMEM40,5.931991104,3.92714785,5.147714803,6.049420526,0.682541502,2.952071173,2.654484602,2.996674921,5.708388101,2.437714642,5.420924248,4.917890828,5.462092678,2.808669229,5.924392986,2.757356531,5.372448811,5.155366036,1.924310836,5.745774456,2.023138556,3.535375099,5.820366287,2.776647824,2.946184552,5.312688854,4.565071356,1.359184538,1.159520897,4.893350979,2.69563109,2.503711285,5.546454631,5.025725818,6.258024457,6.078899749,4.106503089,2.110605938,6.412389503,5.013372984,1.904879836,3.614401936,4.219473549,3.705033317,6.522550458,5.882948241,5.715283207,5.713769964,0.944210339,6.188794206
KIF9,3.615822131,4.424414415,4.595367594,3.518665334,4.304357816,3.902344457,4.265988794,4.516039795,3.744107737,4.298522828,3.686749449,4.487876997,3.629529811,3.771713597,3.278201986,4.953476435,3.800815756,4.412387233,3.868858963,2.962781457,5.559018035,4.469222638,3.68987367,4.352521854,4.75186953,3.65946222,4.053504267,4.105738882,4.763855475,4.208247758,4.360594895,5.081290407,4.235477359,4.376838716,4.032717432,3.706443159,4.387734384,4.753026884,4.244217212,4.113108639,4.36578814,4.367805142,3.536432878,4.703176344,4.053058083,3.811219863,3.574898032,4.236363019,4.291676361,3.754995425
TESC,3.154535079,5.307847671,4.775088814,2.65605378,6.010352763,5.692946051,6.182093816,5.806061668,3.081026603,4.510168271,4.265933865,6.951298418,4.587552653,4.628408833,4.227169068,6.555001965,4.698330628,4.449432294,7.240570899,3.668186303,3.472838479,6.556527497,4.403425045,3.984915309,6.785091226,5.051896133,6.312993203,7.186991697,7.029603535,3.590527633,7.214855822,7.382271916,6.60114858,7.047717336,4.783152869,4.891930793,6.823209679,7.562489739,4.704474285,6.167995652,6.58001672,6.756154383,5.247385408,5.510257022,4.557617501,4.898436933,4.58126721,4.692024835,3.581026842,3.455494747
KDM2B,5.561137307,5.237087477,5.284945508,5.151989198,5.468620641,4.887272428,5.300544749,4.954001985,5.158792611,4.960088146,5.597673353,5.549610504,5.419609535,5.709466687,5.427594133,4.998321633,5.202174094,5.551795693,5.108899071,5.413416502,5.965293491,5.29029965,5.474037168,4.983824169,5.627533827,5.485559354,4.929620415,5.436714116,5.154526708,6.04191415,5.228213554,4.846706478,5.173068074,5.120900636,5.450251689,5.33978288,5.382728772,5.557923397,5.111955387,5.841089683,5.109877386,5.083658602,5.349521195,5.037019192,5.495545261,5.428179491,5.138570855,5.739606199,5.02689455,5.295238525
LHX5,5.678303078,0.353906194,1.518411902,4.660199108,0.428866641,0,0.605685286,3.57229683,2.537313287,2.408483138,4.110069005,4.401817393,4.937396118,5.199578759,3.868371592,0,3.689982318,2.706734109,0,4.536534683,1.076545989,0,3.51443115,3.179766614,0.799444008,4.438116567,0.221149519,0.987575839,0,0.49466144,4.12675417,5.053907803,1.984956897,2.080281506,1.989342863,1.209846045,1.166450042,2.047623183,4.816901971,1.496974756,1.130725509,0.165445383,4.332819655,0,4.67189924,4.676856185,1.222272905,1.172383606,0,4.929055653
TRMT6,6.164336399,6.326626996,5.996385032,6.183923727,5.981705836,6.086795299,6.230375327,5.694253478,6.464033498,5.420782401,6.148887648,6.424643232,6.098681466,6.162528348,6.590744052,5.752407595,6.23863366,6.325698504,5.872585806,5.919643516,6.475661404,5.750375216,5.926565171,6.074221245,6.051149038,6.323644925,6.062137915,5.692017713,5.895873434,5.59492485,5.895696847,5.876200409,5.810898457,6.090194147,6.25344628,5.942088324,5.965394714,6.019155341,6.199460049,6.148943397,5.647123921,5.951582572,6.079328547,5.583100378,6.250724705,6.081176875,6.395595557,6.261450275,5.15099735,6.079426471
BIRC5,6.479127393,6.641629918,6.412522598,6.313826755,5.874137514,5.94984316,6.367953189,5.582543977,6.33877124,5.481114844,6.78511771,6.870675773,6.555870916,6.5892984,6.638911838,6.418789894,6.232327946,6.581145823,5.656935983,6.404963279,6.672601243,4.695762667,6.406962432,6.583789039,5.317980607,6.540936244,6.137487556,5.377525341,5.982770529,6.661443603,6.148751584,6.425304015,6.246367795,6.061403453,6.303826141,6.493590834,6.541631939,6.363535289,7.058499861,6.577156946,4.266119758,5.745966856,6.678433192,5.944625926,6.638710625,6.580315745,6.377550433,7.099161782,2.841028126,6.411521979
YPEL3,6.41768592,6.122239216,6.931816341,6.100794992,6.577916722,6.412533816,6.587892275,6.197846269,6.222969058,6.486803464,6.066998483,6.345030903,6.394728371,5.945663067,5.946107049,6.135658378,6.109157247,6.101807862,6.313088476,6.397285295,6.222278447,6.531418975,6.063688225,6.467584837,6.683801636,6.273542697,6.597135997,6.661211611,6.718354823,6.425811968,6.657464912,6.625639469,6.709777184,6.350864702,6.225603702,6.416847565,6.64252764,6.381987492,6.268384084,6.226581374,6.930144353,6.440764992,5.434568041,6.72320105,6.285695236,6.198598965,6.419099651,6.419508023,5.244420679,6.394966759
ICAM1,5.810199559,6.824478369,6.649415143,6.153578026,7.281625905,7.249247195,7.114325999,7.017093987,6.802870733,7.163681838,6.573159962,6.235905135,5.993584979,6.121326475,6.672069241,7.428904929,6.837751294,7.130528703,6.590515999,7.400020994,6.610127024,7.219490728,7.068171326,7.11935779,7.268057159,6.179315607,7.250395544,7.048572764,6.841537594,6.320542058,6.518955151,5.941673371,6.465587287,7.193228093,6.772512741,6.697127067,5.35783428,6.786870092,6.744464339,7.062271062,6.973714905,6.733671267,6.392480929,7.157608645,6.646908775,6.633173762,7.338716914,6.417964425,6.205640572,7.199304666
DNAJB11,6.617088491,6.202521277,6.676588465,6.922485094,6.337529039,6.36567513,6.507796099,6.288778083,6.594296684,6.672881224,6.797625249,6.375369047,6.61956459,6.653965056,6.567366216,6.086403886,6.623050973,6.731490777,6.524086513,6.652679258,6.714372007,6.112259588,6.605414528,6.573817351,6.245190246,7.002951677,6.427647384,6.267150339,6.24521442,6.674184384,6.748452851,6.744932798,6.454696605,6.676378302,6.478594891,6.863953521,6.468051156,6.385344413,6.684924522,6.517675258,6.248347201,6.161693931,6.990742365,6.042722139,6.538068475,6.754872152,6.749294518,6.822559668,5.414278596,6.897514845
EFNB1,6.800574392,5.290414364,6.070379035,6.74169314,6.195299768,5.867658048,6.1299572,6.052936772,6.957401497,6.529516328,6.763099497,5.306235784,6.328174643,6.518762763,7.095877786,5.737287453,6.451423241,6.816525414,6.022642267,7.123222579,5.259928469,5.906995959,6.995730875,5.859005636,6.196126483,6.617208398,6.373564872,6.090035613,5.265551095,7.020638838,5.973438134,4.876585168,6.727991932,6.268358382,6.725152593,6.889693823,4.078735523,6.325738082,6.875014569,6.498992388,6.121107673,6.222963693,6.762358434,5.777004511,7.00838007,6.609864745,7.235192508,6.710393641,4.334779105,7.262246839
NRCAM,6.478200335,6.104368423,2.978775226,5.687513636,5.041987183,4.385871188,3.967741623,3.798659973,2.357548535,3.810744549,5.999213524,6.629810851,6.113588783,5.500882876,6.264166388,2.737261372,6.135293768,5.011529069,2.330165979,6.726007955,6.168705033,3.845840198,4.924048601,3.425247667,3.583274845,5.501142093,3.497079751,4.588366785,3.506527091,6.175501172,3.495045388,5.401525415,2.58991998,3.905925537,5.512480416,3.327369621,2.784092116,3.460226122,1.537272696,5.595173646,4.740072963,2.427286603,6.880520417,3.221740683,4.907063083,6.304139819,6.220697051,3.324592034,4.882749453,5.503706397
ABCC6,5.249643415,5.010983023,4.219213004,3.280695438,4.69364002,4.638469169,4.513050219,5.092492629,3.147282519,5.753391061,3.851552645,4.70605801,4.881641152,4.220848811,1.914795124,5.551525905,4.088615441,4.278048543,5.414605637,3.422890648,4.053778798,6.21050525,3.842079023,3.825464275,4.112770672,4.073413959,5.997179539,6.023245686,5.544106138,3.510054871,5.22445641,4.854269883,3.980159356,3.982401599,3.543614449,5.049376262,4.123313506,4.720210764,3.256568359,3.498655682,6.027564137,5.233675098,2.89806189,5.399860573,3.082575722,4.144130327,4.23938139,2.37716725,5.163951647,2.667910255
ITGA6,6.915645502,6.432862141,5.859286689,6.966919203,6.433056107,6.172495786,6.250883942,6.411774598,7.228415973,5.94754112,7.090067187,6.146842373,6.809888747,6.382251346,7.185089862,6.330511159,6.996563386,6.792895414,6.165146852,7.255496941,7.325871418,6.069336179,6.921526993,6.197439517,6.147976899,6.620238785,5.537936689,6.505337316,5.89923249,6.97664357,6.506336244,5.884122946,6.861774898,6.590661849,7.066884218,7.144128164,6.038960148,6.76517411,7.051128527,6.138776777,6.246989398,6.718706042,6.781938157,5.171520836,7.173371437,6.606523514,7.02900883,6.751415794,5.68402406,7.375346206
APOH,0,3.560766477,2.381892867,1.726292422,6.05366844,6.034330941,0.688052929,5.145748717,0,2.091701719,1.392947083,5.98663698,0,0.593732753,0,6.704352543,3.359509004,1.311442166,0,1.900311741,0,4.996012741,1.500144357,2.996352051,5.915935915,2.761909485,5.309433394,7.045574591,6.520719577,0.564817767,5.568081758,6.190357768,0,5.78179786,1.532583297,2.48905172,0,2.158532389,2.401671747,0.524423984,6.557733015,6.611855716,0.854980305,5.893978941,3.170570185,4.058926894,1.17159429,1.665780327,4.523767748,1.990090672
ORC6,6.055178998,5.318180632,5.163456801,5.775193773,3.541736943,4.141142297,4.511158513,4.287124338,5.306851654,4.702065525,5.827150845,5.968739945,5.55608975,5.703163292,5.618641523,4.891732082,4.97162087,5.781072005,5.004000101,5.055042688,6.060296764,3.742538672,5.841213995,5.821371768,3.844303905,5.710871123,4.904882958,4.336628305,5.322303414,5.339665442,4.585494714,5.571610763,5.519562527,5.11631426,5.186476383,5.60321178,5.609364791,5.806718371,5.282229474,5.566049183,3.598590241,5.554373848,5.343120186,4.688749397,5.511660768,5.30033825,5.36508821,6.015540071,3.820200436,5.44886635
RPGRIP1,1.857731407,3.391778418,2.653331495,2.51514822,2.491111797,3.622438313,2.643046487,3.221943198,1.685561793,3.373223965,1.936732664,4.285935024,1.68680101,2.243194553,2.038361253,4.5456092,1.981961936,1.753692733,3.092982765,1.669511911,2.495572101,2.967101483,1.862324917,2.322695082,2.872605117,1.529271804,4.082553455,4.700851592,3.485010256,1.180604828,3.319599498,2.889260973,2.743288819,3.228327481,1.765225889,1.905526879,3.170079826,2.631190799,1.470964115,2.608807249,3.087680275,4.051448206,3.038275035,3.159931459,1.838709301,1.767787031,2.088839649,2.518875837,3.295985493,1.469389412
TGM1,6.404623562,3.18510815,3.388325116,5.422178723,2.610018007,2.791367693,3.510511981,3.194956242,4.897133395,3.60580772,4.877120435,3.111845296,4.417926892,3.035203244,5.981890447,3.648220911,4.228153426,4.224714649,3.895717274,4.796707769,2.807896717,3.776946158,4.569831977,3.762479873,4.402433619,6.476687004,4.874743642,3.065567198,3.104566973,4.790551572,2.815603307,3.687040399,5.354420497,2.959584868,6.679549409,6.882233661,2.836400872,3.485600551,6.302297491,3.410721682,3.272612693,2.473091684,3.491650183,4.300306421,6.71226302,6.486384655,5.487092564,4.336884932,2.282430712,5.831758212
SEMA6A,4.820222508,4.07129996,3.667303925,3.230149452,5.022506406,3.552278741,3.8193077,3.915092802,4.821963377,3.811872043,5.889807578,1.886783002,4.375892509,5.624304747,4.927684827,4.020815359,5.131896565,5.606339085,3.719290923,5.584853686,5.864057629,4.244423886,4.734171006,3.216884685,3.489565298,4.172373863,3.480991894,2.885738275,3.820573031,5.987983497,4.272171737,2.808935454,5.064619341,3.561159828,3.249998701,5.383374321,4.674295619,4.13602825,3.797986123,5.543431425,4.532986631,3.577536127,5.949478716,3.088739681,4.670279357,5.918987055,5.585747816,5.613208027,4.862662508,5.745786468
PHGDH,6.349946338,6.815840661,5.517154509,6.689967676,5.472667545,4.345705333,5.495105135,5.504063161,5.98793888,5.4900818,6.91245575,6.636694047,5.966144124,6.591071134,6.718758944,4.336565278,6.283379473,5.736544596,6.308369845,6.27501757,6.472320683,5.523327405,5.876877911,6.60192201,3.881899131,6.192841982,4.660661764,4.526052607,3.707543401,6.833847199,5.995765099,6.773342408,5.828626063,6.338627626,5.452781191,6.616464653,6.481735296,5.812269405,5.948236298,5.746904227,4.602021694,4.100975651,6.707845197,4.767951908,5.924055513,6.712611271,6.844504161,6.506026417,2.804924312,6.583191487
DPYSL2,6.029169245,6.708959129,6.11295061,5.517285057,6.835305948,6.884771558,6.59108845,6.754312506,5.344756938,6.733757588,6.278445151,5.060661639,5.920675414,6.202315687,6.265839807,6.942073451,6.552315051,6.434488288,6.055222551,6.12191271,6.121853924,6.80754695,5.669544809,6.377047639,6.995188826,5.886924172,6.093532622,6.400526376,6.694580953,6.102454664,6.382272553,6.513838355,5.67693494,6.457094074,6.092701338,6.218199172,5.041922224,6.12045248,5.595920859,6.393944822,6.728436335,6.47501039,6.632256535,6.407844308,6.142869793,6.301360461,6.115552843,5.305558268,6.353979956,6.121028612
NUP50,6.398991602,6.172227958,6.082055849,6.294900396,6.060984555,6.114123738,6.102202876,6.108429814,6.362220967,6.181814501,6.44759102,5.945601749,6.285500734,6.163229829,6.420947951,6.2229595,6.172471145,6.276358412,5.974768534,6.090656008,6.474312046,5.95349902,5.817387378,6.24295524,6.032544499,6.086097795,5.797863589,5.366249457,5.637629346,6.396964107,5.867189367,5.875420974,5.97033986,6.159834235,6.226985044,6.208803218,6.457535242,6.14872474,5.567035974,5.911448907,5.959061364,5.944929281,5.996736872,5.851845024,6.147072812,6.082959538,6.205905588,6.351472853,5.688621324,6.283651425
CDC45,6.523056099,6.343942017,5.579475812,6.148038414,4.72004426,4.62692571,5.735752856,5.006930208,6.084122568,5.367740686,6.25309497,6.605374272,6.118448953,6.481730179,6.423067296,5.820049093,5.783461683,6.16401178,5.773209166,5.73738259,6.77488336,3.647324186,6.522745102,6.223850748,4.402609936,6.398471571,5.46338939,4.907770055,5.185318532,6.433341879,5.158636578,5.847932307,5.636803343,5.663848058,6.048064546,6.219400833,6.797431006,6.257308672,6.399512559,6.112098538,3.731131876,5.497644796,6.024444099,5.033923428,6.203030622,5.970114417,6.139336855,6.668353232,3.084208592,5.73719653
CDC6,6.236406532,6.113389189,5.883019388,5.842094357,4.891481853,5.013493199,5.790148052,4.509395809,6.029301172,5.812217255,6.040324691,6.193590851,5.938351436,6.122320238,5.920267053,6.063539969,5.795085951,6.228186909,5.403049918,5.654558134,6.63395437,4.097334352,6.064311862,6.279358094,4.620316012,6.038627741,5.886347516,5.079275221,4.939848433,6.296905446,5.595145615,5.858114049,5.725845786,5.761521409,6.065487118,6.040098452,6.227259099,6.629497533,6.372324601,6.109531084,3.406917198,5.331225164,6.135505961,5.407417296,5.753769381,5.939025791,5.862726348,6.34016324,3.457797876,5.869113085
DSP,7.207991855,7.199416478,6.924235118,7.232607946,6.236751836,7.083417445,6.277626753,6.076718063,7.429657215,4.629548045,7.401427953,6.758734808,7.069508561,6.740647474,7.35050775,7.206629244,6.975502125,7.253261133,6.355708768,7.283425404,7.411852097,6.471664001,6.802740677,6.693368684,7.160701676,6.570789752,6.937912845,6.709040014,6.866803304,7.218209227,7.146523201,6.996734453,6.652279677,6.657646519,6.99747601,7.102384331,7.17766683,6.726066144,7.097670084,6.822402327,6.842185011,7.073927718,6.581643658,6.596425781,7.057398534,7.0779478,6.969285655,7.091255692,6.036993518,7.150049312
NRP1,5.654484734,6.167285126,6.139750824,5.707819718,6.427352458,6.96642406,6.467694281,6.622171265,5.465892029,6.374956737,5.989709864,5.419028216,5.902630599,5.669941375,6.147961339,6.707600318,6.410780698,5.92840284,6.08816453,6.497122547,6.527554656,6.304375948,5.667265938,6.792043611,6.726377064,5.56283115,6.634458307,6.485910065,6.223207539,5.754627807,6.226374896,6.559398761,5.594102918,6.505838146,6.066601395,5.30314097,5.7701793,6.17685667,5.349430856,5.760130147,6.603492547,5.833756442,5.858748187,6.523720291,6.063849062,5.757354333,6.429833705,4.871218092,5.937434547,6.12499637
TSPAN15,5.977395893,6.341655909,6.861819761,6.758521909,6.735430033,6.710242041,6.755743987,6.598524331,6.694882412,6.621019792,6.06816302,6.831228701,6.178809396,6.193027711,6.316140278,6.919357342,6.082758647,6.464571562,6.42816605,6.390923689,6.235203981,6.620132168,6.560873636,6.79046383,6.896042157,6.396075109,6.854748541,6.872853063,6.271142544,6.092408208,6.700431151,6.733850838,6.46830205,6.730766015,6.513838267,6.330940171,6.430266319,6.623792353,6.998154605,6.378411297,6.620803276,6.788840802,6.531940018,6.887387091,6.702690743,6.071584306,6.72781098,6.570760501,5.577492481,6.964123703
MACROH2A2,6.418553566,5.007055599,6.631971468,6.491873243,6.164705805,5.568313389,6.049286157,6.088453995,6.681463599,6.206969679,6.842940392,5.69585328,6.269788872,6.80220339,6.339486573,5.338781865,6.102287647,5.194254519,4.78773852,6.619123641,3.602130066,5.795489155,5.603648127,5.716306264,6.499146673,6.298650427,6.381580262,4.774468331,5.122086872,6.725039273,6.631706222,3.378984502,6.208264041,5.890182674,6.045797265,6.642662924,6.051062956,6.403199994,6.781005795,6.060021345,5.318272904,3.829293546,7.159877748,5.074434371,6.500407432,6.635032694,5.638202131,6.762497772,5.034321249,6.454070459
RANBP1,6.799793289,6.724748886,6.567235422,6.575664173,6.278842651,6.302197247,6.467322955,6.335159053,6.665954709,6.21861114,6.651264874,6.982732818,6.473702607,6.624119364,6.839915946,6.441043067,6.297601917,6.635592346,6.569511801,6.447430278,7.046350939,5.965754096,7.211731207,6.666966453,6.261971434,6.609692567,6.14956655,6.184427756,6.027899415,6.702112612,6.127402302,6.534129688,6.139250469,6.294171355,6.759798807,6.599285497,6.902373353,6.502096477,6.853980984,6.403208083,6.154214414,6.327738674,6.528368781,6.304019309,6.719317051,6.573566508,6.639443454,6.975658757,4.943708418,6.462324113
CRKL,6.912368418,6.59004959,6.517699082,6.794947493,6.578670643,6.662734998,6.537396821,6.572055555,6.838861995,6.502889761,6.946778807,6.902644897,6.5407405,6.768057396,6.997008191,6.765618476,6.634391,6.875196859,6.591943307,6.751393535,6.986193614,6.418391327,6.891705657,6.61113091,6.538066648,6.692941522,6.316844302,6.612615606,6.268175709,6.847890388,6.36858572,6.28363848,6.361007325,6.57025971,6.645292425,6.75800542,7.096393478,6.507484644,6.588423939,6.23383225,6.430388808,6.493900435,6.608096136,6.591870547,6.826944059,6.588263881,6.746134108,6.80964468,5.837010922,6.640447901
YPEL1,2.642837291,4.904155442,3.869511216,2.679834196,4.364573699,4.378231382,4.817358812,4.089256734,2.816076548,4.370157029,3.53734582,4.080743918,4.201364748,5.164018781,2.604889071,5.08173907,4.097325581,3.065397017,3.880003745,3.065546606,5.558606522,4.549282713,2.811106162,4.643711938,5.176790447,3.483346804,4.222517976,4.57083685,4.746141592,5.611825255,4.24300524,2.732870655,3.16928757,4.690304718,3.274715885,2.986804089,5.474792191,3.387642879,3.271284964,3.682159502,5.270717357,4.25286139,4.446204385,4.822378896,3.420566146,4.0061921,2.940135271,3.19263631,4.569061528,2.064326617
CRYBB3,5.52056195,2.696850833,3.408691265,4.926192828,0,0.94399269,2.638771107,1.090739055,2.14674956,3.416249672,4.431602574,1.496496989,5.361719213,4.605765746,3.982458466,2.070730198,3.89908224,3.591868499,2.423638755,2.046159294,3.176142959,3.791598376,5.292059524,3.753407494,2.685454009,5.270242229,2.891183028,4.193075601,1.98356731,4.408919348,1.577140308,3.108345807,4.176460237,2.970423618,4.278873937,2.843143865,1.860255033,2.744837362,2.524392668,4.737782154,3.321292572,0.899855508,1.996668583,3.864981078,2.111986493,3.941530726,3.790763344,5.348506653,2.909350089,3.615321828
SH3BP1,6.518633144,5.391806998,5.839200178,6.209559718,5.980497137,5.395534569,6.121076377,5.451317838,6.546262036,5.541364392,6.585020003,5.395288673,6.062771225,6.05482584,6.484278512,5.899964017,5.824329777,5.926335412,5.757963481,6.49690859,5.970357838,5.614606513,6.465129514,6.075209412,5.613134802,6.424926739,5.698167099,6.003336024,4.553789537,6.563466595,5.27308241,4.884010052,5.975247639,5.675415739,6.282780832,6.637041716,4.956604574,5.991109926,5.863789936,6.195934692,5.313697955,5.338614467,5.683721757,5.612013048,6.167738539,6.098189564,6.511806244,6.38292942,4.33514695,6.604103301
MICALL1,6.868357064,5.880120797,6.215526692,6.6941056,5.854482352,5.763906847,5.698369206,6.011080669,6.938517229,5.93661176,6.80637833,5.829010129,6.082754939,6.157503279,6.717856993,6.094707979,6.35001878,6.561849221,5.693906923,6.992077332,6.069318287,5.744151554,6.364923804,5.702948815,5.462547658,6.734508049,5.938561672,5.864262514,5.142107079,6.685480603,5.666179708,5.618134539,6.017664186,6.129294315,6.47117493,6.44634402,5.794104424,6.239443774,5.55763421,5.719266192,6.055985498,5.633936876,5.73193061,5.859333309,6.876606928,6.349925918,6.762377227,6.038981768,4.618898287,6.923239786
CENPM,6.114051972,5.901320335,6.12696203,5.974774522,5.293430267,5.318930766,5.941837464,5.612473207,6.020880603,5.451285841,6.550176537,6.020183448,6.157549319,6.451936595,6.501034668,6.019735325,5.764166562,6.047395173,5.665185162,5.575206585,6.108561736,4.760636854,6.347313256,6.172179068,5.136302744,6.095627571,5.540793958,5.639433788,4.918683819,6.509881961,5.473148211,6.041303937,5.678555989,5.669528988,5.902185233,6.26699066,5.839355337,6.314361712,6.872271768,6.01162634,4.494060116,5.86277349,5.956611576,5.687066218,6.28875291,6.12333037,6.188417104,6.774804818,2.882854742,6.099462302
HMGXB4,6.373372285,5.971920626,5.73522328,6.0716674,5.743907724,5.998077403,6.042663152,5.869711302,6.186732888,5.82670189,6.115420892,6.053001332,5.773943882,6.319768497,6.230276943,6.015645568,6.080783027,6.11474319,5.740110645,5.95310023,6.209787357,5.594610193,6.061840932,5.969132506,6.006955016,6.020228037,5.704721535,5.357072535,5.55465595,6.244524258,5.487298466,5.749544215,5.368461018,6.02736353,5.704565003,5.898154524,6.036540481,6.100065082,5.834463641,5.668744221,5.668863843,5.833265806,6.172511309,5.732880758,5.450377157,5.910014349,5.930331395,6.326055138,5.221807124,5.845302826
MCM5,6.644621414,6.128335447,6.346473736,6.387707389,6.345548522,5.747263479,6.360867724,6.047261515,6.578841483,6.297486743,6.816063937,6.296694567,6.394968649,6.82321982,6.804314229,6.349852079,6.103196946,6.391678259,5.947239314,6.240856228,6.495763895,5.833697384,6.425815365,6.483872434,6.03072513,6.389163387,6.249744267,6.06377983,5.837099405,6.754522767,5.866390102,5.843534838,5.785428431,6.171022826,6.098868787,6.396109058,6.064791797,6.247249409,6.155007565,6.369913611,5.744440219,6.067400408,6.303007849,6.016671305,6.142131246,6.525060641,6.559209349,6.677525087,4.678649083,6.271766523
TTLL12,6.803330383,6.240666,6.302684445,6.568686708,6.367730722,6.297305315,6.279522325,6.296062852,6.84702356,6.394848856,7.101965224,6.48224616,6.60194521,6.624642696,7.017117403,6.56738174,6.397212843,7.016442367,6.446344369,6.738328981,6.459207936,5.787921141,6.663665327,6.393771753,6.074164548,6.703188175,6.079546313,6.121523013,5.814011409,6.700576286,6.072581848,6.364085297,6.28449755,6.158927491,6.550080677,6.851361903,6.06634746,6.984877518,6.726575111,6.206783896,6.343315652,6.95797943,6.503140823,6.414573264,6.642754162,6.682996183,6.691492786,6.624209624,4.079108011,6.754528648
SYNGR1,6.264558421,3.07514772,4.863979998,5.884795276,4.604081874,3.828286774,4.866920992,4.301483662,5.477847181,4.657104161,5.603181973,5.648815401,5.638921733,6.172352779,5.452951143,3.620713352,5.116552311,4.019022515,3.912770508,5.136688909,5.428694357,4.729201034,5.319525801,3.742113228,4.635019341,5.940880719,5.043113875,5.955793491,3.371810478,5.962507937,4.238370523,5.122778555,4.508653558,4.965531468,5.093344166,5.727767104,4.480819865,4.266647776,4.688065459,4.635690821,4.443756931,4.371052262,5.852391691,4.373474567,5.723013431,5.946579456,5.85088031,6.072086199,3.461157015,5.472809127
MIEF1,6.394532463,5.94997995,6.016434702,6.134853246,6.007799855,6.024061581,5.944745913,6.067481061,6.369851333,6.050705755,6.539605117,5.873688734,5.911842348,6.333285184,6.422729376,5.919616788,6.058772218,6.347271817,5.90320092,6.264351232,6.362413467,5.828804559,6.014314232,5.922427615,6.08773558,6.359950534,5.671134229,5.835429213,5.376846879,6.36573406,5.58266874,5.795123653,5.569902143,5.995410378,5.765045125,6.117789164,5.894703042,6.130805731,6.177051928,5.789341049,5.906441544,5.942898422,5.949359076,5.736381608,6.344307977,6.020610232,6.130125948,6.066136147,5.102217304,5.95023602
KIAA0930,6.516392305,6.101687173,6.5234699,6.608410912,6.241231821,6.103474299,6.346673054,6.40754564,6.47671071,6.222235547,6.64933566,6.320306537,6.238087668,6.166912689,6.960696459,6.382707533,6.272447441,6.307091751,5.936291656,6.807088104,5.721199604,6.042420925,6.197801536,6.170429785,6.190750463,6.018972373,5.845738151,5.867847182,5.294459096,6.485222254,6.123843596,6.172894789,5.995099294,6.288978138,6.343069014,6.501367776,6.059136537,6.268835662,6.098507243,6.13917444,6.08287215,5.99084438,6.178624338,6.058209546,6.73334722,6.476182386,6.608478907,6.427471831,5.022058777,6.84094744
RANGAP1,6.791624326,6.470474875,6.790760915,6.879517407,6.538646403,6.268571458,6.503140834,6.661062559,6.89856044,6.704872796,7.046807809,6.652443373,6.680632792,6.653276325,7.037657457,6.73582004,6.385718916,7.002266758,6.536797368,6.91195655,6.854936548,6.363987107,7.006020799,6.826324527,6.457568055,6.669050669,6.395937229,6.461289449,6.32482568,6.991115008,6.255802915,6.633712263,6.621144774,6.515973988,6.66383653,6.779514103,6.578628196,6.812176704,6.90839628,6.647930502,6.519637215,6.753572831,6.554136951,6.689335888,7.003191664,6.668868808,6.949393535,6.881751272,4.982256056,7.11816613
PHF5A,6.727555413,6.452371975,6.800479885,6.81849975,6.609778902,6.525114393,6.870499156,6.654557176,6.811439498,6.651735007,6.951210865,6.871668942,6.524438419,6.673681876,7.058797429,6.527774295,6.602216902,6.827782902,6.582459132,6.704251,6.760047906,6.307350031,6.94652086,6.616429616,6.67729184,6.720606918,6.246483834,6.51316859,6.31613923,6.876735691,6.567767842,6.467485657,6.423973245,6.567217869,6.527215377,6.75813541,6.640843529,6.776878654,7.439519998,6.398541442,6.481644681,6.560756996,6.758634478,6.441976537,6.918086178,6.816847806,6.80587734,7.153575206,5.478308503,6.90776936
ISM2,2.838877515,0.952787609,0.240176202,1.217319752,0.606262608,0.829791869,0,0.874985998,1.241168566,1.855028211,3.616860531,2.399478728,2.215549668,5.048629172,4.649310055,0,2.665986427,2.927093856,0.628635149,2.676615597,5.018749774,0.276629379,3.734265206,0.586318717,0.293882747,3.878197624,2.847756893,0,0,0.822788834,0.512723652,0.443017127,0.23970702,1.572961449,2.09708806,1.875903685,0.651845202,0.929996688,2.958642992,1.336123326,0.126543306,0.243260705,5.007425425,0.615641099,5.644896993,3.369717998,0.494772545,1.735224718,0.489548372,1.885591816
VRK1,6.310248545,5.88739486,5.749542581,6.062247729,5.730555669,5.303913865,5.8816908,5.541260609,5.989385174,5.083156618,5.879050493,6.06874223,5.682267099,6.079731337,6.076321958,5.536921794,5.590348975,6.079406724,5.560562322,5.583472176,6.488446761,5.333657364,6.033443011,6.119057315,5.505280779,6.285963134,5.721074094,5.091075188,5.551153177,5.642492663,5.268435436,6.093126169,5.641747034,5.355778894,6.273551511,6.041843656,6.411131149,5.802508331,6.408165967,6.048270223,5.201907099,6.13397239,6.326973106,5.677716844,6.001325072,6.088206618,5.941838447,6.255455356,5.097198978,5.947346727
EFS,6.769424483,4.619664706,6.312591741,6.982841632,5.819967887,5.709812371,5.185485432,6.27099174,6.68974054,5.900121649,6.386999068,4.0493998,6.658659928,6.529381708,6.953416378,5.194966473,6.28205571,6.446186197,4.753990627,6.390436458,5.974866776,5.2394339,6.3827162,6.271475254,5.760934738,6.24517588,6.66997993,6.560888472,5.27854591,6.609618386,5.457906571,3.1578238,4.971337956,6.228613996,6.361543772,6.445957682,6.155725595,5.087707861,6.33913619,6.305443808,5.653953141,3.473477751,6.559424973,6.045982126,6.569878402,6.664944138,6.213014703,6.425994785,4.218519388,6.446619113
GINS1,6.264269848,6.002014149,5.671385489,5.651046574,4.71760111,4.971140562,5.798085567,4.970966493,6.147467692,5.308358804,5.942059255,6.426667061,5.990391034,6.086950604,6.335239661,5.356344004,5.851516473,5.82166422,5.022432517,4.752465612,6.725470102,4.536374867,5.56046375,6.107282846,4.841876042,5.838736493,5.772607829,4.74953744,5.40070512,6.165648844,5.168218813,5.417177131,5.599580859,5.184675918,6.201274987,6.024631646,5.711720986,5.92293568,6.42776409,6.074216506,4.153957072,5.518532846,6.231395223,4.838696571,6.07737186,5.89694494,5.612493952,6.367239799,4.082299721,5.653766338
SGK2,2.315598289,3.653981258,3.44937806,2.301587104,1.550980213,2.992484293,0.457973481,2.085297778,2.101569848,2.844559644,2.430930324,2.53663076,2.036951081,2.72913038,1.024499082,4.754079482,2.534563773,1.978230566,5.053261507,2.448468324,1.562798083,4.251273631,3.852354949,2.567712794,4.289836893,1.892396322,4.644273329,3.751346095,3.655321866,4.051432385,3.89791557,4.733233452,4.622435414,3.741876778,2.789978928,1.877593698,5.249783658,5.461078182,0.461546479,3.430082386,2.768079896,6.246768192,3.464594148,2.857985799,1.238903228,1.693790698,3.052455467,2.015577982,3.732827951,4.161655346
BMP7,6.741223645,6.922277942,2.83707996,6.026355269,5.181776742,3.034567552,4.373709573,3.696118418,6.148167441,4.035398238,6.613115052,0.377541723,6.653470006,6.642010491,6.760983343,2.741724211,5.855472789,5.671643401,1.924764824,4.368562459,0,4.271818635,6.130336131,2.371135886,5.821649948,6.327798266,4.15975701,3.308260543,3.350723389,6.259838969,4.008761265,0.749914984,4.264888277,3.809451022,6.504612917,6.795750495,5.976029746,1.18544788,6.656423216,4.734382377,3.799167364,5.888481065,6.648761649,3.490144529,6.76796444,6.507221404,6.831641825,6.756617346,3.938093512,6.476365109
RAE1,6.170296575,6.026348914,5.765349615,6.19212041,5.688021056,5.926045647,6.200844221,5.770804816,6.246399783,5.920207956,6.120218766,6.344529406,6.23921316,6.184112384,6.339260853,5.78857586,5.688686709,6.503635338,5.988228381,5.83943376,6.063605141,5.542135241,6.183012823,5.934737259,5.949580885,6.20117875,5.896562126,5.819983978,5.897755358,6.193093075,5.819668095,6.018552358,5.850777212,5.809889793,6.189831035,6.163111969,5.824402039,5.847233321,6.395304917,6.067076537,5.79064851,5.868767444,6.298968574,5.82908138,6.3861158,6.120368724,6.215843671,6.443589845,4.949991515,6.288727515
PAK5,5.350338888,3.450855531,0,4.686197017,0,0.40944542,0.581439137,0.487747811,1.745148129,0.099657306,5.616351881,0,3.703680774,3.279367027,4.682719328,0.589074746,4.025389035,1.856865923,0,0,0.615581944,1.033904277,0.811208909,0,0.808151528,4.94614933,0.144229255,0.144561007,0.240605621,0.474130828,0,0,0,0.124225881,1.196654458,2.530429077,0,0,0,2.16221985,0,1.486038831,3.87179783,0.37686074,0.268998316,4.635403727,4.179281827,4.048427908,0.421353533,0.585168678
NOP56,6.620882281,6.767995535,6.220405295,6.685169532,6.43928038,6.471283779,6.575034285,6.334870776,6.765055046,6.17193846,6.783988215,6.749097885,6.52384173,6.602804269,6.768621198,6.354804374,6.537217513,6.859074518,6.178277651,6.564750906,6.880284886,6.215058311,6.682923019,6.627053278,6.513895474,6.721661278,6.533472014,6.198597698,6.472384061,6.647570077,6.352545062,6.64823958,6.576465692,6.408455693,6.729713465,6.562093753,6.577270345,6.645018962,6.673651567,6.737176118,6.300697435,6.83096722,6.600049823,6.258301656,6.615960191,6.688683166,6.596959105,6.892523595,5.243185952,6.572928862
JAG1,7.029958136,5.873579493,5.799860339,7.065222867,5.876799516,5.654341758,5.832257189,6.450039565,7.00257532,5.855891032,6.971167452,4.095315787,6.862244252,6.157388353,7.390143398,5.816590249,6.956988051,6.666665109,5.61317546,6.906615896,6.354030991,5.810582647,6.629770022,6.023241317,5.851059722,6.769972893,5.61827475,5.565458251,5.730018913,6.529456623,5.701841564,5.097791443,6.305039348,6.119859199,6.920921627,6.701955355,4.427033697,6.461611673,6.649061794,5.928477233,5.97465348,5.358027644,6.226510003,5.459462079,6.905732343,6.621991321,6.897130261,6.868633642,5.580114772,7.126996018
FAM83D,6.986450313,6.172404199,5.981552754,6.395270027,5.257809647,5.872873394,6.134274876,5.979960304,6.434826837,5.904889789,6.961654379,6.339525048,6.778028087,6.239424248,6.526583707,5.986363841,6.687090396,6.610947521,5.381510562,5.942917355,6.755864441,4.563478021,6.342374427,6.220630263,4.914481227,6.90651953,5.140961112,4.586955767,6.187163632,6.450364641,6.411258531,5.84865424,5.867773847,6.260515734,6.594623379,6.771289026,6.389002197,6.112961005,6.702209942,6.209982267,4.469789373,5.185940134,6.45361698,5.349409359,6.529536043,6.595371155,6.260392116,6.748688789,4.242588542,6.50671326
DHX35,6.203845357,5.651187586,5.369136925,5.803277081,5.1482779,5.243678524,5.702069899,5.224765333,5.459118941,5.619261757,6.28871606,5.579675603,6.038607465,5.6083562,5.684456388,5.517045533,5.503209147,5.98239445,5.578111279,5.038686218,5.912376952,5.135505512,5.687816961,5.590530062,5.474443908,6.107373452,5.067895664,5.36924741,5.593709654,6.106891525,5.430317984,5.244206922,5.186147694,5.431341465,5.525939365,5.932198754,5.653282531,5.23976005,5.345998575,5.66872469,5.381499366,5.470460552,5.205615484,5.406737966,5.763400634,5.695046946,5.43710472,6.223795679,5.223273039,5.624262445
LPIN2,5.45061919,6.523954999,6.7184344,4.961229422,6.38243235,6.436119181,6.597297786,6.258932475,6.186491116,6.21731918,6.039338248,6.145998159,5.330680733,5.989750042,5.607044161,6.546476902,6.090281228,6.048934239,6.17614902,6.131969047,6.987248849,6.365836176,5.915033241,6.206482785,6.482429869,5.859059541,6.076212819,6.069393996,6.769658715,6.285219787,6.739118996,6.512420092,5.877488391,6.598780411,5.791133702,5.565194072,5.699367514,6.277073615,5.181562299,6.092431575,6.670735677,6.212423401,5.837656753,6.495862241,5.633470516,5.780467075,6.287077825,5.802387659,6.001929322,5.569491842
LAMA1,4.89759602,4.237017358,3.11169646,4.252323002,2.33651712,4.078144058,2.069600014,2.592529041,2.186186148,2.631796249,5.934715929,1.855007093,2.418938703,5.278490393,5.020621965,2.385332666,4.72000603,2.656678867,2.833198908,6.253208563,6.907120961,2.048413895,6.190324578,3.922029743,2.138985764,2.351880972,2.453265195,1.23039917,1.947154233,5.71677456,3.164930792,0.129537418,2.346150643,3.253135279,5.291874839,1.323866426,2.251197155,4.262860134,1.179375601,4.551643125,0.811522456,2.536450831,5.617496741,0.301010081,5.859319385,3.943656294,6.345871951,1.236019044,1.820462114,3.362387298
STS,4.794317094,0.180869245,5.650076629,4.222918139,6.23019174,6.402434441,5.551207965,6.249106065,6.200499352,7.093457245,5.292766998,5.005996095,4.775011292,4.300479691,5.296957431,6.544825264,5.635714789,5.051219705,5.580598845,5.587008884,5.583040136,6.156612501,4.931347929,6.008632632,6.186869063,4.656563213,5.827331152,4.729163717,5.35127702,4.645957126,5.820371768,5.076717457,5.154643564,5.79646478,6.018999012,5.440235202,6.382802642,5.529824057,5.224787486,4.948572485,5.706793822,4.605160577,5.586162649,5.615060146,4.919227884,5.253943296,5.366019037,4.054038105,5.621524979,4.640427819
SUV39H1,5.881504766,5.687255855,5.777866441,5.636390613,5.327563903,5.029032425,5.49818414,5.044986559,5.843796968,5.240697519,5.916611337,5.825831258,5.697475855,5.757064949,5.764910048,5.344962194,4.928613011,5.880573463,5.24016502,5.633546349,5.664161776,4.898974251,5.240046229,5.602431521,5.046498215,5.648235575,5.718203363,5.30275021,5.074805754,5.830719683,5.216562279,6.000315153,5.349208338,5.107161791,5.83027695,5.81274469,5.855438354,5.814733195,5.012398034,5.892300227,5.055238807,5.108219065,5.968332798,5.525711764,5.882909473,5.30263785,5.744143396,6.001045956,4.251715702,4.967565988
PCYT1B,5.463351011,4.938856163,1.293953211,3.099129381,0.974063874,2.640808427,1.773913536,2.939295872,0.947505663,1.986769641,6.128726297,3.574475565,4.233940311,4.485743896,5.090021036,2.892931484,4.650757016,2.936190445,1.03301239,4.398666258,2.54768336,3.775497879,2.003328226,1.667422747,2.506752538,4.32762516,1.007370738,3.062573596,0.566286573,5.549137996,2.115455611,2.068596894,1.499990511,2.677434859,1.83979562,5.03646584,0.770924924,1.104060393,0.913782223,3.928269051,1.87804243,0.42290803,5.841856806,3.269828953,2.958931988,5.097069651,3.18645569,4.391664294,2.771576662,2.222716284
CENPI,5.33768271,5.513129724,4.39286877,4.760652068,3.742050074,4.360139417,4.289619899,3.975807286,5.085686319,3.912561629,5.710107732,4.825807162,5.127229641,4.936260112,5.036799348,4.729467148,4.622992823,5.165321185,4.260622585,4.342503096,5.940342475,3.6653421,5.207743453,5.056241947,3.152392383,5.685228506,4.818699687,3.025721816,4.11073918,5.291791532,4.395170327,4.911725956,4.505138086,5.147956444,5.459577598,5.033064898,5.658651346,5.589763219,5.273571351,5.292387673,2.796743772,3.783800844,5.368140863,3.971466107,5.163849371,4.346960066,5.108966378,5.604619585,3.837183594,4.535016448
FNDC3A,6.046176149,6.284162958,5.947640041,5.994115069,6.282267968,6.491864467,6.410250144,6.280402716,6.178698681,6.557054904,5.919874612,6.233754599,5.739309295,6.133339199,5.839726041,6.19447203,6.37393019,6.317873521,6.618932385,6.228263537,5.971532059,6.276625254,6.129242085,6.075307502,6.433496417,5.947703107,6.037946102,6.287814183,6.101563263,6.131376609,6.506250123,6.443114971,6.299277246,6.294124124,5.985612147,5.810599858,6.605330959,6.512199348,5.870610842,5.900957638,6.266827542,6.401737598,6.150674947,6.014544694,5.843914957,5.995859297,6.024307542,6.125157757,6.151020576,5.898150338
DHRS12,4.953549309,4.524123863,5.712465459,5.625497325,5.588411841,5.410660736,5.508109819,5.041058565,5.018202414,5.288823704,5.179549952,5.032429473,4.832195249,5.198523126,4.293673392,5.442039696,4.978888561,4.723436714,5.495121167,5.235892801,5.338646638,5.251631587,5.066184439,5.351015238,5.569034921,5.111510766,5.60722246,5.949431158,5.549089493,4.386165745,5.391233603,5.363896747,5.454367744,5.199294319,4.661525365,4.889734814,5.408859795,4.914799958,5.28911182,5.038768322,5.904860194,5.707358435,5.167622989,6.166044907,5.096948917,4.958971431,5.041249464,4.972693754,4.736504426,5.138087042
MGRN1,6.074743972,6.234898154,6.233030354,5.833610596,6.280127814,6.369192922,6.026776439,6.270664355,6.04126776,6.677121408,6.00009793,6.020917089,5.930921359,6.03415811,5.72559792,6.351186943,5.857919577,6.024749492,6.270617903,6.105205639,6.143541883,6.677017513,5.918392242,6.293948972,6.670768973,5.792022449,6.357993416,6.529432361,6.504774017,6.181932349,6.223157579,5.872958674,6.132794665,6.32143046,5.524423985,5.997605327,5.435807279,6.465551261,5.377212816,6.008605101,6.465167379,6.366500389,5.591720889,6.332348418,5.885395694,5.666891962,6.276141894,5.641685695,5.491729204,6.100130586
NUP93,6.044475162,5.508820017,5.845455853,5.845264811,5.795635077,5.626650946,5.740123292,5.524556029,5.642957905,5.735245952,6.306861595,5.888008731,5.644420569,6.255711462,6.360187656,5.657398506,5.677781552,6.043982034,5.706769297,6.022407897,5.762239839,5.618998155,5.986339216,5.997084159,5.977105656,6.246031892,5.480491645,5.545486771,5.84991915,5.745255509,5.748765957,5.730083739,5.647209021,5.6271725,5.444974614,5.880124716,5.576219144,5.800819933,5.655605638,5.757924331,5.388326695,5.149158823,6.118461896,5.573770236,6.006392868,5.894359335,6.102038057,5.94453658,4.500077398,5.853391711
MMP15,6.005165655,6.025361157,6.604449911,5.903273974,6.530364795,6.125009583,6.51255889,6.139363119,5.631089541,6.67396222,5.687719443,6.100006098,6.144497471,6.233480322,5.588828803,6.538030295,5.244199493,6.326728932,6.49831743,6.322398706,6.363951158,6.780924532,6.153236738,6.672141366,7.038087729,5.842703288,6.151190526,6.941477009,6.725866695,5.548766662,6.701527696,6.820531199,6.263034154,6.685082127,5.8309882,5.72568788,6.180570192,6.736021771,5.887714054,5.030698814,6.79799565,6.743548966,5.153150435,6.927953716,6.431478271,5.750563428,6.104684905,4.777629449,4.365200649,6.899258996
NDRG4,6.744957136,5.235208396,3.859410339,6.51874337,4.238030988,2.560407925,3.771900699,3.145202933,5.256166589,4.273848869,6.396930601,3.375323308,6.28464861,5.780520418,6.504317168,2.879318658,4.936611676,5.236831942,3.059578249,6.359080669,5.470965212,3.329530185,4.661587469,4.697454303,4.95409233,5.807341785,4.041889559,2.629293483,3.539024432,4.954919756,3.087941606,4.593111197,3.901066715,5.126668304,3.733602399,5.180985208,2.89409458,4.006739392,2.841648634,5.620270982,3.824451455,1.808637635,5.155030562,2.877405423,5.561285138,5.873343824,5.018417602,3.768635861,2.835341101,5.073808257
FA2H,5.434092704,5.449983248,6.453232031,4.646182557,5.328489375,5.342871831,5.094819707,4.070358819,5.019251058,4.869222696,4.481261378,5.766631331,4.188322254,4.971421261,3.040997967,6.335907535,3.502241861,3.055435984,6.009331738,2.605702835,4.570928498,4.63806473,5.878934516,5.805613874,6.386052436,4.352587654,5.622011647,6.435916543,6.232305218,4.464600854,6.497838205,6.891485581,5.736195456,6.165603886,5.502257149,4.747699212,5.949046753,7.159959344,2.719282554,4.613807729,5.602144289,5.33866279,2.913996713,6.129532725,5.220761647,4.204358821,3.781333423,3.405752517,4.8130498,5.984195766
ABCC1,7.305351763,6.386469301,6.090744011,6.670782352,6.279343613,6.217491087,6.140560299,6.375764507,6.819837435,6.521382257,7.078680382,5.982126117,7.015544133,6.412832405,6.532724954,6.158068123,6.541158458,6.637117402,6.231342108,6.81347502,6.313575997,6.406526523,6.471907221,6.368251033,6.446771484,6.966909618,6.016873328,6.166517454,6.169869382,6.939202247,6.39598977,5.905465754,6.340624803,6.350441266,6.167401297,6.707157503,6.015960257,7.048388536,6.058292091,6.443466629,6.123764345,5.987484411,6.015775586,6.188247109,6.610316064,6.42895127,6.814146347,6.460686562,5.7525893,6.991375662
SLC7A5,7.073101386,6.955552667,7.333195941,6.857657851,6.793445162,6.583891276,6.289120283,6.491757466,7.581683364,5.916384064,7.216273298,7.040033771,6.579434028,6.401579086,7.343845788,6.517658408,6.940131654,7.077486752,6.988018721,7.086023798,5.038508523,5.63294492,6.962570753,6.506263911,6.663445693,6.735007618,6.168735029,6.657234536,6.220813221,6.641925264,7.103695618,6.846876806,7.085991602,6.683706158,6.7168092,6.9117956,7.325635965,6.831470007,6.384427063,6.649425333,6.512944463,6.273987621,6.275309565,6.342441861,7.218131099,6.59490065,7.059348675,6.422295068,4.061678219,7.642224025
CRYM,1.652038681,3.00539296,5.723560256,2.459413777,6.601760249,3.927011089,6.624200348,6.154250047,0.752396899,4.487764338,3.814932766,2.291470352,0.380810239,3.781042456,3.290447173,4.652360916,3.503544342,2.83571316,5.582706077,2.635212045,4.059236919,6.462247846,2.807660971,0.903807517,6.688234349,3.085511142,4.271031884,6.065319354,6.515361669,3.39691899,4.149796507,5.152828259,3.395503043,5.093496006,2.873787647,4.762496189,5.377714261,5.157522758,4.213306135,1.759172201,6.055269833,3.960171429,6.865286583,6.569832107,3.811801679,4.344874001,2.943551991,2.608915136,5.099842132,0.722866697
USP31,5.781827698,4.971604173,4.927496135,5.854200499,4.053796167,4.634566632,4.235230816,4.497524199,6.233684629,4.894561233,5.922438527,4.816049985,5.188107476,5.25609129,5.448207404,4.627523068,5.352002498,5.918447857,4.335960659,6.05726746,4.858319408,4.807550139,6.112429294,4.85569719,4.768219187,5.480712422,4.153707092,4.046670205,5.160579372,6.163731449,4.565098694,4.395508641,5.206151767,5.168460514,5.550818128,5.452525228,5.025389353,4.294864781,5.215909962,5.010932017,4.500620402,4.817008389,4.727606764,4.842869785,6.103921647,5.054540023,6.38266334,5.335523942,5.114740417,6.122123826
TOX3,0.771488686,6.13762873,6.119208512,0.396519907,6.00556645,5.075771856,4.992844599,5.60546219,0.600292784,6.290127901,2.719425001,6.366770104,0.155649605,5.351421732,4.881590141,5.709980969,3.616572917,1.785482367,5.341887631,0.553838583,4.521568242,5.819356499,1.152333677,5.527413763,6.416693928,2.81420573,3.621075609,5.409533795,6.267587392,1.09047959,5.726719979,6.642934708,2.652836561,5.77698108,1.894519413,2.445957305,5.993372316,6.095777994,1.942793869,2.860399303,5.528781034,5.348591191,5.785747037,6.080794085,3.162452659,4.141281317,1.569602388,2.611487709,5.818262625,1.196286988
TMC5,3.693888881,6.298528927,6.595511235,3.566629612,6.370538686,6.736079589,5.887438974,6.772207409,5.331806725,6.979613015,4.466722342,6.228998503,2.207393434,5.12657912,5.110694811,6.577393666,5.285035979,6.39430619,6.740852224,3.846206103,3.42895584,6.698175006,6.076922592,6.493201887,6.875659447,5.073289989,5.455404275,6.572630438,6.735553407,4.818173018,6.591417069,5.98242649,5.731910314,6.654982036,5.144105415,5.575882044,6.248985483,6.499323802,5.424910682,4.388341961,6.250250175,6.544418728,3.040187373,6.555184625,5.413502036,5.430587293,5.769877669,3.464116223,6.281097566,4.830782949
SLC6A2,4.054032032,0.213331731,3.423523937,2.795341718,0.2612046,0,0,1.823761161,1.469791205,2.487011573,2.270056094,0,0.94897598,4.261484501,3.928647894,0.106157237,1.688381406,5.225892971,0,3.302356375,1.670203737,0.39950879,3.570550099,0.383280683,0.118517901,1.01630489,0.250293853,0.131073785,0.218838832,1.251557858,0,0,1.696557515,1.640319969,4.63365224,0.864298366,0.518927894,0,0.924989579,0.712804495,0.632570856,0,3.960046137,0,4.55653867,2.746103534,5.493717588,2.207903509,0,4.324667351
AP3B2,3.567668808,4.290526795,0.809580986,4.940989135,2.092038881,2.689114117,0.633562342,0.997512167,1.91357086,1.21667774,2.134184715,1.590839909,4.379300824,3.858721964,2.890518288,2.214270486,2.921838709,2.821919614,0.544720785,6.107087067,0.480613323,2.431212926,3.007449071,2.213529322,2.95508683,3.654343752,3.779171489,2.57636477,1.816584211,4.783636136,3.23189596,0.116500115,4.07776252,1.154623986,4.039184651,3.355190453,2.456684322,0.786731399,2.149556905,4.044353247,0.815801642,3.992545475,4.903671151,1.476037046,1.838616202,2.875796808,4.877337732,2.937261151,1.695826767,4.323624853
TGM5,4.360084429,0.164480885,3.12286858,5.633222245,0.92000093,0.533646779,0.295203697,1.588556497,6.151370365,2.632752062,3.545970869,4.60957042,1.84144073,2.017181365,4.093626821,1.644070231,4.099137859,2.947322728,0,4.470760749,0,1.999160017,4.44609631,3.468947156,0.17578893,4.325197385,5.174038482,3.006867791,0,1.536322284,1.28855739,0.270619939,1.58740951,2.981107109,3.316665481,5.250235313,0.725325648,2.097409166,4.943154139,0.972457707,0.605201643,0.505034911,2.521191396,1.005815909,2.476326813,3.831308214,3.423670168,2.55050331,0.755983849,3.571023017
OIP5,5.922871847,5.885492309,5.436609843,5.354790866,4.498295345,4.464355811,5.222750896,4.105543272,5.452512609,4.766845206,6.000947251,5.813669374,5.793858551,5.823619175,5.322020866,5.304246863,5.266073355,5.588487542,5.219303265,4.940905142,6.367984384,4.047459941,5.709400701,5.140984238,4.040509433,6.212656775,5.04910564,4.398182689,5.284343786,6.005818201,5.746251772,5.38607745,5.377302301,4.822690996,5.680920745,5.570775244,6.430552381,5.654126678,6.543654938,5.717267459,3.2807557,4.257161644,5.834594026,4.750842444,5.540921307,5.748777161,5.713540768,6.378005016,4.479210949,5.233248329
MCM4,6.705791461,6.885456179,6.587567775,6.224751081,6.018840045,6.062961642,6.318531844,5.939981077,6.47742573,6.37652268,6.698749335,6.795744732,6.449232013,6.616808417,6.65348397,6.556045044,6.431657118,6.701012798,6.224159408,6.111072806,7.137019345,5.520625981,6.431678803,6.657302557,5.972885164,6.672938368,6.556040568,6.086945236,6.270488375,6.563303053,6.252024133,6.838551584,6.217706765,5.756381484,6.720283098,6.741098491,6.83617707,6.440975977,6.505049963,6.662296988,5.699044012,6.389555597,6.540676358,6.521279275,6.682560019,6.547309752,6.77297356,6.552543027,4.827646873,6.601876991
FGL1,0.240210294,6.635326251,6.101414873,0.311928682,3.644855576,2.930397897,2.106286148,5.369291033,0.395716878,3.134800238,1.093555827,5.176041289,0,2.521753061,0.755926231,5.671598553,1.008522316,1.47786119,1.383295666,1.803398439,0.841067028,3.619141024,1.084093511,1.506631685,4.801762089,1.573667674,1.57321227,3.043523777,6.876143287,0,6.985004541,7.300822088,1.220478991,0.181639604,1.629220773,0.506475232,5.720255827,6.472655326,2.349782492,1.356239488,5.6995903,2.610168972,2.799843673,3.506013575,0.205589768,1.622449527,0.595666129,0.380115469,3.169316128,0.802562289
ASAH1,6.403951433,6.952029111,6.995181061,6.417795248,7.068648895,7.041172511,7.07256059,7.081940577,6.509986642,7.096238527,6.569797632,6.691613888,6.614088439,6.109523031,6.624802982,7.151817359,6.881645986,6.740428236,6.71818948,6.799772482,6.657674597,6.938608093,6.565680947,6.920380296,7.072579882,6.62431268,6.635027079,6.937689645,7.264769506,6.513899756,7.127353959,7.21742722,6.603266349,6.848654708,6.688039152,6.876751409,7.199376204,7.079521606,7.187318131,6.751036292,7.025969732,7.131233024,6.535916804,6.812009971,6.667898389,6.704697139,6.748776189,6.621516546,6.398131445,6.681186609
GYS1,6.594603208,6.323866177,6.362143597,6.170258259,6.343884686,6.421504835,6.47512894,6.185799804,6.810988412,6.512540666,6.604540897,6.208290383,6.441906844,6.628464576,7.002117285,6.630242974,6.480581829,6.546639777,6.383225596,6.840264153,6.686541083,6.319917736,6.531237611,6.366049456,6.287679424,6.362469809,6.438517201,6.396522151,6.241001523,6.549775086,6.403275999,6.123192521,6.466307902,6.489049142,6.580127999,6.758187939,6.20446255,6.710854577,6.598406305,6.522322973,6.375531119,6.326765707,6.374801726,6.534836499,6.749131199,6.624796062,6.813954161,6.60731489,5.078902987,6.710551937
RNASEH2A,6.45686664,6.393393472,6.569360074,6.232434329,6.16231813,6.006459005,6.403511031,6.099936589,6.520373534,6.303011021,6.613638129,6.587162403,6.367655793,6.374114405,6.792669526,6.36843899,6.044262892,6.255680575,6.005829379,6.465857951,6.737919774,5.87819073,6.561141675,6.48833128,5.875445015,6.492691207,6.156635125,6.113945546,5.921956597,6.361640911,5.940864392,6.253992205,6.289467149,6.022941897,6.2861367,6.513427436,6.326090151,6.217140958,6.970406086,6.602582952,5.47291981,5.80184498,6.726195269,6.27285908,6.504974934,6.635833557,6.212765022,6.84257834,3.843005303,6.157913545
KLC3,6.016386174,3.223533885,4.815634812,5.035490426,3.790271179,4.363303767,5.181903132,4.311222563,4.86983807,3.263558548,5.647700092,4.734150231,5.839310367,6.051834899,6.064383427,5.676662438,5.016552747,5.778198172,1.941577592,5.782659661,5.368800232,3.21499639,5.642795336,4.492900257,4.290750983,5.757275069,5.257513925,2.885123318,2.41609028,4.551696048,4.745018928,4.536302566,3.50881931,4.850614754,5.424704549,5.125574292,5.91525623,2.914658888,5.874670151,4.286566133,1.986224678,1.726814052,5.16950748,6.152295331,6.18065986,5.956379574,5.983001711,5.137919538,1.224299288,5.607390728
TLE6,3.233864492,5.393783891,4.219344084,3.114796237,4.368411151,4.095940189,4.208758897,5.374341849,3.561166084,5.435891034,2.917650464,5.441302937,3.892654773,4.265938976,3.057977537,4.320803865,3.061579225,3.066837388,4.5444789,3.511016897,5.392334848,4.757294917,3.052133483,4.334240788,5.15868052,4.348655912,5.837969673,4.905433202,4.53106616,3.124475912,4.438878387,5.132500572,3.988968052,5.075807556,3.618007081,2.588432914,5.554834125,5.274737612,3.432906868,2.294004673,5.5691093,5.089564765,4.426501626,3.191497086,3.34793475,3.734281083,3.767533108,3.528645443,2.786356042,4.195813938
SLC1A6,3.571381795,0,4.51291616,0,0,0.145562405,1.040568571,0,0.347882451,0.127208016,5.467821911,0,4.46961048,4.972414348,0.674002174,0.149332054,3.40250328,0.121615028,0.083430756,3.364846649,0,0.156249681,4.663802022,0.347010824,0,1.318887138,0.094671654,0,0.159786871,1.161167852,1.097535033,0.134221656,3.852748741,0.429029198,0.508585087,1.449997498,5.13593381,0.577562802,0,0.298605107,0.199687555,0.200286678,5.265348353,0,0.092498953,2.876452735,3.491151762,2.457061646,0,5.536759477
FBL,6.894651445,6.949154715,7.113829018,7.055686747,7.053002799,6.777754644,7.074065307,6.864108047,7.0161278,6.711439076,6.987308794,7.054843465,6.876501846,7.034720034,7.411482487,6.893032005,6.736467892,7.141406844,6.77169802,7.01990914,6.979422608,6.715371087,7.080542383,6.860834213,6.933267186,6.979406003,6.605898462,6.813928193,7.006275596,7.150601673,6.912667046,7.017586692,7.024931198,6.786744046,7.109254009,7.139015615,7.125681142,6.911047119,7.252553244,7.108936992,6.619903459,6.914790101,7.113276618,6.968570365,7.175482957,7.043940831,7.175383077,7.317579081,5.543034713,6.933047266
GPI,7.138962458,7.115433606,6.98629714,6.965160918,6.750129021,6.849921234,6.878024963,6.857365312,7.050899967,6.816526332,7.313839276,6.952305428,6.858925308,6.758872954,7.209365864,6.906970399,6.888991147,7.221972137,6.742249248,7.05835252,6.721007934,6.618972516,6.825901095,6.723691651,6.865691038,6.770492246,6.725472334,6.764862578,6.819585314,6.878367025,6.875975499,6.863475829,6.672812935,6.858127856,6.921320727,7.058611639,6.953939398,7.175024721,7.116034746,6.928069301,6.519517933,6.806122057,6.941979719,6.743200892,7.194881294,6.761561226,7.226466165,7.14048617,5.387665165,7.105405582
TJP3,5.34188717,5.842239935,6.610730968,3.609352595,6.241457263,5.687756957,5.654596693,6.169847826,5.015241642,6.42173033,4.069430463,5.521709596,2.733990551,5.161441077,2.729976229,5.87945953,3.901511883,4.813377085,6.436057004,3.192319798,5.392650939,6.229424699,5.93492183,6.150512896,6.39656149,4.770687557,6.430109908,6.200539535,6.233348938,5.087666563,6.283104435,6.362469112,6.010026984,5.84168956,5.36802092,4.996028557,6.342324344,6.541081434,5.39061088,5.75628401,6.292054261,6.262522504,2.819363533,6.516564848,5.555151755,4.622549172,5.641199356,1.808490314,4.92204708,5.485221713
PTPRS,6.586742432,4.714097711,5.663311459,6.105929731,5.786438377,5.858894924,5.838423584,6.123170682,6.764857716,6.025478599,6.589309331,5.188801524,6.47347805,6.14560472,6.595314666,5.774747935,6.311069947,5.932542111,4.734753614,6.207539343,6.564528406,6.103276208,6.113957114,5.881121791,6.146514205,5.684015255,6.014200466,6.357030524,5.50685059,6.423906198,5.291256848,2.775431085,5.101237052,5.787577371,5.610311643,6.417610812,6.001391738,5.721774751,6.05241908,6.190703903,5.867484769,5.549796502,6.491017884,5.970331743,6.336945747,6.459264244,6.366465448,6.064872633,5.394855719,6.477989422
TNPO2,6.593435668,6.184107239,6.105104372,6.360837059,6.081953379,6.078515265,6.106152286,6.278200937,6.616571031,6.340007572,6.66958313,6.292317948,6.362093761,6.156555424,6.659708715,6.308752385,6.33838588,6.549930455,6.058287121,6.615986097,6.450511501,6.169336314,6.487161182,6.353840088,6.196690245,6.297038574,6.150210151,6.300807967,6.266167358,6.49719517,5.883650411,6.246162749,6.430012141,6.224108999,6.083725219,6.455245926,6.005345114,6.306471243,6.190855795,6.481561927,6.077138047,6.185894921,6.560651107,6.193914983,6.087364879,6.328866881,6.00333538,6.598189482,5.234046195,6.166066742
ARRDC2,5.897143961,5.738749012,6.08571434,5.81823178,6.420115865,5.949120458,6.342593619,6.184098701,6.143977043,6.082996978,5.781825985,5.662887164,6.095621601,5.532667819,6.126219991,6.074619975,5.618306563,5.724815155,6.077601562,5.968853755,4.366099828,5.952182867,6.628543213,6.501083815,6.293567998,6.134867354,6.320077974,6.206955918,6.420736099,5.639952529,6.778240738,6.540774541,6.490133745,6.0477362,5.879381627,6.073633674,5.624390975,6.34139268,5.789757119,6.061592187,6.433965714,5.683970207,5.560803033,6.436760941,5.799142699,5.705389219,5.785820591,5.874124212,5.23987904,6.431150074
HPN,4.599686895,5.649215901,5.66009248,5.523511323,6.053819194,6.301103483,6.334928483,6.604064698,5.703478878,6.495386123,4.490915288,6.431506239,1.644322951,6.173724987,1.495238634,5.999886744,4.814682603,5.813106155,6.905629227,5.299674821,6.443308689,5.579442332,6.722749108,5.366742441,6.428763344,4.696287887,5.419550424,6.945458629,6.319691548,4.265941299,6.699320227,7.291143864,2.909970639,6.18947637,4.334348971,4.112585341,7.032680078,7.025310364,6.1483999,5.580570362,6.687963311,6.542242457,1.179402825,6.560421627,4.287019113,5.127070452,6.121272153,3.016772221,2.832405505,2.421960223
RASA4,1.333822782,2.616761718,1.575496259,1.867689783,1.625464767,2.361322886,1.571478295,1.730700812,1.221814146,1.3876761,1.253779793,1.621336454,2.313423726,0.938576919,1.299245221,2.114611483,1.197400904,0.929209393,1.565420326,1.411730615,1.317643186,2.03018455,2.175566676,1.608813013,2.171152627,0.933348658,1.953696509,2.424470988,0.907529246,1.983976303,1.545213281,3.89470882,2.383779041,1.228606552,1.522924072,0.954033619,1.627350889,1.707188972,0.184716403,1.989011422,1.98135947,0.912838472,2.297723464,2.156808571,1.437761035,1.234397043,0.789752116,0.794055819,1.962639451,1.007054919
CDK6,6.164922379,5.773008904,5.091948613,5.779869305,5.232603847,4.544963673,5.619224747,5.843264272,5.792500704,4.207386859,5.858678672,5.969006987,5.711044029,6.497058184,6.391889351,4.696838738,5.950623616,6.184394894,5.75730796,6.503437516,6.519569086,4.719378084,5.845031734,5.706631914,4.099932399,5.820433091,4.894248456,3.566365132,5.420957587,6.315624515,4.928209293,5.644938607,5.641791182,5.630792499,6.119927566,5.531418644,5.445237695,5.550923857,5.135450774,5.412972248,5.222232927,4.909443569,6.040312036,3.806345285,6.302126876,5.506492273,6.081877425,5.200026223,5.501845974,6.048946774
PON3,3.448164553,5.195366673,5.505878332,3.757667775,6.034452259,6.99929616,5.674569699,5.561153054,5.092084254,6.039934452,4.335572548,5.775502163,4.134693768,6.508484411,4.26158187,6.28588821,4.868692386,4.656169309,6.352261025,5.781941903,3.718997538,5.093858644,5.695568706,5.431335219,6.69011348,4.823570076,6.09693661,6.648789344,5.114346444,4.972199129,6.308694071,6.410939975,5.861553426,5.61302567,5.242344585,5.383587404,6.906188119,5.670708837,6.471076606,3.998037501,6.446953594,6.530647997,6.021310255,6.128155037,3.702321131,5.250080763,6.312023175,4.956242751,5.638519463,3.935759602
PON2,6.340318785,6.508052974,6.833802807,6.472510956,6.796561741,7.349128886,6.59090939,6.692382447,6.840653589,6.787674878,6.359202602,6.415509009,6.543387789,6.972955242,6.624140376,7.018635783,6.564849,6.644054135,6.718765708,6.73506262,6.727755857,6.960366451,6.517746427,6.920744155,7.095897227,6.366985027,6.926552115,7.082787553,6.882253947,6.529310605,7.293975612,6.950877825,6.81656132,6.95623095,6.525210195,6.426773758,7.365025918,6.765108489,6.861168688,6.297610013,6.892068448,7.302843177,6.50001481,6.974186061,6.296269651,6.394468179,7.078308639,6.45053256,6.364985885,6.802764117
DLX5,6.25783903,2.918774624,4.977328814,6.179794717,2.856087244,3.844366621,4.594994962,2.843314843,5.778080137,3.866087183,6.272213934,5.570732921,6.313968269,7.375387214,6.038801607,0.726171388,6.725093904,3.144326886,1.904662818,4.913188423,4.830878698,3.466735943,3.184049969,3.63819706,0.980473421,6.302463691,1.751192803,1.858916263,3.023702837,5.854904756,2.183111427,3.30512318,4.56198892,4.802655272,4.805198655,5.924028634,5.195472292,1.68206415,5.646371909,4.912568741,3.311488827,0.99168228,7.002884946,6.035261453,4.483333586,6.656636568,4.920467579,6.095403195,1.957189374,4.616351201
HOXA1,5.402551882,3.679875295,5.567505773,5.379294446,3.356601706,3.577215792,5.113731407,2.748036244,6.037715775,2.664287608,5.045416422,1.615792042,4.83338864,5.028124956,4.774645503,2.907864222,4.71028797,4.747848719,2.855315163,5.054794565,6.683096838,3.182531186,4.90233836,3.966186902,2.448110024,5.356659102,4.781276176,4.591122308,0.764351491,3.768422542,4.936329672,0.370407262,4.135644887,4.660368591,5.071435973,5.285400494,5.514906635,3.415244684,5.082135543,4.846525928,2.132785956,1.214824775,5.113281987,1.432541925,5.75018146,5.095590367,6.235377732,5.19076868,1.916383567,4.82148422
TSPAN12,5.599022987,6.471161116,6.216434956,5.135179774,6.37476951,6.428898249,6.542389615,6.021714259,5.687215451,5.908149307,5.387104,6.392491004,4.527658068,5.014588845,5.878074706,6.176443351,5.67717969,6.133916092,6.088028202,4.257146185,6.777732245,6.133623464,4.558284919,6.023621466,6.181916784,5.315334497,5.964824201,6.666065763,6.615720909,5.576307414,6.221112871,6.230867435,5.755698566,6.016537079,5.2804864,4.7323563,6.635847674,6.857069768,6.324820192,4.987400209,6.369755277,6.457015934,5.140431692,5.920756521,4.889823836,5.799813159,4.997579326,5.114097641,5.686289829,3.957788117
HOXA13,4.357227852,0.11862206,0.905405062,2.656957511,0.2787491,0,1.078196854,3.052297596,4.250896296,0.968097776,3.136389477,0.146086574,3.53472233,5.613774413,3.03538541,0,2.855779771,4.472750972,0.237092375,2.12667798,5.255300299,0,4.792552608,0,0,4.546396886,3.410872237,0.140315838,0,3.437015155,1.021461832,0,3.902942687,4.443686366,4.05683665,1.909363916,2.622757931,0,2.975945458,2.600808859,0,0.103954388,6.421583528,0,3.638184649,4.759083507,3.286863153,0.25820435,0.576352509,4.274511238
COBL,2.926949773,6.137282906,4.716458067,4.899132436,4.500650462,5.168008634,2.456841838,4.733248835,4.339062431,5.16322835,2.82866132,5.46887888,4.648283476,5.045389018,1.957853909,5.892707167,4.33908474,4.153645262,4.68043825,1.567210136,0.316866411,5.37671382,1.246559031,5.62019965,5.240854293,2.901348794,5.186994385,3.703646431,4.516054806,2.664720616,5.998583386,1.309709846,5.252382716,5.45528993,3.022407583,3.527976502,6.09477377,5.100696096,2.726141456,2.174314001,5.300123498,5.479586431,4.229929137,5.401899049,2.591268408,3.543969229,3.197469258,0.922614322,5.335145591,3.686118805
NUDT1,6.325560938,6.168638709,6.502653422,6.369814854,6.036117771,5.734001233,6.258635733,5.777224948,6.271388982,5.51207284,6.421142649,6.053910962,6.193631337,6.194829395,6.609179492,5.948367579,5.761138241,5.997584914,6.049132115,5.978098815,6.233126858,5.750855491,6.47393239,6.283865898,5.665586013,6.458402654,5.980863019,6.002551558,5.753827639,6.321704299,5.88586426,6.114759445,6.058309829,6.183956024,6.282860794,6.331922513,5.928133659,6.119136635,6.520353459,6.437793648,5.486549469,5.983628259,6.251523925,6.095968075,6.218193862,6.298067292,6.191444131,6.820583765,3.914557288,6.014753782
PTPRZ1,6.644114544,2.111637824,2.982379757,6.5640886,5.342718123,1.419754214,5.795210849,2.500118909,5.420144682,0.319736573,6.287491364,2.437471239,5.958876224,3.128974975,6.306697409,2.709062999,5.963680355,4.283626199,1.661857762,6.310793933,1.151159317,4.478581183,6.054742087,3.355785362,1.140191606,6.204429634,1.39429566,5.682685782,4.827322562,6.273911471,3.73429934,2.785580022,2.097640251,3.483710199,6.440013104,6.287223397,2.115725472,0.573440823,6.264378523,4.889623052,1.955331784,5.328412201,3.872207893,5.365956418,6.02300531,6.344350767,5.848711582,6.262051991,3.353968027,6.186550174
TSPAN13,6.937861896,6.951930253,7.127553151,6.986207239,7.166125897,7.349964596,7.306986332,7.058830154,6.818628694,7.249452032,6.736281507,6.959019384,6.561294915,6.816565481,7.312315134,7.100279797,6.811747236,6.957929658,7.081081389,6.908438623,7.50116685,7.2020775,7.03604594,7.038087489,7.202769405,6.701451364,7.004658795,7.286004195,7.074501706,6.756521481,7.228140373,7.349115326,6.7166595,7.365074435,6.894095518,6.734804217,7.236911147,7.053696316,7.25233186,6.389111982,6.954017755,7.120175019,7.068549688,7.258849804,6.510191468,6.952172118,7.010130113,7.06862079,6.711892318,7.062655003
AGR2,6.639126041,6.876684447,7.374418985,6.115769255,7.275629366,7.334898646,7.262557131,7.337625967,6.57580555,7.489535921,6.545065104,5.515713682,3.667277148,4.414483658,6.624298815,7.16008418,6.1864767,6.580557881,7.48844292,5.808712896,4.830060804,7.162176092,6.426452204,7.191981337,6.628836,6.280408774,6.365341572,7.253485571,7.223298679,6.460866206,7.710534698,8.058534181,6.961122645,7.375639716,6.943130566,6.405181752,7.410200057,7.459878371,7.070828154,5.031978774,7.168076518,6.430177938,4.690275768,7.222560762,6.480105012,6.383169431,6.80018603,6.573876416,6.373635874,7.188397168
SPATA6L,2.007941577,3.308042392,3.072726536,2.309714126,2.655460533,4.17789788,3.475780694,3.864576612,2.581656262,4.606331516,2.595581887,2.525951764,2.944474921,2.191208617,1.829382864,4.198186223,3.599533796,3.365160517,3.976593951,2.432765476,2.579498455,4.643963495,2.919476191,2.936355355,3.305848239,3.92273279,3.45059228,4.061614403,4.765872747,2.731042515,2.947202732,3.054974378,3.720071115,3.131983999,2.996355308,2.65512965,4.066364509,3.446617477,3.252005422,3.41937345,4.479955104,5.452725319,2.188282146,4.019590224,3.076110663,2.726242144,3.249049913,4.226607011,5.663665929,1.281769848
LHX2,4.420749432,2.610731043,2.241038142,0.378282136,2.279707302,0,2.173538904,1.194064829,4.566444731,1.968230492,3.599576329,1.003794308,4.513421385,5.419957826,3.789201878,2.601236747,4.575023653,1.44786288,0.4234705,4.106251784,1.552088482,0.980861521,4.164025469,2.232692061,1.441163134,4.577474875,1.532202835,2.378278712,1.712476553,2.51091894,4.37588318,2.157416192,3.338014666,3.271100791,4.325393947,4.82214781,4.068044398,1.74810311,3.522516257,4.930431526,1.175552657,0,6.223380775,0,1.902582628,5.434977248,1.174260226,1.499427288,0.948405686,1.496171882
CNTNAP3,2.915856785,1.145325726,0.76680093,4.09721206,1.085787041,1.412694568,0.331056024,2.953014779,4.471984211,0.666642631,3.901732192,0.360391223,4.738073523,4.45324328,2.992398588,4.449742213,4.224373058,4.470508104,0.956779921,4.222916931,2.575582426,1.862898143,2.865263912,1.850316792,0.941691096,2.725295811,0.894984069,0.149412765,0.357721103,0.619006582,0.940066025,1.861163602,1.942678306,3.416639887,4.521046083,2.307791101,2.934516644,1.628631257,0.081346895,1.702822769,1.240436211,0.05649122,3.53161232,2.084002759,3.538889453,4.001341967,5.263681544,2.692744384,3.295474948,3.286054096
AMBP,1.283860261,4.532841089,1.05945769,0.826709125,3.841004261,2.134750756,2.705998758,2.468628818,0,2.704451971,0.941291694,3.801144592,1.880162711,2.334079798,0.356312703,5.203567146,1.716295722,1.691610925,5.458409456,0.54742396,0.51510785,2.210145663,0.686155356,0.267789727,3.14648402,1.593405821,1.781631959,4.823167131,3.123179078,2.501093968,2.10456916,6.50553545,1.924332082,2.927844148,0.705852963,1.654387211,3.042765782,6.464581997,2.748738197,1.266492403,6.494440742,4.825389796,1.357768144,3.629614736,0.79589692,1.941998711,1.392694042,0.974150777,3.842063119,0.849378736
AK1,5.250059167,5.204487264,5.299907802,5.035668931,6.006776273,5.468747508,5.594793015,5.90036413,4.909765707,6.022463048,4.98067111,6.13318207,5.364812664,5.041207584,4.835730411,6.047712271,5.05830152,5.32838659,4.739846938,4.881360563,4.82172143,5.865860807,5.224837737,5.73278157,6.189215641,5.587523401,6.09411097,6.316538132,6.095763678,5.310503324,5.43033238,5.920390922,5.515877469,5.074900813,4.773368116,5.153039686,4.744013865,5.800647041,5.339271388,5.012376991,6.430346047,6.663034124,5.322990291,6.265942283,5.380004183,5.676371625,5.607417355,5.547513627,4.37880529,5.28850064
NCS1,6.322995373,5.219478514,5.901504499,6.178745968,5.516296933,5.757144613,5.555479539,5.819188446,6.599996349,5.510471534,6.243250774,4.225229576,5.774121919,6.000011029,6.541643792,5.19163602,6.285055061,6.350824777,4.237998098,6.426983013,5.730014059,5.201559255,6.499002884,6.06359308,5.63744924,6.175967956,5.934909408,5.216421848,4.632857341,6.049442477,5.208140655,2.8368517,5.690375758,5.833345414,5.902126947,6.117124383,4.616891824,5.300067471,6.030673008,5.611888854,5.189375681,4.711446082,6.245290859,5.855570101,6.526035921,6.226571211,6.438388792,6.311415357,4.092024563,6.598281601
ATRNL1,2.52058065,3.787004556,1.136892834,4.146626494,1.829032933,0.114576352,0.583081345,0.725284768,0.339508071,0.713572268,3.24874886,0.077539948,2.189986267,4.93844219,4.635463034,0.326581858,4.706423922,0.269014055,0.86594462,4.597640161,3.209209646,2.125903149,0.327155018,0.117580475,0.131205427,4.47234968,0.505612693,0.074403942,2.153133205,5.19138852,0.238962627,0.46232253,0.204252517,0.534536854,2.187407247,1.550562442,1.526334111,0.286771417,0.690068489,1.595397287,3.093244047,0.158296408,5.375168105,0.674638511,1.046073066,4.104705159,0.119601241,1.616325154,4.468397631,0.116601659
CPEB3,3.71940209,4.848008021,3.321195283,3.547723313,4.749015061,4.779640492,4.330902899,3.961812363,4.203450817,4.264322442,3.335068417,3.957495138,3.652892178,4.419648148,2.680932153,4.391788083,4.28420975,3.466269347,4.57670153,3.575200669,4.670381824,4.704981729,3.958407545,3.877916447,4.396479997,4.285607787,4.154661069,4.573093164,4.720824762,3.724699988,4.413248167,4.370278092,4.201523662,3.91815536,5.160753526,4.293986059,3.94719737,4.490064446,3.802699491,4.25290959,4.480674285,4.261846003,3.306645897,4.604042465,3.405927417,3.836342394,3.803518598,3.280232296,5.107736394,3.785253841
UBE2S,6.28524655,6.426929665,6.574550295,5.940035633,5.477389409,5.432478883,6.287667682,5.697563058,6.17174149,5.023472002,6.338077812,6.7780169,6.484708583,6.227387035,6.532310783,6.148497614,5.994593239,6.366034604,5.578378842,6.238477464,6.481773492,5.096521922,6.190575478,6.211973916,5.355371049,6.217188594,5.783416367,5.638218158,4.937762691,6.534728737,6.236484722,6.227832305,6.111440517,5.720847683,6.589859682,6.490654489,5.993409688,6.107273494,6.642304681,6.594155578,5.044868814,5.425303363,6.335359475,5.829990955,6.483093848,6.530770235,6.747866407,6.882528789,3.808421145,6.345237549
DNAJC12,3.563546266,6.517839784,5.103684361,3.690628557,5.953358091,6.778145829,4.949969932,4.98260761,4.851085983,6.19568611,3.722530877,6.58504507,3.095598649,5.048638506,5.006333413,5.694882605,4.404702739,5.79026463,5.947683715,3.559738625,0.498783276,4.669788397,4.704139473,5.871689161,4.485032859,3.817700358,5.640947789,6.119408005,6.344410386,4.304250049,5.805767325,7.043623329,6.15657582,6.245119909,4.423178389,3.618238369,4.759839594,6.160853597,3.418223192,5.057193666,6.357912771,5.288921221,5.9225141,5.359176642,4.003559293,4.369340736,4.947362462,3.970521778,3.284743797,4.230432016
PPIF,6.866741225,6.746942718,6.56616549,6.867114015,6.50877649,6.640041595,6.570112658,6.515163974,6.703649546,6.403835969,7.027172433,6.889754361,6.779612067,6.401459545,6.997160852,6.574128593,6.573554228,6.905622488,6.392937601,7.17545463,6.814295799,6.239867128,6.861170774,6.456922394,6.700664007,7.075236891,6.417288915,6.405603652,6.353907091,6.7965582,6.613926447,6.648137596,6.644300009,6.291355876,7.125204427,7.065013506,6.350557207,6.92044751,7.059693223,6.725675184,6.340318149,6.89407445,6.91759899,6.529577451,6.922002983,6.617549399,7.030849241,6.944150582,5.089366935,6.897579851
PBLD,3.997660725,4.641180316,4.28812266,5.070583876,4.573925423,4.302305828,4.57843307,4.601865145,5.375712609,4.562663578,4.516946774,4.765071745,4.399551448,4.325147986,4.204223998,4.443451458,4.491228768,4.118102885,5.733082512,4.484486536,3.072591137,5.480714087,4.443563077,4.489269023,4.883554258,3.905416149,4.753670497,6.066031719,5.659537058,4.295920775,4.719491888,5.609278161,4.783155034,4.671352894,4.233376184,4.649817377,5.200331596,5.925276155,3.920768875,4.256913054,5.16330831,6.795227678,4.034576052,5.124436244,4.252068263,4.424576458,4.214416049,3.339207471,5.016309151,3.747908442
RAPGEFL1,6.817822903,4.371090511,5.158043647,6.616895948,3.974183128,4.612031402,4.364100537,4.230516632,6.77663365,5.107120969,5.894463844,5.634951957,6.46174038,5.4262722,5.475254199,5.234034607,5.988467436,5.985941396,5.67623925,5.413628035,5.324711478,4.864803304,6.51885287,4.604127842,4.132017146,6.680634557,5.734287451,5.416858802,4.299789521,6.328465733,6.241200501,4.839180641,6.568836881,4.30029911,6.301839948,6.792203801,5.53905393,6.104070215,6.06754761,5.856906931,5.001414802,5.213702597,5.284169628,5.577531643,6.230803319,5.948556297,5.936002329,5.475807786,3.793036243,5.907998883
RASD1,5.440840867,6.77624645,5.972584686,4.513388647,7.10867366,5.7297935,6.708291279,6.910379939,4.687158995,6.662787562,5.276443505,7.419852589,6.221182913,5.464525828,6.140269631,5.817637033,5.989598574,6.848103658,6.430206322,6.268105277,6.24948607,6.068556556,6.016217928,6.523015043,6.264517293,5.572726396,6.054137056,4.871036264,6.707531622,5.985898745,7.506573788,7.23506343,5.609902809,6.280377658,5.157445716,5.314694723,6.836734687,7.501960359,6.417569789,5.082072868,7.255811927,4.027389475,6.601805282,6.888693276,5.252158353,5.840164291,6.160390672,4.250139426,5.123603689,6.838698067
BLMH,6.640234911,6.165504944,5.929708917,6.51508487,6.07111562,5.619647468,5.884496791,5.891370094,5.538620053,5.632336052,6.357752671,6.061338928,6.417605944,6.069913812,6.578932641,5.659144798,6.250758317,6.154053984,5.451280607,6.070490102,6.815840146,5.638414174,6.262533508,5.693224176,6.246267699,6.514507665,5.15427533,5.812086272,5.434046363,6.429202693,6.029371434,6.414404818,6.072018252,5.998114277,5.777776276,6.30552508,5.84254257,5.911811271,6.129580364,6.407200415,5.543451863,5.413515323,6.402946178,5.502935814,6.329615802,6.456487557,5.849993363,6.420933472,5.146874548,5.962362678
ALOX12,6.010896203,3.999910104,3.067206331,4.279933468,3.367172364,3.074029356,3.046370819,3.324414579,3.729199846,3.547142406,6.278571925,3.111200358,4.558163108,4.069663222,5.508537099,3.726790924,4.603863573,3.747671453,4.623091253,3.380289828,3.288910679,4.091195396,3.711053568,3.502812653,4.308812444,5.344889502,4.994735547,4.348625674,3.300109754,3.770464233,4.06430406,4.428853403,4.243629588,3.268843922,4.221523039,4.133393296,3.986865992,3.918869301,3.908037994,4.616380616,4.394759177,4.113869713,4.917587711,4.009480893,4.206256792,5.884445995,3.784383792,5.548641742,4.853530884,3.78150119
ABCC3,6.777235509,5.984226561,6.072413945,5.282928451,6.399339128,6.633118417,6.035130154,6.79747388,5.313360643,6.864989161,5.891926898,6.224472573,6.544132271,4.631658763,3.941046967,6.868555835,5.72918468,5.564659824,6.09624901,4.745845973,3.713376024,6.785274341,6.105352086,6.5301609,6.975021987,5.576596702,6.924111539,6.699324075,6.886197494,5.104837589,6.366243334,5.805652223,6.617536994,6.686409453,5.550876846,4.317900782,6.929909753,6.813051371,4.149414454,5.155076215,6.980994144,5.0135314,4.650873465,6.776747779,5.699761869,4.509367141,6.24188068,3.369149479,5.753885211,5.835408363
WSB1,6.402578616,6.742364949,6.362790986,6.596770957,6.106201406,6.828429252,6.163613411,6.476267208,6.413407222,6.552388063,6.386668776,6.473535639,6.348102279,6.196900137,6.333599222,6.906476005,6.555207827,6.471316657,6.14467017,6.032340683,6.581658435,6.622717714,6.671990666,6.678696661,6.689807082,6.528864355,7.22757478,6.996530336,6.734982952,6.359302133,6.764765762,6.913938835,6.660303075,6.46510989,6.284567501,6.355473477,6.566150848,6.56176537,6.228602174,6.275416021,6.981941103,7.129237241,6.038186287,6.456849786,5.813260786,6.171066657,6.133397691,6.677957232,6.493593772,6.577764422
SLC9A3R1,7.416119613,6.139486277,6.676631888,6.937942719,6.758723447,6.790053894,6.780594235,6.586004945,6.957638568,7.084673482,7.263780595,6.437051576,7.277584314,6.360093446,7.171586052,6.308017073,6.547732274,7.151764965,6.734386816,6.525545893,5.966268202,6.757365559,6.637836257,6.644259481,7.103416627,7.103124525,6.657557395,6.455963942,6.776844251,6.836450335,6.557567461,6.655941197,6.730215709,6.885332319,6.966508764,7.206002462,6.35129535,6.757490847,7.337983587,6.831350517,6.393458074,6.370117073,6.284982138,6.775595873,7.203233272,6.926498833,6.970353038,6.901888685,4.85721555,7.009843866
FOXN1,5.682913992,1.042905683,2.770367102,5.675341759,2.449028661,2.743805207,0.740529455,0,5.695425511,2.801201839,4.48486006,0.200269223,4.002473223,2.326376636,5.656727774,2.193853057,4.523736566,5.008769915,2.067179258,3.780226166,2.952850092,2.601842464,2.602271392,0.64974105,1.522799381,4.383797707,2.861008557,1.619546306,0.97890654,5.017817599,3.842915124,2.569341617,4.514930068,1.135086306,5.093219386,5.404278214,1.636232177,1.453844862,4.398470076,6.524356926,3.479569581,2.876175838,2.985133346,2.032682441,5.631270413,5.975085198,3.588397078,3.750632817,0.299249353,3.455806636
USP46,5.854807483,5.230488789,5.0298663,5.126220527,4.992028544,5.084020564,4.866860334,5.153057029,5.627615492,5.263348276,5.999082199,4.703444435,5.048664231,5.652820222,5.254626652,4.646898602,5.619793644,5.693191586,5.560493224,6.265204045,5.874717599,5.209451408,5.504738361,4.860338355,4.986706619,5.985669144,5.328937093,4.335588542,4.718663856,5.817505511,5.138251335,4.891290188,4.661936498,5.028020375,5.562932464,5.784359342,5.475182833,4.849445202,5.943129714,4.85024127,4.896150105,4.816764607,5.35026398,4.814039289,5.600072036,5.570066635,5.963868186,5.427872733,5.275917103,5.532430251
SLC2A9,4.019582757,4.133347268,4.53527926,5.153247526,4.078215918,4.374007957,4.871465372,4.532200865,5.74941201,4.131935443,4.631634942,3.775145972,5.040475441,4.188502712,4.960813406,4.281038556,4.955351278,5.063071953,3.718529216,6.211733989,2.388448967,4.172408886,5.724753843,4.436639148,4.206421657,5.26158259,3.358863988,2.903547561,2.032592556,4.823669572,4.268063084,1.716637132,5.021838126,4.393095056,5.443317255,4.790366595,1.197033835,3.941419573,4.798615497,4.146709152,3.714769405,3.946386758,3.530049813,3.553583701,5.669498053,4.532284496,5.412715493,4.687834266,3.724943787,5.691725615
RAPGEF2,5.272017547,5.639346559,5.083517815,4.993749441,5.766170273,5.87517551,5.404517133,5.660481049,5.573073216,5.76087155,5.292093797,4.841505207,4.972731324,5.309183813,4.905954744,5.804080413,5.605821689,5.479341879,5.230848852,5.482949075,6.438140108,5.686853069,4.89186963,5.549360523,5.648610489,4.993062869,5.34260454,5.594611452,5.792614958,5.111744189,5.642278874,5.105971857,5.292364683,5.670617598,5.071473446,4.992984746,5.776662042,5.813178144,3.655161485,5.054809123,5.922862752,5.445989972,4.736734058,5.6143756,4.964450044,5.051300127,4.906164291,4.581346796,5.61554328,4.908669247
SNX25,5.601775006,5.814131775,5.161455273,5.361454542,6.108839819,6.174925308,5.401763869,5.832871523,5.240850584,6.04775983,5.563701341,5.287086261,5.281782629,5.508583929,5.333317354,6.250263657,5.848536189,5.933179505,5.221600766,4.945146671,5.616435675,6.391658082,5.114896874,5.68549138,6.306632881,5.577342913,5.541884695,6.047301133,6.367153239,5.274850048,5.287157519,5.4133888,5.242048848,5.916982026,5.454513362,5.444763102,5.329985932,5.712739748,4.730120829,5.246994537,6.461718832,5.888399743,5.454435612,6.185401145,5.611663864,5.620963549,5.605634786,5.205187658,5.684431858,4.792036492
CRYAB,5.977910531,5.051967824,5.744628691,7.114018896,5.855717947,5.569153697,5.6505984,5.358305602,6.445234428,4.813674567,6.179740065,6.232239543,5.144015131,4.688461842,7.316761789,4.682462456,6.772539982,5.984149492,4.672289105,6.479964496,4.303057181,5.079006847,6.215796149,5.688908106,4.661585444,5.55153368,4.220583016,4.255512891,5.618225962,5.110573513,5.30289876,6.648435089,4.769805375,5.632036776,5.875980818,5.691717662,4.240971122,4.892289777,6.791885532,4.754492624,5.432554965,4.299723114,5.365324793,5.239851756,6.666258952,6.666094803,5.893165925,5.311167195,4.109746245,7.034913332
CCDC86,6.528101855,6.527974555,6.540362718,6.427972929,6.196486621,6.077979089,6.269354693,6.10189932,6.360821857,6.264014287,6.656724091,6.623839334,6.55913624,6.399253465,6.621561153,6.485130802,6.0023544,6.822562914,6.032298054,6.729883041,6.632461221,5.925600477,6.315407451,6.547248183,6.259765623,6.727133584,5.906402765,6.149008326,5.792503723,6.50877491,5.985886123,6.46910378,5.846609188,6.254513343,6.408242564,6.156692406,6.062575268,6.387230968,6.523090946,6.498010125,6.158866989,6.36294952,6.299378787,6.541616245,6.728758867,6.705934247,6.391504188,6.696855843,4.156813995,6.500401948
FOLR1,2.29839618,6.363782552,7.338488897,5.173900508,7.035075041,7.05662827,6.107318002,6.68631117,4.784735582,6.761950647,5.832618272,6.53610989,0.445548502,5.590730355,3.225527495,6.644310968,6.347110027,6.296698443,7.181218859,4.832220052,6.994820498,7.347579362,5.856042834,5.667842593,7.255771026,6.014367699,6.457621548,6.95676457,6.883742921,4.891768183,7.516410344,6.867748509,5.922186809,6.585560476,5.717356065,5.929217467,7.062144051,6.926994172,6.661591772,5.706884694,7.17833258,7.540407142,4.276832592,7.310189096,5.965117589,6.299519955,6.401304006,5.000913448,6.117090905,5.079945598
NECTIN1,7.161795578,6.082812403,5.789913281,7.034999642,5.737092103,5.968051564,5.51321258,6.202103776,7.345404254,6.449356489,7.308302611,5.911604966,6.520430117,6.439610757,7.040614656,6.422165303,6.719915616,7.138214699,5.086332661,6.98519111,4.064344858,5.818468533,6.57416871,6.401435905,6.572116507,6.984563512,6.230806299,6.435162388,4.723777009,6.696257248,5.446199556,3.231370573,6.526162143,5.749711453,6.916256641,7.045653785,4.148474655,6.395152438,7.096516858,6.279648212,6.011473969,6.236199551,6.443426413,5.67172392,7.192517748,6.705683499,7.12600613,6.501949871,4.223642314,7.46420875
KIAA1549L,4.950310533,0.823115848,2.993974627,4.576222197,1.757813358,3.555101538,1.951507648,3.130294656,3.995818515,2.626721514,5.356379226,0.479306575,3.131972615,4.536493222,5.357640157,1.539383055,3.404903321,4.694014927,0.489499274,5.133063524,2.113137859,2.762217288,3.672961025,4.096412763,3.763892449,2.853838277,0.995868754,0.626893143,0.950347059,5.519974703,1.74825587,0.380324178,1.853571214,4.320706737,4.975652668,1.819553964,2.607483169,1.870598734,0.881351961,5.626261339,1.867882777,1.5595085,4.771123288,1.122668538,4.323244025,2.899620113,3.613801368,1.451855117,3.15097045,5.592350835
CHKA,5.584931953,5.888440583,6.365515354,5.500031853,5.810462621,5.871497086,5.833761209,6.063035016,5.068510622,6.000548879,5.433136121,5.94444722,5.448162505,6.09053867,5.256903133,5.688652981,5.403830383,5.770158515,6.241816647,5.689254805,6.703077112,6.222520315,6.054367631,6.410547569,6.025369867,5.684604506,5.826758187,6.562710966,6.34188666,5.944784042,6.038651673,5.954887605,5.453745285,5.766523405,5.516109621,5.584313,5.811171618,5.29155723,5.444008268,5.926676695,6.206762056,6.818425566,5.77925027,6.558178477,5.804173551,5.873727994,5.818858544,5.673839701,6.00328413,5.542264938
ASIC1,5.331102607,3.038951666,3.15795963,4.656445565,3.19380872,3.308725491,3.68792632,3.774063929,3.267117933,5.968553466,4.874482647,3.224271166,4.869568302,5.428786727,5.219582535,3.948673022,4.86586474,4.922037105,3.487860116,5.070360983,5.388804152,3.683725401,2.633738778,3.14498403,5.054556498,5.628355085,3.546576228,4.191368173,1.882652848,4.375711292,3.647469075,3.638280755,4.380744388,3.844807146,5.185617729,5.192516266,4.179585895,4.058543606,3.895198083,4.683113928,3.077319223,4.32782127,5.069070204,4.26917172,4.267981067,5.52956161,3.416959131,5.026877906,1.624161907,3.874284183
TNS2,6.097344639,5.919316384,5.981821237,5.69671806,6.418943063,5.999556068,5.853570631,6.277499462,6.025078777,6.030320514,5.744982137,5.614383928,5.866166119,5.717326899,5.998765557,5.937060457,6.082007782,5.909583544,5.889205269,6.047711132,4.704084583,6.525071937,5.886741075,6.108084876,6.063496324,5.785248629,6.016510113,6.384896099,6.245676643,5.78824595,6.18673344,5.56577575,5.589961648,6.13477431,5.511346669,5.391959287,4.830582874,6.151705746,4.849939664,5.752123571,6.798123056,6.416848275,5.70758515,6.384982191,5.514620874,5.586730928,6.062492216,4.908314579,5.283351114,5.659029264
LTA4H,6.328488722,6.460015404,6.469425509,6.094930069,6.70994614,6.623826434,6.757412867,6.801335322,6.331932499,6.568840259,6.28612232,6.358733049,6.246352287,6.293145433,6.442167963,6.780332754,6.480375488,6.726528336,6.314815868,5.984973242,6.602054582,6.717427826,6.389525561,6.591823333,6.698750185,6.490425037,6.604241556,6.563720093,6.824263391,6.202144148,6.666813523,6.425234088,6.549998518,6.550970403,6.591133352,6.547748229,6.574251743,6.845474379,6.715629515,6.563907477,6.904696126,6.907541831,6.368315465,6.7462888,6.441055524,6.374911798,6.285438026,6.368021156,6.005688685,6.294157279
TRPV4,6.437751981,4.045048805,5.539758522,5.985565143,4.695184644,4.632169826,5.260796942,5.277527072,5.904387354,5.359149589,6.579507482,4.557624735,3.544366682,5.991600073,6.266297221,5.56586146,5.7155166,6.145788312,4.463601767,6.120062783,4.366775011,6.007533816,6.150824992,5.160399426,5.16401176,6.016162698,4.408205412,5.602967071,3.466150963,6.384088294,5.622231757,4.637548966,6.422646571,5.514652987,5.756838161,6.571402371,5.148771369,6.267205241,6.261221126,6.245682891,4.650765522,5.927076666,5.796785687,5.284768116,5.963950272,6.325189554,6.131329277,6.492162181,4.697405061,6.665081725
FOXM1,6.810128602,6.84928961,6.044265095,6.396451346,5.276699633,5.717880092,5.539360807,5.574515337,6.448373569,5.529180455,6.848640351,6.386357786,6.381996358,6.5540552,6.394826756,6.157545917,6.314705167,6.450354014,5.498717611,6.54097326,6.684305357,4.666261964,6.82996673,6.230597388,4.773022319,6.223680362,5.736065061,5.541754084,5.947465388,6.540246203,6.054900598,6.182359039,6.072978027,5.917211871,6.639391176,6.474150892,6.248156262,6.643537261,6.03954836,6.747736308,4.591969295,5.694020375,6.399221554,5.536725109,6.300631908,6.293469923,6.714936472,6.612158487,3.954703079,6.602168895
RAD51AP1,6.375039967,6.634246298,5.417911784,5.873458169,4.900614532,5.082549933,5.755395459,5.032540838,5.889416258,4.926524599,6.148940189,5.98415236,5.934513011,6.22409667,5.842612539,5.658775927,5.976448836,5.913610714,5.246075399,5.644791497,6.4727285,4.57058809,6.372241367,5.868726894,4.6059924,6.026526787,5.448453461,4.919241049,5.297770974,6.055338159,5.179189087,5.927292374,5.900771922,5.594168166,6.372739289,5.785452232,6.114559332,6.110843635,6.413103395,6.482613826,4.179771702,5.268992928,6.226596404,4.816457523,5.440004482,6.058639197,6.256823231,6.545361589,4.280760872,5.823688184
GTF2H3,6.311977388,6.181808283,5.743307267,6.114623112,6.077014443,6.160295595,6.046130621,6.06500048,6.180214825,5.83506538,6.357505691,6.460012896,6.031348609,6.433749552,6.452842832,6.062765514,6.161741434,6.612656086,6.042149198,6.262351774,6.439079395,5.948726728,6.473774694,6.010599276,6.097855699,6.360046068,6.068205663,5.842995106,5.994905319,6.276400496,6.057078344,6.096988674,6.171904026,6.106326193,6.395485931,6.021326507,6.110355378,6.347100535,6.572346289,6.209481772,5.8614451,6.273573712,6.171435441,6.152422312,6.511026513,6.136485546,6.432572227,6.474933969,5.367544222,6.340787631
FZD10,6.74079729,5.590241627,3.086251596,5.875222602,4.206626328,3.110977311,4.01702384,3.221943198,6.511219937,2.883034288,6.519687743,0.726358301,6.337991899,6.466498984,6.005699701,1.879848458,5.745549593,0.493399813,2.389084368,4.007359731,2.025032405,3.4659952,2.64467037,3.218532946,1.260024539,6.366208512,2.191395459,1.165007926,0.347272797,6.301460811,2.689869592,5.990828177,6.196347009,2.334251311,5.394587843,5.4899513,6.036805435,5.947516618,1.781192869,2.27710555,3.53469148,2.03301494,5.505949165,1.924946349,5.937818975,5.941826407,6.098892881,5.4962084,2.238435615,5.499980641
RFC5,6.268682845,6.184274953,5.886865505,6.256637714,5.54554409,5.53326701,5.866931663,5.568860319,5.797028799,5.351297951,6.349116896,6.413397734,6.196878094,6.144006241,6.251739416,5.732304032,5.857746677,6.222098279,5.907494972,5.622229709,6.454016024,5.575356884,6.129999192,5.795039851,5.649870102,6.405580915,5.657242158,5.507807889,5.940600807,6.22211697,5.861198927,6.033337134,5.962855563,5.816200771,6.227736283,5.660002458,6.391460344,6.087663515,6.344065703,6.285956336,5.494847118,5.798439579,6.225320991,5.53627326,6.346866202,6.087936302,5.948989692,6.221037036,5.137318183,5.826334736
ADGRD1,1.868591081,4.274529908,2.819088189,2.267871286,4.929266165,5.152800476,3.995966661,3.814073171,2.127337478,4.359201363,3.226306185,5.268723279,2.270091573,4.82607915,2.033210976,4.563901367,4.731035817,3.93303633,4.062394069,3.569578991,5.090190383,5.370144965,3.144676615,3.007576448,5.226089627,4.012660212,3.742197745,5.283690982,6.127366889,2.0936879,3.710363814,5.641993507,2.943006809,4.223955497,2.924976449,2.817224549,2.09459685,4.325023405,2.08985353,4.042471922,6.394829753,5.078607189,4.219712224,4.722824008,3.956509804,3.840756494,3.327832954,2.900027293,5.057769477,2.920408751
TIMELESS,6.545707563,6.694055051,6.039435934,6.076983567,5.853340545,5.501898,5.871082717,5.617868715,6.375012861,5.997891435,6.299092242,6.480070371,6.261277211,6.51496038,6.461160327,6.015633066,6.233938703,6.415626913,6.087236719,6.068468147,6.814637697,5.684490585,6.42441886,6.165881622,5.906704821,6.389505108,5.810855883,5.877425481,6.36261296,6.488659646,6.152685428,6.364886028,6.059083701,6.163509151,6.159452171,6.345767897,6.64566634,6.474294529,6.211882074,6.536683539,5.506167934,5.934398344,6.24150908,5.935181598,6.007930029,6.233672522,6.383661524,6.466942734,4.614924161,6.076428536
CDCA3,6.053634631,5.972328785,5.674669508,5.77256439,3.892593131,4.191161131,4.35818235,4.410808834,5.288627551,4.675624051,6.031744377,5.602891004,6.04729258,5.716221788,5.674316579,4.79957385,5.333493144,5.233036562,4.548397224,5.1554492,5.835740178,3.630774319,6.24237399,5.416081805,3.794393451,5.542032563,4.983575652,4.132914593,4.436218077,5.748393174,4.616222226,5.68093727,5.703382313,4.628922315,6.097080874,5.546206176,5.945946827,5.625224211,5.464505464,6.014336403,3.526065561,4.850202278,5.556823506,4.440838145,5.912075199,5.550026893,5.92305221,6.398601464,3.218295454,5.760017002
PRKAB1,5.929027096,5.915805698,6.440941224,5.585939112,6.122188088,5.778961254,5.981943509,6.080355626,5.758417193,5.757316954,6.000159519,6.106320289,5.556561271,6.094911291,6.131673341,5.935409061,5.68985279,5.765314036,6.37684897,5.77955986,5.77544119,6.387277854,6.049264679,5.985881626,6.255994861,5.998626127,5.729298577,6.301070586,6.783059509,5.959709883,6.205191885,6.307627533,5.998237346,6.125361775,5.873143919,5.993653329,6.361555244,6.684285553,6.041342289,5.721045324,6.517743167,6.606758552,5.710490861,6.488991243,6.640264985,5.861361598,6.020355955,6.047457253,5.6947782,5.950577792
TPD52L1,6.484214033,5.886199939,5.761919782,6.464329869,4.948080261,5.134861043,3.786502046,3.948419907,5.90877039,5.438626129,6.3039601,5.843075133,6.075522782,5.756014105,6.387860214,4.167975235,5.950665781,6.211055901,5.399800991,5.725129655,4.874663074,5.662833692,6.278120174,2.744926792,5.329726213,5.856186444,5.34316061,6.010835073,4.831336654,5.489063435,4.88984027,5.042485418,5.418211356,4.152870077,6.0080664,6.204144193,5.924584614,5.604342762,6.767895041,5.194740353,5.006033114,7.084582666,6.32131422,4.82601107,5.64907115,6.053519447,6.459317388,5.826922333,5.118295485,6.105905414
UST,6.204965918,4.991395725,4.153849217,5.912620056,5.46757781,4.7898633,4.777129194,5.120191646,4.888875774,5.892162492,6.086112388,4.318053464,5.669571282,5.355328222,5.940085272,4.778233262,5.980743815,5.325073037,4.587559952,5.158397923,4.059584342,4.732284731,5.84615592,4.080207206,5.471165892,6.189513081,4.982387881,4.620473908,5.655854453,6.036143557,4.821040628,2.905369996,5.425743453,5.310040458,5.631195376,5.786959344,2.64668773,4.281326021,5.893023486,4.927021282,5.082713112,2.298822348,5.874795299,4.083330128,5.575491045,6.057988766,6.03156683,5.097428482,5.380199329,5.422396779
FBXO5,5.564898668,6.056629478,5.245312777,5.444418288,5.125398935,5.163744308,5.47283256,4.972058991,5.250997694,4.635553006,5.242330431,5.811291382,5.342839938,5.799985159,5.275928137,5.22633675,5.536315522,5.580038424,5.214807653,4.597029967,6.144897745,4.717976404,5.674551427,5.642568543,5.287318827,5.661553941,4.901570428,4.379578502,4.44562746,5.777785291,5.08574028,5.072800442,5.598476807,5.264009231,5.812697745,5.522159507,5.693886025,5.081200167,5.739456346,5.552611061,4.52112964,4.573053861,6.122772067,4.989510368,5.390729546,5.837796354,5.434662512,6.050727377,4.783260733,5.12484046
FANCE,6.140048753,5.738415321,5.151892153,6.192734645,5.534659383,5.262426032,5.616035026,4.99963682,5.895046211,5.394819908,6.558480954,5.289130215,5.782884249,6.226200412,6.50093536,5.46973633,5.818078136,6.147483685,5.518184609,6.387285851,6.649725933,6.026220514,6.401449655,5.851485757,5.401128338,6.197302039,5.746221887,5.227493092,6.02851462,6.301347834,5.540609763,5.003957827,5.242022329,5.363485112,6.144766447,6.122860653,6.054526619,5.460620953,6.472459662,5.971339588,5.839682174,6.37074083,5.906523739,5.934344718,6.056011874,6.087268945,6.214768036,6.051364741,3.965860956,6.150591209
SLC26A8,0.480169801,1.659349725,0.578617223,0.337879057,1.547652401,2.429452761,0.622967474,0.982720672,0.600389608,2.698958078,0.504176562,1.316747407,0.360643425,1.56953457,0.250610248,0.752176051,1.481993663,0.733351022,2.321440679,0.475625208,0,2.01071101,2.055609025,1.234861731,2.009858596,0.988527797,2.910540624,5.17735432,2.470987332,0.145886651,0.903088797,1.425670141,2.911273456,1.008844723,1.113143911,0.935482473,1.713875849,1.938130051,0.786460033,0.898397583,2.320004153,3.177377928,0.850546283,1.795019069,0.322946808,0.663595784,0.762911573,0.861800632,3.784824861,0.626930326
BMP5,2.01097023,4.614339013,2.142611345,4.239854784,6.042332883,6.708976332,5.234434474,4.849826165,2.093442185,6.341349586,3.627737631,5.786394224,0.518641243,3.477014411,0.366617449,4.693357993,5.16665924,3.41141974,4.134451446,3.40945336,2.858981501,5.833762255,2.577402791,1.289826463,5.406958846,4.300781018,4.121461687,3.801586325,4.242778867,5.107576676,3.03596639,4.444788233,1.673090725,4.034502677,3.63992092,2.520390389,2.406882783,3.695521344,4.603104866,4.566633736,5.454121729,5.008322204,6.471454,5.486749831,3.244163308,4.281658122,4.493318498,2.840695419,5.887380983,3.338879587
KHDRBS2,0,4.722585727,1.522998187,0.423390023,4.933975783,4.677811789,5.023335501,1.792965679,1.072332464,2.008057996,2.344057736,4.961722234,1.647560127,0.900463468,0.791370436,3.461276877,3.16189537,3.25775412,3.291430777,1.259354037,2.389550635,3.431654213,1.623060118,4.502901058,5.027343218,2.426350039,3.97238816,4.761584901,5.380790004,0.629289268,3.348846047,1.173536123,0.70958508,2.0855325,1.656709957,2.180119127,4.092123786,2.034443404,1.981870814,1.670708747,3.346118289,1.98536543,1.375706027,5.313610978,1.632530324,2.580946009,2.156577324,1.619162523,3.473369154,0
WASF1,6.760722345,6.242400306,5.423029638,6.306397797,4.892778413,5.855226262,5.511296932,5.106061271,5.726896976,4.131562181,5.846652457,5.310984113,6.654985143,5.56282008,5.453378484,5.287711078,5.898864586,6.85231584,4.809443941,5.888568412,6.572233488,4.271090156,4.971435639,5.788842246,4.456012817,6.186256915,4.983640755,3.057595441,4.64791202,6.079539052,5.115320093,5.344388042,5.869644291,5.364304087,5.694097042,5.997980057,4.95762103,5.461047017,5.021450222,6.007099467,5.030030758,2.647168616,6.375029241,5.288611102,4.990737083,5.261811304,5.013609687,5.385714446,4.163076055,5.274181616
HBS1L,5.786902553,5.865326101,5.46189212,5.662646264,5.656405794,5.881545422,5.875048458,5.272003458,5.39143694,5.572830983,5.92425719,5.666021047,5.429315162,5.822969583,6.053270256,5.364569428,5.758112357,6.205161784,5.684063398,5.593532802,6.159446335,5.454287441,6.023304596,5.68558962,5.852476823,5.886581782,5.357961839,4.870831654,5.058771437,6.177337991,5.789418716,5.633159919,5.610537809,5.552945651,5.893723303,5.889276484,5.845418278,5.417103348,5.9585589,5.641115804,5.110536636,5.904641417,5.872580939,5.005578193,5.904864713,5.705832381,6.14478469,6.041179312,5.445156633,5.806692624
PERP,7.501476631,6.853255538,7.043309589,7.431875573,6.839364096,7.005579224,6.854808985,6.866896,7.398087601,6.831496113,7.521075759,7.166905791,7.260801721,6.939148078,7.612625241,7.016509755,7.230116372,7.511352886,6.460503877,7.351655748,6.499494355,6.827722897,7.405447202,7.020213008,6.943223513,7.408138383,6.782546347,6.577209266,6.674699854,7.327151579,7.240423946,7.013611911,7.208549647,7.076084941,7.444469402,7.615128211,7.234871503,7.084841343,7.874807914,7.178488403,6.686015064,6.375275012,7.074941966,7.119271377,7.52858874,7.411193885,7.662297125,7.512931312,5.908846712,7.71349594
HECA,6.398651551,6.056515271,5.877724372,6.239864902,6.438683205,6.165235422,6.398357504,6.061319368,6.285974811,5.931813624,6.623828391,5.604893256,6.03952789,6.071343688,6.406005559,5.97940647,6.457014669,6.222927995,5.962582158,6.405304822,5.897634487,6.111866554,6.512652797,5.992008522,6.128941597,6.358436438,5.649443068,5.492422615,6.003770129,6.513767311,6.204237576,5.694227937,6.116584881,6.165269451,6.361415191,6.422403149,6.115998794,5.797945227,5.915575936,6.277041062,5.938005582,5.440224562,6.118500075,6.085437595,6.186942327,6.150364797,6.413649,6.097701662,5.922291903,6.321506358
TTK,6.003314016,5.997853281,5.477077568,5.655524398,3.923573111,5.100084819,5.242966129,3.964691347,5.455182834,4.494128652,5.903379522,5.22639091,6.204741672,5.997990626,5.585659365,5.00460755,5.595172024,5.97788075,5.146219643,5.107796371,6.528206927,3.487259385,6.169512083,5.748239467,4.484230183,6.114798043,4.940373026,3.432592059,3.930424625,5.85750524,5.306344804,5.287064899,5.837457767,5.175440342,6.062042603,5.803256457,6.158803119,5.156033019,6.147599096,5.929942446,2.885183433,4.76857691,6.188987698,4.297880522,5.912815247,5.871325603,6.032298345,6.021272649,3.81004751,5.637634248
TENT5A,5.104359774,6.229261483,5.593761408,5.030249214,5.945055134,6.534638879,5.752790648,6.521223797,6.399979521,6.042789975,4.759240456,6.130791003,5.362900771,5.067745165,5.971810184,5.733220742,6.138167592,6.077623583,5.734869565,6.189452662,5.529215591,5.85218027,5.773841709,5.775617979,6.150536562,4.990001824,5.728988594,6.310928902,6.453609536,5.553365903,6.168076307,6.894536337,5.672673261,5.895081692,5.632120158,5.696698286,6.719372694,5.671009077,5.114727202,5.279362034,6.025618005,5.579128536,5.591815863,5.511830522,5.585142662,5.459499366,6.0874262,4.603397497,5.76728135,6.165169536
CLIC5,2.432476677,5.838047747,3.78445541,3.185996696,5.582808935,5.093460078,5.420122225,4.426458007,3.729450076,4.158774912,2.873575121,3.734823131,3.541971971,4.950551391,2.210625117,6.090052646,5.560534932,5.481778366,4.721363842,3.858778183,6.505400838,5.489372046,1.824349107,5.899904579,5.229652,4.571576302,5.185057123,4.388051245,6.228645368,3.307814119,4.376348741,4.010476838,5.662583615,4.517629108,5.214685689,4.698686611,2.998365735,4.583200759,4.40942828,4.616327338,5.652695213,4.067876162,4.756554411,5.975501482,4.506731011,4.644790471,3.073467843,3.689226661,5.520965119,2.534726194
ENPP5,3.605009305,5.32152222,5.278865595,5.382144499,5.857702435,6.170244986,5.59559513,6.028755874,3.995004134,6.254818241,4.053781691,5.590030303,4.104732079,5.56001796,4.9245549,5.535817792,5.440318253,5.373471009,5.545754721,5.98252127,5.452738154,6.343616551,3.129013532,6.005751635,5.779991231,5.057012661,6.15503376,6.233920661,6.30062693,5.35907443,6.231635463,6.218069866,5.294201672,6.065741387,4.961534483,5.072498201,6.022225768,5.447810736,6.125415954,4.800782947,5.884281061,6.033225141,5.03524978,6.00324414,5.150092713,5.203928375,4.415806976,5.107370177,5.539781591,2.553840964
GHR,6.024138196,2.67864404,2.965846923,4.787082547,3.814427954,3.716064662,3.520573783,3.649754356,4.293655493,3.218408799,5.097999257,1.751505126,4.995701263,4.762855714,5.20619768,2.766193031,4.655764067,3.790707442,2.445337684,6.185975109,1.2057753,3.727672193,2.743200226,2.920581376,3.010721921,6.034565213,2.684232672,2.096859849,2.496882732,6.330543237,2.912651331,1.621549712,2.353646557,3.64540654,1.862580621,5.4377948,1.517923103,1.905605432,5.284850508,2.696090156,3.571389395,1.825583323,6.14730702,3.375196183,4.66696709,5.089747704,2.320056402,5.063734672,4.486669923,3.67940519
HMGCS1,6.920266706,6.660427672,6.369524184,6.549427827,6.376400822,6.910890537,6.212904754,6.984138015,6.716056165,6.159267395,6.86811482,6.575268561,6.730187564,6.941421002,6.238354568,6.288447688,6.838570738,6.959301392,6.231208948,6.94135732,6.9319036,6.492037644,6.706792867,6.441907637,6.042780869,6.412398332,6.284692746,6.347214862,6.556580476,6.708777522,6.676804023,6.935246638,5.773222264,6.446073082,6.331319367,6.741645323,6.449396284,6.341210021,6.441293505,6.331301274,5.700293189,6.455809484,6.61215405,6.66593213,6.832598919,6.937042233,6.274466671,6.623354343,5.516328145,7.110272652
NME5,0.990440523,3.705706,3.168592472,2.694530749,4.40876073,3.839299648,4.092324435,5.773989751,1.816406611,5.365437616,2.666884407,3.948809712,1.723980242,2.243694289,0,4.659921864,3.8068012,3.124122821,2.473710532,2.534248758,4.039107436,5.708962236,2.92164018,2.581216777,4.188293432,2.562378549,4.804943617,3.838169838,4.369119524,2.677987711,4.481571308,4.36797454,4.155642602,4.322641808,3.074417403,4.321376239,4.047960327,5.39553136,3.965580487,4.078605606,3.229229392,3.207373823,3.267709337,5.103726392,4.364498822,4.431518959,3.464496492,1.595351941,5.293858862,0.752981159
HAVCR1,0,1.254928675,1.43175865,0,1.311637871,3.063770612,1.317591304,1.594263555,0.969911111,0.855581171,0,1.562429279,0.339973143,4.431899795,0.613249476,5.851658717,1.843535566,0.94538586,4.7967642,0.524092621,4.112159259,2.46397003,1.101260226,0.821320983,1.725317605,1.093685687,1.270913277,4.151921671,5.651791994,0,5.004899066,5.89619936,3.309165863,4.225968223,1.606961478,0.569069049,5.62628584,5.885559915,0,2.638190514,1.143701686,6.22985354,0.325169735,4.646199053,0.304197737,2.311362597,0.478126495,0.54734435,3.064763763,2.215475483
WWC1,5.340673654,6.285949388,5.586023173,5.500445426,5.617640407,5.250202054,5.261540555,5.797593944,5.070135058,6.238784701,4.990008938,5.284725139,5.270221287,5.207846806,5.443614439,5.784829486,5.425058717,5.762011642,5.717287195,5.422347131,5.098213524,6.350550853,4.737842613,5.273163102,6.120925515,5.221409669,5.810682139,6.101037431,5.532106548,5.248165527,5.99358388,4.737133064,6.06908356,6.159636334,5.311941638,5.619575935,5.800434236,5.92067364,4.937787981,5.211593344,5.957380039,6.614330751,4.680529382,5.709510083,4.621772176,5.385301793,5.180789933,4.589860688,5.475902328,5.137861786
ERGIC1,6.013070018,6.344433658,6.295962627,5.821414407,6.437687199,6.293354996,6.341375338,6.636912594,6.338989512,6.553342121,6.132010861,6.29501403,6.299826423,6.126980153,6.359559214,6.367563363,6.160051136,6.178246857,6.602591147,6.414163625,6.402962611,6.722151592,5.929792924,6.404913802,6.417087752,5.995319442,6.327003292,6.457945521,6.855961326,5.966755126,6.746314417,6.543190271,6.475535866,6.907706818,5.992370779,6.25880339,6.533198835,6.941629115,6.212912613,6.062019011,6.617139236,6.496486015,6.220579812,6.366025116,6.231212241,6.097543828,6.489941484,5.788330041,5.605122614,6.361745045
STC2,6.01528177,5.219670769,5.10299722,5.952117206,4.704563128,5.335818029,4.852730439,5.495824525,5.903515805,6.001228951,6.502142072,5.795932991,5.675065575,5.608849489,6.642596311,5.592316441,5.745222485,6.252115727,4.464759998,5.986738124,6.683081459,3.771425902,5.800578674,6.280306538,3.387345631,6.131246779,4.283135282,4.367535148,4.568831994,5.515560246,4.324348471,4.531379245,5.56485178,6.607924903,4.925170938,5.529867793,5.503418225,4.966008776,4.524973367,5.303570918,5.004343829,4.998056239,6.02186766,4.814567201,5.971634505,5.778825394,6.102229754,5.281050206,2.402999818,6.681157834
CPEB4,5.394321896,5.863467056,5.247818309,4.945322484,5.825898835,5.656031096,5.619723803,5.953029651,5.64117079,5.918303316,4.718928156,5.208777689,5.061738084,4.5754984,5.30063101,5.494531557,6.06494656,5.406663404,6.035716988,5.453974468,5.149203367,6.030493996,5.159959923,5.248393987,5.836430885,5.337437357,5.35462517,5.419634438,5.931824396,4.732799724,5.900581774,5.671370836,5.816159964,6.21768942,5.700149395,5.603023622,6.215024296,6.017264776,5.27890718,5.234232761,5.688289884,5.806702589,5.032060284,5.806087681,5.245648001,5.359085804,5.599795565,4.954025832,6.008166203,5.288360595
EHHADH,5.954018613,5.418001132,4.956424253,5.863568864,5.347581906,5.418223501,5.477312523,4.980169542,5.759568209,5.526413877,6.078764583,5.41270509,5.529629754,5.778487746,5.558871712,5.097070014,5.924450713,5.849256877,5.546736968,5.647500955,5.323755915,5.468377391,5.579584711,5.251995611,4.787851853,6.165517246,5.72286059,5.586300543,5.285798065,5.87824257,5.36816592,5.786628514,5.38935549,5.663552968,5.468654478,6.355692005,5.89876745,5.175828727,6.189087841,4.980613711,5.114265757,5.447518264,6.178984237,4.954540825,6.021296619,6.082891052,5.554446082,5.915742855,4.850416087,5.476576937
TBCCD1,6.007923306,5.664667298,5.510422145,6.276541994,5.689119035,5.332250844,5.723837886,5.2196943,6.064669162,5.764531929,6.263065486,5.825690691,6.072833977,5.923899356,6.07501008,5.315021532,6.091066839,6.021020104,5.445265607,5.839473101,5.972646447,5.342786994,5.619881543,5.602340734,5.397513609,6.328332145,5.25813176,5.326121002,5.368711001,5.994276871,5.493929271,5.433844358,5.198706567,5.862891567,5.651090397,6.356661618,5.811209383,5.404417795,6.620925928,5.809717339,5.274300802,5.525063902,6.613351301,5.260636125,6.128028662,6.496301205,5.777818073,6.303114341,5.203599824,5.81571872
TIMMDC1,6.774947502,6.479530159,6.743128265,6.995642591,6.499227713,6.352818506,6.621110531,6.523274932,6.921595794,6.578302055,6.653441889,6.921250564,6.802565225,6.400773665,6.744697362,6.33011503,6.288243231,6.836855245,6.542260942,6.590682713,6.753349057,6.292397994,6.685917134,6.467832719,6.347194754,6.735757133,6.460050402,6.470250852,6.537914414,6.853201892,6.63494773,6.575136747,6.698708015,6.585307181,6.595570955,6.790717708,6.760526257,6.537370697,7.280717779,6.85706649,6.404334435,6.648175871,6.421873815,6.319445608,6.873131441,6.692040342,6.836205359,7.00490052,5.785603109,6.658410039
HGD,2.020639272,5.775709253,5.316988038,1.618431809,3.55419582,2.839128545,1.522024461,6.192196078,0.760653807,4.964206653,1.565648771,4.968353206,3.415433427,0.928095667,1.09470979,3.372382759,2.080629837,1.218256554,5.880053877,1.16870786,0.372086787,4.248308739,1.776251141,1.774833126,2.928692153,2.092071206,4.788289801,6.062313609,5.605153008,4.008132886,6.479705782,6.849900495,5.086664047,3.36043761,1.726023868,2.667676852,6.877581153,6.181342705,1.876588079,1.930907595,5.211384361,3.370986822,0.241864004,2.732278358,2.078769336,2.269242458,1.554494445,1.209300766,2.571513598,1.874601578
CLDN16,3.662823697,1.278567386,2.355264149,4.586475962,2.821248439,2.148061215,2.774893908,3.831640754,4.018617658,3.35949457,5.015524505,0.805835909,4.611483061,4.038852983,2.342901176,3.376112254,4.317118582,4.283955123,1.918374897,4.942538737,0.79060738,4.442748038,4.867138902,3.569826953,3.869036803,5.412669339,2.141823588,3.20242045,1.434971723,4.735557365,1.759096756,1.01810609,4.763190992,2.794439673,4.463984831,5.626578209,0.526036064,1.129269115,5.20307579,5.374866982,1.740052166,0.878486694,2.651434049,3.162839963,5.354638994,4.052260878,5.303320483,5.258140375,3.870574967,4.002359884
FAM162A,6.784053063,6.480133212,6.411011577,6.7361107,6.096343821,6.145738565,6.380827452,6.288600962,6.906202001,6.200915823,6.675945439,6.563231413,6.640610205,5.943450991,6.821598115,6.114528353,6.23434986,6.525933109,6.100257871,6.216814652,6.558071777,5.982508791,6.281153109,6.208044534,6.018502998,6.467643906,6.172078419,5.967466283,5.820457326,6.566679339,6.298788892,6.217662085,6.31084376,6.271351302,6.509091557,6.814950903,6.28847435,6.420024764,7.249930363,6.700802579,5.786842873,6.624212626,6.297444601,5.878154662,6.906250095,6.660543103,6.453928657,7.162255055,5.184384974,6.275462522
KPNA1,6.447736814,6.137511627,5.878197362,6.120065753,5.80637109,5.855249436,5.849641823,5.857746611,6.291831423,6.055821141,5.957547129,6.15722489,6.405952739,5.680739635,6.234615306,5.768731678,6.053748214,6.210976091,5.746322942,5.990881951,6.437514351,5.643943834,5.961101555,5.829298233,5.855641236,5.875523286,5.59581504,5.717049659,5.757833529,6.187237073,5.950278178,5.644955055,5.94844805,5.94216035,6.08205665,6.166775494,6.500278796,5.840542686,6.239014509,6.112626967,5.671895399,5.708366149,5.709460791,5.541782328,6.270228502,6.069803363,6.099239659,6.166541994,5.729609852,5.80741699
ARMC8,5.954436543,5.583887161,5.381788772,6.173600328,5.695162863,5.477009295,5.638886069,5.488072028,5.838156642,5.611259432,5.700796317,5.780377499,5.83659173,5.603185011,5.675976377,5.342128426,5.893907954,5.760393852,5.713777811,5.588762764,6.219500984,5.69364698,5.87173968,5.600298485,5.581233509,5.46721855,5.530117771,5.487431663,5.523077598,5.987335775,5.653963882,5.466779232,5.666821936,5.717862183,5.767900824,5.808871388,6.156186911,5.348328545,6.120666271,5.908389284,5.365880869,5.577921203,6.306876705,5.299831052,6.052469301,6.035104139,5.852282906,6.028203623,5.58194583,6.014894821
RBP1,6.159295556,5.04031157,6.195957367,6.791487979,5.894983542,5.529701162,6.171804374,4.937561784,5.319118213,5.229107503,6.595751592,6.181988257,5.672202112,5.965503229,6.96746791,5.225106743,6.295945527,6.671573111,4.501260891,6.717163195,3.77264501,5.331893495,6.316760854,5.558557709,5.041435479,6.084294003,4.650194957,5.635928888,4.472587451,6.75055889,5.684732032,5.567556975,5.289156521,5.549167835,6.781216381,6.228058081,4.190314042,5.374582349,6.791538282,5.451153207,4.97614327,4.12390254,7.224801071,4.919240088,6.573919032,6.431308075,7.205077103,5.692302933,4.057048397,6.808574398
GRK7,2.269774865,1.041529627,0.54596409,3.475683185,0,0.321951849,0.809195425,1.042448672,1.974374605,0.518787342,2.557584438,1.479656501,4.655389504,5.659779266,2.128535051,0.329783226,2.660215443,1.276955773,0.638846882,0.660416643,0.853062506,1.626367283,0.820072223,0.918093433,0.364982194,1.126052278,0.213935023,0.563804734,1.235201367,1.797842342,0,1.364078428,1.589503458,0.856954228,0.842523043,3.510282988,0.571749733,0.222664725,2.565148428,2.58012963,0.302510011,0.552315766,1.48447986,0.925756458,2.269852809,3.587453907,0.830475202,3.064841549,0.598134511,1.455970492
RNF7,6.822722729,6.312730598,6.752132587,7.024651342,6.498558162,6.469040201,6.699163447,6.528431429,6.788624184,6.511083987,6.831298692,6.682887859,6.800100087,6.283960672,6.857256993,6.259433749,6.609661899,6.753092783,6.453423979,6.179747211,6.811588134,6.365420273,6.704668591,6.568415688,6.422923035,6.504370961,6.34326855,6.509495354,6.397625726,6.777429344,6.561285496,6.450948922,6.555592769,6.484915734,6.658255865,6.804876419,6.698389465,6.473353157,7.336686728,6.517993162,6.341056368,6.540587076,6.874295528,6.265339054,6.929430966,6.857164769,6.586239541,7.151067675,5.47389439,6.869424643
PDCD10,6.661790399,6.406587758,6.289017919,6.601508,6.273848975,6.175479353,6.528393239,6.235029683,6.603466086,6.352949046,6.59236638,6.561317081,6.477746176,6.457386012,6.355635935,6.098532803,6.445174752,6.45401441,6.342930947,6.240905969,6.477687014,6.033397157,6.398317673,6.271709098,6.033501032,6.785316054,5.960920164,6.074382669,6.072925953,6.431433872,6.257954783,6.427552916,6.22853725,6.283267644,6.942309265,6.865255108,6.527003069,6.276418248,7.272428073,6.188468709,6.00050695,6.130891719,6.656825959,5.83158969,6.688351462,6.66487982,6.457642294,6.984343893,5.661048332,6.889783777
LRRC31,0.253470286,3.402203948,1.126188889,1.007426138,4.247017672,1.019672538,4.430647275,4.87025021,0.416358019,5.063097363,0.770934647,1.02036768,0,1.96924738,2.687802925,2.022720781,1.700238603,0,3.892686574,0.809897962,0,6.38961708,0,0.843685717,5.653631052,1.156697462,1.627966767,4.46949171,3.340262596,0,2.395576138,3.436995029,2.777702346,5.695725324,0.867773904,0.638039997,2.930653081,2.921536408,1.693117909,2.915326073,3.509549295,3.88813755,0.759977482,4.196406502,1.08353233,1.86763784,0.347103902,0.400052218,5.520836744,0
COL7A1,6.964843884,5.196962159,5.111602448,6.79193633,3.335544837,3.760395687,3.483225463,5.461251483,6.68945789,5.498062337,6.754379271,3.649507359,6.371468952,5.276192763,6.9531702,4.346680233,6.35340487,6.995389002,5.361206408,6.658831336,4.453184259,4.591911499,6.937768868,6.222607371,3.978567712,6.922300949,5.971326707,3.122066823,2.479527641,7.052322714,5.050997475,3.720753046,6.362708549,5.959980364,6.442971545,6.483133721,5.359118901,5.060020685,4.719552806,6.53603248,3.528521102,2.313786791,5.456476717,4.494315051,6.219435496,5.613200119,6.56747185,6.287202105,2.865441829,7.218455856
ACAP2,6.512224128,5.619857799,5.344264283,5.951956697,5.982273614,5.863517409,5.902964852,5.74484071,6.157967853,5.71844375,6.430094095,5.870712611,6.317863242,6.193701724,6.137218815,5.674178131,6.576498061,6.418637651,5.643013606,6.059450362,6.287813293,5.710391494,5.985032464,5.826648502,5.702600486,6.824495524,5.717559108,5.483826326,5.512540747,6.149655905,5.687092346,5.382628119,5.747335544,5.800332785,5.879823916,6.494631293,6.123942759,5.70550174,6.306659853,6.120788367,5.563896272,5.815042176,6.449188259,5.421421504,6.058209418,6.49025539,6.144150026,6.4093645,5.931842173,6.092238781
ECT2,6.677500735,6.582577011,5.91047835,6.550083035,5.606846437,5.982244456,6.123222542,5.872700248,6.403246037,6.167874238,6.828115828,6.26046785,6.460411797,6.620542925,6.303301775,6.308031494,6.621363717,6.530775794,6.206860176,6.117970675,6.806847112,5.699631858,6.31777372,6.309048196,5.806426367,6.677035385,5.838486797,5.592491321,5.761244451,6.424732825,6.229871552,6.187676635,6.440152921,6.157141465,6.689690505,6.672142598,6.75409065,6.6143974,6.591535791,6.321766996,5.585760062,5.684911734,6.790383575,5.444488221,6.149460787,6.469164417,6.260329905,6.942078498,5.237603765,6.507095327
CYB561D2,5.766014608,5.938211714,6.322820736,5.755237508,6.320059688,6.057173607,6.433242649,6.147598399,5.657480397,5.91637398,5.771490137,6.224066719,5.761196883,5.59377353,5.881496413,6.157857482,5.871375086,5.783123284,6.430833384,5.827343563,6.106662472,6.129037172,6.011357477,6.30747252,6.346960677,6.093417389,6.208597829,6.236317243,5.96004057,5.763746078,6.314984265,6.318823593,6.089210357,6.19074194,5.86117776,5.661343236,5.902786904,6.440633397,6.427162458,5.973435747,6.05767405,6.362762853,5.541955629,6.160029437,5.995831242,5.859679784,5.851030994,6.005967347,4.776932469,5.909363368
FXR1,6.488428719,5.98945917,6.164799209,6.505911011,6.180629494,6.168990946,5.947116671,6.17789645,6.390814857,6.131488592,6.697889045,6.401309085,6.495877905,6.513176487,6.326233925,5.981860685,6.571654331,6.615840042,6.063001886,6.325091723,6.639936215,6.040443547,6.308558349,5.368939914,5.994929419,6.629948122,6.123087753,5.941453973,6.063323242,6.52334929,6.22390773,6.11484721,6.228609479,6.372193519,6.469381273,6.702251973,6.333622465,6.062699677,6.326511858,6.366957432,5.903588021,6.333420955,6.653351683,5.809275291,6.465044786,6.463340025,6.422167835,6.611620057,5.803496882,6.646041884
UMPS,6.192717533,5.921291438,5.800660742,6.35968067,5.630474897,5.645350612,5.698390555,5.449425408,6.359606063,5.668709132,5.845073937,6.10020376,6.165751324,5.640601246,6.06055174,5.216065392,5.996576537,6.108214245,5.481524335,5.444778016,6.21660237,5.124922221,5.552148563,5.682325344,5.693606401,5.868476252,5.589407728,5.515651824,5.47297282,5.975115689,5.573823793,5.487797114,5.674734668,5.49424122,6.078180233,6.033969237,5.89683154,5.562726423,6.458282694,5.917978203,5.36414682,5.888816977,5.4479626,5.215819788,6.099578991,6.158071795,5.94637696,6.124902421,4.783281873,5.121788785
NCBP2,6.717088594,6.100570479,6.580222709,6.551455071,6.474783492,6.538740543,6.569072542,6.488182466,6.815591121,6.557667559,6.918851256,6.628426271,6.738075864,6.674114041,6.637587571,6.230395372,6.739078981,6.957594014,6.352247821,6.501645349,6.875119777,6.229763192,6.525928516,6.41556528,6.37555842,6.637038678,6.427094949,6.405174385,6.374092342,6.745779348,6.513700376,6.424865327,6.483722746,6.383602027,6.40080097,6.718943864,6.581188024,6.284125801,6.698416017,6.576021524,6.313201536,6.563561443,6.867353945,6.251628865,6.750078702,6.791377132,6.576650639,6.836425344,5.787962314,6.798863728
UPK1B,7.272387027,0.652756974,6.894805917,7.141726283,0,1.456187201,1.049482904,1.197469698,3.956599729,0,7.245965165,0.958481677,7.40999206,4.37141252,6.952701094,2.67793016,1.175034643,4.823311696,0.675171183,4.832031466,1.333087434,3.389427639,4.832833261,0.630438482,0.270242936,5.928681376,0.540666657,2.284526405,0.833244015,6.082568736,6.722295297,0.409040911,6.618840811,1.784192397,2.091196375,7.477869727,7.49424118,4.28346684,7.292917339,2.143481611,0.222700552,0.223368159,1.991306538,3.452755526,7.592985304,6.873280083,3.623576035,7.556515672,2.485392265,5.685458637
EFCC1,3.877107981,4.278707999,4.102434011,3.033394898,5.17221872,5.106410163,4.650623727,4.479878236,2.8605038,4.723183799,4.162415018,5.536791317,3.411026345,4.88410753,2.750416545,4.322648375,3.20984252,3.851763626,4.032722492,2.601458931,3.728567061,4.997303011,2.688501523,2.990744109,4.262189757,3.946086796,4.279141729,4.703909545,3.736045692,4.679569965,4.318313133,3.836547109,3.385811639,4.211767479,3.23426398,3.342623644,2.953637665,3.477949264,2.634973954,4.186681011,5.480516479,4.860294843,2.955270333,5.121021314,3.785673984,3.728098629,4.697213903,2.513379069,4.155934055,3.053051339
HEMK1,4.318595658,4.959116971,4.135859622,4.470420542,4.205850199,4.537053525,4.386290008,4.957005633,4.394506076,4.568629886,4.55637892,4.375454535,4.741206484,4.330190956,3.865122114,4.664677803,4.49143466,4.289634233,5.304737191,3.759781676,4.229673353,4.866143572,4.462807783,4.689961308,4.295688015,4.760834196,5.349451096,4.743728725,5.246367798,4.455834513,4.664914984,4.736560482,5.003154778,4.534088571,4.208185389,4.381595545,4.724289957,4.732827213,4.365039513,4.553345429,5.298643315,5.488295018,3.660043557,4.419166789,3.996552199,3.832558088,4.084705042,4.626720951,4.939141248,4.47945125
CISH,4.682862619,5.664936758,5.303429399,5.2526574,6.257290238,6.533784045,5.96425266,6.435242578,5.292922993,5.730389441,5.626962395,5.265329352,5.194897911,4.887714803,5.456430783,6.23046314,5.943246242,5.781252422,5.388420555,5.636089737,4.771484681,6.217790712,5.411252656,5.702983704,6.261689241,5.464858902,6.128209408,6.044749059,6.799376452,5.379623811,6.115822817,4.916376357,5.608812737,5.99961393,5.580143079,5.480316545,4.281646129,5.577334775,5.753746825,5.496923,6.342204968,6.711979552,5.228817318,6.248011037,5.57563149,5.551003053,5.615449252,5.094415601,5.389259525,5.486047793
COMMD2,6.378826905,6.204744258,6.044868307,6.391223926,6.094048456,5.785330109,6.312117675,5.872993024,6.291767475,5.969418503,5.904392068,6.26419922,6.181149633,6.39275978,6.239301414,5.756289104,6.223867758,6.248573356,6.024460334,5.492561619,6.751628153,5.925625486,6.037066485,6.057374925,6.047077375,6.056938464,5.788124287,5.7838193,5.950617158,6.425725123,5.966884208,5.837707948,5.959763253,5.99689392,6.34777021,6.192840824,6.160592504,5.650445115,6.880126244,6.078705724,5.77913857,5.753990451,6.691380065,5.897245011,6.32053627,6.384618383,6.055429316,6.627385215,5.555751647,6.371482231
ABCC5,6.811116276,5.609624769,5.150432036,6.962324271,5.300662652,5.36550921,5.501767247,5.405332096,6.643557437,5.484199395,6.917250978,6.015452888,6.953053795,6.188380821,6.136600537,5.350265407,6.623685651,6.108978363,4.946596051,5.52757427,6.329533128,5.602957381,6.11331937,5.310886222,5.565193401,7.044306263,6.070050138,5.298942075,5.953629935,6.006052257,5.156484201,5.211199286,5.764984934,5.548596419,7.212293415,7.200301041,5.230326697,5.079908471,6.503118502,6.196846279,5.80097666,6.436289862,6.405400022,5.449294973,6.029945941,6.632035734,6.102429102,6.601334536,5.510752786,6.391684956
PLCH1,3.523025707,4.873119241,4.848290967,5.586172119,5.362441232,5.687666934,4.94320192,5.967434673,2.836635416,5.428180163,3.97100061,5.825066467,4.045649721,4.921981194,3.696122594,5.451878927,5.37874941,3.656295776,5.774486407,3.914468343,6.159524923,6.025663417,1.746818389,4.709183662,5.979618786,3.723901518,5.378064611,6.123864408,6.049401944,4.287141397,5.282040395,5.707373938,5.207731208,5.221028661,4.15750811,4.614727049,5.601713207,5.308411655,2.857866066,4.994184582,5.87271586,6.44932212,5.895660647,4.963615886,3.353593934,4.739728876,3.779187994,2.990908897,5.775719103,1.592669094
TNNC1,3.354114427,5.696226518,5.903668714,3.042965032,5.850828777,5.592443923,6.480015182,3.71909487,2.665350469,3.612753446,3.498572618,5.275127239,3.342716174,4.539867019,0.9776187,5.878234461,5.009519667,5.327560504,5.11472436,2.560616305,6.210073412,5.659245749,3.55341338,5.653039366,5.089564633,4.970779565,5.493188022,5.667498743,5.205424107,4.019064596,6.014179995,5.407417165,4.96024094,4.836763449,4.594470088,4.655184698,4.274925444,5.1242822,5.87533377,4.814892688,5.825811134,5.404818681,0.941491082,5.900338867,5.016113357,5.053440831,4.07702417,4.016698575,3.106855266,2.492705853
CLCN2,5.698368637,5.261999281,4.774666522,6.032710438,4.3499882,4.324406671,4.648723001,4.248677594,5.42234099,5.455727898,6.023618306,5.448169728,5.868825383,6.133011116,4.642835094,4.53544209,5.592589724,5.644378639,4.849337703,5.012192711,5.811801489,4.722152165,5.329688609,5.335109955,4.470287974,6.249932119,5.489111182,5.558427747,4.775551109,5.673212785,4.771503234,4.467004669,5.471070232,5.131075958,4.872124972,5.788905517,4.319952152,5.136393579,4.861387159,5.332649035,5.134629933,5.045591044,5.754362511,4.671227574,5.72396593,5.932171879,5.091055076,6.081750561,4.017950983,6.052819925
FOXP1,5.221703659,5.975551607,5.587863036,5.294209911,6.065168134,5.907212878,5.578472251,5.995369866,5.492276515,5.787498245,5.362194279,4.992428993,5.224885289,5.637662793,5.672431028,5.708683199,5.894464341,5.637729213,5.429290059,5.71952437,5.761758726,5.885139769,5.239069057,5.804013142,5.715585739,5.013227224,5.650428119,5.631632885,6.032104878,5.698052051,5.98817895,6.137010253,5.380179458,5.850615399,5.509120006,5.258378905,5.684266197,5.711550806,4.644442814,5.390832963,5.922334806,6.129044273,5.773139063,5.240414498,5.06588555,5.46211597,5.732141937,5.250352311,5.820245836,5.840223264
EIF4G1,7.178999099,7.04085337,6.956914007,7.231445165,7.023354063,6.891170896,6.791707223,6.943902869,7.271040085,7.153316546,7.351582432,6.931135942,7.00481782,7.032715853,7.185982546,6.998901543,7.112686385,7.393857143,6.813237802,7.312137763,7.215577708,6.881936125,6.978428307,7.019358924,6.947263743,7.246830789,6.96068607,6.956867638,6.917128253,7.11667501,7.051029695,6.912238669,6.839656091,7.137751645,6.769960524,7.347976385,6.943145054,7.073001625,6.954377405,7.046738003,6.951534731,7.151875215,7.12495642,6.846350885,7.152942845,7.068096556,7.22472468,6.977049199,5.904534784,7.347309903
ADAM23,6.752533207,5.929143038,3.48456228,5.759207901,4.552689041,3.183254274,3.049607769,3.575674805,2.937073581,2.933113144,6.723034852,2.171471516,6.726116512,5.899893787,6.033430228,2.327870816,5.8640497,2.161978964,1.609167485,6.138852957,4.318247178,3.700914179,2.225715228,3.377575636,2.784491688,6.622031948,1.735272125,1.770830536,2.147294361,5.990737792,3.640917223,0.656417548,3.576683632,3.512108329,5.799845113,6.34403235,0.688888848,5.753309323,4.863454935,6.50225831,3.076835697,0.908214532,6.311786727,2.909427521,5.521267954,6.316499704,4.894589039,5.465284848,3.670408102,5.867897528
TTL,5.780925277,5.702710078,5.112564937,5.621578306,4.895821259,4.96792483,5.411157921,5.095841904,5.409272292,4.78205192,5.943191454,5.732975712,5.423148603,5.330662884,5.857950635,5.202049343,5.703712543,5.938475704,4.895665126,5.814256775,6.205134832,4.855401206,5.436525929,5.358777376,5.162359758,5.647799831,5.274438092,4.12204322,4.841564367,5.364424036,5.185149453,5.268914938,4.872140473,5.469232671,5.703896988,5.604180587,5.777159075,5.248657928,5.822023261,5.080595267,4.974685865,4.386247997,5.642429721,4.963431869,5.981788532,5.247814826,5.712579455,5.140831893,4.999031587,5.679653084
IL1A,5.294950492,2.791272822,3.717753355,5.813611785,2.817643943,2.647366294,2.502422787,3.654043354,5.796492617,3.10472422,5.178280587,4.90417256,4.533503924,1.3591567,6.691445468,3.381687225,5.927843283,6.046332239,2.603915832,6.942562589,2.881726247,3.100881983,7.116863171,4.652861599,3.953911313,4.812482168,2.082191686,2.670921587,0,4.08979246,2.300165676,1.752916119,5.890506966,5.938424693,6.469561703,5.423277955,2.280341458,3.550188874,6.234246156,3.990670757,1.153504023,1.699684523,4.088365199,0.755616684,5.451419323,5.083080625,6.572234223,3.726763522,3.669976183,6.538878789
EPB41L5,5.526526482,6.034197053,5.350193621,4.976933383,5.45652328,5.97760728,5.584854691,5.522481177,5.034249025,5.478491039,5.347301731,6.274057375,5.045122194,5.357856358,4.823732505,5.964500252,5.176065662,5.285624778,5.372350105,4.973058962,6.940187626,6.007525604,5.436353681,5.844142442,6.167118844,5.082322101,5.571778889,5.54616,6.415267637,5.259828322,5.813469716,5.930657902,4.791287378,5.546084524,5.280493936,5.04011298,6.45182192,5.782763952,5.613076105,4.326679067,6.177707422,5.671726189,5.1088743,6.34659817,5.288322204,5.222718874,4.422805821,5.526976717,5.988487972,5.035898951
CENPA,6.028004199,5.62705903,5.965995533,6.099088632,4.458903121,5.175391435,5.469165472,4.737434216,5.803358387,4.636325525,5.966029488,5.779459193,6.175260035,5.833744739,5.728930055,5.483150556,5.564799167,5.59533009,4.826396356,5.545876893,6.436898682,3.574696034,5.998795297,5.78746447,4.454983608,6.048408792,5.322679521,4.13056659,4.6877041,5.796950091,5.387972121,5.73075725,5.619162222,5.364830902,6.249728028,5.563965016,6.095419505,5.473763273,6.195057181,5.766029483,3.260556099,4.190886317,6.282137879,4.91913624,5.80444666,5.934271112,5.704056303,6.389886207,3.103473399,5.639604935
WDR75,5.901586728,6.240108522,5.885331909,6.341525183,5.974704842,6.168125118,6.232979974,5.867998241,6.519241113,6.015885072,6.228639133,6.161919394,6.135631508,6.304414928,6.286886306,6.108317054,6.144864137,6.499312673,6.132754951,6.014401736,6.535264459,6.015387516,6.435488499,6.216789909,6.071774162,6.391553507,6.242300601,5.623198866,5.990758158,6.300390735,5.892124871,6.309350125,6.315032817,6.079970733,6.181035522,6.157475875,6.426733778,6.037856175,6.45930615,6.063303257,5.883025102,6.416085774,6.186764078,6.067675607,6.336021974,6.094575321,6.240753829,6.505121608,5.643545486,6.042557131
EHBP1,6.496843634,5.742766684,5.380602033,6.142433011,5.564015537,5.574356541,5.541984184,5.635185861,6.273915749,5.620603432,6.366425998,5.27164858,6.034491742,6.280677547,6.067884543,5.886389866,5.902617537,6.285587508,5.979398761,6.072764894,6.422201152,5.635376315,5.912720553,5.52361853,5.588074296,6.730355154,5.309767479,5.295519255,5.558098828,6.498147742,6.131031574,6.145516968,6.001560885,6.04631985,5.939707045,5.955388249,5.853729066,6.188644331,5.43748611,6.291363849,5.42737602,5.756644096,5.967811914,5.718467349,6.179912377,6.487502532,6.232767751,6.327783043,5.449191473,6.046507665
ST3GAL5,4.213601579,5.456468181,5.691562236,4.278914194,6.460198081,6.650887526,6.071884058,6.505301773,5.503581818,5.986385131,5.130916409,5.982803485,5.159967414,4.70962794,5.513270497,6.747394174,5.572362019,5.305508882,5.232074593,5.07566525,5.440035091,6.54620699,5.666592171,6.465702844,6.77255962,5.394324902,6.607031715,6.496415,6.893830907,4.113192694,5.759180664,5.928151756,5.026468272,6.580371486,5.469636315,5.663971434,4.385936579,5.574301988,5.160120839,5.624086623,6.873331085,6.333120394,5.4822511,6.766303252,5.726725117,5.634656618,5.918570389,5.416482935,5.984419153,5.065468507
KDM3A,6.306944814,5.899542281,5.512052154,6.129732995,5.510924354,6.175879663,5.720526126,5.725481195,6.270052102,5.893831145,6.376233971,5.876270621,6.075237237,5.300193605,6.135548073,6.003525766,5.997284803,6.161245726,5.6195535,5.770922984,5.997798694,5.857958571,6.033287481,5.662254917,6.033059282,6.066546891,5.841214094,5.878895998,5.982798535,6.085398921,5.570771002,5.880396327,5.69276298,6.195405807,5.764733965,6.017666319,5.968688388,5.74838544,5.797543877,5.876375141,5.613628771,5.806760501,5.787066359,5.899874452,6.004837699,6.06754665,5.806865149,6.064977209,5.50846816,5.643334565
MLPH,4.130201239,6.203093207,6.792991815,5.896946556,6.488966796,6.349875098,5.921590596,6.593241882,5.707386207,6.582659144,5.435460921,3.691006058,4.371065206,5.505535694,5.553056099,6.586551981,5.595781744,5.909128627,6.341554896,5.019377466,1.439883835,6.607130948,6.001981608,6.463381796,6.956128877,5.046267546,6.65536377,6.864854852,7.228767471,4.978400273,6.696243525,6.663017211,6.252730411,6.331756574,5.174745051,4.559154722,6.720538009,7.011994708,5.443102342,4.125497689,7.048028949,6.970026084,5.313468133,6.69907644,4.606881532,5.388174826,6.178895648,2.81109034,5.823506184,5.614997568
DLX2,1.814703558,1.007790073,2.756305225,2.023501866,0.44799179,0.347739995,0.863529403,0,2.007991568,0.557427032,2.826507963,0.447199092,1.691183531,5.565399139,3.724292325,1.933879682,4.191578457,2.149518134,0.384234548,3.731298512,5.113875295,0,0.505706477,0,0,2.022435444,0.23177853,0.232303603,0,5.858297532,0,1.43985117,0.323200728,0.531129037,1.193274119,0.946396891,0.841240407,0.241179655,0.245619287,1.345898117,0,0.466771943,4.157152613,0,3.550223591,3.440763424,1.263791631,0.416685576,0.874428498,1.068356844
RND3,6.390893333,6.226471391,6.610701152,6.593451449,6.610682415,5.978935154,6.387110414,6.074126941,6.912472026,5.949143729,6.619272444,4.686113652,6.048023403,6.279872081,6.922977261,5.668140481,6.708962783,6.90760693,6.097071094,6.969012952,6.571788416,5.958442981,6.595487071,6.715831953,5.186935917,6.216886316,6.524023467,4.61619309,5.389181354,6.615630587,6.007699948,6.579336478,6.424560106,6.449214998,6.652505583,6.651201732,6.157535686,5.919853928,6.863318749,5.805350903,5.682222886,3.979326648,6.628977077,6.292116997,6.588308175,6.539961933,6.96842971,6.556553301,5.60216198,7.074358533
NFE2L2,6.804175985,6.544601126,6.546080706,6.995877354,6.746743688,6.742130557,6.634391468,6.696994479,6.921082455,6.685407156,7.128462387,6.338377484,6.844606433,6.172825121,6.791089223,6.544177345,6.793237842,6.720150768,6.363276508,6.46930329,6.309522103,6.65139493,6.755282771,6.385863852,6.623585937,7.096638749,6.530033175,6.627557812,6.675713685,6.652654126,6.529537499,6.417760966,6.710523989,6.548058899,6.798707512,7.186789377,6.607629252,6.583772399,6.952763437,6.216891178,6.399234209,6.467124761,6.246191482,6.526293684,6.978149014,6.844134351,6.983282442,6.771102233,6.18667764,6.823712283
MSH6,6.248834564,6.369178042,5.788392133,6.15103859,5.882147179,6.041854451,5.805288731,5.973720136,6.489254315,5.907568257,6.428044692,6.581570992,6.250159769,6.054769974,6.079003099,6.120572863,6.098299187,6.042190601,5.65066931,5.958760774,6.726938769,5.770818018,6.223043065,5.787392331,5.940860627,6.353958883,5.984942447,5.711918588,5.940960098,6.373728883,5.62029439,6.062063256,5.616005001,6.077668973,6.419509294,6.050667638,6.0555943,5.841867205,5.82959675,6.372880279,5.586297301,5.845933564,6.293215587,6.0596983,6.008216746,6.466965522,5.918755311,5.736154593,5.435374937,5.840662578
MARK1,6.004570246,5.907145527,4.755486568,6.521604509,4.145053692,3.545262894,4.926466981,5.022919954,5.924775061,4.866265952,6.244332272,5.634937881,5.742275207,5.630440444,5.836178262,2.921307032,6.075932748,5.697800307,4.93703059,6.012421201,5.503564097,4.610352141,6.129469367,3.905977957,3.140910881,5.881194172,3.5560585,3.791241931,5.707861146,6.332723666,5.36558872,5.72013927,5.073999856,5.23627262,5.895884325,6.044059611,5.877886182,4.241181137,5.515146856,5.97440505,4.917881152,3.873048591,5.918400781,3.820875596,5.354347187,5.898267743,5.622064573,5.668954514,4.462139579,6.056351703
SCP2,6.111309469,6.234153837,6.449256352,6.049030493,6.545288446,6.534794603,6.735556456,6.548338518,6.470673157,6.245626235,6.163969109,6.34227922,6.040367193,6.116993614,6.247461914,6.342424714,6.252591886,6.249746581,6.307756627,6.293630743,6.309595401,6.776390209,6.199541747,6.360131509,6.49273337,6.169007923,6.229062799,6.63947904,6.513991256,6.145487287,6.503201629,6.345561042,6.201958742,6.512125417,6.274836429,6.366717147,6.710900207,6.367212379,6.657386119,5.953558105,6.603492848,6.586948541,6.213900443,6.632772676,6.255733856,6.301991243,6.421451959,6.223047051,5.879043625,6.255382727
QSOX1,6.461060601,6.863330232,6.938354018,6.561526469,7.040236261,7.106065304,6.798466593,6.831526941,7.060878783,7.155015224,6.614544639,6.836606165,6.459116546,6.574315522,6.939008942,6.75095108,6.578182586,6.924458534,6.660109011,7.170950521,6.962081562,7.092389772,6.445029688,7.238610688,7.144329307,6.358106621,6.947612567,7.17876501,6.934022192,6.418924769,6.985032886,7.142526197,6.441016118,7.126408128,6.529981118,6.582712835,6.230726696,6.954631077,6.790979291,6.3569506,6.992784929,7.289606507,6.648389493,6.869455425,6.670168317,6.368249635,6.882634657,6.171959917,5.813053779,6.976492748
ERRFI1,6.41684018,6.557983726,6.81875603,6.248235336,6.979814602,7.263265458,6.913978246,7.138488264,6.798892112,7.053602354,6.422111735,6.531630713,5.542203497,6.480090985,6.697989325,7.300370871,6.978690972,6.870274904,6.765246677,7.041500986,7.123486126,6.627701345,7.315043594,7.032100372,6.80704852,6.476082405,7.237233667,7.01232738,7.165351207,6.652648012,7.446447169,7.260384955,6.554588325,7.054194913,6.648371292,6.760973232,7.308888281,6.640198469,6.48229403,5.962540189,7.10503764,6.363969482,6.779314209,7.256110068,6.161196295,6.594505348,6.982190662,6.212903159,6.213369943,7.384515875
RHOU,4.174912188,6.448138816,5.413876474,5.633393496,6.400403607,6.459473699,6.135630025,6.268022873,6.468670008,5.871501103,5.321460173,6.478700394,5.130638527,5.66726782,5.562908377,6.20947024,6.184844941,5.100210306,6.479802353,5.323290759,5.722396519,6.220379954,5.375022306,5.85417063,6.249363689,5.6693098,5.869775902,6.557221015,6.795700395,4.983850286,6.805543837,6.620957658,5.493969283,6.280653413,6.014408309,5.329770817,6.894602646,6.127516434,5.265156363,5.561562152,6.309811293,5.668798656,6.480408045,6.520375026,5.163121506,5.491288788,5.113430324,4.494644105,5.666305049,4.799161308
TTF2,5.715341595,5.785418353,4.895500372,4.798627011,4.814302702,4.928533224,5.320513895,4.546222662,4.822448061,4.540844272,5.694124005,4.942467541,5.534725306,5.643792318,5.227392965,5.286451121,5.314902898,5.883053025,4.866205591,4.963322844,5.212875879,5.21518004,5.314260682,5.316536273,5.191208801,5.566960664,5.33485495,4.520759022,5.110625436,5.852305866,4.880285921,4.914620873,4.962058374,5.12213493,5.228063846,5.644979415,5.690538278,5.672178978,5.424985576,5.644312828,4.524245299,5.176198238,5.34934736,5.137905514,4.926260918,5.319211683,5.41634208,5.837201433,5.041890395,4.599417675
SSX2IP,5.183814769,5.959893456,4.604518761,4.817180509,4.958951944,4.55669776,5.322294068,4.800694709,5.340681933,4.345665691,5.321454891,5.823767776,4.723092532,5.555249387,5.354540647,4.975771811,5.566615921,6.412393209,5.017163797,5.513554455,6.423638074,5.318678317,5.454257112,5.395888146,4.905325581,5.520169063,4.675194611,3.879743755,4.826603798,5.80063001,5.328192696,5.414019302,5.076724785,5.50372668,5.342476641,5.536125946,6.379369473,5.305052598,5.696569944,5.735897302,3.965946012,4.812068731,6.221353551,4.602753381,5.074895202,5.682726559,5.936335334,5.718930327,4.896902556,5.238224745
GALE,5.501245648,6.278614249,6.634226045,5.862050087,6.120424602,6.05532834,6.214340975,6.444478308,6.650138313,6.721795017,5.602879736,6.385105542,5.397506956,5.853369304,5.835351347,6.414374703,5.421920177,6.563277673,6.309717015,5.976570799,6.104293846,6.541774686,6.459141091,6.391208578,6.264905786,5.437965036,6.367497253,6.583719593,6.598007499,5.858022206,6.265692635,6.972387144,6.663499331,6.416105533,6.350955506,6.304833567,6.541904039,6.818561948,6.884645976,5.692714362,6.396907084,7.051044198,5.949148695,6.705666763,6.707453376,5.729080263,6.632315904,6.02280779,5.05497439,6.746960484
CD46,6.662545073,6.725751674,6.443720346,6.874960871,6.897651536,7.171348463,6.861946657,6.889782212,6.922038809,6.892640887,6.591852668,6.961878355,6.599254856,6.417145561,6.629116344,6.973076612,6.688156975,7.017594833,7.000126971,6.588890949,6.849630245,6.939083737,7.053727806,6.826943647,7.08023593,6.593094085,7.015379623,6.879570224,7.196501459,6.548915626,6.920187055,7.200066542,6.980366203,6.960371918,6.84849761,6.754506885,7.296495799,7.068673472,7.011561149,6.575939474,7.01221617,7.100217022,6.538850216,6.912874954,6.745504889,6.574896168,6.833849827,6.685617227,6.406631402,6.902414283
SLC2A1,7.337481106,6.573132367,7.097034021,7.032397538,6.198052538,6.789373439,6.28133072,6.779035183,7.621979888,6.77935274,7.667708655,6.897492866,6.609632075,6.638015632,7.664966753,6.952988888,7.091562379,7.519245271,6.921788027,7.605899147,7.005722688,6.026606304,7.059419418,7.145094702,6.463084612,6.785152785,6.542282405,6.107318284,5.614085762,7.214544732,7.550857797,7.253728633,6.902499578,7.075612061,7.011926654,7.263033815,7.06020723,7.393791863,7.644373302,6.855670829,5.409237018,6.414223527,7.039254441,6.493850307,7.659107295,7.326828315,7.402631353,7.271663405,4.743375054,7.58937566
CDC20,6.555052402,6.802284486,6.678866728,6.476168226,5.962396797,6.155009001,6.522535458,5.957334835,6.664511157,5.992775491,6.91507941,6.99511314,6.520102892,6.741580803,6.836779018,6.490832422,6.322985611,6.859648095,5.926160755,6.560626785,7.22833285,5.343110595,6.746924855,6.89622858,5.510855749,6.693841779,6.477228231,5.80153081,5.842515392,6.731195245,6.398051612,6.812956545,6.562600252,6.208874005,6.796622365,6.666642924,6.826563729,6.373833766,6.768260555,6.479124689,5.000422043,6.248097313,6.854429444,6.309964348,6.940692225,6.912213887,6.942661165,6.941569478,3.801536239,6.810624789
ARTN,6.31343096,4.02681281,4.294780885,5.986549998,2.382015713,2.875116244,2.172339237,2.859581012,5.368349142,3.186997843,6.708642335,5.29149306,5.916374992,4.572332093,5.77861162,1.832836941,5.477713135,4.021285441,3.469824351,5.393412911,3.67506311,2.901607675,5.456897462,3.858324022,3.613367946,6.666766361,3.321084703,4.134336969,0.997135857,5.791468594,5.058248376,5.23924641,3.276443557,3.548600429,6.079279854,5.54723648,4.996919074,4.273621622,6.012123651,4.698134639,3.694847497,1.904058042,5.204407015,4.709745747,5.558235156,6.045362306,5.492306992,5.904027399,1.975410306,5.589367493
TMED5,5.82517762,6.252486317,6.157191761,5.556195817,6.426371321,6.367134694,6.603056883,6.016334881,5.622448799,5.626677797,5.769160906,6.015654937,5.52143041,5.510393649,5.808132693,6.424368733,6.156754298,6.116559535,6.183537357,6.02452893,6.795264929,6.524059173,5.984135339,6.192604564,6.33080101,5.764971913,6.108158066,5.906542526,6.359096222,5.62685822,6.279584571,6.53212609,5.733418419,6.363572187,6.121971057,5.898250259,6.802498242,6.208156331,6.372191002,5.685352977,6.084509641,6.048929222,6.202977556,6.343977065,5.933645305,5.991733257,6.173618281,6.089712528,5.905546365,6.336117958
FMO6P,3.973610042,0.886475017,0,5.804560517,0,0,1.530233224,3.029104539,1.488662635,1.066428343,3.918545966,0,5.619270449,1.212976132,4.803576048,2.802746771,3.53711016,1.202851272,0.914401479,1.885622045,0,3.441980777,1.293386406,0.409141536,1.482828129,3.174280942,0.492516471,1.142418452,0.435117314,3.464953407,0.759387017,0.66349437,1.444161906,0.897884305,1.457205514,5.375695714,0.696231183,0.510851821,5.404152209,1.238689442,1.021325994,0,3.566829627,2.959885452,1.356234219,5.591319089,2.262861688,5.265556867,4.298073733,3.371779731
IRF6,6.992041448,6.202293854,5.858648756,7.247694757,6.444241523,6.548056682,6.148362457,6.294202754,7.29400727,6.297558859,6.958506281,6.603658474,6.646470793,6.39764886,7.238025937,6.214431273,6.707566672,7.286298093,6.435821242,7.161252421,6.201288083,6.386313707,7.260092597,6.328038774,6.537902048,6.850008448,6.207872574,6.178964109,6.608967393,7.11725331,5.784094812,6.662254966,6.986300219,6.418899442,7.061813719,7.031263934,6.488425476,6.605069484,6.945656893,6.801502937,6.357412925,6.789274571,6.508183754,6.620643853,6.955217792,6.800096107,7.127049209,6.846286914,5.2336815,7.187667563
RCN2,6.40014298,6.090492888,5.837027308,6.312530154,5.973818673,5.88238895,5.880725257,5.793994848,6.282094512,6.071387683,6.125888656,5.880957254,6.222345625,6.119661176,5.970173337,5.798914813,6.09770671,6.281754506,5.685294848,6.47009432,6.755590738,5.619863817,6.254593343,5.93286523,6.02055981,6.491230967,5.855064715,5.672647044,6.01940252,6.52056629,6.197467304,5.917528078,5.883570067,6.190899659,6.04258604,6.23035639,6.314727442,5.930632236,6.67254625,5.937988242,6.001439215,5.944822628,6.441794545,5.563353255,5.625630709,6.173566159,6.474083339,6.538669786,5.307539066,6.565741897
CHRNB4,4.450145222,0.121133405,1.306312208,4.075147623,2.350147119,2.734748071,0.576947316,0.377785727,4.388135635,2.726097602,2.708418127,2.395358302,4.556463183,4.133333243,4.075439306,2.483945647,3.163243701,4.126266681,1.677721183,4.233288393,0,0.60745593,3.333848705,0.804280619,1.45330987,4.579098716,3.839299066,3.53021256,2.684709154,1.525721241,1.451579834,2.417424825,1.460437082,2.91566836,3.371068976,4.917756182,3.081809969,2.936006026,3.713732039,3.396353268,2.546943124,0.541515759,3.550260336,0.37373973,4.879047424,3.908463468,4.018466109,2.7005823,0.993151713,1.630587066
ELOVL4,5.989574717,5.763127065,4.362334542,4.060854359,3.105307504,4.094174368,4.138107703,4.304706775,3.942455682,4.193483631,5.428195026,6.221204068,5.189801616,5.653525148,4.837005717,2.625883982,5.176104049,5.07196722,1.659927303,5.710923987,5.942382748,2.937579465,2.283506322,4.399544583,2.251934233,5.876506691,2.914769092,1.653131016,1.583478951,5.337084914,4.308585624,5.947149338,3.673532468,4.585037932,5.170646675,5.486633833,5.129933322,2.12962408,2.481266205,5.043586602,2.488452785,0.89822586,6.096631252,1.63829755,5.217224572,5.663397672,3.381393931,4.701067429,3.111247075,4.204766711
SGK1,6.731437295,6.071786644,6.390478787,6.506891184,6.625733609,6.179354448,6.416438444,6.647702563,6.262088787,6.430169886,6.9430249,5.392367976,6.362889299,5.307311491,6.780755993,6.357075552,6.745394195,6.295842423,5.822154009,6.606993479,5.808512666,5.932898528,7.072042031,6.062059765,6.555558044,7.240803336,5.861600085,6.056364773,5.901708067,6.590752507,6.634341409,5.489805122,6.122915419,6.009843774,6.637900696,6.969330983,5.464447071,5.935957553,7.408716837,6.765164412,6.059068063,5.224318836,6.306142705,5.849292209,6.114735673,6.607050515,6.748099102,7.031060295,5.668827632,6.496032626
GDA,6.259659316,3.705880613,3.228120604,5.997305703,1.231081222,0.775533066,1.153006946,2.100428333,5.800971381,4.310330361,4.881961688,3.445420313,5.615608205,4.696303961,5.630767203,1.290028178,3.321223338,1.366934897,1.478051193,2.910442152,0.529188942,2.727940955,5.794438494,0.336951217,0.497784396,4.655650722,1.110253708,2.667041946,0.536735203,2.587375278,3.55517584,4.464147839,5.182970992,4.443600629,4.779287263,4.352957212,3.914731491,0.626529543,4.995710221,0.733090789,0.13201154,0.067772183,3.930650791,3.429568797,4.928963429,4.48431058,1.671360793,2.75435622,0.79291404,3.1801013
SENP5,6.412539597,5.498251079,5.799248751,5.97870303,5.633157917,5.790821385,5.78000009,5.776076977,6.315891487,5.738220229,6.367930023,6.1872924,6.32606865,6.125583468,5.928141077,5.494384016,6.311640373,6.210651356,5.761564354,6.146059958,6.412138701,5.589276607,6.014527394,5.866203396,5.639551968,5.878533357,5.819864453,5.64036649,5.756699257,6.308194309,5.824187896,5.691556414,5.803661386,5.664511118,5.981866623,6.252400437,6.16206291,5.56682633,6.321708762,6.174496176,5.621812577,5.499354931,6.447081584,5.253377453,6.138931055,6.34141265,5.878626603,6.377989728,5.807323392,6.233060584
set,7.212412306,7.106073127,6.989537394,7.016032656,7.153001324,7.089478552,7.132562546,7.035669493,7.197405943,6.972260995,7.117162527,7.039609597,6.987333735,6.79263635,7.096673663,7.056628259,7.01342169,7.166549843,6.928703209,7.028116464,7.365298268,6.80036041,6.887981113,7.162847842,7.013753244,7.163366353,6.967401713,6.896307975,7.069063619,7.102482461,7.088011183,6.970445077,7.017109538,6.938198241,7.061660825,7.129817738,7.003108358,6.936486883,6.996299049,6.935250556,6.908408577,7.06681033,7.095831869,6.999770305,7.179942177,7.062259111,7.034847944,7.174693798,6.146954442,7.221655073
NEK6,5.734679385,6.464225005,6.489755648,5.986066687,6.51601798,6.670222001,6.596420943,6.619963738,6.367937244,6.747258105,6.276639281,6.637743528,5.960423167,6.134997051,6.338972268,6.764787893,6.52137068,6.598694735,6.637079429,6.353395005,4.944100578,6.367613498,6.184717649,6.810693546,6.679029924,5.931104503,6.741446181,6.598512441,6.534123488,5.836344867,6.523318227,6.171565195,6.347977044,6.734894814,6.034964249,6.152408338,6.0215599,6.419679446,6.118025756,6.300202546,6.507327902,6.543194604,6.29365612,6.448561694,6.316845082,6.131946465,6.536794984,6.229883151,6.039926948,6.507893229
BSPRY,5.674873666,6.125581225,5.7941234,5.320704461,6.212534186,6.386550465,5.913906221,6.540872209,5.658352005,6.54961672,4.772832289,6.618575409,5.333973047,6.009329423,4.685512838,6.50059871,5.042008998,5.946975931,6.021242769,4.094968244,5.880729487,5.957078777,5.792451602,6.69677305,6.26092424,5.693291486,6.84241136,6.505334714,6.539143555,5.666565769,6.35443629,6.383215711,5.812170236,6.125691111,5.902843729,5.898327734,6.288444449,5.973847933,6.274617216,5.989833579,6.306971883,6.701123019,4.669304796,6.582859538,6.073670918,5.510229112,5.64740875,4.650125634,4.811536972,5.840075957
SLC46A2,1.266220948,3.882060974,3.480784332,2.36871757,4.514443629,5.364868772,3.295848981,2.445225528,3.073382695,6.402113346,3.370714826,2.281048828,2.015066296,3.201090963,1.089825519,4.842625809,4.239278965,4.466681383,2.505531062,2.526224085,0.763076968,4.50195673,1.76989329,2.252544484,4.428145775,4.181687229,6.308642484,5.474296644,5.667959831,1.888665855,2.637201044,2.801189706,1.11985485,3.132767502,3.416748537,3.850179103,1.509431049,4.705583448,3.996551226,3.47853173,6.591816694,2.968387989,0.720383565,2.562178406,2.78374175,3.971351206,4.776709167,2.137505583,4.615467331,0.727211046
GALNT12,5.807375654,5.592433106,5.746232531,5.58739104,5.616963503,6.194802951,5.796972121,6.402460688,6.515196183,6.343730737,5.607258843,4.575837105,5.559409645,6.089694877,4.299355822,6.365885569,5.608540846,5.129436861,5.875730326,4.650143053,5.415836527,6.073143566,5.689781145,5.817572909,6.107322473,6.000354065,6.426749821,6.504437501,5.667415298,4.218644631,6.166919301,4.608446728,5.926834367,6.148349989,5.574888151,5.69988693,5.869228424,6.215261481,5.36962717,5.610548546,5.980970467,6.749437479,5.679481713,6.04865143,5.298028051,5.745485459,5.116462304,5.209030242,5.584450017,5.141390548
PGF,5.654969747,4.843856965,5.52762967,5.904291808,5.607177331,5.217411357,5.774417076,6.602405824,6.143355473,4.695981714,5.771125411,5.345807332,5.395852092,5.749948669,6.976720998,4.304619677,5.184016198,6.821854785,4.475231661,6.284356814,4.073567056,4.75305689,5.176044891,5.510782745,4.307377419,5.618554772,4.155835289,5.009215823,4.038517525,5.376510841,5.366027725,3.716297186,4.7910252,5.251733007,5.798735413,5.082712963,3.410287736,4.775488025,6.602394222,5.124288159,4.446675628,5.340157377,6.117540086,4.678880952,6.640590613,6.018854405,6.197062821,5.458280998,3.643042629,6.327412797
FLVCR2,4.773439318,5.510533425,5.629231691,4.372761401,5.371379578,5.155234017,5.683183773,5.098477653,4.214126861,4.769503887,4.685861915,5.097175426,4.536347397,4.158422126,4.704732636,6.011487192,5.462174296,5.193521156,4.501818243,5.1258602,5.984339951,5.420361437,4.640722545,5.613795932,5.339645762,5.209508244,5.429004324,5.803210184,4.809439399,4.478279348,5.830502508,3.790608575,4.597008172,5.568909669,5.11900153,4.798861495,5.319107645,5.08245791,5.239763274,5.546980356,5.620083603,5.748659016,5.466160209,4.463900413,4.837005411,5.355253416,4.630254072,4.625157697,4.969323472,4.841770599
BCL11A,5.400643632,4.848975619,3.910590169,5.982483096,5.60287442,3.224119398,3.962074133,4.436884705,5.746776083,2.471518879,5.405880432,4.669494493,6.017721082,6.06547288,5.434774794,3.330315573,5.308771679,4.427609611,4.321959048,6.185943414,2.294597291,5.542876959,5.59996541,3.543386336,5.242751777,5.686793945,3.841874598,5.111655571,4.918288389,6.492421831,2.807824751,4.64824296,4.885874568,4.536109779,5.553084224,5.935176636,1.110945792,2.965094827,5.287494078,6.158600385,5.071194711,5.873484061,5.155379418,4.690581762,4.307370969,6.410916065,4.634111754,6.876000141,5.328004905,4.680636846
PYROXD2,4.080524512,4.142678431,5.133207968,4.946289463,4.342919657,4.853100873,4.469330211,5.857460732,5.180470836,5.997713887,4.261925313,4.301911776,4.683237421,4.378360712,4.781637444,4.724495948,4.464327443,4.408542789,5.427432872,3.571372676,3.571386509,5.388905937,5.742488355,5.054935289,5.820492083,4.298325601,5.69493965,6.347854513,5.803111735,5.431144005,4.92246767,4.541364516,5.920826218,5.179876387,5.374245988,5.081436435,4.678528104,6.330969669,5.049217732,4.736029178,6.197546263,6.340913197,4.960149114,5.825989521,4.404787992,4.60773684,4.570714534,4.607400559,5.099471569,5.133171191
HELLS,5.526854614,5.505666508,4.087438796,5.40642706,4.617411652,4.518847084,4.121481995,4.25255658,5.498202373,4.505003811,5.306550774,4.795170959,5.361653736,5.911166475,5.122464488,4.967781944,5.070348079,5.059510796,4.99973601,4.760828143,5.716021317,4.26860478,5.739085169,5.085278379,4.280148878,5.920212119,4.845725444,4.166631809,4.953942715,5.424851537,4.390691121,5.097216785,5.346551931,4.185876815,5.988695153,5.767375695,5.732099437,5.061779539,5.119065664,5.952633844,3.325619095,4.898894751,5.780267747,4.507950746,5.020920407,5.343648486,5.234412444,5.441257896,5.241951865,5.040769461
C10orf95,2.983171068,3.858328846,5.085975401,3.840109019,4.804925279,4.470326477,4.351082921,5.077425318,3.872643472,4.702448437,2.856401055,4.48641612,3.662098682,3.61661515,1.996949149,5.969732898,3.250379776,3.776291601,4.698221498,2.221779237,3.685989894,5.564922946,2.973106354,4.7611011,5.303892846,3.708709452,4.994133522,4.61659174,5.604880624,3.709838861,3.782658352,5.433839052,4.896125782,3.65842422,4.474043513,4.202415055,4.623521608,4.863938305,3.387927304,4.506392021,5.323012594,4.800955884,1.938123891,5.935330876,4.266437703,4.327421022,3.826553795,3.981906327,3.459873164,3.237250847
ACAT2,6.288966417,6.254415794,6.366019292,5.859875977,5.742066883,5.956651083,5.883328201,5.705867143,5.85627791,5.869551971,6.327061915,5.686029181,6.054334306,6.141687206,6.026071454,5.707071474,6.057775657,6.353397857,5.885175138,6.044437376,6.157572873,5.836759418,6.12054009,6.113479445,5.776523434,5.987793561,5.782333846,5.389120938,5.875780013,6.006891641,5.824821407,6.152201676,5.565332508,5.771635627,5.964948357,6.420117585,5.973311109,6.045798546,6.492727148,6.299169126,5.509119075,6.009423395,6.176648142,6.076748132,6.450214787,6.173161784,6.050327003,6.648658347,4.340138368,6.557750319
TCP1,6.854720237,6.900105304,6.865753017,6.781694394,6.662964271,6.737220704,6.764928091,6.590597337,6.640703894,6.638910541,6.730475561,6.766057611,6.517853544,6.724314724,6.983933443,6.590467374,6.757627755,7.079157863,6.545196295,6.707679423,6.994841365,6.564704917,6.920251029,6.800057864,6.845373427,6.852183274,6.47079926,6.261441746,6.473421805,6.960306906,6.676494221,6.797867837,6.746569012,6.650049104,6.885855338,6.895127776,6.85127414,6.717603859,7.148070365,6.876690591,6.38040606,6.837700013,7.009447945,6.794613632,6.983189711,6.699383439,7.06801203,7.030239404,5.792608546,7.016871419
TP53AIP1,2.889479965,1.960027461,1.189403882,4.617815109,0,0.304659506,0.559349812,2.226392101,2.76741101,1.074837311,3.719658916,1.254321923,1.626372725,1.544751154,5.906302171,2.591052688,5.134665413,5.43874247,0.337186907,5.070879229,0.327600651,3.412184043,3.441108449,0,1.572700399,1.485364509,0.80230531,1.464628014,0.82487554,3.597503121,2.285448802,0.516559257,3.920378118,0.329528601,5.869608326,6.027629393,2.095974474,1.15971206,4.482686844,5.96935351,0.286159046,0.15087737,2.505070397,2.916051508,5.648441997,3.871368831,3.268777116,5.854266015,1.400681252,1.520937172
PLS1,5.231910074,6.111864405,6.015885269,4.991538534,6.093688332,6.22463526,6.228231887,5.789119353,5.630818154,6.294021136,5.529400736,6.231193306,4.854404116,6.296210756,4.114372938,6.324017449,5.712029636,5.97170607,6.392673379,3.549609747,6.463145362,6.465738586,5.394878581,6.296805083,6.427925275,5.226560278,5.711007185,6.19401177,6.263853924,5.325962854,6.384710012,6.315132238,5.807629597,6.348920738,6.085736317,6.154344336,6.531427585,6.507902518,6.579305325,4.464716319,6.260963135,6.347106313,5.972291548,6.171656391,5.888166607,6.077490406,5.558401289,5.684874613,5.658300266,6.283387791
DUSP4,4.036366853,6.666482271,5.811539185,3.636467058,6.094586009,5.366330753,5.964013265,5.801377718,5.625869602,5.22904199,4.190420806,5.616951965,5.062610475,5.348361057,4.589578716,6.517355304,5.334147626,5.689820303,6.271563655,5.225674731,4.0204166,5.26569799,4.942506432,6.085825998,5.33183932,4.578276427,5.157093249,4.062074433,6.55786887,5.598741472,6.896703484,7.290522927,5.989203982,5.415683148,5.33001152,5.705344771,5.974584727,6.978244737,4.09953719,5.854678491,5.515783757,2.818183663,6.275534505,5.050237749,5.240515012,5.196377013,5.464611636,5.19456242,4.952064282,4.811837839
NCAPH,6.367895647,6.125222104,5.77909194,6.022773701,5.069209391,5.207827147,5.80236485,4.841817608,6.151307868,5.090993056,6.20318917,6.468637849,6.28446951,6.238295957,6.069827477,5.890911261,5.958835642,6.120490993,5.321231974,5.71610258,6.823004149,4.40332827,6.184022337,6.214160083,4.805177682,6.149956605,5.453103816,4.7863496,5.216407869,6.235003088,5.566491698,5.83188394,5.739395131,5.671247231,5.973211627,6.16633119,6.363983565,5.998522057,6.072654281,6.480372303,3.711754378,5.305186957,6.139517107,5.397393578,6.030051838,5.929838315,6.202985626,6.515560912,3.726289926,5.822647428
CSTA,7.362762707,5.173526813,6.585837364,7.074640766,6.131942239,5.444099094,6.328320249,5.861518905,7.251461882,4.765795881,6.892879308,5.259330536,6.965076115,4.548558457,7.223552388,5.698637861,6.707050906,6.755896403,5.961984458,6.841060588,3.889896977,5.547164626,7.264806393,5.229317424,5.380030572,7.499487938,4.91422279,5.319056056,4.076897309,7.095369752,5.862158146,3.314814539,6.793800293,5.882878508,7.259283243,7.542624408,5.161557144,5.183072111,7.601668379,7.272835678,5.479444232,4.945761149,5.504421297,5.355187937,6.926216115,6.97883839,6.948024708,7.251726499,5.018000061,7.119971694
B4GALT4,6.895519407,5.377034579,5.935543396,6.291675268,5.365583603,5.787163849,5.501580656,5.622796352,6.630183826,5.796961735,5.864389027,6.087194772,6.692973308,5.394578256,6.139253793,5.184393965,5.85493212,5.518981905,5.548043699,5.804395177,6.379188064,5.223727225,5.743783703,5.444979567,5.17961069,6.844802162,5.267888673,6.158935336,5.692760862,6.075045629,6.198791004,5.617519157,5.881083632,5.823438542,6.268450466,6.42422617,6.44149932,6.564424599,6.410273177,5.646349442,5.10008296,5.739308044,5.474755875,5.308632338,6.219855181,6.262141949,5.590434973,6.184704434,4.891574245,5.814594187
NAA50,6.966125028,6.72442242,6.409744224,6.624149092,6.606761094,6.498985973,6.550636968,6.533674004,7.01713366,6.58218425,6.719825514,6.839163205,6.808617352,6.512261509,6.984914814,6.365929819,6.551574747,6.959660964,6.455070454,6.615251577,6.990610482,6.327487127,6.623684275,6.467034516,6.418652286,6.735041019,6.448051037,6.212915887,6.387598767,6.828572999,6.521446034,6.333568155,6.604497007,6.629067272,6.929259887,6.91892769,6.854671799,6.624605532,7.171000083,6.765906888,6.247216362,6.34071093,6.39087722,6.098448994,6.896079416,6.704346719,6.802923387,6.909516815,5.966804343,6.475686144
KIF18A,5.562780742,5.630671759,4.953960972,5.30591586,4.200672294,4.547712488,5.033951019,4.760419484,5.498058242,4.617713329,5.689987472,5.112446632,5.228759622,5.639400131,5.125156189,5.14513391,5.273389498,5.338852455,5.061821761,4.904659721,6.246589058,3.611138692,5.519480164,5.088552593,3.908503301,5.146565934,4.629650279,3.850590486,4.663287524,5.654579419,4.269162171,4.967802017,5.095356402,4.913751373,5.764988964,4.781631739,5.47271046,5.157035042,5.737387864,5.523052825,3.275058332,3.491511875,5.692931216,4.519578425,5.306191623,5.289920663,5.112575855,5.58710688,4.863463606,4.904593102
GJB6,6.977914777,1.330861366,4.647029763,7.112065683,4.759590821,4.15941702,6.429359545,2.696157076,7.169582256,5.444961836,7.294411886,1.827284598,6.328768886,5.75400574,7.118401823,4.092065957,7.030174475,4.806211681,2.456090786,6.46813546,2.431667073,5.084036928,6.094339231,3.143952929,4.40698731,7.07694919,6.193173521,5.113829554,2.351910129,5.996640051,0.83285634,0,4.386046276,5.163951577,6.737014087,6.744800767,5.387056119,5.694816009,7.160796279,2.422789194,2.218559388,0.877147422,6.263064473,5.57709283,6.450300755,6.728560729,6.460032766,7.173267228,1.646167884,7.212064828
GJA3,5.361474325,0.222862429,0.651527004,4.668564834,1.595618788,2.384569735,1.426999534,0.812748354,0.842843516,2.336686309,4.87836063,0.272214367,2.07842609,5.168687912,3.547645268,0.399388242,4.802287579,2.289688604,0.603837266,2.396480445,0,0.994092968,1.270304641,0.309780266,1.365564834,5.500076922,3.363792827,0.671996528,0.228597103,3.618510769,0.420904877,0,2.494773901,2.850042484,3.68711873,4.207760564,1.545535556,0.864944644,2.475225791,2.944284504,1.145609874,0.368171457,4.683619123,0.508614673,4.58617667,3.293581312,4.729586994,2.789024418,1.171404915,4.818753299
ZNF639,6.187440319,5.52732458,5.821968117,6.15937741,5.644628404,5.778144989,5.761465972,5.751834426,6.204198187,5.412488115,6.31364146,6.082652699,6.00602253,6.290042918,5.812619133,5.219134172,6.219765342,6.179920838,5.329249016,5.846454487,6.339231029,5.65814063,5.68481649,5.585495142,5.524984474,6.432926833,5.412967905,5.58957043,5.533028952,6.082652526,5.881473603,5.373129634,5.680677911,5.73671969,6.20974331,6.379500307,6.101927921,5.509595718,6.320283695,6.026704774,5.507963558,5.201759982,6.363342148,5.14068842,6.147447345,6.33194006,5.578038758,6.524376688,5.289047273,6.147999547
PIK3CA,6.010400688,5.181393785,5.311730737,5.924298481,5.637891223,5.702502381,5.54328379,5.519137166,6.102324229,5.240674434,6.206672189,5.299073286,5.716492277,5.846837557,5.632398393,5.328219726,6.210862842,5.796312886,5.297769407,5.86538114,5.918444312,5.522676431,5.468756256,5.433230702,5.349479118,6.278083639,5.144980988,5.220099959,5.26252236,5.877022824,5.445583425,5.08258969,5.395055588,5.656812425,6.154462032,6.115887022,5.783553987,5.367818957,5.628309245,5.356629575,5.348461632,5.123729868,6.130100373,4.885487192,5.858373891,5.99749257,5.413555214,5.838446129,5.648392266,5.971210495
UBL3,6.154277622,6.216149542,6.463096899,6.282415554,6.625378482,6.467629176,6.710584325,6.519584565,6.446547038,6.477645011,5.999458543,5.740030764,5.79191831,6.298077702,6.008500223,6.461990875,6.376876717,6.072933501,6.161360952,6.120173442,6.136371332,6.414798805,5.91090739,6.160169605,6.666392061,6.204005247,6.266180323,6.601835656,6.483287922,5.912823966,6.540784737,6.00435596,6.329580199,6.435010166,6.155578293,6.092741309,6.577615288,6.433091671,6.237623539,5.892227231,6.628688635,6.381357661,6.474669908,6.480494698,5.915141061,6.186381471,6.135135833,6.031438494,6.163829625,6.266867411
FYTTD1,6.560220419,6.091981887,6.130520916,6.092626886,6.23023037,6.118878382,6.270268741,6.086200009,6.496754718,6.194382108,6.45012156,6.464491901,6.39984066,6.538086077,6.463041309,5.930563754,6.590298808,6.311831376,6.002340381,6.389191932,6.373388216,5.921425218,6.158568903,6.037669484,6.13617802,6.174715594,5.933250478,5.873765347,5.798120999,6.415074091,6.007687542,5.794761329,6.024043116,6.156618542,6.233411269,6.399518435,6.347844402,6.069909089,6.882912158,6.234468107,5.865395585,5.634588615,6.709453617,5.842611135,6.556439348,6.785445979,6.332795664,6.721818748,5.664469746,6.574470978
TWIST1,5.935187674,2.691373775,5.30969517,6.172084483,3.236214076,5.925946913,5.746251096,5.483838559,3.929530508,5.022414864,5.057054074,4.283172256,4.604712618,6.366056115,6.697340557,2.8677619,6.122007504,5.289633933,4.817299107,6.647330554,3.454484545,3.344962246,6.186373467,5.840435475,2.854870569,5.116216538,3.339768693,2.719735297,1.19895182,6.183992787,4.395376725,0.449067713,5.371692256,5.843605883,4.656248549,5.506045752,3.711483736,4.281226976,3.979494188,4.683458033,2.879801776,2.978740137,7.036016659,1.918279049,5.503965143,5.747071996,6.343748276,5.644842877,2.247658995,6.353002605
PHF24,4.503533467,0.800146903,1.983716507,4.416968016,3.247884063,1.322761621,1.332349623,1.542502492,0.343719954,0.782371081,3.265663548,0.128633074,5.577377771,4.71209534,3.274084173,1.421219035,5.752748337,0.936300519,1.854173981,3.402846558,0.678978086,2.515804653,3.332367519,1.306201737,1.485179329,4.281945634,1.096529746,0.615773583,1.144149033,2.511432833,3.015395479,0.594236576,1.176663272,1.511348578,2.13184125,3.42381014,1.376573177,2.657163996,1.1468286,2.662238901,2.054781323,0.091368696,4.096806211,1.315842328,2.106002472,4.897726154,3.153574033,5.035514476,1.837010707,0.882797302
NUDT10,4.793709208,1.293022498,3.614257987,3.949347082,2.315967751,2.756978998,3.229563003,3.209644072,1.45163936,3.624779291,4.475264515,0.607883337,4.770053959,5.585089722,5.199408229,1.135292797,4.516427819,0.721666392,1.061788005,1.785544307,1.418005301,1.94196931,0,3.633549926,0.745546171,5.010458422,0.586083531,1.566166851,1.812718701,2.796189605,0.8894821,0,2.849594607,4.307686761,3.971711438,2.992680664,1.326696349,0.833356894,0.342609344,4.809142886,1.994495625,0.452415246,6.282786103,1.626262638,5.458996334,5.038183069,2.581504476,2.348713811,3.388899024,2.553318468
SLC25A16,5.134639243,5.038962167,4.918043657,5.64371704,5.312712904,5.673251813,5.587770435,5.112555392,5.02582254,4.914370058,5.249088206,5.621815981,5.641289082,5.146811964,5.067616249,5.721941649,5.315817169,4.882611964,5.259765375,5.473336734,5.306509356,5.51860792,5.218236321,5.170722957,5.458490661,5.107990167,5.592174114,5.457284319,6.304863985,5.080658245,5.598488331,5.592977736,5.246798484,5.422035782,5.497371574,5.295591765,5.968721056,5.554460873,5.660403248,5.292842766,5.774992748,6.106872296,5.746357492,6.021008519,4.817132216,5.073628147,5.356192977,5.457275707,5.702104579,5.074319165
DDX39A,6.608066241,6.463040836,6.684167094,6.508859534,6.388441159,6.305095423,6.600884152,6.343258031,6.626474376,6.423945983,6.689512627,6.660609394,6.703168928,6.381477831,6.987732035,6.494382446,6.423472884,6.516183802,6.187534734,6.355199844,6.388470475,6.125510591,6.711251553,6.498432485,6.162550459,6.642700867,6.362526125,6.580249295,6.138533713,6.415587268,6.245767497,6.72542229,6.555611729,5.997644994,6.448584648,6.708365242,6.374671584,6.344370607,7.022458929,6.750917939,6.048922506,6.328358854,6.658824241,6.517941731,6.507650992,6.60397242,6.473471318,7.08594004,4.703854707,6.334820627
ADGRE5,5.504479178,6.342174501,6.401627659,5.542805913,6.876185011,6.735493688,6.67357972,6.622268749,6.282203771,6.84584238,6.015751356,5.994031784,6.209171481,5.682268753,6.017737047,7.004372852,6.494663251,6.582581856,6.368725493,6.310508084,5.856773226,6.507393185,6.352343026,6.593924074,6.551075449,6.180237944,6.794390182,6.812085416,6.175357424,5.750001206,6.476575114,6.186976004,6.62665813,6.414351482,6.390794921,6.415314292,5.779897456,6.533786784,6.181950864,6.582663389,6.61538275,6.178693208,6.314840745,6.15912354,6.116020014,6.035068202,6.27290099,5.998844402,5.252482449,6.603422387
HOXC13,5.373889332,0.441551969,5.899005916,5.580837415,5.192940882,3.969855036,5.153710156,0,6.293883158,0,3.5181114,0.53088387,5.200557318,3.065529009,5.064692715,0,5.064166592,1.23899276,5.065394947,5.815472034,6.071130665,1.46159146,3.683418475,0,5.473037548,5.301794882,0.511367671,0.279779721,4.880619609,5.084075245,2.159047941,5.084170837,5.26792282,4.516905921,5.447988142,5.101230573,5.299930077,2.066435569,4.571513498,3.303728655,5.781171975,1.710692572,6.262332116,0,5.707578556,5.845795862,5.635475147,4.546020343,2.619460175,4.843569342
CDK2,6.39264218,6.557500803,6.067840293,6.165376816,6.001860352,6.026682284,6.036194745,5.9646496,6.467861023,6.180750702,6.326845766,6.466075741,6.233901514,6.437968215,6.478577684,6.147040032,6.283580911,6.429319444,6.158399695,6.135403604,6.642692139,5.998210135,6.359245103,6.167113417,5.978510542,6.400334426,5.843484397,5.986093746,6.165594686,6.489089584,6.261685949,6.000036131,6.538639581,6.00046329,6.370524509,6.329234656,6.644996502,6.286064109,6.549035899,6.247088513,5.757941423,6.14570579,6.500375529,5.901590556,5.914334148,6.388819856,6.289755852,6.572158663,5.159509004,6.139176956
NFE2,2.51476019,2.588923596,6.235053848,2.883244673,4.062891649,5.268356706,2.058056017,5.328213211,3.088412028,6.186339558,2.774448173,4.002278102,2.028742497,3.183664789,3.806449574,3.857948705,3.976214886,3.432209488,4.772332757,2.364099931,4.044127335,5.640754279,3.906033951,3.567262033,5.374813582,3.096632516,4.789381956,6.164455469,2.726577234,3.960098717,5.181411758,4.446502132,4.833865713,3.55594649,3.551144985,2.161188365,4.632782211,3.72482829,4.955363865,2.633387389,5.063626442,5.554601475,3.281993028,4.992033002,2.04328942,2.952824392,4.270699521,2.263800484,2.964362191,3.531063449
METTL8,4.834878616,4.976509734,4.569881035,5.377954104,5.003170565,4.716636886,4.918895536,4.441459084,5.299896357,4.767649154,5.455232954,4.563597039,5.092744312,4.645223199,5.568323193,4.606683561,5.200448538,5.632122585,4.773097184,5.385866758,5.157559247,4.75447022,5.221095538,4.919561592,4.255138531,5.189072884,4.737625067,3.917385797,4.742969738,5.452431009,4.221379749,4.484537107,4.961599563,4.701661214,5.167828719,5.394036936,5.385327487,4.706027667,5.672106292,5.048217068,4.455029662,5.161814307,4.655447228,4.790086765,5.459398281,4.928229128,5.058898436,5.674374928,4.85980911,4.761876851
ACVR1C,1.732180255,2.993599513,1.188684245,4.27215916,1.386680749,2.06669909,2.415483199,2.455108919,5.277235027,2.648782027,2.849078238,5.265151373,4.647784032,2.887503031,5.108983679,1.139311311,4.087878302,3.766813016,4.344550932,4.992779889,1.470646312,1.414991552,4.234933794,1.050484115,1.136753813,3.486632694,3.735672889,1.570985867,1.742281922,4.445271652,2.582809055,5.119399716,4.130994996,2.777741277,3.663203593,4.281327123,4.51336207,2.346366995,3.937404375,4.867145309,0.759692502,3.870967903,4.168132168,1.913138265,5.264464417,3.180674957,2.954387181,4.396006997,2.994833394,3.766982518
C4BPA,1.843634492,6.985675163,3.900164101,5.331737411,7.20302503,6.966492992,5.930872125,6.971188415,5.630500795,6.264627646,6.214863858,4.787836035,0.945328617,6.135130047,2.998753858,7.105513759,6.535920822,6.64662745,6.2660158,5.85348165,0,7.265958272,5.394238327,2.185989151,7.129448087,6.400014653,6.539070124,7.537003972,7.126842311,5.576958969,6.296723892,7.212216381,3.711004533,6.913683191,6.456407817,6.583079466,5.748137882,6.936752673,6.899996187,6.007879508,6.708812602,6.92134463,2.988337387,7.101374853,6.374587974,6.725630716,6.580271106,4.888824267,6.451917142,1.971589751
C4BPB,0,2.961878417,3.64227842,0.790574944,1.705991939,4.024539668,1.874685148,4.658018569,1.076172448,3.782340046,0.746172359,4.211443301,0.434482045,2.623891407,0.43479103,3.720069879,2.88840843,2.622816852,5.858087911,2.070191606,0.345192555,3.061324485,0.468962097,0.468191613,2.371211066,2.519167091,3.478228078,6.307783799,3.351689377,1.545060384,4.450876365,5.99657288,4.306963855,5.494704804,2.618017327,2.457063502,2.468689166,4.359259917,2.87744365,1.705535291,2.545997136,5.636727764,0.735494059,1.85473399,1.052064614,2.222054651,1.911089524,1.322948564,5.147768636,0.812460491
DAW1,0.491879859,2.680450565,1.688125776,0.853648206,1.80583609,4.019463265,3.890400214,4.963104535,0.770584767,1.679958845,1.531446988,1.390068206,0.257166903,0.939522797,2.337858797,5.244004726,1.620883088,2.347659582,1.047287771,0.968079669,0.37764085,5.375962511,1.41442214,3.524182262,3.953963717,0.677806642,5.245162422,3.318475097,3.376307651,2.110649595,3.741248682,2.894025425,2.269261581,4.92875348,1.063110168,4.22487719,5.500297162,1.289657577,3.536726972,2.350136735,1.256784461,1.805364454,1.294465107,4.635912672,4.454925814,3.813886028,3.506624861,1.852898699,4.605972184,0.357412134
PI3,7.914703627,4.305240462,5.808940965,5.714985521,5.444233171,4.340908549,3.422652228,5.656551079,6.088035343,6.774351012,6.955259113,5.081745128,7.758855807,5.458339336,6.123877159,3.791964401,6.779368242,5.87207467,6.176108018,6.695282136,4.484404622,3.478346138,6.962875157,5.45379265,4.371166888,7.634758866,4.220383342,4.194868871,5.074072494,7.220486249,6.36651489,3.165660463,7.010178177,5.640657274,7.549708498,7.886899664,4.662581759,5.902047813,7.311707734,5.45841251,3.62586059,1.545848204,6.50595176,4.186912766,7.24232336,7.504434458,7.08132508,6.761632836,0,7.274821045
WFDC3,2.979317398,3.151740989,3.750773591,1.696164334,4.539961913,5.625203448,4.966562951,5.301235754,3.497696397,6.121352107,3.616360201,3.000744602,3.669688941,2.380952349,4.2445139,6.317880986,3.760219956,4.99701447,4.045882448,1.234147363,3.305988227,4.803985471,3.371901684,6.002324739,5.623577661,3.647882752,6.300750836,3.612634082,4.851321362,3.397721663,3.23010842,5.896015706,3.476710364,5.63656582,4.387246152,1.864768052,3.221851809,4.529344438,5.488708248,4.174228272,4.288334379,5.839690122,1.672091324,2.77827033,4.397581087,3.443254328,4.684671073,3.962074153,4.403007978,3.804764482
PARD6B,5.214595324,5.366468929,5.460837513,4.914949779,5.361933976,5.729644596,4.829672017,5.567685108,5.407212556,5.539131294,4.785805651,5.024188347,5.060296705,5.104617104,4.790443265,6.184459262,4.825939609,5.241921308,5.305843154,3.603179663,6.35632191,5.761247528,4.929307557,5.48894013,5.934511672,4.584443041,5.859248091,5.726528242,5.562368377,5.125506796,5.11820609,5.468542823,5.328238328,5.115740182,5.854574912,5.207556475,5.621132536,5.336220774,4.974217363,5.01871707,5.183782007,5.697779259,4.802957555,5.81823588,4.738348188,5.166408309,5.623021936,4.973801168,5.979529404,5.342396114
CSE1L,6.92153788,6.832147615,6.608788946,6.722907889,6.565828539,6.588813303,6.636719117,6.4301847,6.868305353,6.512093164,7.069215999,6.819169712,6.766099755,6.625188742,6.963028077,6.724051848,6.607868573,7.138486725,6.63864023,6.65001246,7.291967796,6.465854473,6.780095789,6.763649893,6.630328285,6.843183837,6.562514235,6.348490081,6.540789375,6.83790234,6.494230524,6.854186406,6.510877142,6.59045583,6.909800009,6.725124147,6.835126335,6.649325939,7.047692006,6.886321536,6.482137616,6.853704603,6.830762963,6.629445967,7.140749362,6.667731473,6.945562589,6.989526959,5.952637602,6.976868944
XG,5.181503365,2.769916557,2.689514566,5.164448265,2.120409115,2.724976217,3.52146153,3.96263804,5.631736414,3.505054613,4.908235791,1.705000572,1.383547488,4.983935412,5.465783197,1.535051749,5.823904363,5.386750005,3.805793467,6.424599041,2.645921457,3.08330431,5.708267395,3.078606578,1.641636631,4.622659912,1.071572383,1.741781205,0.402424276,5.764456969,1.791313841,2.915933599,5.733945107,3.892370545,6.067097042,5.251167231,4.406486808,3.436322442,3.728536264,5.814223122,0.624774584,0.85802317,3.175628066,1.491162596,3.54941888,5.537858432,5.328407259,4.528873847,2.74911704,2.450324162
ATP8A1,4.502785413,6.21068144,4.202434445,3.246914002,5.795496726,5.89327666,4.896334443,6.096877784,3.952836295,5.178258875,4.415586239,3.909304561,5.009939641,4.936068915,3.018190047,5.787134642,5.395917511,5.267370618,5.21914338,4.406281215,6.139556401,6.572737957,3.562463808,4.768327114,5.665824897,5.140276038,6.002456022,5.750099654,6.051660745,4.580653061,5.089983028,6.206127215,4.910883928,4.572203481,4.7863059,4.882453556,5.277656905,4.865218289,4.201995766,4.86938224,6.323293508,6.224278655,3.240196841,5.475536828,3.763972421,4.771321904,4.296283198,3.766806938,6.004178553,2.570803228
LYPD3,7.328376734,5.349963119,6.383096296,6.33748777,5.32176883,5.583587805,5.383567085,5.912742947,7.030739257,5.705243006,6.736019939,3.673891226,7.124376477,6.314708301,6.858643852,4.713406028,5.862368552,6.717334283,5.771270747,6.618534044,4.744661189,5.033584279,6.805348486,5.313014378,4.296819453,7.119767356,5.906005263,4.364400313,4.007762338,6.738545249,6.747715595,4.47697418,6.70810333,5.850547743,7.198402021,7.222890682,7.095266743,5.685037462,7.145204721,5.511009936,4.636750335,2.274972413,5.691395019,5.745323598,7.216440384,6.814411298,7.153082323,6.0544287,2.02914573,6.855475852
UNC5CL,2.995305267,4.933801828,5.24328648,5.869232196,4.298100045,5.479638526,3.834830898,5.12820683,3.384107772,6.008822981,4.493798148,3.732519854,4.878135688,4.475485698,3.450908208,5.402291949,4.34947381,4.458467657,4.76174524,4.430106447,3.191571087,6.095732401,3.579983454,5.125775797,6.343302087,4.202249828,5.680293825,6.500630136,6.251727618,3.670061963,5.156397497,5.499333829,5.020261772,5.927776637,5.153408248,3.739396173,5.012611362,5.824171584,4.821658148,4.720324242,5.094226572,6.554526587,4.302940824,5.429585006,2.913298991,4.464695889,5.128839059,3.542633569,3.95126405,2.857249761
SPDEF,0.945502244,4.193465463,6.579902866,3.004384495,5.570782295,6.104183135,6.182115562,6.496822869,4.054173445,6.662982332,3.561177745,3.08418805,1.597072389,3.694195337,3.747424885,6.865494033,3.587920624,5.19607814,6.743441717,4.062588488,1.234330741,6.112980143,6.753919817,5.768366169,6.759080137,3.65642405,6.328193246,6.576655869,6.759893582,3.963628382,6.857958231,6.053951484,6.720419552,6.205312126,4.415913163,4.848283759,5.94574892,7.080150881,4.843552557,2.656595995,6.558827554,6.608057733,2.883778077,6.933190647,4.774591841,4.610468842,5.303340275,3.569040525,2.804853696,5.631318414
TREM1,3.748271351,5.559658973,6.907409936,4.881198937,5.475295221,6.755620816,5.68176262,5.960148483,5.459055552,6.399652184,5.607021258,6.828495231,2.550661011,3.073817987,6.306604283,5.812080174,6.317039716,5.43496626,3.952269338,6.076165937,5.763394559,5.477751396,5.047176074,6.499784217,5.523353102,4.532382635,6.710102605,6.608972158,5.998477565,4.625444002,6.389375779,6.518934073,5.786659581,6.786130289,4.983262513,4.613493988,5.526315518,5.404735759,6.479828582,4.976370239,5.969462743,4.65256976,5.190924615,6.064116969,5.121148959,5.22112604,5.2967503,5.251580903,4.597142811,6.833019353
RIOK1,6.350543615,6.325924321,6.111712819,6.484397862,6.109559852,6.294635766,6.138332875,5.582627945,6.525607431,5.956313692,6.368266662,6.106199956,6.146964752,6.296489784,6.295654565,6.011694931,6.067209263,6.429208935,6.089443199,6.197257247,6.67965029,5.917047999,6.368478999,5.979236649,6.197233582,5.911198793,5.896445044,5.763329638,5.935858087,6.38560017,6.200145058,6.050758681,5.707260139,5.887543271,6.346702403,6.133892396,6.229040263,5.959549735,6.526944487,6.233343939,5.934676548,6.709057518,6.342074465,6.106795538,6.215411807,6.336855026,6.062994237,6.722758632,5.196674326,6.087641849
RAB17,1.232035891,6.188475182,5.910859096,5.066300843,5.717608725,5.618862736,5.650963262,6.073862398,5.157235992,6.224363975,3.700300078,5.784874054,5.540474185,5.650698537,4.477057201,5.836406382,4.388664423,5.838197446,5.944237129,4.963997989,5.455190275,6.309378883,5.467830317,5.394643262,6.210785587,4.073019764,6.157995067,6.438639574,6.204331216,4.644845375,5.37973685,5.730932322,6.213448155,5.740017262,5.051647753,3.984226628,6.244703537,6.008347044,5.943818565,4.442918745,6.166444204,6.45023973,3.930873655,5.843721883,3.951335246,5.236096259,5.591597291,2.706900978,5.118705454,3.880970328
SOX21,6.407613577,2.560754158,5.423825244,6.400065829,3.725418315,2.113045144,5.510868141,3.149318318,6.297442211,1.732302064,6.459437454,5.166352071,6.289100849,5.294086974,4.955374478,3.058305396,5.477308639,5.001808048,0.976022125,0.881870975,2.513412895,4.332070794,1.668686532,2.45120714,3.226853189,5.700137128,3.528099484,0.247011752,0.966196437,5.511562413,4.193990554,4.73924498,4.292954091,0.838742138,5.63278981,6.339517073,0.64734879,6.066888271,6.532071199,5.773221925,1.051544699,0.184798544,6.459281529,3.92923664,5.719295199,6.657188624,5.350356338,6.640646895,1.12229461,5.211736521
HROB,5.760317429,5.330727423,5.347147823,5.150013399,4.328022918,4.566309901,4.748891318,4.138845056,5.748935509,4.348871135,5.42864176,5.748892212,5.793784023,5.721731935,5.56319499,5.619038898,4.97484961,5.577642633,4.698307212,4.988290039,5.908381605,3.563459403,5.938668953,5.789065223,4.150629023,5.685006608,5.817691553,4.498894654,4.893306867,5.80899073,6.052203354,5.699725548,5.339392395,4.802811335,5.297691264,5.639577122,5.8582731,5.477797538,5.585153882,6.089766196,4.764144907,4.554495579,5.407891399,5.293780546,5.175230411,5.294879969,5.354569469,5.982381564,2.841294908,5.097491288
IL37,2.493555719,1.803367105,2.373409661,1.509656042,4.018536642,5.191318394,3.906501688,5.104621022,0.694079187,5.242411642,1.959632694,1.526303566,3.423548413,1.369918316,0,6.768547744,1.094227878,0.84217079,0.620915748,1.408115596,0,5.11602051,2.941960732,4.774364181,6.756718368,0.875897507,1.978059262,6.210120948,1.616475403,0.813311144,0,0,2.734485979,6.478354303,2.98026723,1.153515184,1.893258376,1.526444677,0,0,3.529943558,3.508283951,1.185029478,6.964410775,0,1.129283601,2.270127655,1.117142741,2.215462127,1.544965304
FOXA2,3.45035268,5.164554073,0,2.246328403,6.173107091,6.393261133,6.111190128,6.284982179,3.211112718,6.640286272,4.239903685,3.37773644,0,5.489910287,3.955161634,5.589537318,4.983507012,6.147303274,2.154047139,4.563692189,5.80704787,6.626498771,4.941698284,6.192665744,6.780796523,4.491420611,6.328219213,6.770604944,6.239153605,2.892548799,3.680303694,6.866995698,2.977763937,5.957620079,4.676186572,4.106334137,2.919022544,5.956175108,4.49877918,5.125268613,6.658541179,6.406629507,5.762310106,6.29546256,3.988261941,5.270184264,5.913596362,1.973783371,5.790155729,2.87908067
MGME1,6.554612528,6.333065704,6.321047398,6.543663866,5.931768405,6.047918114,6.301919878,6.055518416,6.417975346,6.315804871,6.562117463,6.358067435,6.507497069,6.37897038,6.713791863,5.999178321,6.361289375,6.446231968,6.230823258,6.388715925,6.773506502,5.962029174,6.369735196,6.444427244,6.011307422,6.554220395,6.347997604,5.864923003,6.332059962,6.439331774,6.090115408,6.244899735,6.365136853,6.192876015,6.437019669,6.374282867,6.338376397,6.195160444,6.32495842,6.343850203,5.978318545,6.530711809,6.251067572,5.696159227,6.51621942,6.326629433,6.413625846,6.491628442,5.686551882,6.237732843
LRRN4,1.449983111,5.567762864,4.369196719,2.289713209,6.110258142,7.009103533,5.830307677,4.562828076,2.324896682,6.226490026,2.76378345,4.647157037,2.313556752,4.928934341,2.816191107,6.523737581,4.905815745,5.210156523,1.841302208,4.712492079,4.025381212,6.369337563,2.175697967,6.304672395,6.921640967,3.862472574,6.939978358,5.769251705,5.299214652,2.774717194,2.913055806,3.366646272,2.218257761,4.938046327,3.877287282,3.526707431,0.371276136,3.411354474,3.835008957,4.09004488,6.169246642,4.794983718,2.207946951,6.248439163,2.553006608,3.59542848,4.01610913,1.9394287,5.257171351,1.62614213
TCF15,4.721589266,2.149130002,3.920588903,4.395142082,1.880752823,2.746478417,3.154267378,2.522383575,0.41670499,2.147271964,4.275077281,1.743540581,4.558988558,5.065763349,2.688889078,2.259344389,2.262149721,1.184940498,2.107504515,2.069106911,3.166141156,1.664828371,1.7355361,2.106580636,2.051937748,1.471480264,1.391235328,2.758192566,0,1.912518608,2.396630553,0.960608345,3.27320724,2.085308422,4.134283725,5.046393374,1.787378533,1.996576323,3.15345992,2.287144834,2.517800251,2.473978168,5.060167014,1.508545791,4.249799724,5.211613074,2.706159978,5.828621115,1.82113299,1.832744752
MCM8,6.023291444,5.884465454,5.200994733,5.498701325,4.552795362,5.147092063,5.256994937,4.697763654,5.752669973,4.643311115,5.686906984,5.83268101,5.628621036,5.892344514,6.051292277,5.153905181,5.747533875,5.688031206,5.225184,5.541916344,6.267050293,5.032191151,6.05141326,5.734700669,4.861121606,5.76650271,5.326011038,4.457254697,5.62847554,5.554516288,5.186372413,4.882218346,5.256400817,5.329418753,5.732412396,5.254535836,5.775947741,5.652639176,5.088644465,5.688735511,4.425004098,4.981197098,5.627628824,4.399185073,5.315435574,5.510008578,5.92015003,5.734176004,5.024928851,5.477521589
ZNF436,5.884669916,5.690369196,5.605452824,5.956472712,5.573920793,5.756737992,5.849802646,6.04893704,6.367052939,6.154895769,5.862225428,5.773482917,5.741541179,5.669218418,6.423695496,5.463392619,5.794836069,5.927023137,5.537186394,5.991129563,5.999634745,5.886704494,6.031889222,5.746437831,5.868132226,5.677531928,5.475420154,5.294138157,5.235178272,6.2852885,5.558061115,5.0868416,5.647582969,6.118562571,6.234485926,6.336237192,5.998825879,5.308236013,6.134860786,5.458243553,5.815039718,5.335564828,5.862819132,5.541730538,6.392795717,6.024142469,6.478771995,5.724220839,5.53698517,5.896009194
MMP24,3.775197408,5.041495838,4.798249467,3.618598869,5.661177993,5.222634786,6.21046831,4.325606322,2.791921248,3.937697801,3.645053528,5.655568796,4.056168197,3.339889323,4.094577317,6.098343816,4.793930301,5.260133669,4.486880178,4.516417806,4.053550358,5.555175026,1.991751405,5.199215288,5.547080553,3.409926389,5.359889084,4.761708381,5.659031828,3.493558274,4.244054421,5.122434515,2.507757617,6.067577937,3.707860478,3.728942283,5.063880865,5.219524576,3.959685686,5.331331952,5.323441957,5.464521683,5.369407609,6.013633486,3.746010615,3.961281497,3.349041632,2.438434929,5.103005191,2.773909003
TMEM53,4.635945556,5.1835678,6.246853081,4.727357602,5.702807539,5.708885114,5.506130067,5.71059535,5.470106346,5.917390904,5.5046948,5.920730916,4.564421503,5.313087055,5.192951623,5.435251298,4.838780772,5.677740928,5.344575792,5.216495318,5.143812374,5.852819076,5.359336266,5.872111869,5.770265466,5.026632606,5.831018706,5.938830667,5.815700821,5.181622048,5.698029753,6.089231682,5.210861541,5.703296264,5.192247928,5.319101816,5.532455208,5.803942699,6.040421379,4.798332438,5.933043472,5.475777757,5.235465205,5.94737728,5.740360142,5.329829784,5.787757736,5.520318006,4.420768226,5.703739981
UBA2,6.815681021,6.830886601,6.728416852,6.81551242,6.591693743,6.613712961,6.83262163,6.451476207,6.831538912,6.491863466,6.787221932,6.900668072,6.611483599,6.806942437,6.836574465,6.641382716,6.725634103,7.15367263,6.566965446,6.641574426,6.739962118,6.304309066,6.67086432,6.544475409,6.696573963,6.627300428,6.479272177,6.395249506,6.743613316,6.607415994,6.756087008,6.684033224,6.511766595,6.664007345,6.760878065,6.631138142,6.996525124,6.650982805,7.097256876,6.691061645,6.29084726,6.306705294,6.900592697,6.464374681,6.822884976,6.581798438,6.97415648,6.938823162,5.782489119,6.704425474
SGPP1,5.699201416,5.713140159,5.956437153,5.952534323,6.321813657,6.220094464,6.442378062,6.413953539,5.6142503,6.008454156,5.276498411,6.353567762,5.843282154,5.91511426,6.007154771,6.376131164,6.171065528,5.932263292,5.635489127,6.07975514,6.89989031,6.300307826,6.073900358,6.026082901,6.118446002,5.433836513,6.043391917,6.41776725,6.63603051,5.609538886,6.520629456,6.043347712,5.9768736,6.202503731,5.950292738,5.270416221,6.747562015,6.131526531,5.138639005,5.816215541,6.173968701,6.071489012,6.348637194,6.183058425,5.746053823,5.945654745,5.889426093,5.17551776,5.730383756,6.332503381
IPPK,5.514886735,4.540474942,3.341833811,5.309029437,4.048878971,4.468174517,4.078161728,4.45061253,5.460297254,4.604219898,5.340172859,4.686181881,4.780645008,4.561351868,4.760740701,4.006170617,4.958842907,5.196035835,4.321145446,4.295387827,4.93492947,4.120533318,5.352669001,4.389358471,4.328825041,5.613513764,4.752543451,3.747503888,3.971270762,4.738844348,4.25554803,4.288718449,4.290814745,4.100121615,4.797453497,5.482302014,5.19941726,4.579775147,4.38342442,4.406038169,3.973660493,3.565927715,4.11952838,4.517146309,5.1530335,4.894507376,4.386302108,5.093747285,3.783799927,4.497779196
AUNIP,5.119252796,5.265290056,4.647922887,4.982797531,3.727477132,3.832034442,3.993702716,3.669800167,5.077226521,3.819549382,4.889985937,5.446005229,4.636028496,5.401532083,4.708701831,4.392475807,4.245924943,5.024259411,4.108221735,4.715418532,6.497462249,2.723971505,5.703823367,5.072030043,2.95976227,5.54514659,4.807696664,3.500305053,3.864392217,5.186844698,4.650980811,4.927957298,5.003764036,4.364238599,5.289254832,5.417397868,5.975696471,4.703614291,5.700581871,5.12187644,2.314902404,3.945931986,5.04480318,4.545658351,5.330763283,5.138690931,5.297971315,6.169086236,3.22463485,5.259882241
KLF2,5.242051137,6.142144769,6.641981927,5.494978025,6.894179393,5.813091632,6.659227474,6.283030311,4.968274991,6.287022402,5.323970139,4.719751635,5.931930233,4.483087859,5.472194926,6.176388073,6.246101191,5.970146487,5.840058082,5.407561237,4.17964745,6.386429262,5.984753473,6.430657392,5.695976734,5.760693497,5.776108961,6.341232609,5.935469328,5.414909245,6.619094287,6.594888823,6.19129927,5.898253216,5.6694972,6.229082632,5.198126231,5.957111977,5.444895796,6.241608221,6.237739305,5.546093153,5.396413,6.302985621,5.585574889,5.937276682,5.554421444,5.375221432,5.358274632,5.757777189
PKMYT1,5.950883006,5.503737043,5.634216634,5.420091266,4.348232438,4.096342636,5.163682394,4.638530108,5.444838778,4.888401985,5.993392507,5.623472816,5.732961796,6.155189608,5.55623011,5.405426631,4.500228937,5.826950045,4.926423419,5.480623785,5.823391792,3.543022119,6.061452717,5.965342042,3.862817943,5.813439341,5.993796906,4.741417119,4.661979876,6.056348336,4.937721978,5.213888925,5.629115309,5.273001998,5.613383086,5.978769536,5.620663632,5.6099722,5.737279185,5.934825697,3.74383306,4.890475298,5.12191509,5.075264135,5.988535909,5.736012799,5.800173829,6.248378153,2.126372988,5.946595918
PNKD,5.954885568,6.237790411,6.935374093,5.97143352,6.728975123,6.56430638,6.545762205,6.307305384,5.804698792,6.446706945,6.07249492,6.880845589,6.123880019,6.262328587,6.124632892,6.498513236,6.057525914,6.370014321,6.34766025,6.384702305,6.276219319,6.652262379,6.679703556,6.350862434,6.64767385,6.265860205,6.561696706,6.631166533,6.916441264,6.496727936,6.705319396,6.845487786,6.404172159,6.414780641,6.18354056,6.171178158,6.847314139,7.169706003,6.5977386,6.398764717,6.991848153,6.898739577,5.922735253,6.899282231,6.064429343,6.096114052,6.986596309,6.407573933,5.069413119,6.685978257
GNG11,5.490314995,5.897172942,6.396937811,5.57954738,6.435693334,6.23738672,6.451189542,5.990106241,5.312613481,5.172667149,5.520084688,6.701456055,5.581903206,6.615303333,5.854472649,5.797159487,5.83128003,5.849351106,6.045147781,5.822905641,5.072033078,5.935847887,5.788483149,6.209366059,6.854268782,5.807317661,5.794636817,5.956258141,5.819174301,5.39888917,6.177066657,5.710039381,5.691662333,5.829461021,5.718601876,5.308534815,5.721412921,5.670573468,6.10868649,5.443994584,6.153354348,5.173993983,6.548988876,6.208540874,5.794510437,5.934201197,5.703942177,5.79686337,4.922791519,5.254928476
GNGT1,4.968316312,3.855812832,0.704302278,4.572917842,0.543398345,0,0.755896359,0.874868518,4.942653193,0,4.861129745,6.606488737,4.721682038,5.79149763,5.219923666,0.434872549,4.380231099,4.672744302,4.3093344,5.18853402,3.198629327,0,4.74816364,1.253094545,3.799707481,4.503928282,1.321790517,3.419936533,4.037216855,5.234425809,5.140183797,4.684462906,4.658257814,4.335868864,4.415119123,4.714979378,4.439968984,0,4.335418795,4.439716699,0.709970482,4.466729929,4.715783454,2.184348654,5.020709134,4.961788765,4.514276598,4.9709653,4.418543225,4.097754348
STEAP4,3.468852684,5.893066773,5.729061477,3.379341827,6.618436264,6.805774547,5.746046462,6.932309123,6.510153176,6.320114673,4.96222759,5.275166882,3.317240252,5.009816937,4.568868822,6.531953382,6.105267395,5.3796256,5.456330722,4.298798194,3.129270314,6.177820113,5.330961826,6.679631848,6.144106029,5.540251981,6.536376419,6.717558667,7.021969191,2.993110383,6.764239935,6.737446023,5.084553777,6.195428193,5.286150296,4.915831396,6.764887347,6.052465784,5.889575986,3.81677775,6.878302024,5.669588129,3.672393568,6.653083988,4.812799475,6.102237775,5.244295123,4.106416703,6.212956582,3.304171901
CASD1,5.836387632,5.835254237,5.503369097,5.586552979,6.010944707,6.392889131,6.036072609,6.023000302,5.820941102,5.805174238,5.537319077,5.970536642,5.522733876,6.56430432,5.564605151,6.053083649,5.845814172,5.655639779,5.543565057,5.815837231,6.513408146,5.971692091,5.355064699,5.78655196,6.312149586,5.541551756,6.28212887,6.186366561,6.140299634,5.839532471,6.052440941,5.734746966,5.658218255,6.02517115,5.450625277,5.551627152,6.286564155,5.572032632,5.573318737,5.542722452,6.044646757,6.396499044,6.143515642,6.091903331,5.320117896,5.663252165,5.610713841,5.593355745,6.118152823,5.079196783
LRFN1,4.674211498,2.770551578,3.814580807,5.265560223,4.679113811,4.271050142,4.655492678,3.876252245,4.565473931,4.15838634,4.556788398,4.979717857,5.66892662,5.966883247,4.821297936,3.201832975,4.113388622,5.219975377,3.919299577,4.782597442,4.102558387,4.029734728,4.711202553,3.22924856,4.244169743,5.23966283,4.876991992,3.969747735,2.557783718,5.273750346,4.694910395,1.200515872,4.572867427,4.498411939,4.3554158,4.81107061,4.399174993,3.069803037,4.155661951,5.362255486,4.241978789,4.26631462,5.528883314,3.919270148,5.026162763,5.941044192,5.389930211,5.530988075,1.142595669,4.532468844
KDR,5.168055551,5.959184476,6.109010666,5.355436496,6.430467972,6.481311164,6.038379271,6.101249075,5.131064146,6.560773182,5.555643619,4.831799419,5.925430668,5.143428307,5.649141263,6.168359189,5.983800209,5.892786035,5.375956634,5.685259813,5.391776685,6.148718991,4.953983912,6.741210155,6.929801343,5.306830794,5.838469719,5.430229078,5.703532542,5.686625818,5.553469044,5.465745628,5.131640047,6.226138771,5.487339651,5.302052986,4.68864772,6.313293719,4.788526034,5.213543059,6.446517613,5.364782445,5.796240627,6.65203296,5.331810654,5.306829337,5.523480304,4.611229227,5.806223737,3.834807203
GAL3ST1,1.453367327,2.297645861,4.645673465,2.241523917,4.539208185,4.367717712,3.504679982,3.242898455,1.592630219,1.962892074,2.25161247,4.088363329,1.412950685,4.77897261,1.511879088,2.255540041,2.898738372,2.258565441,4.842209535,1.425255325,4.439409076,4.779655522,0.86478029,1.964800785,5.495789605,1.707072076,3.791917482,6.12247362,5.021899465,2.318266669,4.01353538,4.672948069,4.317991496,4.692246165,1.306320711,1.427345222,3.962120655,4.951249025,1.796224809,3.158619467,5.360091874,6.262996749,4.69314705,4.698274401,2.674451178,2.012187079,1.889260911,2.151759009,1.638452455,1.382714028
KRT17,7.908996134,5.847853152,7.596097275,7.743362411,5.734729238,4.962709156,6.381345269,6.227388674,7.628204524,6.874492491,7.901100497,3.973402788,7.211072101,6.599321413,7.994851601,5.994388869,7.459445235,7.779579315,7.240845477,7.954776348,0.754967012,6.296748421,7.621453255,6.661522791,5.546677415,7.148368741,5.281023515,5.560056287,4.176040484,7.595646094,6.83599517,4.219932859,7.835127432,6.404973639,7.540363585,7.3549332,6.462145031,7.614897185,7.558108177,7.051544568,5.737079682,4.875546984,7.41256983,6.914860853,7.516427166,7.5894506,7.897368334,7.328495679,4.435927875,8.048752168
CPA4,4.365340626,0.902277439,3.402084159,3.752086748,0.348944725,1.483117687,0.693246127,1.441352824,4.074696446,2.277100145,3.012227965,5.319616809,3.023865339,1.127255871,5.852727087,0,3.650074813,3.443388016,0.29784555,5.607070019,3.352090134,0.287548777,3.285501409,0.607049243,0.30541355,1.698312912,1.409748586,0,0.536060664,5.435002973,3.781822865,2.019974621,3.3050717,2.549894722,4.765384996,1.251444973,1.646394631,1.449804316,2.02491807,1.114288937,0.561045276,0.252983437,3.157751606,0.941108548,5.019040789,3.596868525,5.244089407,0.995819163,0,5.428151111
SMO,6.64718235,5.089159941,6.006520946,6.575968049,5.631514694,5.284073575,5.52418688,5.79920766,6.126588254,5.73901267,6.677901801,5.375123957,6.392196799,6.176612034,6.522465673,4.363991572,6.345926933,5.305865805,5.204287898,6.579079305,6.98264877,5.233060049,6.108220562,5.517328896,5.742823445,6.249538787,4.435690165,4.843536544,4.57351095,6.793172944,6.307978423,5.471598065,5.489742768,5.976230663,5.887592766,5.854120271,6.035759426,5.985640421,4.506668362,5.959950433,5.267842707,3.997980645,6.435232701,5.921540272,6.121258311,6.453629605,5.936871242,5.600513037,3.997639054,6.166226989
HAT1,5.986429692,5.966397913,5.824384201,6.07364291,5.951412897,5.908384322,6.189063762,5.909909613,6.279461927,5.916462061,6.049423737,5.865014806,6.096922511,6.041652661,6.140089356,5.902027271,6.0158308,6.077227342,5.683048656,5.873248713,6.445390996,5.919858898,6.16523195,6.129356449,5.752604924,6.05641187,5.854572065,5.708539608,5.836851481,6.19342255,5.867252435,5.826670004,5.753816216,6.030938729,6.202330669,6.109519543,6.29105092,5.899202673,6.538642137,5.803096042,5.588624653,5.650510008,6.074706226,5.692814715,6.195569417,6.093863774,6.332127736,6.40795638,5.093678948,5.910973911
HOXD10,4.818887988,5.300431118,4.494965616,6.205572583,0,4.732004011,2.969578463,4.128688427,6.17168498,4.309082951,1.383866303,1.886389552,5.851585595,6.023286162,4.75039299,0.207592716,5.733130493,1.435578409,2.731872618,2.485383652,2.234135666,0.971207675,2.706037702,4.16646185,0,1.913656621,1.840549033,2.265065291,0,5.725641199,2.4084571,0.351801125,5.89769255,5.017176528,4.329783099,4.164951105,3.58795302,0.993435084,1.672197281,4.294148261,1.248955246,2.242609123,5.846632187,2.352560215,4.026160855,5.589912589,3.797896809,3.464028818,0,3.678903714
MYO5C,4.804050519,5.59563643,5.647716921,5.054086905,5.800621497,5.887927543,5.507039594,5.969758488,5.725147023,6.555007261,4.73405832,4.816756841,5.065722378,5.693615804,4.225054501,6.143417353,5.522002417,5.981177113,5.823241902,3.746999653,6.269425926,6.136133395,5.549504104,5.536928504,5.758967974,5.436429204,6.06307396,5.982768121,6.331083876,4.916821661,6.225356408,5.472878291,5.811392212,5.750369793,5.110182804,4.430443604,6.448184811,6.341815293,4.843884722,5.031758106,6.25879317,6.199712588,4.774472804,6.264399604,4.10011463,4.703761847,5.143065533,4.282505257,5.976679514,5.476254909
KNSTRN,6.241984484,6.070569803,6.054176079,5.963041697,5.235543314,5.245750337,5.431861909,4.855692954,6.110618904,5.579083028,6.230712039,5.973207966,6.164074486,5.907081858,5.753215391,5.802580104,5.678854591,6.164177437,5.614353992,5.758616592,6.475507356,5.091681659,6.105505366,5.814939389,4.861757384,6.327041622,5.518538237,5.175642722,5.699035554,6.081284366,6.105382246,5.741402383,5.89537613,5.209384509,6.00848862,5.947987998,6.390740397,6.030206327,6.275567854,5.843749266,5.003179513,5.611101836,6.022576061,5.25723533,5.827687866,6.003842535,5.970744418,6.55037915,4.607638363,5.847893209
SOX15,6.787526989,3.825302695,6.122181717,5.914533212,3.484920593,4.672886177,2.944740961,2.723462,6.619753195,3.421477467,6.77588869,3.972229844,6.484668186,4.041503048,6.587469108,5.59994886,5.310320599,6.45545634,5.754555509,5.939085228,3.309702257,4.436632142,5.362427689,5.856146007,3.462766949,6.221313211,4.338091639,3.602539372,3.438727539,6.028531102,4.195581593,4.605289603,6.39469305,4.037574817,6.749752976,6.445666998,5.937081598,5.67049109,6.595141667,5.936690524,4.350091248,2.171723611,5.998448597,4.826891658,6.745182511,6.428404783,6.302381665,6.692310513,2.814513463,6.374607099
PIMREG,5.997524725,6.205929028,5.366380452,5.300305566,3.736402953,4.21169314,5.118682754,4.003946138,5.426505189,3.702693507,6.142432419,6.359997033,6.088886849,5.759812347,5.71848386,5.288166632,5.278236204,5.782665403,5.091616986,4.992470702,6.658487946,3.063667263,5.32109335,5.867983844,4.048821174,5.759613826,5.070553712,3.598351527,4.171318817,5.831610118,5.244946569,5.817606609,4.74753224,4.775366739,5.50700117,5.1949402,5.014684738,5.813280389,6.021974425,6.003659806,3.660228442,4.305500335,6.212646434,4.866638961,5.28047706,5.967478418,5.46393448,5.929565115,3.304881946,5.471554942
KRI1,6.358272485,6.12352451,5.972560354,6.49396046,6.079479523,5.777886963,5.96804101,5.982709504,6.483921738,6.271156172,6.387863868,5.945892467,6.421577126,6.024681548,6.47776634,6.297308692,6.020580455,6.352588851,5.984798471,6.2348559,6.415405555,6.120803582,6.483451266,6.121412666,6.025772231,6.260523999,6.084427876,6.09579422,6.020630296,6.259287175,5.960477137,5.945069849,6.415874642,5.864835622,6.192434673,6.374621418,6.17362841,5.918722781,6.073422769,6.484094173,5.787898474,6.18222746,6.079961112,6.187755168,6.131090255,6.33598344,6.020347135,6.471939695,4.819942759,6.044073476
CDKN2D,6.188732804,6.011970071,5.846496716,6.336394878,5.944266066,5.293277852,6.015546302,5.916909266,6.071536302,5.887204938,6.296447008,6.503113117,6.225358318,5.33702468,6.07762078,5.960075535,5.742859931,5.292718751,5.448524721,6.264785339,5.879033595,5.518402872,6.084633438,5.887586791,5.741893767,5.896664657,5.528717829,5.524747435,5.185205692,6.104762896,5.271152704,6.33933701,6.174527743,5.558147261,6.164391805,6.237891153,5.419339806,5.366748749,6.576173922,6.00112812,5.18250819,4.424780899,6.170236466,5.964646262,6.285596436,6.18313311,5.56505025,6.402964689,3.292973688,6.486430095
RIPK3,5.279512429,4.903279285,5.284866121,5.377024305,5.279233976,5.390728232,5.738161806,5.504876626,5.172453846,5.771223316,4.609804373,4.419172483,4.90790975,5.65154621,4.236307106,5.83522295,5.258543745,4.73102323,5.730204849,5.032399205,3.681907466,5.526257943,5.388235957,5.636500552,5.484492706,5.383995117,5.667250492,5.464582886,5.525195112,4.589217441,5.531963789,5.054751534,5.684737501,5.543873974,5.707799234,5.183993993,5.725969781,5.495783793,5.459959452,5.345410024,5.73633313,5.991211044,4.884664121,5.953685137,5.176579922,5.386110264,5.309302437,5.558524025,4.50674318,4.70083173
RNASE1,6.738238422,7.186579006,7.129852444,6.546566803,7.673436886,7.262631105,7.676434199,7.529344559,7.033284758,7.256133945,7.049999202,7.050323297,6.773589088,6.561422285,7.121363722,7.395757617,7.232196803,7.159091307,6.908903182,7.13744811,6.276093644,7.591849839,7.215184749,7.342190035,7.360568055,6.746859033,7.169875442,7.725523496,7.832158779,6.67011519,7.068901309,7.29645145,7.054890119,7.31866183,7.028005116,6.892805483,6.613511035,7.197552344,7.386340565,6.841321467,7.749579141,7.423218867,6.797054002,7.140171542,7.025769629,7.021873353,7.131634675,6.843028991,6.521167743,7.132863542
FOXJ1,2.273467484,5.26676562,6.145712708,3.155680681,6.566984543,5.891713427,6.032620267,6.391843171,3.976781753,6.472148051,3.296739192,6.600196374,1.311647063,6.56654476,5.534142858,6.391959155,3.230853165,4.973587812,5.800080599,1.366284644,6.324190079,6.642209645,4.101971506,6.471683064,6.715289916,2.256607565,4.774985016,6.555524854,4.974271461,4.597565867,6.588645752,5.979305356,6.629086409,6.475608889,5.374157196,5.835822292,4.41484408,6.117215695,6.55800958,4.81158349,5.010211654,6.68578728,2.900032907,6.976671963,5.922031304,5.646796906,5.750316373,3.811672186,5.401810551,2.961550844
CDH15,1.644718979,1.013803978,3.510865806,2.453769185,3.995566071,3.349943313,3.892287165,2.093768933,1.219620613,4.526232626,1.83488701,1.883529557,1.146795402,4.699716283,3.250678811,5.282745716,1.500452894,2.06462613,2.278831131,2.712733573,3.408429624,2.977779275,2.032700225,4.62788361,3.814908408,1.09064223,4.353349065,4.540202645,4.965756191,1.528925178,4.790731842,3.779671946,1.525786798,3.151050057,1.831358705,0.975363903,1.008863949,1.247868004,2.607418415,1.874327622,5.756903528,2.367094856,3.212019257,4.624556124,3.065689574,2.69475271,2.164815902,1.422949965,2.114955014,3.928434442
GDPD2,3.634562515,1.197983109,1.08256262,3.118915462,0.859332449,0.385926179,0.941947558,1.409535579,4.24302771,0.732630611,5.519761118,1.977020755,1.427386016,2.408310429,6.08740968,1.507888185,3.189124343,1.686546771,4.396997161,2.725043407,0.732521794,0.985364217,1.509033814,1.839892501,0.611738917,4.820271732,1.230130222,2.51951657,0.742161187,1.640785693,0.73616638,2.243379563,3.042869632,1.708332992,4.783421479,5.978286937,1.30387972,1.754379236,4.561012475,0.732372883,1.089915204,0.652387056,3.051089513,0.871399445,6.080799174,4.183870257,0.401351959,2.389433549,2.167271532,2.000233345
UBAC1,6.549416141,6.369747012,6.273898067,6.598995089,6.270299353,6.077190392,6.430274051,6.416923963,6.730032927,6.296010385,6.422100309,6.304203976,6.528004394,6.19550027,6.375102433,6.334687772,6.153059343,6.416457106,6.124648002,6.373919157,6.246190488,6.103532309,6.904408297,6.515753267,6.184273305,6.660582614,6.360736188,6.232424618,6.014559921,6.536628928,6.326812031,6.132783863,6.423080635,6.104125068,6.38628003,6.672653079,6.169024556,6.116165726,6.544911383,6.439647041,6.173453849,6.188654721,6.246662632,6.302857141,6.636582128,6.541218392,6.459650289,6.6198003,5.038020455,6.676109631
EXOSC2,6.219217412,6.078375185,5.613046744,6.065167544,5.554807955,5.765345616,5.677894461,5.791372511,6.293100494,5.909999046,6.19071564,6.122216228,5.998805902,6.176962469,5.997653108,5.755117534,6.112940195,6.138338884,5.844973595,5.63620976,6.320806943,5.509950508,6.265761704,6.149105128,5.552578472,6.370723424,5.909650452,5.783718579,5.763728623,6.085334496,5.700506011,5.793980593,6.054293336,5.594420054,5.88274853,6.147539681,5.831584291,5.735775833,5.915685682,5.95697316,5.768969958,6.145906063,6.017731808,5.819132897,6.089344419,6.202845591,5.627802384,6.525463158,5.125165933,5.883499971
ATG4D,6.525313464,6.305196929,5.866039415,6.239218301,5.857516947,5.731865669,5.866016454,5.922382413,6.18015071,5.786016979,6.567369232,6.18031209,6.510793223,5.679464552,6.078440482,6.049791795,6.069323123,5.675160239,5.75948079,6.094514136,6.010097749,5.885452622,6.385760494,5.948234669,6.093354657,6.246948798,5.892613069,6.199187441,5.755858561,6.071707963,5.794857058,6.144798092,6.369707118,5.615021261,5.995648774,6.647926752,5.853422725,6.040248867,6.559401985,6.309953465,5.843145579,5.783768388,5.938735171,6.113207324,6.328326316,6.340061559,5.906565796,6.598712542,4.112001348,6.111257771
SMPDL3B,2.261738097,5.692370924,6.419311993,3.732158767,6.338197351,6.688836824,6.496613287,5.947405103,5.647391257,6.733515045,5.170156227,6.453991415,4.386524194,6.182856596,4.546439417,6.311146198,5.418812147,6.288946593,6.528882425,5.771391135,5.682461756,6.711488566,5.430583282,6.350796399,6.632903435,5.083323248,6.471727085,6.678301129,6.639121358,4.822223909,7.163068822,7.055587361,5.956321524,6.411405233,5.719385171,5.227077574,5.876584009,6.304823605,6.00486047,5.614806801,6.958211111,6.586892498,5.471726011,6.646107245,5.465092442,5.972655762,6.461174882,5.771555437,4.734512502,5.496996446
SLC6A8,6.828844526,5.15553077,5.968499244,6.778775879,5.282099261,6.038731163,6.021479962,6.057464568,7.094698515,5.69389606,7.430756673,6.416789733,6.756100052,6.292395089,7.216867654,6.249953342,6.647749358,7.006682658,6.241388745,6.755556062,4.858594454,5.454015443,6.622463256,6.212051227,5.91391036,6.570020983,5.166105493,5.308801904,4.39198491,6.558029411,5.988437974,6.292597473,6.537738624,6.092094967,6.644545521,7.037892765,3.853389606,5.919536256,7.245285128,6.929928156,5.218917053,4.914559995,6.970318863,6.129566053,7.038717564,6.855649827,6.824382865,6.846612123,4.275673616,6.986778162
PNCK,5.255855797,1.226592919,2.121877468,6.028532888,0.510421715,1.788648853,2.693494556,2.673046247,5.945673665,1.236170575,6.377253592,1.171802224,5.78539842,5.700994062,5.684891732,1.578195868,4.786767819,5.289003597,3.129280025,3.84753468,2.248512234,3.200219018,5.694518311,2.277884781,1.433041927,4.760706128,3.640328839,1.970630056,0,4.197322871,2.617967907,2.525998772,5.503903271,3.791919602,4.993883254,4.246348119,1.764940121,1.410849615,6.272493492,6.596533991,0.795659919,4.196017659,6.299938715,1.188979967,4.881848888,5.588785511,5.134905402,5.951866665,0.40978086,4.773400324
DKC1,6.806320813,6.765869656,6.36989165,6.608555936,6.501156766,6.498424884,6.424806365,6.34600695,6.682426174,6.473231229,6.986325148,6.695410987,6.5041214,6.537304881,6.742307591,6.454681293,6.390648429,6.98921863,6.330946675,6.36110197,6.726876958,6.262936127,6.921522299,6.530454164,6.773793666,7.122864979,6.575357846,6.28005146,6.529420627,6.672638948,6.382518234,6.67788484,6.450487583,6.523122264,6.657195068,6.694835647,6.691054146,6.566083831,6.648875303,6.912130092,6.220425036,6.790682191,6.621731649,6.425442447,6.672589829,6.582531991,6.578304758,6.862213769,5.467546891,6.59728805
DUSP9,5.624432982,0,6.512884756,5.358745447,3.498645179,5.367845462,4.961411092,2.238284019,5.639307521,3.27428104,6.334209215,1.855582808,5.020100516,6.34764106,5.507531484,0.377904674,3.783579194,4.900303934,0.855014211,4.195704234,2.443076765,2.429099875,6.353127235,0.918162332,3.535775455,5.653251418,3.54501043,1.741080216,0.402172596,3.999496506,1.790602434,1.73691634,4.807707705,3.60996424,6.367200253,4.861733416,4.176826454,1.225204502,6.04774861,5.743239562,0.957106865,3.452242214,6.169973839,4.70834932,6.406900938,6.102207703,6.847412659,5.403567036,0,5.301419916
HSD17B3,3.32439369,1.78287003,2.66834392,3.275912178,0.60852944,2.004185996,0.48260671,0.781993623,4.100170874,2.188766374,5.563556359,2.753464166,3.922280999,2.148856642,0.869973021,1.134542641,3.62702859,2.957212719,2.456620162,4.427978699,0.511965245,2.078443191,3.242576054,2.595881413,1.353159909,2.285794562,2.38460347,4.187633873,2.230072779,2.090294439,2.335435017,2.591980166,4.267444545,0.88862293,4.344252288,2.024491267,2.728529578,1.481973986,1.501739035,3.829087155,1.931534565,0.452039574,2.44024562,3.151685611,5.802539443,1.847206107,5.297813355,1.920969512,2.965131865,4.73009832
RGN,2.015317021,4.247212165,4.95929844,2.835422355,5.447731035,5.48291395,4.003983667,5.717631241,2.690550955,5.695797419,3.545959936,5.182734418,2.2672092,4.818762136,1.90530514,4.139137749,4.520330217,3.38845775,3.802164293,3.371931826,4.143581025,4.747287167,3.196600037,3.545909027,4.99364691,3.476193893,4.893595043,6.118115769,4.425581531,3.34902642,3.872566671,6.474812337,2.760163229,4.875781193,3.845514326,2.616548916,5.679359126,4.372271937,5.56777371,3.644792755,5.374613249,6.071775921,5.562539613,6.071682568,3.736884874,4.236137412,4.272844355,2.636458921,5.381698286,3.500426456
ULBP2,5.267783166,3.189196788,3.950606258,5.673016969,4.013245445,4.5365174,5.590421212,4.872634788,6.22123214,2.835303942,5.90625016,3.870774501,3.368196328,5.696949041,6.646903072,4.449077948,5.720491854,5.9706698,3.468779642,6.363855875,2.231749374,4.449329731,6.815403531,5.102305897,5.713515702,6.274821074,5.161808486,2.653045132,2.916238669,5.057767724,3.009045288,3.59762485,6.441460775,5.673084918,6.716468675,6.606363774,3.203217875,6.343184331,6.747950435,4.632039845,4.110781459,1.888943786,6.299957953,5.782930844,6.782181111,6.154849401,6.906178978,5.667576532,1.960549922,7.013577908
SYNE1,3.450944769,4.859726334,4.154746636,3.889705847,5.321656056,5.666387786,4.745786391,5.166029863,3.508515198,5.006972148,3.791624383,4.047505194,4.258137186,4.711386108,3.380640491,5.457657812,5.292498418,3.995559918,4.630454922,4.644072198,4.714642622,5.634262558,3.701219936,5.201417976,5.086046276,4.41425077,4.760084301,4.954429551,5.393620676,4.462109004,4.382547211,4.340376629,4.558447403,5.171706709,3.934922574,4.540668307,3.347472082,4.003075426,2.002649284,4.842901524,5.404862076,4.455334773,3.889737153,5.752216613,3.4536265,3.85166302,3.65556691,3.261125089,5.886600202,3.717877803
BPIFA2,0,1.651470617,6.239935329,0,1.4831069,4.173887739,1.242091529,3.138499771,0.527365314,5.520808079,1.365872479,3.378416281,0,2.259827979,0,2.318132655,1.380423869,2.941803827,0.468994528,0,0,1.938265782,1.613433866,0.435656805,3.57610427,2.851536632,1.975101302,4.56790505,4.905804179,2.344388304,5.59031484,7.031351083,2.506887988,3.75078907,0.629942442,1.937357321,0.73692717,3.387882086,2.960853316,0,4.977688373,0,3.120401572,2.352329683,1.953922003,3.198492421,1.631027353,0.877577872,2.096685729,3.778217483
C1QL1,4.051838859,2.638154377,3.816122539,3.903862599,2.068775438,1.771608455,2.19992338,3.272537329,3.93945676,2.037644979,4.02895429,1.395792096,4.86955442,6.490257856,4.570282594,1.668656522,3.707309033,5.726519389,3.236075167,5.867318044,0,2.070370928,5.611375706,2.884001354,1.779442015,2.125644281,0.840699006,2.254168983,1.868333603,4.047485369,3.833261041,6.143260258,3.967190447,4.022591474,6.219624201,3.103544401,1.478204266,2.064228894,1.950154269,5.798892228,2.350047558,1.284765762,6.566613807,2.523941446,5.201009547,6.303124318,6.43251853,3.753951942,0,5.637850121
GSE1,5.918000496,6.557670433,6.462044092,6.098128113,6.256958232,6.340349739,5.825816978,5.898641747,6.030355953,6.334468312,6.100942744,6.797063928,5.786589743,6.488011954,6.030315205,6.404930447,5.817379485,6.364146074,6.085573323,5.948979515,6.253004627,6.273528364,6.213146651,6.413456301,6.657122451,5.586244693,6.303559395,6.389543474,6.532657514,5.976737968,6.450671996,6.364715189,6.175593899,6.27865228,5.759141384,6.161239909,6.470598353,6.487113244,4.736474451,6.030492363,6.607741429,6.284031158,5.745464602,6.362525499,6.068265135,5.721284948,6.430610415,5.287011372,5.73541955,6.139002378
GINS2,5.756365703,6.666357644,5.693845656,5.820616409,5.013692011,4.866452366,5.386620876,4.714422312,6.046131219,5.29374086,6.328410636,6.109319957,6.014310726,6.202443906,6.019570673,5.625658003,5.29943,5.911312966,5.117672693,5.519281394,5.519976885,4.118799401,6.067684286,5.852516818,5.206246117,5.502414714,5.553169975,5.294084626,5.614177096,5.813103088,5.098364125,5.835739501,5.587722997,5.684942725,5.671769714,6.039779576,5.872815835,5.856425815,6.155632905,5.978133927,3.851155719,4.546798073,5.962462237,4.459884681,6.107832168,6.208894861,5.746721704,6.284232031,3.852694415,5.880439789
RFTN1,5.747186212,6.068978675,6.131472942,5.768512489,6.708437044,6.330540913,6.53928769,6.343169081,5.665632233,6.047749753,5.897816729,5.495626503,6.203558328,5.726616466,6.236886679,6.142552661,6.116084949,5.960537884,6.042997352,6.508009628,5.746302025,6.332594015,5.961010793,6.182735262,5.996617978,6.008578144,6.302368956,5.859089086,6.995511225,5.690949749,6.431629564,6.057261607,5.830234293,6.276848997,5.975843112,6.157887834,5.52281122,5.997522489,5.50543143,6.59391125,6.943432599,5.841305598,5.92309217,6.251318819,5.914543784,5.9806177,5.999881933,5.879601618,5.746433963,6.214949979
NAPSA,4.121690282,6.930982413,7.088084553,6.380975505,7.585542161,7.756624458,7.24634958,7.642188882,5.974392265,7.502583931,6.770182322,5.326938376,4.312429843,6.380493225,4.575941557,7.593043765,7.003952545,7.127794454,5.256392222,6.333783528,5.515008421,7.737661656,6.16410975,6.702058791,7.619844275,6.814068772,7.490481095,7.848541389,7.582059734,5.845705739,7.245210742,6.740967822,3.712757445,7.296669618,6.594843587,6.673115009,5.781862046,6.770581187,7.357001844,6.485012169,7.789498974,7.653041508,3.511592438,7.734787342,6.642718108,7.014578114,7.123213067,6.05768476,6.372280238,4.029211089
KREMEN2,5.189487601,3.802664062,4.356657324,4.30453128,2.496004522,2.085600519,2.502487763,2.526624419,3.588212312,3.637614759,4.890655722,3.45419015,3.337379048,5.360664474,5.701089151,3.1063597,3.398938165,5.454064647,2.198661197,6.649181473,4.89503851,2.868219808,6.587489827,5.310185717,2.573836359,4.684868338,5.349544538,3.447281364,1.859094281,7.014308331,0,5.884827575,3.263623516,4.430693175,5.38421182,3.975325547,0.380963395,3.172032117,5.676427261,6.987720459,2.145127266,2.486366471,4.483818868,3.491719801,6.132610117,5.920312526,6.147243971,5.608712528,0.400482069,6.746436504
TNS4,6.570094644,2.835857512,6.778513959,6.73963527,3.945432174,3.587543499,4.145755631,5.362610933,7.144656465,4.856278497,6.31986747,4.180003143,5.818021174,5.361007289,7.03806655,6.140583791,6.359557015,7.118037173,5.376335531,6.94160128,1.920074774,5.050875277,7.165479704,6.398624572,4.789351657,6.524373985,2.564147387,5.804067842,1.390415356,6.741988609,6.881764278,4.748548569,7.031230218,6.177231809,6.518391417,6.94556402,6.997555059,6.545403831,6.453339394,3.873444197,3.758067623,3.163272024,5.511820102,6.427134692,6.524854216,6.343211933,7.248824094,6.304070409,2.210621809,7.220553804
FMO5,4.120200848,4.840265118,5.847269606,4.621086898,6.185677389,5.703737476,4.92463178,5.943869001,2.991256749,5.676439411,3.450894779,5.406938278,3.053876401,4.082519381,2.800748216,6.631062909,4.679122357,4.037249776,4.950949814,3.158538218,2.995907954,6.408118828,2.983076736,4.58650933,6.707327024,4.842623363,5.050319209,6.667008504,6.986373468,2.614525662,6.334403993,6.376318601,3.289115978,6.066856305,3.598515909,3.840808822,4.571907919,4.888883674,5.137249665,3.690287954,6.706741516,6.003484171,3.78549107,6.536713376,3.912103399,4.602633824,3.909331637,3.839647727,5.809545175,1.591339339
SNRPA1,6.171408384,6.245408312,6.27965199,6.350654021,5.78805413,5.97589601,6.059329555,5.762231174,6.306310436,5.930830897,6.248789107,5.953062829,6.116013172,6.207982513,6.076307034,6.001836909,6.088087445,6.384138275,6.006179122,5.950375169,6.286607094,5.865341135,6.395944214,6.143986498,5.886657099,6.691657606,6.063385438,6.045148056,6.006031618,6.686129448,5.940393326,6.357866297,6.291371585,5.886683752,6.449963064,6.277584631,6.315704493,6.276077745,6.502506854,6.170286395,6.010166579,6.471786719,6.063736562,5.685341193,6.097368562,6.053762391,6.445393374,6.667335177,5.620584533,6.300190668
NR0B2,0,6.214604269,0,1.86583247,4.17819271,3.254583632,4.145594042,1.80146729,0,1.135707712,1.643359634,6.545417946,0.577684398,2.667751534,0,3.862113008,4.449238484,4.58941477,0,0.493351943,1.682257739,5.495005715,1.047573119,2.243931815,6.242678664,2.920234475,3.434344117,5.850749693,2.732248143,1.872249706,1.974925075,6.804655108,0,3.963924931,0.63953353,3.040027974,1.228727073,1.705397513,3.051568855,2.50514668,4.201586886,6.538856307,0.948538555,2.519261577,2.639749635,3.899404974,2.362407393,1.803422008,2.841083611,1.624271007
SPATA6,4.078816213,4.491647779,4.173394962,3.80215925,4.920554351,5.005245829,5.022889558,5.434140299,4.604450715,5.125438676,3.542486358,5.135093419,3.69364722,5.050444652,4.251120039,4.681838258,4.842579074,3.87957502,4.394517545,4.463943255,5.570988068,5.844336468,2.961096139,4.665806831,5.019373547,3.77721327,4.321320317,5.300956457,5.291382647,4.851567393,4.757208835,4.729269752,4.119370624,5.00624757,3.943764262,4.315932714,4.387017059,4.618690636,4.773617382,4.240245521,4.95648753,4.981038927,4.983393137,5.426992237,4.032381765,4.904367684,4.188485277,4.052901381,5.851930691,4.171765251
PTPRE,5.205246896,5.500340494,5.348040635,5.51447824,5.811499677,6.391704233,5.665581969,5.941958555,5.310215173,6.221445611,5.24821715,4.763925333,5.045264045,5.568453165,5.093173597,6.015792275,5.821526883,5.28874738,5.078077424,5.717299613,4.049059366,6.312833635,5.23522352,5.818721491,6.440277429,5.22226534,5.919780366,5.631718316,5.940609635,5.06023557,5.448230745,5.347728333,5.546327136,5.797667538,5.856906986,5.454317906,5.247599292,5.589737119,4.377613392,5.348971824,6.685322067,4.819035305,5.477524473,5.808971961,4.769930085,5.219015469,5.896654518,4.856116191,5.741785817,5.687505293
RPA1,6.864566261,6.647271164,6.27227376,6.356657522,6.526288332,6.28414539,6.559211094,6.08781553,6.545990058,6.342998909,6.854991419,6.7392466,6.779558934,6.371321088,6.671334632,6.310462806,6.480012958,6.81659686,6.39717198,6.489759308,6.837497332,6.345497201,6.234648095,6.477486944,6.516542602,6.556970007,6.178097944,6.066777423,6.226204623,6.550731398,6.64081737,6.284470052,6.108834263,6.440172191,6.508104133,6.479594483,6.384736145,6.532979244,6.620920389,6.667967749,6.347204566,6.358590046,6.73106738,6.557363545,6.555688625,6.671651761,6.65698845,6.536081135,5.543239347,6.305672945
COQ3,6.024270984,6.117258666,5.514459815,6.078936048,4.987772826,5.450581056,5.780770923,5.319066358,5.402886825,5.39649103,6.326597341,6.056513891,5.792367587,5.94467667,6.188173961,5.261815171,5.638418912,6.400075069,5.920757855,5.738531706,6.176835199,5.146506619,6.272376018,5.571562268,5.621710684,6.315988536,5.257239763,4.633202102,4.752952216,6.071056871,5.528362796,5.448656836,6.089512222,5.397611713,6.124840109,6.224043506,6.175022194,5.549537195,6.667057603,6.282771917,5.242924525,5.9609763,6.347980072,5.555319009,6.201611303,6.149656697,5.80561411,6.409650747,4.543248716,5.69411414
ENAM,1.646410219,4.123125287,1.01355821,0.31535106,2.20897772,3.594835016,1.376891398,1.834570757,0.563605056,1.530107099,0.521466151,2.028860086,0.761914741,0.698297857,0,0.865136063,2.170064193,0.690281419,2.058206458,1.051841335,0.738869555,2.020577398,0,0.5927224,1.135703646,1.155144148,2.960130982,0.957914273,2.386340788,0.372410795,1.510922371,2.400268404,0.649463635,1.443262793,1.055228212,0.755948637,0.313231373,4.113493228,1.115259005,0.916915084,2.90794622,5.54649745,0.50154471,0.154636484,1.288307708,1.985030024,0.601593316,1.232414993,3.438565902,0
PCNA,7.128383214,7.225184751,6.998524173,6.976792221,6.88841488,6.776151121,7.161497827,6.851956907,7.220345982,6.765420244,7.0707991,7.18021823,7.014013084,7.064495965,7.381829892,6.869013381,6.958235514,7.055802836,6.744278791,6.939361224,7.248119127,6.561983433,7.061290834,7.12989185,6.999473772,7.118803118,6.907467959,6.767655912,6.881271886,6.959297296,6.977416011,6.917464645,7.003222118,6.944580846,7.308680419,7.164360793,7.070727471,7.136133056,7.398202487,7.14435956,6.729709676,6.956753382,7.171246579,6.585318317,7.138510229,7.176023045,7.253769641,7.347600427,5.80703532,7.120868528
ALDH3B2,6.760048083,2.544133144,6.681444323,6.692573863,4.175629772,4.106531448,3.375150975,4.884097714,6.620727856,6.27563608,5.852787841,5.127692654,5.93090843,5.797371125,6.690626497,3.603582009,5.493629755,6.602199563,5.47330196,5.867840543,2.535050647,4.102405674,5.613092441,4.822073828,4.607795567,6.48091859,5.259572199,4.340137678,4.820794092,6.580495221,5.762775746,4.749304592,5.758788965,5.283406414,6.479516649,6.802521797,5.195933815,6.02932731,6.665275764,5.782745185,4.060340634,3.279110859,5.096218745,4.089608033,6.684628477,6.598423016,5.992766966,5.741320996,1.574407799,5.57437906
VSTM2L,1.969684666,6.019761863,7.145698459,3.240407732,6.563780054,6.638825563,6.451622743,6.810712516,1.929688814,6.697127932,3.942171826,4.184166994,4.681460548,3.560734186,4.557123107,6.762332082,5.229286158,5.484371048,3.524451065,6.243132282,6.43240497,5.72723585,6.177386271,7.089453775,6.477768938,5.30235981,6.11610159,6.093983149,6.803971074,6.457514663,7.219236619,7.21019268,4.069069757,6.984914026,5.715958589,5.108184117,5.990884619,6.310328088,5.532549805,6.934069262,6.852215299,5.041791727,6.18964364,7.345614615,5.150524353,5.104355911,6.162377416,4.30831182,4.691618229,5.095540722
BHMT2,1.406389079,6.487824464,3.719142408,2.649808746,3.711917103,2.461611028,3.708683394,6.648039281,1.992636711,3.076848231,3.018025669,6.182008066,1.906219356,3.237527271,1.849783933,6.082290204,3.681699941,2.559969518,2.283365494,3.604759106,0.631727519,4.67963835,2.679126671,5.59233854,3.112495124,2.631878151,2.390124338,5.517330279,2.828627069,2.148853599,6.267863477,6.66589092,3.011016771,5.693778961,3.548507051,2.145034177,6.52838174,6.144694201,1.997003231,2.442884846,3.046812814,3.284423427,3.586802824,5.626839831,2.062277961,2.640329101,2.824592848,2.18754681,3.864383025,2.600038271
CHRM3,4.71794779,3.244965409,3.348556154,5.443047313,2.235654958,1.756097185,0.794347508,4.170177182,4.647695218,1.873224577,5.902343696,4.593091591,5.006395479,5.26199336,4.629822291,1.534518675,4.850108228,4.973575519,4.928493766,4.342003197,1.048618452,1.592794851,4.343575953,0.141154948,1.067870926,2.132755541,0.509434693,1.518481046,1.679363084,5.256170254,4.434083483,5.113094427,4.295459604,4.443994692,3.898556912,5.097789557,4.607885,0.528297215,4.586614856,3.913285509,2.949343732,1.598971069,5.11020316,1.31171048,5.23150611,4.749994814,3.90903101,4.315282162,2.897085103,4.061158587
TMCC2,5.017447502,4.893293008,3.991035411,6.42118151,4.488317484,3.808273364,4.113105217,4.580509702,3.621114784,4.915223508,5.189661985,4.662724868,4.65888406,5.289167856,5.707557006,3.587760412,4.577474165,5.31517074,3.350578006,5.687053453,4.84912896,4.47476403,4.381344229,4.504305552,4.770788143,4.330831541,4.884500201,4.167428102,3.524641154,4.416084937,3.660282783,3.329466911,4.03686474,4.381797266,5.307020862,3.949481003,3.306830926,3.532011992,3.076821324,4.86753129,4.782969377,2.057741922,5.56145146,4.989895477,5.448429465,4.262325403,5.524604572,3.888312429,3.166591649,4.693243518
FAM83F,5.725890331,6.163632171,4.206938905,5.317155265,1.4887587,1.147956803,2.186742246,2.755833879,5.620941064,0.966353909,5.690225257,3.089076699,5.028662026,4.907003812,5.839186038,2.137442585,5.237169712,4.028576219,1.650343191,5.372436701,1.991307599,3.161228364,5.168701184,0.326303303,3.177896221,4.967433679,3.127230136,2.842991241,1.461785752,5.252468134,2.807662011,4.269690822,3.230336045,3.537378512,4.89879614,5.994186272,5.132144289,5.141745905,6.034348029,4.414488874,0.352116475,0.097023725,3.525402737,3.09779951,5.231736402,5.507342302,5.681779313,5.574789922,2.864896928,5.878029892
NTS,7.123855045,2.499498109,0,7.280454802,2.622600258,2.156573037,4.225554506,2.375995689,3.124131866,2.587244538,7.215165413,3.066842511,7.545971827,5.08813438,7.729304441,4.336359591,7.177379201,3.535705124,0,2.66499804,1.409780316,4.745716297,4.470549816,1.837816292,0.918854268,7.006625639,0.988916596,0,1.423882526,4.380634089,6.171835284,6.704510037,5.135263756,3.547441296,2.883232716,7.282775773,7.449713052,6.935471703,7.924490846,3.358805702,2.618365219,1.416128822,4.909831889,4.131210183,4.329077879,7.651521314,2.706159978,7.560513069,2.000637015,2.454133485
ATP13A3,6.481170531,6.350341178,6.110796694,6.058926132,5.91827942,6.258865501,6.143673085,6.286797269,6.495712232,6.355167211,6.322820989,6.337335087,6.254394961,6.29491012,6.31167994,6.00637284,6.617456574,7.001919194,5.925548603,6.553778723,6.692437665,5.916622482,6.247603215,6.148505529,6.220412071,6.878438198,5.939744508,6.350037564,5.828713929,6.222574489,6.031394251,6.130734263,6.133205376,6.280615845,6.238518921,6.306015293,6.467063143,6.159020936,6.433340961,6.280833405,5.70479861,6.160262126,6.416539909,5.688018769,6.168901617,6.426191617,6.434555707,6.51486093,5.983917803,6.50874761
CHIA,0.470940469,3.350011628,2.464578766,2.329684784,3.646087886,5.009502334,3.307774194,1.757940827,0.919439291,0.809436268,2.001397084,0.43251726,0,0.198366978,0.168290681,5.38783051,3.207088668,2.063723324,2.024643986,0.38484984,3.839730099,5.367039386,0.620416174,0.98270309,4.889756752,1.08999402,2.522304368,5.681106309,6.846280484,1.153657469,4.139385523,1.73579457,0.566654,2.939991088,0.872970531,3.238256861,2.524327409,1.751103032,1.988982181,2.120589913,6.503603231,4.982747014,0.663270439,4.417910286,2.0427002,4.445761303,1.72423904,1.043179678,2.114076547,0.438957766
WNT2B,4.677408616,3.019161036,2.748499431,5.003577206,4.249210501,3.799068937,2.039996077,2.586855236,3.403705717,3.102816587,5.34369275,1.625769525,4.002082372,3.997056269,5.682264358,2.643533078,3.649675864,2.833852469,3.43475322,3.078279313,2.071007156,4.273741082,3.344159407,2.881933898,3.86132367,4.621900163,3.064914656,2.776422058,3.698065651,4.146481519,2.883455029,3.117091095,3.684127661,3.024443206,5.120771696,4.880472163,3.827420572,2.623568659,5.113902073,3.177383805,3.615776937,3.312812261,4.272658522,3.471909692,4.624390089,5.151801191,3.074768252,4.804040864,4.616786192,3.685994737
PTGFRN,6.86266723,6.617980141,6.517697944,6.683077344,6.384654295,6.548115852,6.440025616,6.301726462,6.943720393,6.472986841,6.926479175,6.145451245,6.675269397,6.688122553,7.124320071,6.245138896,6.720135402,7.05573389,6.080034575,7.223272328,6.170581037,6.602830864,6.568288773,6.300546055,6.383919875,6.306326993,6.156540122,6.268445599,6.240155009,6.779337967,6.590390366,6.15981872,6.371067544,6.664486846,6.66828831,6.830332204,6.72364866,6.60298207,6.724665376,6.221612198,5.944783167,6.367789019,6.901567869,6.175046568,6.87072272,6.650378931,7.307951482,6.608906021,5.772600138,7.062956941
IL6ST,6.058922362,6.513150221,6.253504227,5.90551253,6.975449118,6.659914112,6.609987958,6.789487783,6.438529131,6.716586474,6.080919951,6.591073867,6.118767484,6.057919258,6.142213005,6.704087272,6.668614595,6.42778608,6.311107302,6.52218898,7.165596338,6.789971172,6.317512386,6.238202448,7.110683978,6.278053614,6.834367988,6.419614088,6.789972119,6.195667203,6.759223011,6.82900334,5.999744956,6.592007474,6.392261108,6.408631855,6.312963603,6.224673953,6.470409736,6.241384509,6.688326249,6.322961978,6.387104376,6.786445985,5.978143618,6.208410113,6.495862787,5.853761215,6.561073529,6.44096476
FST,6.768458502,4.452955754,5.3907972,6.458498498,5.506113858,5.434507542,5.318225282,5.605917653,3.062214558,4.764967576,6.962708224,5.352305878,6.172579922,4.708063158,6.656599059,2.919821881,6.94499502,4.700802311,6.003370061,5.972145223,6.74189604,4.473245476,6.050248819,5.431918984,2.396409128,6.777855275,2.99294641,2.974802308,5.982120989,6.129393077,5.096248679,6.649663359,4.746586355,5.84717174,6.58503442,6.737190278,5.343830087,7.15693758,6.636105468,5.935560925,3.703849815,3.123187763,6.154713159,4.688979122,6.286613016,7.205485663,5.738868438,7.091175778,3.331265681,6.478180918
KCTD1,6.104160743,6.021706861,5.154785207,5.74792782,4.723798951,3.882861589,4.588914795,4.977433,6.224912787,4.569076634,6.28201042,3.309903292,5.888353959,5.703382558,5.643928046,4.11412674,5.605020264,5.328737946,4.630675771,6.911785597,4.723581233,5.086555529,5.135255362,4.908705065,5.104084423,6.443561154,4.632466498,3.497747296,5.33605431,6.184244441,4.137230523,4.315024515,5.386406254,5.962682076,5.776601532,6.151676778,5.467025222,5.117961164,5.788655858,4.964072023,5.129866063,4.172477661,5.749988064,4.941745175,5.861995594,6.263545903,4.986063023,6.029896956,4.79719553,5.250997649
CABLES1,4.140796047,5.727739345,5.584640985,4.175871496,5.909992045,5.146929089,5.876154395,4.928201942,4.524675401,4.823819559,4.592921911,6.301188457,4.305482566,5.85737293,4.741997195,5.244879247,5.279552996,5.759040754,5.799084145,5.50560943,5.273424375,6.277587468,4.743814735,5.019584332,6.102854131,4.072770648,4.983569535,6.443521733,6.287926153,5.825751347,5.592669502,5.172610025,4.501885841,5.589527442,4.442186637,4.375214086,5.209509099,5.728724209,4.537330343,4.704919153,6.056739107,6.605453957,5.461616426,5.413712027,4.451143358,5.829434633,5.068537472,4.301037273,5.422429021,3.476210577
LRP4,6.212239015,5.91519461,4.835960045,5.344576929,3.700617718,3.747938413,4.537341806,4.226835724,5.15764544,3.99153313,6.213668649,6.033814404,5.089437617,5.892774958,5.941222003,5.095293808,5.647869258,6.125085388,3.317297032,6.141332277,6.745542193,4.664920439,5.635301952,4.642806537,4.979394756,5.892710589,3.02433394,3.344508167,4.260397398,6.641131319,5.249762562,5.834716574,3.937376549,4.998318311,5.010988382,3.866306214,5.129384107,4.562689622,4.092634399,5.737024522,5.182544949,2.48814124,6.191744466,4.220585827,5.573309377,5.954704571,5.440373445,5.643686995,5.030581791,5.831236245
CDCA8,6.143692977,6.554171187,5.940999636,6.003279901,5.447665053,5.903420732,6.070253627,5.463048683,6.366246489,5.716046158,6.5556637,6.660447216,6.172378639,6.407273758,6.308584282,6.175510585,5.852189327,6.181746121,5.784410655,6.244013014,6.913952198,5.419406899,6.411926636,6.473682005,5.309690715,6.235736625,6.272838972,5.318161411,5.789749253,6.324443324,5.960953056,6.338155761,6.025599147,5.938483044,6.510303941,6.42068303,6.656697127,6.084548749,6.430814008,6.114284789,4.67509861,5.599424665,6.424600906,5.891924004,6.528461666,6.286041442,6.500075465,6.681814916,3.939786829,6.377419685
DSC2,6.597365715,5.995710904,5.482097259,6.08035061,5.596392402,5.394771767,5.533828311,5.296872692,6.927659561,4.874409605,6.549952877,5.355649552,6.278398562,5.651538346,6.661360202,6.157187338,6.190183481,6.431884937,4.730412627,6.172092181,6.238894386,5.163553203,5.185215967,5.808182813,5.859865924,6.418476418,5.868905448,4.721289691,5.566341631,6.575417517,5.908123317,6.371228106,5.595761097,5.946393137,6.222918075,6.307677259,5.97808266,5.874496532,6.72532071,5.996422507,4.83833071,3.08512545,5.654451215,5.713641528,6.468551958,6.547823074,5.578137256,6.041113165,5.051564973,5.980338734
DSG3,7.270423544,0.305732406,1.799217878,7.025065843,1.111010428,1.582245889,1.208638095,0.124560727,7.245510948,1.089874897,7.132176425,0.748499717,6.864702119,4.461662663,7.200912312,0.97633755,6.837303595,6.889556054,1.091624474,7.132128566,0.560908089,0.953348195,4.185817062,0.105013206,0,7.019921314,0.356755572,0,0.216564599,6.621857063,1.795416819,0.619196254,6.419186989,1.359123234,6.812832365,7.193851035,0.362936889,4.522574536,7.218477007,5.995378962,0,0,5.603007915,1.494915038,7.072028859,7.049247899,6.003118094,6.940501475,0,6.776805431
DSG1,3.750978533,0.319921788,0,3.28570093,0,0,0,0,3.282363408,0.093729629,4.832237739,0,4.563501583,0.473273978,5.892706216,0,3.298669357,0.467140703,1.130063427,4.410811206,0.223357202,0.222034522,1.722772154,0.110261503,0.123075225,1.367499907,0,0,0,4.868630142,0,4.802130036,0.360460116,3.008607711,1.293489465,3.992760132,2.272415775,0,3.600173887,3.348030183,0,0,0.864155395,0.505287411,3.03584206,5.433746657,0,2.523621987,0.214030282,0.555487377
DSC3,7.195499356,2.377026581,3.833492064,6.863403397,1.815212971,1.68820002,1.100192756,2.587457443,7.193253939,1.184830263,7.037862279,0.933041987,6.751411188,5.601774792,6.897980116,2.242430316,6.844599344,7.05624047,0.401666948,6.938915652,2.549881356,3.789815849,5.855669221,5.299214986,0.985452026,7.093428232,3.054708809,0.596333507,0.589186464,6.815363372,1.561230906,4.023756547,5.506411234,2.337438814,6.827933069,6.751168145,0.639194538,1.278971007,6.979277179,4.13854253,0.926080616,0.075700327,6.12040848,4.465025638,7.137114581,6.960611606,6.488255618,6.535421685,1.875837662,6.577987488
DSC1,4.547888938,0.852967691,0,3.095927279,0.590073464,0.646998612,0.652707689,0,2.676187308,0.220107696,4.575850434,1.876763898,1.835034494,0.839803573,4.55864808,0.256965645,3.748285703,2.398998116,0,4.433939508,0.269970168,0.493115651,1.284047229,0.661028891,0.408443562,4.326927056,0.679426309,0.447126999,1.398009956,4.846701029,0,0.604240743,0.605381597,0.693497121,0.809355249,1.575055262,2.061898071,0.703269711,2.260959299,1.51875321,0.23521954,0,1.089999118,0.426797922,1.667419963,3.369121337,1.552421704,1.376502758,1.10375199,0
SLC43A3,4.961076535,6.434086784,6.458896333,5.333107933,6.382791798,6.724526958,6.557427337,6.819435031,5.938475444,6.945504681,5.816415693,6.539410209,5.44072176,6.127898262,5.734305696,7.037388472,6.018593121,6.011896117,5.876886236,6.426111145,5.420245708,6.531025651,6.244247543,6.510843715,6.4592658,5.634396619,6.483237553,6.294990958,5.994715879,5.639152916,6.58172852,6.602758294,5.798819707,6.582024875,6.156161341,5.339235642,5.446125777,5.818992072,5.824973112,5.875582112,6.272270699,6.479179115,6.053239154,6.423287645,5.68455573,6.091085135,6.148757789,5.75298433,5.725254841,5.975153537
C5AR2,2.498375768,3.918044125,2.91647295,2.182735543,4.073597591,4.108165022,4.101702069,4.392005206,4.487989375,3.776052706,2.963873534,3.777958961,2.997581598,3.38129504,3.44550838,5.370698488,4.898997323,3.463829142,4.278421932,3.609180731,1.101440284,3.960745481,3.955857838,3.880168337,4.571115947,3.30420444,4.117309655,4.505430493,3.145705638,2.049642049,5.387960848,3.212507234,3.848033401,4.211968451,3.509360343,2.617669303,6.400922286,5.244727219,3.750219941,4.268465129,3.995233024,4.335997356,2.229716417,3.365719964,2.42521972,2.850525721,3.046966723,2.201890207,3.825727297,3.676679207
DZIP1,5.868388589,4.588271296,4.768687298,5.05797877,4.900033604,4.672282036,4.750398201,4.834803291,5.026596955,4.73601608,5.061100486,4.068272786,4.885874179,5.604270618,4.944309006,3.913320067,5.190919469,5.506193902,4.190231692,5.162801342,6.234984844,4.546094603,5.560400088,4.806626747,4.11054338,4.977767138,4.088995694,3.089601945,3.459567134,5.360186034,4.637609984,5.14467446,4.47402091,5.087150569,5.251709258,4.378309798,3.305459711,4.970104616,3.48436561,5.184681022,4.612983903,2.514433564,5.955352467,4.258215975,4.966415441,4.962694229,4.710202023,3.410725535,4.844088152,5.527409782
GOLM1,6.558963137,6.79318006,7.168306763,6.371520049,6.870786907,7.094728395,7.026625874,7.019782195,6.734000534,7.178444427,6.532557109,6.843348648,6.358834137,6.849962111,6.489475536,7.178460676,6.578382992,6.737424635,7.027008877,6.651027,7.111667783,6.680532199,6.679629199,7.146953546,7.308368651,6.62018958,6.950450651,6.86901073,7.076743968,6.744472333,7.456201754,7.418514507,6.679600904,7.032142246,6.60429676,6.404331559,7.259466612,7.056770195,6.179477093,6.471624662,6.699205211,6.786645517,6.922235485,7.202359788,6.746013299,6.54665032,6.717895602,5.793088139,5.978826488,6.931020854
PSAT1,6.875603557,6.49121113,6.042388883,6.57565428,6.183798625,5.875288644,6.722544381,5.709103407,6.296747888,6.151110872,7.050020606,6.736927984,6.45414815,6.616992807,6.901039467,5.945224704,6.966649769,6.516150194,6.781224832,6.503419307,7.213368881,6.005338081,6.743303397,6.253243571,4.933275274,7.055437991,6.215621571,5.282315427,5.376484153,6.742522481,6.561797168,6.751911449,6.360776347,6.461293623,6.368166484,6.847370124,6.779199995,6.180372829,6.726274271,6.400983898,5.136357854,5.600621662,6.865022622,6.383222457,6.487074713,6.903980356,6.347260332,6.888050371,4.36881112,7.020542964
CCNJL,3.71679485,6.18512546,6.224748796,3.942827064,5.740536099,6.164171319,5.568086273,6.571399854,3.888357388,6.746439311,4.549111674,5.654592815,3.746832155,4.756339157,4.62522087,6.342051295,4.795341514,5.811228734,5.212607843,5.644511436,5.022096484,6.34475614,5.516466848,6.067124951,6.268172357,4.355948848,6.431799188,5.996169149,5.874970723,4.841035317,6.550860431,4.238414325,4.986607165,6.352255704,5.321386882,3.360051782,4.847401866,6.075446367,5.029461311,5.243089956,6.28524985,2.562816621,4.715699021,6.089062081,4.998810518,4.711831514,5.96620432,4.314130278,5.557581309,5.098410362
TMEM243,5.725136006,5.804536076,5.765145934,5.729445189,6.46580992,6.405059666,6.372023267,6.311776404,5.605942938,5.958317476,5.482685706,5.494464508,5.637454492,5.579832508,5.507541818,6.286787316,5.826924145,5.860737266,6.160670076,5.511638754,5.907153926,6.532273762,5.844705047,5.844584102,6.239819177,6.133935849,6.424142017,6.733930348,6.203104079,5.319685872,5.939574102,5.701274585,5.886435043,5.927326732,5.96764766,5.739899825,6.220887608,5.784368735,5.978303304,5.753112781,6.302895321,6.823273138,5.989508772,5.996761607,5.467356448,5.96969948,5.340012197,5.902461338,6.160293667,4.947205174
SYNCRIP,6.730107814,6.823912989,6.544859806,6.656948618,6.58172069,6.702896839,6.575515837,6.429948266,6.600384073,6.618255984,6.771160549,6.500635505,6.758537695,6.536502736,6.691419138,6.519098975,6.646232104,6.988016655,6.447117141,6.700823757,6.707841661,6.433793948,6.711160085,6.595349827,6.814985814,6.680002286,6.380528002,6.209536954,6.427783511,6.713172546,6.569004482,6.522239073,6.551214168,6.590464919,6.624153835,6.682925007,6.760189155,6.575676768,6.589644405,6.660540868,6.332237762,6.63391103,6.586162001,6.304667205,6.636258211,6.51392414,6.814704856,6.435041376,6.107321455,6.709901107
MRAP2,6.548567943,2.363593657,2.748663332,3.984357574,3.345913686,1.671959378,2.304956938,2.563858218,4.113317072,1.287210619,6.706689478,3.68787465,6.579561208,4.43100506,5.626747299,2.218943496,5.473851741,5.195163982,0.276015401,3.299628011,0,3.85141012,5.457767718,0.656752533,2.5415882,6.419273103,3.248789422,3.965298911,1.153779163,5.948301576,3.438943606,4.863290572,4.303924167,2.433628622,3.583574384,6.362145321,3.588262529,1.774807251,6.440865683,4.463939481,0.901562785,0.609566536,5.626209445,3.186538367,4.544618667,5.501298976,2.129543152,6.182549337,2.08122453,3.095250407
AMHR2,0.743673942,0.454013702,3.455684169,0.294589148,1.146307614,1.093887182,0.549767395,1.334324375,0.374311989,2.992953725,1.16301276,3.443800789,0.405567868,1.219695608,0.719519698,0.864012376,0.861238992,0.812841478,0.175337366,0.343130083,4.884835576,2.024895599,0.438086202,1.258552804,1.970522219,0.585774568,0.525449322,2.809469122,1.002359191,0,1.777065659,2.907924908,1.61072329,2.324718274,0.791645987,0.835524496,1.217176266,0.687323793,2.002158964,0.86721908,2.246105886,0.281622525,0.691057964,1.600637373,0.515221534,0.777428019,0.311275951,0,0,1.383166542
TROAP,6.084451605,6.280058692,5.896831339,6.028970506,4.251296651,4.456489246,5.059204827,4.72845842,5.78550074,4.88275325,6.242123419,5.982269034,6.230825944,6.205660104,6.083765333,5.414267973,5.86978442,5.805504321,5.496814405,5.365307835,6.221397054,3.71508373,6.166331629,5.911441533,3.826327431,6.200330388,5.614254378,4.535602903,5.082535611,6.198432919,5.341709574,6.019780823,6.100690861,4.891513994,6.312653919,5.96269497,6.265799263,6.111606582,5.984202972,6.205219536,3.626577546,5.298795698,5.952353124,4.987476838,5.361415327,5.829023381,5.90917491,6.562918155,2.865422717,5.874966824
B4GALNT1,6.02173813,4.32277519,3.418044745,4.485844804,4.097479869,2.575910479,3.392213404,4.736373795,1.997229515,3.697680351,5.963177025,4.697485389,5.725762502,5.043296466,6.189786837,1.74872374,4.807608493,2.67972054,1.911028688,3.483264496,1.058683674,3.02577341,3.039339559,3.358005104,1.603061399,5.522086206,4.932983375,2.168066851,1.661137461,4.144883944,3.670535085,3.092169869,4.056488925,4.264651344,5.222053724,5.552271014,4.12734463,2.8121489,0.966050507,4.435205378,2.990020641,1.340153194,5.759944049,1.727981911,5.319577614,4.733070548,3.180629729,3.866151355,1.793245154,5.256825743
ESPL1,5.826899216,6.122084416,4.68706302,5.336407243,3.729010908,4.473774753,4.42699454,3.823281171,5.521305776,4.462068544,5.519075801,5.677666228,5.768363332,5.724698137,5.405376025,5.233334806,5.182197148,5.459336156,4.593755225,4.983756079,6.39521098,3.649688536,5.311641609,5.110842514,3.796139727,5.48715415,4.905844321,4.169732864,4.418845654,5.812763745,4.410314967,5.206234762,5.42898388,4.823840539,5.134859373,5.59903632,5.705826783,5.533924839,4.87825308,5.895216105,3.048125795,5.142706794,5.291671444,4.174280091,4.779427243,5.129673412,4.919366377,5.744220178,2.679229199,5.202463636
KRT87P,0.996769984,4.898337744,4.056597277,1.457627873,3.613705414,2.500647879,2.028567623,1.399979803,5.540373517,3.810326394,1.038475136,3.71278533,0.71253073,1.515861909,1.181288602,4.165620539,3.240790794,3.687992183,5.228655291,1.493930888,0,4.05455255,4.19135322,4.193929194,2.494963795,1.121187872,4.056222578,2.915670497,5.251562518,2.244027985,5.631632521,5.285441664,4.633323373,3.446682316,4.032494087,1.997063168,5.958217242,3.965112699,2.953777436,3.449732621,4.146337536,2.088746324,3.692661983,4.682457772,0,2.739491145,4.383900534,1.883529128,4.617241415,2.422546481
KRT7,4.498220715,6.958775575,7.46161942,5.632011594,7.163661606,6.744830059,7.149564569,6.949137692,7.408195514,7.27622793,5.983381181,6.950701072,2.52662624,5.772034481,4.241449054,7.383894017,6.191362881,7.060421258,7.311988516,6.013694891,4.706688149,7.162479487,7.307116376,7.489949712,6.857857812,6.194716371,7.299052386,6.748830892,7.435911278,5.922871466,7.521689515,7.408237657,7.444494492,7.328250383,7.2637732,5.973002138,7.596082507,7.476463005,7.293730614,6.267981253,7.259732725,5.721979561,6.336688293,7.504769322,5.61158721,6.564491119,7.615226813,5.771644232,5.829615397,5.326088937
NHSL1,6.157208561,5.986501338,5.048750538,5.802382392,5.554295641,5.411664964,5.388583852,4.561645018,5.414860465,4.952779921,6.288099038,4.659045369,5.600727985,5.698453675,5.975963024,5.385291089,5.809755377,5.853609457,4.395950092,5.431034093,6.393940655,5.804373655,5.459167924,4.864451291,5.241056875,5.869574922,4.781461938,6.069655566,5.847260707,5.827149493,4.782134677,5.310483195,4.867815324,5.249425315,5.738224102,6.084500211,4.820613686,5.032234496,5.144660368,5.392472188,5.297345977,6.854799067,5.857585778,4.984051541,5.785728381,5.531393869,5.788274312,5.525278133,5.070768578,5.774283454
REPS1,6.098703746,5.659649577,5.437975515,5.913705269,5.575551539,5.707051015,6.217544826,5.420592713,5.557961868,5.363356671,6.393126889,5.675144298,5.651947761,5.850854003,5.95192102,5.356286314,5.767763744,6.086500297,5.591475763,5.581811189,5.896576095,5.56660801,6.184366071,5.53560687,5.830490428,6.042231666,5.360337191,5.134941252,5.397856198,6.06075077,5.744118321,5.516529011,5.771768248,5.406822763,5.956395851,5.995851723,5.79246632,5.663829548,5.557727578,5.943192084,5.196696137,5.619629401,5.973713814,5.908925357,6.009851967,5.733979938,6.125352313,5.691182278,5.613029693,5.924652285
TEC,4.036805929,4.923182376,4.57416393,3.703786534,4.497255471,4.823620611,4.693505693,4.792676285,3.798067923,4.651019591,3.75666065,4.669377417,3.868739512,4.710554335,4.245205999,5.036953509,4.69383162,4.47348885,4.792451763,3.64665412,6.1010292,4.751532267,3.884513202,4.625924116,4.377674861,3.970261907,5.012041802,5.052949332,5.110367114,3.035885799,4.576586854,4.951723496,4.243438186,4.808305915,4.116221011,3.745254691,5.120177673,4.670951649,4.475962533,4.074526848,4.474943673,5.061387247,3.049124403,4.523014126,4.077842984,4.122700097,3.366652176,3.418631,4.988347089,3.090259422
EMX1,3.61222868,1.113150723,0,3.469726828,0.258914114,0.663630943,0.529963942,1.417940118,0.645559453,1.091099441,0.751593519,0.135233217,4.365474939,4.485239171,0.694986041,3.73672209,3.023809311,0.785969056,0.318149707,2.739331943,0,0.55849327,0.923744157,0.537034873,0.590060904,0.468943393,1.705901276,2.38317035,0,0.758584596,0,0.739596346,3.203672754,0.310869868,2.009476881,3.248324766,0,0.371167122,0.674463983,4.57808892,0.424216938,0.186053132,4.337969032,1.038386065,3.851428592,4.78854344,0.817098369,0.239711012,1.029327421,1.303645521
CPM,5.555850747,6.374669921,6.330655065,4.882582415,6.627352312,6.378217875,7.947306988,5.793837604,5.382827982,5.301629173,5.341714619,5.681184346,5.246576517,4.776265583,5.525963577,6.902760894,6.18168347,6.08081513,6.251348209,5.892790125,6.30076732,6.83323036,6.094220584,5.900275067,6.475286423,5.950456807,5.556868323,6.817694469,7.178139702,5.167097994,6.944240302,6.749494506,6.215856015,6.216690543,5.949344626,5.800201343,7.112007186,6.444229862,5.782713513,5.693657851,6.655529999,6.035402313,5.507253641,6.908685078,5.624070694,5.49759042,6.022762078,4.983135677,6.120918268,5.628244848
BCO1,1.902437382,1.375050872,5.339289142,3.075936607,3.19424346,3.638524689,1.246257094,3.782191481,2.281368895,2.479055159,3.007798406,0.93534937,3.735857837,2.295343214,3.331410637,4.837193399,1.882746904,0.542404674,3.247390437,0.40286469,0,3.829406876,1.793885528,1.083853209,4.570790896,0.445397165,3.752171331,5.389489256,5.330966697,0.723913856,2.150912251,3.85888335,5.019117015,4.134965876,2.771842208,1.814104576,3.110112947,5.825785386,0.642750111,4.043257606,2.252485368,3.969519208,4.364522244,4.227099148,1.988052014,2.820652201,1.27499793,1.005085635,3.29327376,0.357734887
MPHOSPH6,6.134960875,6.101055397,6.205233805,6.283359179,5.819886315,5.953527187,5.952978796,5.80842821,6.140301211,5.889921963,6.351408879,6.34186422,6.134456464,5.948156417,6.593307902,5.896813392,6.050071046,6.289972483,6.179189415,6.615211706,5.846500597,5.939580618,6.686606126,5.959411742,6.102758953,6.05904517,5.5531152,5.540233314,5.842329273,5.977613331,5.898141985,6.159935016,6.128090133,6.077933173,6.44003103,6.441432424,5.774442661,6.350413592,6.364463063,5.917176994,5.801328793,5.30215171,5.980763503,5.561253406,6.356321104,6.423735336,6.670909686,6.373235371,5.549468279,6.761088533
FHOD1,5.49940473,5.704080919,6.11910549,5.935925351,6.20798977,6.080575276,5.929542676,6.306125439,5.834686368,6.04845312,5.773271289,6.06427119,5.781655243,5.878498345,6.239424006,6.448775832,5.589335832,6.387758635,5.726052798,6.055066604,6.000932724,6.348036631,6.055561073,6.479486037,6.559446111,5.63929968,6.559053437,6.719763679,6.492720594,5.359538514,5.873712483,5.567772676,5.884000329,6.262621561,5.860151517,5.806900477,5.909650538,6.222044079,5.278337432,5.754848607,6.561761358,6.40634505,5.673043956,6.601460237,5.848841147,5.568353596,5.978640407,5.232264378,5.604324435,5.877421481
AGT,4.381056255,5.730690722,5.673374159,4.168846135,5.505471696,6.938936234,4.45578518,5.421378108,2.220947614,6.003644136,2.986247903,5.831138334,4.260033917,2.879743447,4.840083153,4.060605518,4.849567864,6.071270099,3.705867063,3.346346289,2.796374771,5.371987234,4.822796582,6.23678279,6.077717735,4.167399295,5.152956729,5.996631671,5.348139469,3.749848655,4.474672834,6.600875035,3.034590937,5.578787003,4.197601735,3.241712294,5.414534179,6.001367708,3.189124017,4.157904554,5.747434486,3.512441411,4.764497161,6.955924711,5.511888276,4.34176388,5.166180796,0.519439028,1.77199913,4.758447411
CAPN9,3.153290175,5.473877599,5.340538592,2.250442646,4.435513843,4.164632843,2.815061562,4.42721499,3.088171897,5.024825509,3.369101433,5.2683558,3.587681732,3.096096777,2.253783864,5.145002111,3.956286886,3.659132932,4.859485722,1.282051221,2.589847081,4.17827133,2.215542839,3.962263624,4.501374991,3.469234233,3.587736354,3.225132457,4.450306048,3.108473025,5.428276115,6.575983095,4.286916353,3.404433467,2.380076403,3.634770878,2.245476451,5.665743059,2.527820701,3.957709468,6.324479076,1.877242019,2.129980311,4.803876761,3.992394176,4.32423417,3.226122495,1.094595985,4.769510245,1.356046476
SERPINE2,6.000650441,5.648156559,6.396168143,6.02258553,6.71539833,5.582002854,6.000952308,6.080076412,5.390174533,5.3270575,6.516560907,5.813630912,5.443907067,5.63889265,6.994525117,4.735469524,6.13906355,6.436637136,5.123801796,6.272527339,2.970885989,5.467769085,5.037301336,5.096164907,4.884373912,6.052882882,4.953669402,4.523107419,4.259677381,6.332306688,6.302466496,3.985558112,4.718208647,5.47453236,5.961574085,6.598095457,4.426618435,6.331686333,5.991685243,5.575144753,4.540376954,4.175821261,6.42587213,5.596903834,6.2250164,6.305373645,6.797932391,6.520559117,4.030545198,6.909585305
ARMC9,4.461516036,4.898663436,5.042110784,4.574353044,5.377223886,5.664702324,5.365781375,5.176398845,3.877202734,5.810602192,4.697909806,4.816181951,4.719548363,5.026643567,4.697843086,5.189005206,5.021584133,4.835038065,4.407456362,5.243271508,5.554158426,6.188874955,4.857956176,5.373467712,6.1335259,4.192714061,5.130265718,5.381145443,5.817488179,5.254876694,4.591635071,5.141909842,4.571551902,5.416606362,4.053993607,4.032978608,5.144236125,4.95103818,4.294646738,4.331876184,5.239728759,4.099545107,4.580846074,5.768717519,4.22735389,4.519936781,4.990849388,4.131250102,4.886220725,4.945272853
GCC2,5.627557336,5.58925168,4.901703447,5.348560262,5.650932919,5.878930946,5.522527025,5.580044053,5.480608459,5.84583961,5.363815744,4.948964569,5.601287049,5.4441439,4.818922914,5.659889551,5.789042936,5.368421907,5.876808453,5.127405819,6.449069116,5.977458974,5.240992298,5.648072199,5.864882261,5.397472823,5.768459147,5.580808901,5.899531938,5.482374206,5.540344389,5.656537877,5.585766065,5.895255294,5.352356152,5.281561303,6.215329233,5.920553329,4.352521432,5.115961158,5.368305776,5.846539109,5.131943712,5.33645814,4.796207572,4.754617817,5.675861196,4.962037032,5.907890455,5.247684608
ARHGEF4,6.040299524,3.102396018,4.801091426,6.277809521,3.501612647,3.646930352,1.786299402,2.533858297,5.918715022,3.499366233,6.08047449,1.557376803,5.960192371,5.41709242,5.998740928,4.556185203,5.342040223,5.438422056,4.636405357,5.56768846,2.762126428,3.37174489,5.911696306,4.39557174,4.936103379,3.854130522,4.523909677,1.051749293,3.46569815,5.784898127,4.725812885,5.35316109,6.123600916,3.608925161,5.967184216,5.962149333,6.070975,5.774474655,4.845422007,4.379474843,3.297144031,1.249373927,5.450936375,3.27769794,5.985899264,5.280390247,5.515006895,6.12072802,1.203506915,5.910153551
DRAM1,5.723934618,6.286651458,6.609626006,5.806906368,6.831482337,6.811362121,6.721959015,6.597077424,6.096300772,6.506506898,6.275518194,6.31087994,5.849014891,5.966305104,6.050174493,6.666034991,6.54286348,6.417904993,6.133095093,6.665542879,6.471245439,6.830001621,6.471407535,6.484570337,7.287160954,6.261863535,6.622615735,6.710900001,7.239363447,6.456770761,6.391252739,6.119513161,6.348619659,6.438354634,6.379966865,6.035742605,6.093077887,6.48032644,6.599779633,6.374662342,6.953086096,6.328964704,5.912523376,6.225603703,6.059218855,6.36426409,6.740918419,6.079263858,6.493093071,6.801257683
SLC41A2,5.058486848,5.666679007,6.024981241,5.165101873,5.468734132,6.127362042,5.554981758,5.80469695,4.748466523,6.060947511,4.719876352,5.681667884,4.46062772,4.662487038,5.388599821,6.229364054,5.787574549,5.234591605,5.414679812,5.369077512,5.622125122,6.140778673,5.390505953,5.60214017,6.192465693,4.75299236,5.014245941,6.010733887,5.781230827,5.23165189,6.256003672,6.177496931,5.389954034,6.040803039,5.107123777,4.506495457,5.8944934,6.005090527,4.71577499,5.394660819,5.413455465,3.767047706,4.750139531,5.491776228,4.272699222,5.081282429,5.041621845,4.322673691,5.783411313,4.758165075
CKAP2,6.661693461,6.286474291,5.585682836,6.132366124,5.749280444,5.83913358,6.152026965,5.394818074,6.52711739,5.580823647,6.38436502,6.115256769,6.131697909,6.200166376,5.841886835,6.046073007,6.169325583,5.996153274,5.801746759,6.029250063,6.852230113,5.269901938,6.218851812,5.937526016,5.83789115,6.262673428,5.97158466,5.414941482,5.283776663,5.943852715,5.616415126,5.617684321,6.231971202,5.678631813,6.423913483,6.05901246,6.170335293,5.88104922,5.991903456,6.006181051,5.376839331,5.721895958,6.454381046,5.896157203,5.984391324,6.181926732,6.0681697,6.440483513,5.545510696,6.072958418
LMO7,6.137483656,6.218369647,6.584955799,5.66742241,6.34288982,6.569040674,6.284680661,6.072796684,6.166684302,6.496195852,5.94065009,4.611602042,5.557564579,5.556990269,5.127167827,6.787913734,5.930671403,6.002122577,6.105785929,5.594887252,6.647620503,6.269051284,5.948028713,6.554144045,6.37665935,5.773727626,6.550600182,6.351007529,6.554593729,5.618442593,6.839426173,6.632921276,6.035357422,6.353378578,6.295215944,5.821961909,6.433588056,6.514131275,5.255831258,5.546504138,6.647215555,6.342350686,5.488406741,6.56557988,5.775771427,5.446503319,5.780214584,5.371101769,5.985287777,5.677410062
GPNMB,6.944229384,6.957788972,7.224765839,7.676604321,7.029669574,7.049933129,7.326009637,6.874397207,7.159669233,6.678513427,7.408728319,6.704182242,6.705157689,6.786345324,7.777689965,7.049142431,7.410865571,7.249613541,6.590280112,7.804495426,6.543000422,6.632027141,7.465632405,6.809392673,6.812398951,7.535399742,6.421326147,6.552590385,6.555971704,7.075419591,7.095693028,5.99590646,6.426433052,7.037007111,6.941756229,7.090948463,5.93241158,6.796324726,7.317924047,7.154403624,6.471022864,6.666325188,6.9165228,6.438620354,7.00512401,7.036587568,7.711456516,6.643906896,6.108667534,7.168411984
NKX2-1,4.586655886,6.799875361,6.701195403,4.368737814,6.983321089,6.920808381,6.720703237,6.883949245,4.539348496,6.941210537,5.141551662,6.98150903,2.925393159,5.680395302,5.102532976,6.972065652,5.703539281,5.776850153,3.229031824,4.381498578,7.136064057,6.922039599,4.855610338,6.773463493,7.076586888,5.782163348,6.971246849,7.25047889,7.204244575,3.659936033,6.705469801,6.433260249,0.555301236,6.530045434,5.297123082,4.827295605,4.272241206,5.774708203,6.064928178,5.392283379,7.263934807,7.369088073,3.964908438,7.249009177,5.019429448,5.787243722,5.928913744,3.048337497,6.197107678,1.711783448
ALPK3,3.576267061,6.295001663,5.921530763,3.899536386,3.610681755,6.325545275,5.351685153,4.819360155,3.761589494,5.804762461,4.461398668,5.87490436,3.615488887,5.239250897,3.893882042,6.537105795,4.906000257,4.347971075,5.576826804,4.765889145,6.035108306,4.479267488,3.730837932,6.242792325,4.360654324,3.948315214,5.556139926,5.942814104,3.914870766,3.771908163,4.989665513,5.894182404,2.992702983,6.068365651,3.959733192,3.01090433,5.629973186,6.561889777,2.932969403,4.611121709,5.105819145,3.774777927,4.441069419,5.460137403,3.186980215,3.739092594,4.177298828,2.767143203,4.729306686,3.697106255
BRIP1,5.396003183,5.071745676,4.249439,4.529453333,3.680738315,4.070818299,4.153972924,3.912668415,4.832434389,4.095895808,5.220101837,4.306228134,5.462191439,5.21945341,4.47457346,5.121418414,4.908761487,4.950570233,3.80230584,4.636672407,5.998279988,3.439706738,4.630005969,4.998780711,3.556763309,5.067626464,5.322452973,3.394254289,4.915743502,5.197577227,4.102738518,4.490622726,4.876388791,4.327467206,4.854672607,4.933941726,5.276957165,4.749509694,3.94490467,5.482377998,2.245544812,3.983321686,5.180395389,4.583262532,3.75156981,4.726113684,4.243823189,5.455671463,4.128287945,3.827463612
ACTL6A,6.782956533,6.373395096,6.559163798,6.793763981,6.332849115,6.349422744,6.610580451,6.176746051,6.699952638,6.318837587,6.880514025,6.838441153,6.74337543,6.847808507,6.755573373,6.278974898,6.751385094,6.894647994,6.378436304,6.450329199,6.845298029,6.244112412,6.579404385,6.481525784,6.451736825,6.945917333,6.217297375,6.126635849,6.224634794,6.740746079,6.414322887,6.359277486,6.413773109,6.480424571,6.767964528,6.941386983,6.632556173,6.391223009,7.19085006,6.62543695,6.231232477,6.386124538,7.023130786,6.109868464,6.815309549,6.977571286,6.62076568,7.023424416,5.423904585,6.929726014
MRPL47,6.788712704,6.389028887,6.859821278,6.822064939,6.472266658,6.534881327,6.666393454,6.488361645,6.808977902,6.465922262,6.959124101,6.729822483,6.767442629,6.741771075,6.782684127,6.327390261,6.768032739,6.927231471,6.400897269,6.569408201,6.963035574,6.335265847,6.714663349,6.732589434,6.507751378,7.098148708,6.499468854,6.317505589,6.237493761,6.67954226,6.599275842,6.727502853,6.643576045,6.489445135,6.997956197,7.078144997,6.722494758,6.397287042,7.196554365,6.730745723,6.362460231,6.293875711,6.990826927,6.362905589,6.877954549,6.994084203,6.756546226,7.165143192,5.59186496,6.902442497
TRA2B,6.515871847,6.276415525,6.208474446,6.579290562,6.164159888,6.151271521,6.187250999,6.207054191,6.55606278,6.246473358,6.614082589,6.192228957,6.392776849,6.27911088,6.206073054,6.055350513,6.375544391,6.481965786,6.024920647,6.109813732,6.518563098,6.056651526,6.363862168,6.205231399,6.240588167,6.689230638,6.09968829,6.05229189,6.048320269,6.503695538,6.092971468,6.182290968,6.20812215,6.222361246,6.314044671,6.616166079,6.430843945,6.155125922,6.412802209,6.348354232,6.093711624,6.323268847,6.612203228,5.991581346,6.306667229,6.535191757,6.311637035,6.654966025,6.040818259,6.254904679
SCN7A,0.368858926,4.662285416,4.107063796,2.11040265,5.712665957,5.171202787,5.128726152,5.123652421,1.047875149,4.851158282,3.477959359,1.516730469,2.432943273,4.213508409,0.872176296,5.057435554,5.070583054,3.536795557,4.801752503,2.401473603,2.971189043,5.788741767,3.627140653,2.823962251,5.056105582,3.981407633,4.140876938,4.735441702,4.432088608,3.32390804,4.765793244,3.125817838,2.367926642,5.416484337,3.283965303,2.704571934,2.294304545,3.567797283,2.544439574,3.732624298,5.890183741,3.622395338,1.033620005,5.871436973,3.026437577,4.170042362,3.302181028,2.257456224,5.986147187,2.212566283
IL36G,6.851464089,0,3.477607424,6.028186602,0,1.931109504,0,2.65480307,5.512593711,2.402100235,5.539479755,3.050941435,4.860363987,1.543423939,5.596538633,2.233914466,5.628519009,1.533456772,0.409525024,6.571247031,0,0,5.316539583,2.760310033,3.292009562,7.071828656,3.81682894,3.056967668,0,5.079333911,2.214538541,0,3.507006877,4.580401591,6.618018212,6.655358466,0.650715154,0.475410491,6.867861255,1.409143491,1.228681054,0.349943997,3.294500147,4.20966652,5.3565573,5.762942449,4.424022043,4.310399924,1.459274423,6.333005481
HS6ST1,6.536980937,6.528216373,5.99730702,6.576042167,6.236327311,5.531670539,6.132407212,5.925228702,6.841185857,6.016538023,6.575430607,6.170175724,6.644970043,6.300364402,6.498644629,5.587101215,6.187767573,6.40442411,5.947132667,6.120076287,6.381989466,6.066237931,6.412337134,5.91025613,6.270662482,6.253839875,5.829053301,5.842253869,6.152645768,6.913528546,6.05646746,5.270403958,6.411929714,5.975076842,6.497894457,6.572221869,6.044277571,5.93905583,6.526888812,6.090124858,6.310390517,5.382613476,6.51998141,6.345400378,6.801337712,6.414929836,6.967639272,6.168925372,4.65325196,6.723615378
SMC2,6.325338223,6.095882341,5.237355969,5.700616271,5.647319652,5.644549544,5.750479427,5.656556379,6.31854086,5.692947995,6.130806857,5.701919953,5.931088971,6.336240774,5.762560273,5.904440304,6.224280225,5.753530327,5.722927313,5.635141243,6.663417891,5.457376977,5.927869917,5.79950305,5.436003529,6.292525267,5.517228261,5.15554566,5.669228963,6.081140408,5.597110792,5.618771717,5.706256712,5.742457699,5.790958918,6.038275279,6.094357096,5.776672746,5.695974155,5.685977051,5.243482509,5.604766047,6.106369176,5.481934601,6.068875882,6.166135403,5.434227461,6.12830652,5.244795421,5.485210032
KIF12,2.810404405,4.615614103,2.193131561,2.903821566,3.305488463,3.746757019,2.360632306,4.458823662,1.027464205,2.848183496,2.521364185,3.917021782,3.147003255,5.193103774,2.462707584,5.180667105,3.00974386,2.947617817,6.119063708,3.30743688,5.488735668,5.107159363,4.687944861,0.355592367,6.047683756,2.960044638,5.308489367,6.151578047,5.997191333,4.089297652,4.028612468,6.037465262,5.305237213,5.23594499,4.209208148,3.064332867,4.33564863,6.249166024,2.797473952,3.873463922,6.501643438,6.68107858,3.210534991,6.203196391,4.735116061,3.454780839,4.041331672,2.259389128,3.60884634,3.725583567
TEX10,6.119957772,5.484318198,5.300000806,5.683195595,5.537766562,5.685919092,5.349607729,5.443415749,6.028561852,5.470285181,5.86919665,5.534343443,5.919670447,5.871757679,5.676804512,5.499360505,5.822549261,5.910199446,5.532049478,5.346239377,6.45428886,5.009200043,5.919031102,5.295838001,5.528309243,6.043954524,5.325078375,5.348073794,5.502071068,5.886654289,5.520246471,5.379308153,5.283262168,5.211083761,5.522449975,5.763188121,5.766168096,5.322390528,5.361588717,5.651825823,5.336019249,5.795826663,5.89190244,5.485520128,5.815672307,5.854289583,5.026756204,6.1101222,5.491218649,5.45106691
CTSV,6.922828691,4.283458678,6.094325169,6.234561188,3.571431788,4.067284659,3.852977928,4.68830618,6.584592208,4.658778102,6.343469535,5.363680717,5.881906139,5.217033602,6.209044156,4.45365051,5.900715942,5.542112983,4.662273679,6.147826318,7.110030521,2.612125998,6.248046905,5.261933626,2.13528373,6.112538442,4.784892562,3.565660772,2.992183504,5.916502093,5.012242904,6.148564106,4.654794311,4.657630116,6.216799695,5.525736866,6.101197287,3.779321957,5.438513985,4.159921688,1.598220471,1.603484585,5.827777722,4.639474458,5.899403216,6.051384254,5.817774198,5.883615207,1.253123859,6.125287239
DSCC1,5.916866921,5.940925083,5.385514451,5.538036605,4.96411538,4.485947171,5.925719299,4.36889533,5.66545878,4.521956625,5.605630393,6.017338439,5.542904535,5.901592961,6.065090978,5.285442529,5.674529183,5.504431896,5.104700343,5.197705926,6.36013988,4.504854491,5.77096941,5.738370963,5.055350587,5.612027319,5.471472186,4.2685926,4.755928771,5.599344738,5.097065639,5.722908166,5.297666071,5.319127058,5.880380698,5.479626292,6.061390437,5.435148647,6.044570663,6.25587062,4.048225503,4.99923349,5.923401318,5.582197198,5.836163279,5.872350972,5.922620862,6.349030802,4.156279665,5.777312481
MYC,6.766693354,6.815556176,6.329459157,6.823014428,6.986619709,6.618169945,6.627353838,6.446297317,6.900861691,6.493220085,6.877360038,5.862544903,6.626794651,5.580671089,7.140095367,6.694944352,6.804622143,7.497161174,6.230459886,6.573651833,3.851973583,6.213941136,6.933004598,6.584037416,6.522645592,7.095930233,6.591777679,6.209267442,5.685462016,6.468947781,6.29454701,6.091575786,6.672888104,6.183778777,6.912980002,6.934460522,6.570771093,6.730984668,7.078144949,6.927741875,6.060622917,7.128735972,6.428037104,6.7343467,7.098500792,6.913150853,6.924319827,6.961105094,4.912943777,6.711648992
TFAP2A,5.795626916,4.605489341,6.359314527,5.984459339,5.094287221,4.918627737,2.013761122,4.652096644,6.312685576,5.154243144,6.185134501,2.892831511,5.349467714,5.679730224,5.875007843,5.286054448,5.391524032,6.219203594,5.312246283,6.229311111,5.507606278,4.501401018,6.22792408,4.93481573,4.204229332,5.444990753,5.636835311,3.99796823,3.396043457,6.436575973,3.949578591,4.571327432,5.795430661,5.479540585,5.933157916,5.367925282,6.695603818,4.932337194,5.440098591,5.854064077,2.463728246,2.620446847,5.970548008,4.873647082,5.659650828,5.64222546,5.41785781,6.108105014,4.066299175,5.922601653
FAM8A1,5.989902989,5.849165232,6.098386662,6.081069072,6.267539816,6.528777816,6.286827147,6.162719935,6.002269106,6.28689858,6.136191862,5.899529628,6.07566396,6.233660275,5.862426283,6.31716948,6.163213295,6.08279375,6.163001432,6.06444552,6.571714613,6.581391459,5.896205639,5.93495804,6.63268458,5.990431419,6.18050614,6.551386567,6.573152754,6.143672071,6.461271419,6.424411483,5.89425361,6.168477032,5.944409847,5.69830115,6.717971033,6.298480018,6.137610349,5.978826711,6.493981688,6.881187426,6.391009555,6.371794278,5.843907395,6.095319493,5.919380803,5.988537685,5.976728117,5.857463694
FGFBP1,7.336012775,4.138449851,6.267034257,6.795220062,4.4022227,6.274172099,3.596231916,6.000423127,6.827545466,6.852101543,6.922859508,3.63847236,7.079858993,5.439091403,6.374178234,6.702972433,6.53681066,5.897699819,5.425210702,6.871087767,3.387070686,4.50251567,6.876370275,6.832183308,2.53065532,6.65539978,5.205220346,3.892409926,4.151253011,6.356975403,3.459522052,3.131646451,5.912519045,4.638989886,7.046845205,7.026119444,4.273717171,5.706375537,7.198887249,4.931857809,3.417571458,0.636990266,5.72857352,4.151874534,6.966612116,6.722888043,4.619543983,7.029949826,1.472747703,7.142552785
ARRB1,4.491308279,6.419952757,6.107735897,4.240348786,6.17195377,6.145182472,6.006098537,5.856901824,5.145474894,6.031640253,5.20394461,5.95900858,4.8817771,5.2787089,4.732875151,6.161023357,5.390011494,5.211805797,5.301211912,5.384163969,6.758904888,6.133519982,5.948130457,6.089581886,6.360854243,5.181860768,5.691135007,6.251040394,6.655171891,5.024392632,6.478245361,5.965735144,4.618660388,5.713917766,5.382459047,5.129829622,6.281732449,5.652710952,5.400610655,5.194890279,6.571156259,5.846931706,4.731791023,6.154008818,5.532206297,5.498744401,5.639847624,4.753362599,5.621343855,5.240889104
SYTL2,4.977995874,4.468768207,5.893009091,5.274382277,5.447053169,5.629793048,5.666605287,5.324315615,5.106922143,5.273443096,4.295477897,3.795617564,4.378499613,3.278460461,5.088246736,6.167114081,5.284283276,5.049290253,5.113683027,5.156735999,3.522740668,5.648313895,5.235519994,6.365654611,5.930770752,4.013489264,5.347375523,5.187435656,5.319960996,4.574891065,5.26892181,5.393201701,4.939860301,6.345802465,4.747870785,4.432588072,4.83406362,4.829637776,4.604105757,4.7302524,5.036132831,4.76009154,4.722150876,5.799730727,5.254759458,4.96358278,4.740462002,4.387195465,5.724122698,5.322435506
GGH,6.488858947,5.891876437,6.138781029,5.932886852,5.941213857,5.923986336,5.792465777,5.772392951,6.053402004,5.816241011,6.310724434,6.750120698,5.956846393,6.482464967,6.511385204,5.834533823,6.401129067,6.162975728,6.388757175,6.44299564,6.848583715,5.087889186,6.311475762,5.917415422,4.835505948,6.478395451,6.455525045,6.114774305,5.727528038,5.920508725,6.293492631,6.779765052,5.990211276,5.789004603,6.373053135,6.416717301,6.756289098,5.90546692,6.860679946,6.288415904,4.857542656,3.368589912,6.643733304,5.513484009,6.520492973,6.320616938,6.707953758,6.820705415,3.539181781,6.587377237
DCUN1D5,6.742031473,6.444547695,6.55214156,6.695074327,6.28529095,6.434385623,6.540834376,6.369048267,6.759692166,6.426520537,6.812211636,6.551602441,6.15325836,6.443722816,6.63841462,6.543050678,6.413621291,6.654076309,6.26889216,6.587985415,6.791490528,5.986894585,6.682368459,6.680753372,6.318193235,6.71358576,6.179235461,6.063229639,6.003048149,6.185211815,6.383906552,5.988149205,6.215691926,6.303576143,6.772988912,6.271575723,6.591076888,6.350205536,7.082260627,6.299277105,6.091941678,6.439539342,6.467493311,6.516977151,6.67921883,6.40576518,6.554282691,6.646711491,5.560156138,6.697540177
TRIM29,7.064506805,3.57908802,5.864765568,7.090395266,3.447077207,2.387160218,2.871476673,4.458449991,7.129932665,5.28411571,7.169100768,0.918260788,6.514426272,6.357554876,7.089681092,5.972997086,6.499601074,6.98301067,5.138629036,6.943053818,0.330938882,5.336312906,6.740583763,1.03193276,4.208634415,6.909303994,3.846836476,2.837405987,0.89959577,6.687626678,6.10811166,0.723292782,6.62892337,4.974173606,6.950596375,6.991490033,6.957966114,6.185441325,7.103195864,5.873124703,1.731256871,1.117671326,6.329463416,5.092352268,7.125482306,6.831367728,6.810852832,6.516204803,3.527340856,7.247182605
MAPKBP1,5.936308317,4.966283384,4.751603179,5.713578099,5.205427271,4.806541508,4.791312906,4.991575481,5.781392764,5.343641708,6.025435108,5.348604371,5.473922516,5.301672518,5.698804095,4.998798847,5.394776515,5.902501758,4.785982441,5.914297328,5.533079651,5.475540831,5.719995457,5.107348428,5.206672841,6.130538179,5.29960738,5.658861042,4.912629327,6.235937107,4.759517401,3.848038678,5.453700673,4.829647486,5.578438546,5.990550139,5.283517452,5.005523946,5.237991644,5.458021499,5.02281221,5.34450134,5.023448795,5.479996845,5.273902835,5.140611708,5.849164291,5.889895034,5.038271621,5.735943915
NUSAP1,6.641578306,6.699890838,6.264791622,6.357969251,5.943748017,6.147428276,6.175477066,5.930397228,6.713214967,6.030733953,6.614190097,6.326885554,6.708085307,6.614657089,6.371403492,6.543143424,6.421440294,6.512387684,6.126297874,6.074999434,6.963263515,5.673576168,6.541279141,6.27182579,5.634705765,6.64228125,6.24317701,5.704175623,6.309825713,6.712688474,6.517562881,6.344967983,6.55732684,5.963287553,6.556511301,6.62993071,6.887744569,6.55764801,6.508717743,6.418806995,5.095806981,6.16915863,6.746381108,5.937822549,6.145436457,6.413918659,6.568880615,6.835793508,4.965323209,6.424664029
KIF23,6.266569202,5.914684446,5.726468795,5.903176981,4.472450001,4.946652316,5.424666783,4.649546502,5.961899874,4.852784752,5.735311936,5.624479448,6.043889065,6.051694552,5.435666839,5.675286026,5.839585161,6.012923058,5.111474151,6.058857461,6.649885868,3.946668759,6.098728805,5.873239931,4.298711586,6.139754728,5.512716513,4.342667521,5.23892973,6.011845874,5.274917469,5.369173895,5.938612551,5.236586839,5.864909113,5.795315476,6.05126786,5.951185251,5.619514889,5.614866624,3.807574572,4.778835626,6.01608684,4.805482086,5.499630657,5.582127049,6.060982476,6.312849208,4.170188561,6.044952529
KNL1,5.568019103,5.539843771,4.50985184,4.929927051,3.561031687,4.256903519,4.363456678,3.874103155,5.349318121,4.172889399,5.344356103,4.803848264,5.318977587,5.572520315,4.584474687,4.941466446,5.043253671,4.970849472,4.415259418,4.435973636,6.024182096,3.662600821,5.103118645,4.842718252,3.347086373,5.533240997,4.603470324,3.79469349,4.260562884,5.355393833,4.990211061,4.179402093,4.891133689,4.287530124,5.088796687,5.216842632,5.983087588,5.107172313,4.702286525,4.765770208,2.822204214,4.100615715,5.161927498,3.564650249,4.805385493,4.739475855,5.077082527,5.353736841,4.414471815,4.761080433
HAUS2,6.088099584,5.962332263,5.541251482,5.786106585,5.801007584,5.510612,5.949140499,5.664090589,6.059540788,5.859876914,6.052118477,5.648992792,5.893831726,5.984823015,5.95191097,5.848489435,5.973051064,6.228854592,5.685920489,5.756504355,6.282330982,5.81975314,5.936632575,5.755287839,5.752984774,6.189066139,5.836995463,5.527666602,5.720213826,6.020687491,5.903509721,5.690986481,5.60621963,5.65853736,5.94640861,5.990133999,6.148526811,5.797680807,6.271764274,5.63843355,5.492321529,5.69747914,6.177833368,5.915653287,5.968560837,5.901107373,6.050452221,6.122211662,5.228723825,6.023401469
TMEM62,5.113487584,5.865035854,6.05945371,5.563700433,6.153610214,5.456617046,6.044282858,6.030708682,5.750272754,6.012243714,5.557593628,6.071819211,5.566432028,5.804877617,4.983754542,6.171873598,5.510146875,5.492550919,6.052552141,5.435684104,6.55149291,6.305716855,5.91312231,5.99731934,6.378462394,5.691296085,6.217569921,6.381594867,6.457085111,5.555039761,6.292902725,6.574700233,6.161253587,6.22991633,5.462927525,5.58590724,6.539619063,6.488606326,6.151113949,5.599650998,6.124556453,6.093496473,5.543597522,6.311559761,5.556801016,5.311712773,5.642146339,5.954283867,5.671861148,6.308217903
FNBP1L,5.500706302,6.571751863,6.417357585,6.038653802,6.311433191,6.506536313,6.355909413,6.080348744,6.052812824,6.152938932,5.938439136,6.011280338,5.654262061,6.3258215,5.858492446,6.504148818,6.02991862,6.515350402,6.25064793,6.062579812,6.803860289,6.604320093,6.097993511,6.442385959,6.572843193,5.776854421,6.133366487,6.118746745,6.683510745,6.321761864,6.593233019,6.597307639,5.435027357,6.641080252,5.523338206,5.956032502,6.668860793,6.242665641,6.142262087,5.754848833,6.452622045,6.46560736,6.701502372,6.649136959,5.861479945,5.847827761,6.09083211,5.681063186,6.117255029,5.89485323
ARHGAP29,3.96900792,5.9733715,5.452640587,4.351232456,5.645529529,5.563053364,5.753390905,5.055372947,4.052042763,3.515602828,4.332724996,4.620729262,4.34687998,5.703828988,4.43574015,5.341013943,5.197065229,5.27953856,4.930856305,5.694840973,6.070696654,5.93839587,4.27349205,5.909524575,5.224613022,4.516394991,5.575343243,4.691585299,5.37759456,5.081745725,5.135130363,5.341741244,4.559688512,6.235497483,4.84124971,3.812264198,5.84452538,5.242912043,4.431247839,4.739306145,5.625643541,4.571785252,6.168483744,5.601566395,3.966969586,4.518854963,5.434491909,5.054583651,5.834602736,3.652060056
CLCA2,7.069690546,1.696222732,4.570170148,6.925840015,2.000138896,2.339276157,1.859627018,3.926566518,7.225900068,3.062219173,7.062294318,0.164167704,6.412363975,4.332246418,7.41219215,3.432297684,6.820114302,7.448783133,0.587047271,7.472905771,0.474909572,4.293858932,5.044645592,1.185061601,1.9914847,6.688352729,0.544244284,1.094674423,0.986700674,6.651571903,0.831743739,1.202645672,6.482217319,3.596504132,6.87554873,7.196224079,1.350118378,0.564172929,7.461385163,1.903375426,0.324255724,1.315134338,5.938448546,5.01808138,7.137578569,6.922497715,7.128326279,6.43123911,3.394082774,6.514168862
ADCY3,6.417000061,5.980362655,5.697409738,6.109587737,5.917628474,5.867476237,5.961819353,5.564705386,6.358630239,5.862867947,6.429483104,5.948214328,6.372660139,6.268063319,6.41250535,5.93009006,6.190571158,6.200272856,5.681507678,6.25282712,6.164729479,5.351450216,5.948884769,5.603902716,5.842857592,6.50653166,5.870818037,5.548562317,4.815821069,6.362101811,5.684789686,4.728571955,5.779916406,5.822811064,6.225498397,6.076356207,6.575672544,5.77989928,5.889796494,5.955765886,5.726122085,4.168716469,6.314191517,5.802442045,6.169026246,5.946618365,5.874145207,5.85972093,4.567825318,6.173627015
CENPO,5.684653781,5.680246776,5.666900304,5.604330844,4.80444608,4.925981905,5.064731605,4.630859351,5.366800932,5.11805838,5.734949227,5.294528027,5.754446917,5.755718393,5.467257265,5.145955921,5.1130183,5.586390694,5.170520653,5.574223634,6.2236927,4.622131575,5.33695253,5.574701062,5.20725781,5.780883992,5.384966492,4.595126707,5.260458483,5.94210741,5.105080561,5.528452059,4.939820359,5.152872247,5.430678713,5.346301193,5.751700223,5.668467501,5.382946853,5.533453006,5.084547805,4.565128163,5.873745178,4.836808863,5.484934285,5.214150773,5.386039913,5.675153765,4.460036615,4.974074693
KIF11,6.342914491,6.195719449,5.517980494,6.215163688,5.458139558,5.719953738,5.60983515,5.301541747,6.391555442,5.163508141,6.138200262,5.98985767,6.296994542,6.466081439,5.880587372,6.159717127,6.013104891,5.918932519,5.583723664,5.953802362,6.768256357,5.016749797,6.109739534,6.029103165,5.214085957,6.301941612,5.676205854,5.149900254,5.604993624,6.315302242,5.823382302,5.843960214,5.993990725,5.628272973,6.499203097,6.342285947,6.324348699,6.227007779,6.047211697,6.320608241,4.358488595,5.57831085,6.479140297,5.415138429,6.22021077,6.051542171,5.896880382,6.386189435,4.781032648,6.06128439
DBR1,6.164356774,5.892724762,5.784127761,6.304633714,5.80652547,5.82744468,6.00330428,5.724385406,6.299981172,5.903328291,6.008152255,6.235394311,6.198027073,5.957832951,5.885355843,5.663315911,6.03798674,6.146325028,5.741112666,5.451496553,6.355944359,5.954017496,5.884045241,5.74472683,5.966933538,5.750624885,5.649903125,5.749824532,5.630390033,6.14683788,5.797434057,5.23219377,5.81196964,5.94626237,5.952136399,6.006531613,6.207522114,5.648544069,6.406968666,6.110810599,5.673714476,5.742599775,6.538295661,5.528719714,6.190196218,6.322994589,5.984933541,6.325735942,5.180228611,5.971917039
GPR87,6.782614248,1.174699387,6.418523131,6.972031116,5.005926549,4.927915863,2.986032794,6.501614408,7.051638621,6.318672274,6.577949024,1.515510721,6.751846213,3.2125614,6.713670379,3.459955735,6.648869363,6.803629147,2.762883845,5.917764422,0,3.452502749,6.766876633,6.17070382,2.423390158,6.170833179,6.526397199,0.684159438,2.166256591,6.424263446,5.925171411,2.242023531,6.768528172,6.038290029,6.744792743,6.926787022,6.1577368,5.682698378,7.351302462,5.046098434,1.990570904,0.913789524,6.334081341,6.048738425,6.939830875,6.374518141,6.816416875,6.402535435,2.435100338,7.180144867
PLA2G12B,0,3.426509665,0.729743324,1.610603267,4.009571037,5.404797969,2.152885751,1.200996219,1.487239769,1.154705873,1.541638775,5.408206042,0,1.129193009,1.318327475,6.336517768,3.712235948,2.446782382,0,0,6.315347178,2.411970456,1.065615653,2.057748334,4.965483102,2.095290466,5.030542782,6.028298683,3.980198463,0.646209177,0,5.899228193,0,2.334431159,1.092384552,1.147060151,0,1.518857306,5.288874951,1.335097845,6.013943356,5.979449525,0.565800096,4.562660212,0.532155302,3.725276746,3.169159877,0.906024025,3.420989543,0
OIT3,2.123531414,1.992049617,2.579851046,1.843205494,2.696696182,3.541952795,2.384422837,1.163701292,0.525695117,0.796699971,1.498624248,4.035874444,2.60697342,1.424001851,1.640502957,4.96518009,2.889983225,1.083510811,0.467480578,1.559304644,5.18581227,2.676603846,1.031074448,2.519992775,2.721895746,1.726700569,3.27244395,4.551530608,2.899516909,1.22051329,1.95168803,4.266853087,1.163351149,1.192755404,1.860765773,1.585510739,0,0.928730744,3.058791542,1.42747971,4.892916102,4.14572277,2.09526055,2.993523293,0.884068955,2.210121792,1.267620089,0,1.986812067,1.436399322
NAB1,6.371416327,6.343783569,6.018665511,6.42178393,6.07691297,6.337392352,6.130995208,6.333591262,6.612461518,6.154310905,6.566416117,5.966800258,6.108930098,6.699598746,6.427353535,6.036678519,6.411736957,6.301352148,6.083904055,6.283006794,6.378336271,6.136342113,6.417958231,6.165323188,6.043983677,6.378626167,6.15226051,5.743961051,6.225638035,6.636480746,6.220762009,6.18406916,6.48940832,6.191172097,6.498274677,6.344971538,6.556788261,6.591393588,6.63683947,5.907255414,6.004733287,4.193513769,6.377522476,5.921386252,6.333409124,6.339889114,6.468063745,6.46678827,6.023732775,6.523817927
HECW2,4.470101819,4.238878515,3.973065461,4.123552584,5.154402514,5.30460377,4.482004741,4.79136506,4.243082798,4.135097977,4.493372258,3.540052123,4.564856174,5.176685382,4.814563384,5.21597139,5.198251391,4.499937957,4.242701388,4.764828445,3.819373978,5.183485956,3.90651895,4.808975811,4.812033234,4.734845124,5.335522016,3.812480829,5.588215551,3.76868025,5.496022952,5.369016004,3.46689782,5.023635202,3.989496673,4.481788293,5.16452358,5.523102589,3.229044127,4.227692059,5.419761023,4.795092756,4.453754654,4.763822848,3.628959788,4.147363772,3.457373532,3.00125021,4.483929553,3.369806019
SECISBP2L,5.862363596,6.252495954,5.590459442,5.596874725,6.268159861,6.164322827,5.896038991,6.02058631,5.887137222,6.11904275,5.549459227,5.597381891,5.565938206,5.571822217,5.363912195,6.252672111,6.267570115,6.022454871,6.02874976,6.001437305,6.386378405,6.314816717,5.608927695,5.742865398,6.167107872,5.832109203,5.985807645,6.022472375,6.592278119,5.873682988,6.216360257,5.757863993,5.89560165,5.966519182,5.716469198,5.718788975,6.411550492,6.191864624,5.451508979,5.389594652,6.659154316,6.230872646,5.630439349,5.724945286,5.270419199,5.614299383,5.777192385,5.308208958,6.059319449,5.727082118
FAM13A,5.191537412,5.789573881,4.845142478,4.237465777,5.437341919,6.32338851,5.336612732,6.258186089,5.859604186,6.05082979,4.755696869,5.604510146,4.60411743,5.263306783,4.932084666,5.762795534,5.282123757,5.649342769,5.503915958,4.699862554,5.011964078,5.676406964,5.136522643,5.126763797,5.644734731,5.044783411,4.929097405,6.198478324,5.743713737,4.571037701,5.834713489,5.635062801,5.041750602,5.998117435,4.268517371,4.73211451,5.675335448,5.210604198,4.630030274,4.708343602,5.788610146,5.428281678,4.553189259,6.117524504,5.311875606,4.76800318,5.125168798,5.124247343,5.646563609,5.026449512
CDKL2,2.323747436,5.007148545,2.189556724,2.1953151,5.557321059,5.870624299,4.192347591,5.580483784,2.140016418,5.77445671,3.493406292,3.333506445,2.48818023,5.326326455,3.255603384,5.930677821,4.68879547,4.054804379,1.459927523,3.924753073,2.979661973,5.429848237,3.145757481,2.151940628,6.035627667,3.134003906,5.51739706,6.037151396,5.919104143,3.446857092,4.768748643,3.576346565,2.002491602,4.191924361,3.535713325,2.427737166,4.157815445,3.263512939,3.865033639,3.285359424,5.229325911,6.16299248,3.993479842,6.086967004,3.890269359,4.335515501,3.416540914,1.822193646,5.609904827,1.321341058
SHROOM3,5.38636009,6.230874123,5.254322365,4.295315223,5.793862154,6.074391294,5.463460985,5.800501047,5.203076614,5.970077281,5.090912486,6.399155158,3.745546515,5.816834603,4.318575946,6.044038703,5.407188646,6.111942688,5.466329038,5.302546606,6.145776233,5.969064179,5.587515298,5.691069328,6.293403541,5.024392484,5.126409184,6.029327543,6.014893745,5.632497017,6.395888038,6.186571022,5.372447276,5.962690147,4.676839163,4.87132851,5.919009433,5.730112432,4.098655923,4.681627909,5.63332189,5.812915367,5.341677483,6.298409362,3.926904734,5.151679789,5.689699817,4.51745654,5.82455342,5.511456721
SLC39A8,5.285420185,6.506801157,6.062009204,5.40161542,6.740036258,6.772987483,6.349306994,6.212400549,5.924491668,6.720266297,5.60468073,5.591841009,5.351257326,5.87110579,5.688471699,6.882342844,6.482291299,6.457937319,6.056711983,6.129782442,5.978681891,6.687641091,5.455325544,6.188456017,6.171421897,5.964014671,6.725974826,6.267110639,6.09895169,5.748876912,6.173611119,5.927681447,5.728760221,5.919903491,6.153769791,5.616767792,6.385058331,6.028872817,6.375833002,6.088425647,6.516295544,6.444603887,5.783318458,6.203865899,5.675137606,6.276598957,5.60890057,5.6838549,5.930202074,5.149173035
FBN2,6.821426531,1.904113084,2.419118317,3.991925773,3.555421797,3.425296171,2.805850843,2.909371457,4.932529308,4.125526223,6.622159787,4.808739672,5.851718127,6.152595084,6.875014967,2.784785755,6.499561788,5.44614563,1.536637913,6.422780915,5.94309957,1.454016042,1.793063529,2.927476587,1.718359276,6.278508848,2.964523627,1.299980657,1.048727507,5.694863338,4.162672674,0.642325004,4.325650859,2.918466304,2.475827605,4.817775076,1.3034986,0.791402836,1.419834153,4.139168967,1.842530185,0.544004937,6.322607826,0.637083961,3.36309101,4.391185502,1.613844021,4.872663987,2.397869448,3.39243732
RGS3,5.027243784,5.481189132,5.743973983,5.540532145,5.769869503,5.954009053,5.832414474,5.979101295,5.266554996,6.2266791,5.354279855,5.532504438,5.310591094,5.490682025,5.596307576,5.788064932,5.394511955,5.455528826,5.511584499,5.738349202,4.827893801,5.633535204,5.306859161,6.040626709,5.82997152,5.275495034,6.280894772,6.150072295,5.431663593,5.447612073,5.527645588,4.797303891,5.795891429,5.835230649,5.390211243,5.101143155,4.38138019,5.525277778,5.290529126,5.236959603,5.783818011,5.798406103,5.635321028,5.878580506,5.1821234,5.608435843,5.694771961,5.180935258,4.423093053,5.405062938
TMEM117,6.46796068,4.802480696,5.430658691,6.301708544,4.554016532,4.750359049,4.700897165,4.513746139,5.88622182,4.307901481,6.049286872,5.01038459,5.822390442,5.503475471,6.132310846,4.616173849,5.770662506,4.860180776,5.001899753,5.8318113,4.029968906,4.216354782,4.869320841,4.828123368,4.960398495,6.092740574,4.30522303,3.521554433,3.422433836,5.920984114,5.302176234,4.952656144,5.177839834,4.64735186,5.824907933,5.781888802,5.734452905,4.746355407,6.060764063,5.286129863,4.114227339,2.156231031,5.678233198,4.327880876,4.674981915,5.769111205,5.326176079,5.912131268,4.225751131,5.156020404
TMTC3,6.620578293,6.054509418,5.62379651,6.125355729,5.574613269,5.945238721,5.819674815,5.82050444,6.418176976,5.458530489,6.664998793,5.983986537,6.297073552,5.917334772,6.602348619,5.761553362,6.273408103,6.225453656,5.005160461,6.461428743,6.217051164,5.624318409,5.964674801,5.797578289,5.660379564,6.255379274,5.149237152,5.224177921,5.611051448,6.306061921,5.82855275,5.748046817,5.936036514,5.919417028,6.265025605,6.265775239,6.153995544,5.93759709,6.620768874,6.171187358,5.186600325,4.929617719,6.064914453,5.371358764,6.219085168,6.156860041,6.140866275,6.085778059,5.603300067,6.350045042
TDG,6.231915541,6.518886449,5.868238386,5.999826586,5.615925615,5.722398035,5.764331196,5.564479022,5.911231977,5.351713947,6.032750146,6.446389044,5.855316334,6.021953941,6.08457367,5.731190407,6.008562731,6.191835236,5.493959095,5.886376201,6.389724443,5.614437811,5.783122986,5.77635956,5.93653258,6.09577121,5.388524083,5.265118593,5.697212585,6.134582038,5.866881085,6.256632607,5.904049818,5.772371071,6.139056725,5.992969347,6.301185197,6.305604801,6.55028276,6.065723745,5.435248631,5.80244713,6.0384198,5.546753427,5.789105718,5.985574073,5.672896816,6.318328659,5.330005348,5.953708817
SDSL,4.78436636,5.528542227,6.222622433,5.09915425,5.831903825,5.605392349,6.075913566,6.088784274,5.06002704,5.462055001,4.585699094,6.050735381,5.565132456,5.116470083,4.951050933,5.890678231,4.719464768,5.357933594,5.744246398,5.503921297,4.361011439,5.406851406,5.889350623,6.024446966,5.696038044,5.349216569,6.183633342,6.161416942,5.032219696,5.205059922,5.654748245,6.376756602,5.767449743,5.993551928,5.398382911,5.007279701,5.746265735,6.44316206,6.045893232,5.382125732,5.519316165,6.347467471,4.934001345,5.516923796,5.551267645,5.207560343,5.638227775,4.990252271,3.782923085,5.245211257
GLTP,7.192259224,6.353533481,6.878711499,6.829215951,6.670895502,6.598282097,6.56025208,6.640954257,6.396097614,6.407212027,7.017043301,6.85385426,6.747050141,6.519999934,7.073857928,6.485379185,6.586805032,6.672272439,6.254022569,6.64273027,6.28574941,6.692951782,6.844392503,6.29267782,6.533901902,7.090354551,6.443330876,6.710878366,6.759147049,6.818196036,6.829897359,6.630270572,6.619191153,6.510743033,7.07674331,7.361123269,6.633355274,6.733214881,7.1110256,6.673677235,6.645585336,6.598908467,6.511577172,6.6047276,6.925738756,7.000197493,6.917168715,7.045161737,5.912505453,6.885209866
SLC7A1,6.680911751,6.426519123,5.726370703,6.568217732,5.997076134,6.149351179,5.982219837,5.761818611,6.871635882,6.219189342,6.710303272,5.883549028,5.725699286,6.341054178,6.190162998,5.798851552,6.361355251,6.51437274,6.036383556,6.300666011,5.585147297,5.568168282,6.331222098,5.88643061,5.969575603,6.662647395,5.901926354,5.165224406,5.310138256,5.986734391,6.162087529,5.967818663,6.319892409,5.891233541,6.365308616,6.309364395,6.581253827,6.213878669,5.927731594,5.725197835,5.519184265,6.222777599,6.233231074,5.954314757,6.11511544,6.033728005,6.443538033,6.107885093,4.766498727,6.755122374
SUOX,5.552437441,5.827530391,6.037790141,5.569576845,5.92829249,5.734294492,5.7847061,5.761670562,5.611461263,6.012562649,5.41247331,6.096805471,5.561087864,5.672337506,5.186626289,5.993934924,5.359408738,5.667828456,5.910374165,5.597416086,6.157914284,6.095205133,5.887028516,5.708966993,6.209707588,5.778079013,5.821889909,6.123722441,6.133783321,5.660494961,5.846973156,5.961054935,5.464671519,5.746980874,5.689552382,5.949993602,5.739439703,6.111930657,6.18865918,5.713070018,6.141303597,6.663201442,5.447896632,6.013005483,5.497400599,5.567558842,6.007428805,5.255479135,5.278906368,5.436992192
RDH16,3.45250131,3.103810771,3.860539994,5.320807585,3.211154154,2.248592906,3.323933622,1.687871112,5.41404016,1.784828628,3.733790584,1.337633808,4.036649445,2.281161818,4.224990875,1.338611519,4.558811653,3.576574881,2.454675732,3.662517302,3.429633063,2.259607196,5.755251898,1.52149651,1.793834726,4.606262081,1.299408596,3.355156377,2.865525431,4.572349682,1.578213606,3.109655102,4.60282119,2.59898819,4.547714718,4.626816428,3.446319759,1.337449056,2.858393086,3.846090517,1.257322169,2.01342358,2.499032657,3.148446262,2.696874913,3.58776202,4.335666159,5.37910653,2.047163649,5.739878526
RHOF,3.99455545,3.255561964,4.749267895,2.797220063,4.789720187,3.985857424,4.127887774,3.521830975,2.762089445,3.775080018,3.47419314,3.918651031,4.016372477,3.69710002,3.291873772,5.648354635,2.967094797,4.356050985,4.602717721,4.0349975,3.987511313,4.16263494,4.824747782,4.698720401,3.661439645,3.631228035,4.770436317,4.077863512,3.490079879,3.70169057,5.220449113,3.849155215,4.415309609,4.35627293,3.913605563,3.632412374,5.24976938,6.256982365,3.183288268,4.242889559,4.034009585,3.84024031,2.062771703,4.993805412,3.226300415,3.380664,3.865100427,4.070174163,1.827223827,4.272806546
SLAIN1,4.201762952,5.503276884,5.083979727,4.553595996,5.771997044,5.650525752,5.507169269,4.695561652,2.564036481,3.994033962,3.971526038,4.731391044,3.6399482,5.339808014,1.464518461,6.066175384,4.653198914,3.768664039,5.222560078,2.950525381,5.766453394,5.300346292,2.762887227,5.35294661,6.37995098,4.799565916,5.550402933,5.475218457,5.681792877,3.758388879,5.813657489,5.918756502,4.553130654,5.042167139,4.246343777,4.437578867,5.101412752,5.380088125,4.124870558,5.250923889,5.751828237,5.951708371,5.797290022,5.96214972,3.293057025,5.44194154,3.612214628,4.31212819,5.112621832,2.085412282
ZIC5,4.576570355,0.552542549,0.215805343,5.223313358,0.551418773,3.967689642,2.272538003,0,1.462316647,2.278802286,4.873274523,0,3.491824065,6.140486601,3.003930685,3.780268006,4.133265691,4.788297362,0.974669322,3.690067938,0.808433203,0,4.973576254,0.124200535,1.736573672,4.008467899,2.758132542,0,0,4.996959431,0,0,4.950579225,3.586000587,5.296502824,3.367893895,3.202777038,3.357490847,4.601148741,4.733002749,0.113233289,0,5.447383361,2.845389696,3.519820293,3.718860318,4.218848977,0.280727868,1.042989345,3.703099713
RAB20,5.706297513,6.402970504,7.10157065,5.759199062,6.897684885,6.396938269,6.848663581,6.440123785,6.359049899,6.721548164,6.223282708,6.93678838,5.944386519,6.119537112,5.956749095,6.735065907,6.400829884,6.427327494,6.341225254,6.236067997,6.190689162,6.350101884,6.46535388,6.532834848,6.811899552,6.277826431,6.254184888,6.623040819,6.631139091,5.83045116,6.981272093,6.497529556,6.484187401,6.352835912,6.426198223,6.22036734,5.790788877,6.494945221,6.641822684,6.414553272,6.726009481,6.749355183,6.022506184,6.542404508,6.184601869,6.259662984,6.371533522,6.286649759,5.270120202,6.430739398
FRMD6,6.632742943,4.707538801,5.51992223,6.52160686,5.192212628,5.885063176,5.873459795,5.98795513,6.520229855,5.309812736,6.221813422,5.221771668,5.86733254,6.232516923,6.815159398,5.810665211,6.351939607,6.44421584,5.23069733,6.768795349,6.179214593,4.942187339,6.123364898,6.019117131,5.350988203,6.160700535,4.569885187,4.4964591,4.578349395,6.114409972,5.277260655,1.783067938,5.750475645,6.179146809,6.162726351,6.439269697,4.148066154,5.806744586,6.448972462,4.941695552,4.87522195,3.719472934,6.367274071,4.478718914,6.382763402,6.586817594,6.490007074,6.209345971,4.869237749,6.532857055
STON2,6.466960278,5.572721804,4.618633704,6.321173496,4.110319817,4.838597977,2.969774997,4.977647287,6.170965047,5.108630621,6.125421532,4.783501324,6.096248207,5.350914362,6.263100529,4.94920375,5.697445659,5.209433348,4.017263005,6.242252129,5.111992054,3.726445926,5.22825784,4.716007536,4.460811641,5.228373207,4.929562698,4.258691686,5.05116513,4.633850187,3.528388536,4.637986947,4.842674918,4.02981429,5.928549539,5.679958898,4.867470228,4.452620595,5.221354927,4.532718439,4.344180035,5.341168805,5.430386907,3.609095207,6.04318186,5.907290773,5.486620838,4.587595956,5.167974768,6.240945217
PIF1,5.44590536,5.30528952,4.569612141,4.979579999,2.912810498,3.184665261,4.112382575,3.67462634,4.859065915,3.658709901,5.701538634,4.802468534,5.54817051,5.355997533,4.22964653,4.240156353,4.271938723,4.740645947,4.802081698,4.056858826,5.069820272,2.971017101,5.346703323,4.920717432,2.875868009,5.334045611,4.614777473,3.2737465,3.333359656,5.212891353,3.926725063,4.71815847,5.758337903,3.589886321,5.329362512,4.952468379,5.012037196,4.618546128,3.82982228,5.491400886,2.954380151,3.275982851,4.512503199,3.390874816,3.423585959,4.426791343,4.590516213,5.881017491,2.564157603,4.903383099
ADAMTS17,3.116652029,2.807568091,2.665900008,3.642250141,3.340394154,3.633403635,2.447698885,3.669004073,2.200524802,4.069810776,2.232764667,1.479953612,4.212272393,5.742622474,4.318855595,2.405725009,3.869897121,2.646785204,2.146223704,4.522480487,0.278874443,3.839428447,5.049311703,2.508310267,3.083890763,4.310514777,3.331401289,2.341189259,1.679617701,6.146455269,2.486093921,0.239598874,3.753173086,3.477621431,4.198993683,4.728903308,2.099276728,1.447476697,4.171382745,4.337643743,3.441306275,3.183135275,4.807104253,3.091269511,2.405885064,4.788918385,2.534321797,5.383627466,3.769061405,2.26173909
RHCG,7.240300469,0.583011587,5.66040373,6.272665029,1.924201842,1.152486833,1.343788584,0.81239518,2.084154004,0.950947337,6.5759243,2.119169274,2.174617643,4.109988338,6.447135407,1.440417806,5.15602556,4.709697222,0.603556011,6.573403459,0,0.993686566,4.603574287,0.21387042,1.70095167,7.230514007,3.734002415,1.802639467,0.748966702,5.912334913,3.506388101,0.361899228,4.874592539,3.49551095,6.929217083,7.174117234,1.964640604,1.494495937,7.180075859,1.343200918,1.098811671,1.817736976,4.724760882,1.254695696,6.750391603,7.00167239,4.624147553,6.730622017,0.960833037,6.889754111
FANCI,6.442405343,6.278709677,5.495230965,5.968186028,5.136336539,5.200786958,5.466410946,5.114347385,6.279638534,5.504403276,6.285969521,5.661669177,6.187235129,6.254503324,5.784838385,6.039640026,5.88825803,6.251066155,5.598864931,5.828491694,6.462763536,4.815498944,6.144081547,5.869690666,4.778195386,6.619718416,5.702761311,5.272203703,5.638414454,6.309061686,5.726440552,5.638255492,6.037062226,5.914871785,6.169337475,6.021796843,6.403972675,6.251258651,5.975674928,6.132064333,4.615920224,5.760567509,5.977496287,5.111651251,5.612290698,6.025507637,6.029262958,6.443042336,4.762196821,5.849575849
TICRR,5.555673165,4.910629901,4.565539119,5.224498366,3.083029904,3.485788705,3.465326224,3.240782409,5.404428323,3.43122307,5.505732418,3.778800163,5.033304314,5.577521425,4.338289673,4.622572635,4.894953021,5.096292958,3.986583534,4.240716549,5.746290642,2.619737485,5.085844894,4.651923044,2.983729555,5.717235925,4.630012253,3.191873796,3.691728604,5.458610278,3.525348376,4.079306334,4.681915978,4.212295964,5.099863884,5.50320525,5.141224307,4.939274977,3.666032215,4.96219701,2.277590457,3.575264356,4.734710345,3.465412685,4.249182652,4.916750917,4.441900842,5.458839917,3.145173873,5.00719395
SH3GL3,4.367688578,1.801313042,0.910850345,4.40240465,0.402502743,0.311314576,0.786441877,1.205970415,4.447862232,1.223105192,2.409359127,0.712695554,4.006885672,4.401791927,3.371339914,2.210702797,3.621269984,2.200130974,0,3.555015049,0,2.418747668,3.097085497,0.168572919,0.634239036,4.168717019,1.043328744,0.207074756,0.612521657,4.781917927,1.027374367,0,0.908736842,0.607276824,1.771953415,4.366257741,0.304699147,0.215056182,2.100285903,1.0219912,0.739105013,0,5.471820979,0.900698576,4.960440623,5.389182831,0.586709462,4.705033289,2.002469668,3.296660743
SLC5A2,1.678221577,1.224174252,1.211489649,1.539064113,1.924462124,3.425700968,1.059943528,0.733609849,0.660333339,2.299120006,1.969126667,5.407526985,3.417040303,3.417054077,0.710635849,2.505033679,1.04747911,2.00662346,4.444041272,0.14530692,1.112681585,3.849433093,2.153309431,1.399480737,3.015099615,1.719399252,4.396399409,3.426660122,5.244040262,2.50027825,2.4439346,2.300402783,4.073706415,1.452600992,0.367328383,0.762084246,0,2.989249552,0.689758773,1.478067155,4.930256104,3.585351388,2.082721662,3.983272218,0.921777887,2.043302247,0.954601266,0.734788689,1.796186963,1.807000685
ADAD2,2.718289513,1.511170511,0.625662006,3.855465372,0.608649224,0,0.262204,1.051896868,4.087552992,0.948562123,2.59671691,0.725190772,3.484117782,3.738371692,3.177694309,0.382163673,2.736090024,2.440881976,0.151371786,3.073074825,0,0.509163733,1.743937331,0.926766049,0.155392819,2.144105435,1.236886273,0.70162686,0.283886864,1.336609815,1.803265119,1.275505319,2.657410727,0.28117084,2.279451735,3.753961594,1.095789007,0.478247079,2.029740871,1.486291552,0.93254812,0.127514333,0.837066018,1.042980972,3.022857527,4.090477806,2.292002734,2.347921873,0,0.677047061
TAF4B,5.498584118,5.714153657,3.917457527,4.841055559,5.593854238,4.522926163,5.130449432,4.27040001,4.791117344,4.264967882,5.182625501,4.721289562,5.142983887,5.744048886,5.068424636,4.590586761,5.528938627,5.838695995,5.048665497,5.911107889,5.752687774,4.77470887,4.769343544,4.196020021,4.965382138,6.270493508,5.210224999,3.769266431,4.698846143,5.789468078,4.652906178,3.140235465,5.483793167,4.782378919,5.062833941,5.31591291,4.132247563,3.826753795,4.24626353,5.785523989,4.131155968,5.754910253,5.049510708,4.051379921,5.568825908,5.450337276,4.065858118,5.345288129,4.758811728,4.579416693
RNF165,2.873638095,1.273279988,1.88990808,1.202719038,2.376059586,0.881931542,1.626889312,1.763092832,3.253193405,1.544099183,4.13435854,1.389087816,4.133754046,4.873564962,2.614820211,1.45539207,4.313895888,3.561950095,0.635150221,3.541666423,0.29961137,2.883529437,4.501715001,0.723700794,2.824394627,3.495939322,2.57537786,2.37913937,2.230374191,5.943025418,3.216733729,0.257679365,4.288594967,2.561268946,3.051471969,4.949247771,0.272457987,1.574150686,1.699451295,5.266673118,1.667775005,0.865794009,4.168462533,3.332555877,3.149789433,4.470961111,3.943183466,4.275825079,2.964373743,4.370147005
NLRP12,0,1.499810957,4.635571849,1.499994333,1.709026451,3.991596186,2.694154386,1.962743876,1.078513746,2.274681003,2.010982381,0.278177637,1.281071697,1.039515296,1.571901546,6.000527707,3.207552152,1.666544994,1.451742126,2.009753693,2.249145389,1.796873076,1.542155565,3.562498611,5.003654858,1.320431396,2.801590904,1.374784996,0.233683858,1.777340478,3.94015729,0.197119075,2.42296334,4.086135301,1.575026275,0.804315648,1.051856904,1.660467932,2.107843983,1.235495909,2.901984751,1.631628636,1.30177632,3.078756373,1.504422267,1.640640138,1.304952691,0.828790049,2.791504292,2.275090361
CARM1,6.51752912,5.922897471,6.174982088,6.403053397,6.320439296,6.248390185,6.173670868,6.120793011,6.516370736,6.309655355,6.606023889,6.043919736,6.382345739,6.036166322,6.724459321,6.423524878,6.323680487,6.501496556,5.906055006,6.547844331,6.410639015,5.972030933,6.335050904,6.178706067,6.402179599,6.326595847,5.995147617,6.244715386,5.942533963,6.298983535,6.12942847,6.174185517,6.063162621,6.073856062,5.991543922,6.496180379,5.984957222,6.178667518,6.505495701,6.405789682,5.993295723,5.919969553,6.519325576,6.367011134,6.364080742,6.478877629,6.077979878,6.503856016,4.587743791,6.324227664
PADI3,3.682271702,0,6.604253336,3.802624427,0,0.811943427,0,0.391032199,3.463102605,2.512471792,5.803064122,0.879152895,0.915537262,5.800967447,6.48553593,1.410054211,5.619274329,4.884745482,0.361002518,5.493138044,0.862995913,0.858277175,7.034701416,0.828574268,1.198020962,5.917814632,1.280574305,1.869071309,0.356204039,0.845085418,5.405934993,0,2.940641204,5.923825046,3.265719106,3.175530007,0.797326894,0,6.816352578,1.928640605,0.161824471,0,2.751352945,1.368155334,4.997074639,5.96214757,7.204005054,6.040918829,0.336466976,5.280353101
KIAA0319L,5.974473961,6.418277751,5.935694062,5.995580388,6.358805809,6.334229539,5.956391164,6.389030346,6.186651547,6.487866382,6.279789243,6.145055702,6.019114504,6.047388751,5.973590692,6.35189219,6.032358148,6.110494372,6.110682904,6.477806967,6.312271999,6.752686459,6.137328277,6.373225257,6.575846239,5.995671461,6.3647075,6.67749926,6.624657082,6.059618798,6.399029392,6.627491588,6.012006833,6.545001353,6.027793421,6.326032168,6.421735989,6.217728011,5.717007203,5.948286338,6.550153486,6.683463236,5.673864681,6.528157119,6.32794618,5.744221369,6.600125925,5.857309903,5.932857303,6.419867557
KIF2C,5.962307928,6.555637205,6.233442858,5.843894501,5.025622717,5.591619125,5.910668755,5.317464103,6.230574442,5.224549799,6.499973743,6.474396516,5.912653441,6.396974271,6.064780577,6.022401952,5.754812666,6.421537843,5.550237691,6.043933248,6.99337675,4.882988577,6.406346856,6.403205537,4.95924472,6.00036692,5.93681745,4.999529951,5.329737838,6.373068994,5.769940049,6.316101188,6.057131467,5.926904968,6.385200327,6.31460507,6.614747244,6.037452804,6.222058523,6.06711056,3.997883153,5.413270349,6.4562418,5.732829964,6.442071758,6.092116732,6.4198688,6.553352068,3.876142807,6.244488222
SLC44A3,4.453152857,5.480183898,6.065057967,5.08900635,5.756433163,5.613110882,6.421352284,5.598385229,5.490551946,5.736642518,4.518814251,5.226249413,4.135478878,5.594834542,5.067510601,5.788352998,5.217491094,5.265793029,6.146763122,5.787831166,5.791861545,6.451892849,5.402626017,6.056952434,5.999993156,4.584082749,5.777727691,5.933130288,6.565934934,5.075778466,6.008273727,6.427308606,5.318738992,6.598095852,5.732481897,5.572427103,6.419072228,6.198299973,6.128453438,4.982438481,6.311958258,6.466851232,5.748154067,6.685618348,5.417640381,5.57309292,6.127763429,4.831377583,5.442759169,5.813068895
CELSR2,6.234822441,5.196970982,4.425133997,5.898837425,4.942659871,5.125386523,4.270096813,4.939975576,6.563703187,5.204881702,6.356097209,4.389599368,5.907845441,6.2261666,6.049811685,4.850413194,6.038467333,6.425208199,5.014695043,6.271839455,5.193368676,5.354124468,5.991783281,4.364898846,5.683339452,5.435370495,5.871282667,4.739510184,4.596314002,6.60360166,5.280631935,4.729765796,5.478587394,5.119234882,5.881605417,6.506480566,4.879189576,4.932881265,5.24557856,5.543368737,5.242397366,5.06722342,5.850069832,5.288849504,6.031434243,6.00780125,6.664691495,5.511413887,4.285268373,6.262455851
GPR161,5.831438104,6.145343318,5.139600521,5.469722295,4.6797004,4.724497737,4.72249739,4.893688955,5.900712936,5.024796285,5.945533292,3.272342415,5.542121666,5.532404173,5.29276315,3.9886667,5.65715753,5.086180507,3.995327361,5.418775712,5.549663446,4.389364137,4.758158944,5.55281183,4.42697238,5.059655845,4.756397266,4.239275528,4.382850169,5.935602364,4.049935289,1.854814789,4.871773633,5.212587597,5.021146833,4.597479546,4.99123142,4.150466901,3.632916009,5.002020951,4.41206404,2.655729655,5.618748424,4.497547314,4.546472484,4.773049489,4.837354361,4.24974612,4.468650263,5.429460117
UCK2,6.097053246,6.399925793,5.948582561,6.291019039,5.492911571,5.274709638,5.778703361,5.337613646,6.733926204,4.704921487,6.036935703,6.189826601,6.080676759,6.046934447,6.233884187,5.290196486,5.89253143,6.516635973,5.746236168,6.005294561,5.873047306,4.884635674,6.131213728,5.882067449,5.206094433,6.19199901,4.776239885,4.984592454,5.182054082,6.504556534,5.81101817,6.021186738,6.214838126,5.45528559,6.207247899,6.06444304,6.227813858,6.001724915,6.348982709,5.995642547,4.371295326,6.055722632,6.052175662,5.147663465,6.105560405,5.947805994,6.102948014,6.212721218,4.025816031,5.805452495
XCL1,3.177137264,3.17436138,5.368191005,5.758060222,4.270890726,2.294308104,5.786162353,4.245065605,5.687723745,2.90371637,4.806285934,2.607857344,5.86685228,5.185133067,4.981982474,2.772217388,4.645869231,5.388891171,5.260682741,4.697398066,4.409705714,3.781813467,5.204530979,3.886389727,2.787587156,2.531259518,3.667897087,1.96357035,4.453214555,5.620809293,5.149561842,5.552486047,5.764318262,5.024147432,4.304945036,5.269808223,5.405643738,1.54723852,5.215126422,5.73166028,3.695416048,1.656706607,5.339585366,2.030309257,5.049592233,4.901225823,4.761589797,5.782394246,0.684493424,4.679869122
ADCY10,2.170679337,1.081159181,0.314448462,1.591695388,0.234726057,0.835615757,0.180921861,0.784809088,0.880787408,0.797684798,4.918869306,0.836319585,4.885424387,0.908990791,1.666201543,0.622501474,3.05199092,1.777613336,0.599091811,2.129731112,1.492711922,0.646561992,0.684745732,0.742365462,1.182964314,2.260664226,0.505681667,0.81012596,0.36838144,1.09170224,1.56649479,1.346617179,1.279837041,1.046462111,1.405871759,0.69585987,1.099160607,0.968261946,0.619170868,5.177700794,0.980036093,0.690493437,0.612556213,0.873115406,0.409783308,1.384367869,2.260193396,1.67768609,2.970105015,0.487701906
RORC,1.043510735,5.170089455,5.801432811,3.482649786,5.971382844,6.391792653,5.201018031,5.70432186,5.872735955,6.332485482,3.928683871,5.857595628,2.418158785,4.353095682,0.640884728,5.944279573,4.176863491,5.398589772,5.794838223,2.560714514,0.516093517,5.4970122,4.3318103,5.381337387,6.564004842,4.090872599,6.456509237,6.207173937,6.419613213,3.390516493,6.519436143,6.514534687,6.109220044,5.704617079,3.792004012,4.193042948,5.827327033,6.415637983,4.677201603,2.964763043,6.708826556,6.832825301,1.311227436,6.38092194,3.836948332,3.343651612,5.177161877,1.749068631,5.194321527,1.21955594
CGN,6.058628193,6.551497066,6.637571924,5.933676651,6.677628134,6.658888018,6.162191062,6.292921166,6.255026251,6.365118827,5.517929775,5.975224881,5.84633066,6.014352219,4.400700486,6.970285862,5.625476948,6.499473518,6.553284101,5.503480069,6.953285717,6.746635237,5.222414052,6.789304402,6.506473513,5.937550356,6.854359996,6.683899204,7.023527291,6.352779454,6.911274343,6.955984281,6.380390581,6.587546509,6.03372862,5.722312601,7.071080343,6.793425056,4.900014246,5.242611795,6.945381437,6.68730957,4.775063932,6.580845594,5.200319934,5.500560753,6.075694528,4.979450582,5.415916486,5.70975576
ANXA9,5.410370987,5.405477005,5.668884895,5.10074848,5.31804888,6.056071544,5.216341733,5.420496756,5.734417844,6.094974847,5.062994672,5.656248252,4.964067504,5.632776159,4.488819642,5.46133444,4.775770581,5.509528659,5.707848403,5.269905403,4.999478905,6.014112189,4.224709573,5.7099124,5.378076979,4.441713933,6.199408111,5.872796743,5.480298833,5.403021266,5.031784801,5.7533548,5.767674299,5.501441396,5.801834068,5.124748967,6.161905763,5.809537118,5.135818785,5.160602588,5.909347395,5.610808018,5.268263536,5.069219236,4.617350044,4.970939848,5.492893774,3.74612134,5.213499232,4.469852755
SELENBP1,5.316422921,6.67017063,6.092109951,5.819810293,7.01421595,6.659789507,6.508554161,6.981831385,6.842062688,6.987799643,5.99329832,6.450781209,4.368760678,6.216445613,5.490129492,6.733883204,6.233215698,6.340688358,6.767016466,5.502496092,6.298144873,7.214799974,6.254403472,5.716125946,7.123302827,6.061056431,6.826754984,7.262725894,7.260822398,5.558777819,6.731022602,6.891416399,6.400252386,6.158864617,5.888985003,5.992247474,5.740961722,6.753780346,6.601516932,5.851801443,7.357527943,7.642611068,6.207564614,6.946581979,5.975560842,6.416672303,6.387269335,5.858828483,6.094593083,5.492630053
OAZ3,2.050135236,3.218809671,5.456891104,3.315913093,4.231731077,4.518879502,4.251265518,3.673174976,3.677591182,4.088709802,2.871310885,4.112121913,3.357292843,3.089089842,2.983233271,4.51898323,2.493137932,3.688610977,3.657819402,2.294390376,3.221745567,4.215475328,3.342745695,4.18894713,4.69156706,2.429876015,4.803193988,4.41366257,5.217269815,3.398468129,4.358046019,4.817508613,4.300522867,3.574806128,3.668468505,2.699394935,5.556203758,4.117370194,4.013100295,3.226437133,5.097177226,3.725723019,3.281629573,4.150224654,2.272618537,2.299700297,3.841194142,2.602073978,3.98142651,2.355055169
SYT14,4.118287324,2.99603864,1.339752649,5.337146531,0.231978655,2.711293425,0.092243031,0.214209062,3.487703217,0.04035474,1.056284038,0.231590069,4.266050579,2.435359751,3.846294597,0.047630731,4.402730675,2.067939443,3.277067758,4.172537025,0.358792832,0.433182478,3.474286349,0.264063056,0,4.374984309,0.272609644,0,1.138948115,1.115663895,0.511240786,4.487767472,1.26927786,1.820271866,3.16055014,3.177004145,1.905290382,0.061501634,0.436943811,2.436287369,0.241764362,1.462700337,5.161657022,0.306691987,1.712817398,2.888987624,3.334602329,3.41111398,0.678745317,2.218904258
DTL,6.047597163,6.081286539,5.239117201,5.909449306,5.315868284,5.51170123,5.361713012,4.790805208,5.933338278,5.361157182,6.185831617,5.942563565,5.834213399,6.071774301,6.107192752,5.589528556,5.622661897,6.236723416,5.402310708,5.400308946,6.321051836,4.375827325,6.086475855,5.910033662,4.971360065,5.773080239,5.78318393,4.853893053,5.402929624,6.073327705,5.00934174,5.760407241,5.544546556,5.550692234,6.154221637,5.950360146,6.239347647,5.894924978,5.470330488,6.14361266,3.993075775,5.636885637,6.286565254,5.16729195,5.498005863,5.724974344,5.670966071,6.01144304,3.905684917,5.0733309
NUP210L,1.199110301,1.290130562,2.431205166,0.851163929,2.220881195,4.8013973,1.242229905,1.530597035,0.235475775,2.526065099,0.514685693,4.487129316,1.434312055,1.539689944,0.36875073,3.429397902,0.793114792,1.159498361,1.192197285,0.214947009,1.300378573,2.884418137,0.880489296,2.280907279,1.473503657,0.728094691,4.023743024,4.835824871,3.799842351,1.538399031,1.732860578,4.673483774,1.509589085,2.740353512,0.630028317,0.952303182,1.365371492,2.109898744,0.640214553,1.05532974,3.560362962,3.288350242,0.866276432,3.643242839,0.33012186,0.750953149,0.653083943,0.741381398,4.713131194,0
S100A7,7.440865656,1.74195452,7.730821375,5.806184457,3.295402402,0,1.973193662,2.17421906,6.838290723,1.542839949,6.651885195,0,6.987869799,3.272877496,6.05697291,0.8234038,6.195109047,2.957947821,0.877596171,6.584412895,0,0,6.031610922,1.701683911,0,6.299575761,6.664657117,0,0,7.400028328,6.843990229,3.852173816,6.218277641,2.484868101,7.085238949,6.858240827,4.578994761,4.628300562,7.558984406,4.753499021,0,1.614476816,4.995491783,2.287560247,5.326236689,6.540465583,6.793560054,5.401726002,0,6.247832516
AQP10,2.918883928,0.953685384,0,3.276512868,1.508035949,0,1.771919993,1.188402326,5.004353129,0.68684974,4.33914964,0,5.465177468,0.669829036,3.85595858,0.924467502,2.987254488,1.930221712,0.260754349,3.86559392,0,1.511588031,2.969716147,0.924379372,1.664266433,3.472293083,0,0.536741815,0,1.537665717,1.328893755,1.534565516,1.678626031,0.469742759,2.574671988,2.740285904,0.426995121,0.305192707,1.735611943,3.574787015,0.410500905,2.29385392,1.509208158,1.362828765,2.917099261,2.873849578,1.941833806,1.967336647,1.462330392,1.632492481
PLEKHA6,4.186332597,6.036490209,5.71490722,5.062414836,5.546701519,6.149086197,4.324569173,4.815240348,5.366513856,6.125728416,3.599969245,5.967980566,2.841971752,5.023515901,3.772937647,5.720675927,4.021385646,5.303905299,6.311140711,3.271486142,1.345091293,5.987071589,5.760596534,6.005394754,6.203946606,4.209699971,5.937498386,6.238649113,5.454978957,4.477673322,6.12119426,6.370751855,5.924574309,6.110160299,5.596078354,3.69807811,6.000666795,6.620365964,3.041592835,4.554314172,5.745052222,6.975727272,4.373603479,4.494719575,5.223359773,3.950158336,5.430091898,2.623621324,4.86932443,3.785479215
GALM,5.208195948,6.051042699,6.87946097,5.298288863,6.476695932,6.354305753,6.656892227,6.33091979,5.967783426,6.44775422,5.537979092,6.108229648,5.726775248,5.892311287,5.559705682,6.659628584,5.876345098,5.730911902,6.327775769,6.269921626,6.903614534,6.381487579,6.154361789,6.426675873,6.642770678,5.871597395,6.35664297,6.704082881,6.478548935,5.642685277,6.388494866,6.732868376,6.013073462,6.196706447,6.2414028,6.035042387,6.172206336,6.380104235,5.857072564,6.222840236,6.373993209,6.983746309,5.709413439,6.897316007,6.115245725,5.690779035,6.326255387,5.747233253,5.388385281,5.934074232
WDPCP,4.308463435,3.244558093,3.146410554,4.380751468,3.494321577,3.209255763,3.76999577,3.631691193,4.218619908,3.427058624,4.059471231,2.985047573,4.295188495,4.719434814,4.140900926,3.569001283,3.979788229,3.424746625,3.502293057,3.328213309,4.105860602,3.684950165,4.296270263,2.991127314,3.458891939,4.22604938,3.32461708,3.172370845,3.703023811,4.38070555,3.529508426,2.899844536,3.272976904,3.659102476,3.11341154,4.202914673,3.542685408,2.984674721,4.239458256,4.424534597,3.138377668,3.197710449,3.647290796,3.743164233,3.314363599,5.432219676,3.580185725,4.695259563,5.047108773,3.209478033
EXOC6B,6.203788513,5.072315863,5.493748579,6.069904599,5.36105229,5.668772994,5.14181884,5.330495875,6.02068624,5.402028751,6.046209292,4.716004358,5.943307636,5.663971422,5.963040917,5.771309035,5.744577082,5.602745957,4.978694148,5.854716626,5.648035195,5.289799671,5.884020179,5.22712491,5.67973764,6.120615155,5.584530878,5.1135595,5.249020837,5.921957884,5.338527501,4.69382285,5.277654709,5.581716703,5.776465877,5.712385022,5.548876541,5.040167116,5.162259029,5.302673993,5.228346391,5.104597641,5.695502817,5.356204302,5.877971832,6.057864931,5.859017922,5.330280359,5.541628212,5.973618951
DQX1,4.74188238,2.432186827,5.386609267,6.080294558,1.484638689,2.942190628,1.535309052,1.316400809,5.921951066,2.420512946,5.307513066,5.649513532,6.011064003,5.157113414,5.571025831,2.608184552,4.362365307,4.431692788,5.620240664,5.563476671,3.983041069,2.037742892,6.1446838,0.88029504,1.786112042,5.85661609,1.821556158,2.629307872,0.382559797,5.215073071,3.371019046,5.529205051,5.875010907,0.803704934,5.562758861,5.003388749,4.239607928,2.054871613,5.759903606,5.130653655,1.980344059,2.893592183,4.042815987,1.158505729,5.336231932,4.48633236,4.830718754,4.700707428,2.214236359,5.005660392
DUSP11,6.150678686,5.736791771,6.131342188,6.346515729,6.156254227,6.197946072,6.288486728,6.002567934,6.205884659,6.093445204,6.00705213,6.253609783,6.164795349,5.644266641,6.270125962,5.847201378,5.95645519,6.371979271,5.889667045,6.20831525,6.11294013,5.911056705,6.426409098,5.850403841,6.160400663,6.22452788,6.07928524,5.664446365,5.882281658,6.102171111,5.986871964,6.124367838,6.130723227,6.011615039,6.297815968,6.172341553,6.339568691,5.805922139,6.757459106,5.987976162,5.767379192,6.000323693,6.176663942,6.136884214,6.229797968,6.321103586,6.509845884,6.220649861,5.468217384,6.165122523
ZC3H8,5.216415924,5.169369485,4.10237583,5.496390542,4.540758732,5.001732469,4.71639408,4.578593947,5.333410191,4.411732811,5.325157206,5.202778217,5.397211907,4.979967231,5.0664673,4.503447734,5.053989244,5.449476864,4.944481948,4.60207134,5.523929078,4.709508109,5.408064955,4.814484196,4.248476361,5.492270293,5.146189834,4.557949268,4.914306835,5.200655441,4.58080044,5.009404428,5.404587941,4.590276065,5.121483087,5.258998198,5.62493231,4.469472783,4.679522563,5.120449659,4.732824005,4.980433263,5.003315175,5.026365356,4.968026423,5.104816967,4.512567677,5.116931829,5.241356669,4.617587335
CNGA3,0.347985655,1.054052284,0,0.447016559,1.857104548,2.87857815,0.944850979,1.470472226,0,0.565472575,0.518485326,5.135917451,0.177440178,1.152439681,0.334889824,2.606737648,0.986546756,0.686552794,0.142597807,0.28206232,0.263959137,2.862754601,0,1.206230123,1.617549284,0.216531611,3.652507513,0.864503782,5.958787661,0.661911912,2.031402155,1.577031931,0.422410379,1.656072383,0.528810015,0.560946948,0,0.453353121,0.461187524,0.945207348,5.208683855,0.95753932,1.227078176,1.77992576,0.428000697,0.655567935,0.657685304,0,3.495575661,0
DLX1,4.35254278,1.670598441,2.933099209,2.344243543,0.66862026,1.448754225,0.532531383,0.492322813,2.25483189,1.031191941,3.400117773,0,2.680447128,5.742314152,3.680818502,1.008245964,4.731766596,2.217821631,0.797327407,3.802093888,4.834190117,0.308837651,0,0.539629797,0.173573687,4.792704563,0.766780947,0.768398204,0,5.870687004,0,1.827900947,0.492487646,0.782228573,2.965319232,2.061133259,0.51726962,0.198992534,0.379667146,0.710673404,0.497862304,0.499349188,4.60707942,0.48725832,2.859118286,4.378313855,0.547825204,0.347445621,0.297852721,0.742137885
ACKR3,7.032844123,6.874146811,6.174616942,6.932148241,5.99537835,6.469888027,6.515626096,6.027796205,7.02987701,6.497285725,7.305009759,6.550264864,6.757797061,6.476882049,7.437720081,5.589034153,6.816059451,6.402980921,5.849485713,6.743546468,6.773246312,5.784260168,7.100005904,6.284972042,5.354910497,6.708343876,5.775704546,6.00145412,5.329221841,7.170744334,6.238155424,4.438364697,6.739228348,6.395137834,6.760974913,7.485805777,5.19616075,6.363717867,7.194518097,6.153543076,5.978305802,5.918512809,6.923009766,5.712828882,7.108264958,6.524062863,7.292524864,7.469728546,3.929635155,7.214017681
FANCD2,5.60633208,5.879072218,4.596951781,4.96406488,4.679229411,4.732443892,4.828149313,4.517777823,5.309414521,4.548400337,5.282477998,5.169228541,5.23967091,5.545735074,4.619482072,5.224360722,5.312743753,5.541562052,5.344345222,5.236441483,6.048542397,4.632332774,5.174075704,5.407867948,4.525329472,5.59485088,5.508040977,4.23896675,4.962190576,5.374185832,4.944222782,5.164935505,5.190251259,4.971178791,5.317483548,5.316282266,5.744425677,5.50226021,5.217369842,5.416729341,4.179906587,5.286494132,5.200460623,4.542280435,5.80764895,5.07712779,5.074304805,6.019759843,4.654203452,4.835541249
ITGA9,4.228763493,5.592922623,4.452104382,3.630003081,6.21843494,6.078847289,5.879318474,5.905920251,4.016710208,5.691625513,4.702394593,5.922044556,4.994738462,5.63949888,4.210482687,5.838362261,5.625295617,4.571944802,4.515940954,5.119261492,6.209690002,5.892608814,4.370502604,5.2200857,6.082971925,4.514487368,5.11228146,5.731033998,6.300400802,5.085152996,4.996633503,3.564812453,4.313599825,5.773048201,5.063187485,4.389558618,3.560621745,5.44604576,3.709071203,4.874646177,6.509197613,5.206158742,6.129187994,5.715940051,4.551273495,5.18770281,5.490713478,4.361287198,5.953234473,3.928076319
ARL6IP5,6.600013536,6.608946733,7.12995366,6.713834274,7.257129815,7.137412715,7.25093568,7.181499221,6.778149122,7.055739721,6.605702547,6.781739789,6.68699506,6.267965596,6.873790969,7.292712557,6.86014956,6.891928171,6.794668419,6.978064331,6.518706038,7.00367656,6.611087059,6.953507787,7.077935206,6.690665328,7.133845971,6.885854155,6.949765382,6.711393097,7.039518465,6.826564414,6.862908482,7.094395657,6.802133465,6.842112135,6.888520097,6.930821092,7.247598856,6.840785592,6.980538509,6.949022115,6.653420494,6.854874404,6.802543861,6.856378813,6.964831468,6.807284426,6.373457314,7.081621566
TMF1,5.900431099,5.862942688,5.67668735,5.879580609,6.183214274,6.455996215,6.088484189,6.261567268,5.821421662,6.049529193,5.776221955,5.645544267,5.675867672,5.869977995,5.593043111,6.375695808,6.188938256,5.782079751,6.099307959,5.958713399,6.467853427,6.0761572,5.791059464,6.017222941,6.272731322,5.750437381,6.189997867,5.76159521,6.17115416,5.881822329,6.294258526,6.063734031,5.832328361,6.1263313,5.763026949,5.67354667,6.332135928,6.284571031,5.373647627,5.679282319,5.935004836,5.91428327,5.558104701,5.88304918,5.524877521,5.645535253,5.872718145,5.64992897,5.971533585,5.888122032
PHLDB2,6.866020415,5.718766614,4.512193829,6.079246755,4.492736147,4.950161752,5.041152959,5.15362345,6.435590628,4.512898165,6.125639633,3.314487523,6.069063681,5.071177569,5.76526521,5.507997522,5.822659297,6.051091294,4.540190451,6.401927976,6.126580218,4.835346752,5.739338241,5.599548314,3.801207579,6.19969568,4.34828213,3.666213349,4.528868403,5.653423187,5.783286961,4.541481462,5.571446222,5.92801065,5.740499244,6.021748521,6.605658904,4.386023439,5.137538964,4.382516829,4.776603611,3.781982644,5.599845768,4.306459463,5.892137979,6.217270354,6.040701693,6.18911917,5.402351914,6.041958294
IGSF11,5.601149091,1.448366913,3.93383277,5.021800538,0.288359156,3.127206267,1.482028421,0.851285422,5.579541461,1.981682296,4.427063466,4.400916822,5.443092723,4.567973692,5.423738353,1.536705695,4.672825257,4.059098765,1.003341915,4.270900071,4.338036199,0.911390464,1.321846859,1.686852451,0.732989876,3.633503365,2.072761344,4.037764996,2.257416118,5.502375983,2.147519681,2.157965707,2.239873636,3.370774471,3.427652729,4.957810765,3.996075959,4.664293305,5.687284741,4.24652766,0,2.992444369,4.767790611,0.803564862,5.788245171,5.417060473,3.384863175,5.160088498,1.895450651,4.285498728
MED12L,3.948047329,4.452622143,0.720233306,3.397891872,1.834575436,1.361856998,2.877310719,1.896027882,2.10576777,1.659352015,4.055196245,1.373783916,4.0689937,4.978488445,1.858424336,1.199377959,4.051341876,1.833086396,1.16076145,1.304657753,5.520048978,2.076294406,1.403693064,0.545883709,1.819027827,4.042889599,2.399469001,1.403140879,0.76787932,3.002298754,1.074281165,1.715031508,1.560971111,1.268219083,2.468609962,3.163977432,1.890537063,0.711716328,0.899165423,2.130424768,0.800844232,0.163973327,3.68082499,1.213358924,2.499061727,3.743951361,1.893453554,2.984973669,3.663508037,1.511420821
NICN1,5.341910108,5.69347246,5.63605572,5.695667688,5.675662182,5.660156855,5.495429671,6.107733809,5.394469591,5.999096545,5.647185255,5.494448132,5.773182168,4.938206748,5.165476298,5.934430806,5.69190143,5.301404704,6.131393342,5.242115685,5.671384009,5.787222214,5.596486021,5.73604438,5.669996147,5.597548167,5.889382029,5.720769279,6.14952118,5.457230047,5.602427777,5.72327357,5.506224827,5.64731284,5.630793625,5.584602113,5.43695209,5.883749941,5.066586112,5.960958292,6.293085037,6.28692555,4.70339105,5.731244857,5.290795861,5.362649654,5.341995129,5.33906497,5.402626557,5.193456673
UCN2,5.431625442,2.424064353,3.345720673,4.997733382,1.646610635,2.045990079,1.064089133,2.825488389,3.13492763,2.263769571,5.295910764,1.791256271,2.65181271,2.158927124,5.114704272,2.965091302,5.031633876,4.992784278,1.619996921,5.018279638,1.942981974,1.445114186,4.761557862,4.747002173,1.163315806,4.311707493,4.481534112,0.432253136,0.677915777,5.969048093,2.903366187,0.585152952,4.941553819,4.179235331,4.899046547,4.264509137,3.291693243,2.59950189,2.701109288,4.412092292,0.814416207,0.328680602,3.215441769,1.765461367,4.905298505,3.733946257,4.885140187,4.787450988,1.074454556,6.330434144
EIF2B5,6.540115272,6.144180434,6.197912054,6.815675294,6.114910197,5.996837066,6.134589473,6.078877393,6.480971738,6.170945766,6.607736234,6.449257257,6.519637899,6.45886976,6.343303186,5.982040835,6.448563049,6.585331924,6.074899703,6.238455819,6.559892094,6.196610295,6.356068144,6.137312005,6.109540159,6.660547582,6.094334679,6.309677855,6.224076748,6.447247604,6.215695014,6.257815302,6.329798768,6.361983355,7.248250419,6.855142654,6.343896916,6.055079418,6.626184506,6.438765696,6.165419568,6.372460736,6.61582898,6.009388103,6.453309173,6.564928492,6.244282662,6.776991298,5.327754075,6.589199463
ECE2,5.620351668,5.125597543,5.873444831,6.212252734,5.016014103,5.136873852,5.302936283,4.198414245,5.259399102,5.000871447,6.053516633,5.83184303,5.781366166,6.101196812,6.043571356,4.669905658,5.493786182,5.818513392,4.110318887,5.512850937,5.388096845,4.337819389,5.747513749,4.891254,4.756659631,6.121886538,4.764309938,4.947200005,4.724342129,5.235943028,5.25256379,5.224798966,4.758179613,5.03104763,4.673452172,6.114097706,5.464810968,4.579480746,6.518288302,5.699757829,4.621449402,5.201722139,6.145452499,4.736470655,5.694014833,6.171466256,5.013692429,6.180830484,1.504992097,5.720513408
SNCA,5.030049013,5.198091532,4.779693248,5.733755856,4.608507047,4.468429185,4.859289569,4.467537076,4.873674582,3.58629628,5.561049929,3.171563197,3.103678763,5.47057144,5.098700091,3.62030491,5.694819822,5.45996216,2.728450528,5.928035157,3.404626239,3.714580999,5.477493209,3.391850001,4.088026541,5.641123644,3.067146331,3.021376867,2.74112302,5.81818842,4.526980295,5.521823756,3.910824763,3.526590089,4.229523215,3.336488194,3.481763236,3.418067581,4.318355115,3.268290441,3.434953307,2.025556792,5.212902751,3.439133517,4.918444412,5.278661747,5.748532879,3.916653127,4.548274442,5.137790884
DDIT4L,2.139843078,4.702950603,4.561369715,2.668067128,3.699228821,5.242571393,5.679116095,5.078410752,3.469767966,4.064874692,3.280714156,5.426160865,2.251965814,4.885553587,2.695947133,3.41067579,4.55538308,3.317120065,5.761110723,3.385740876,3.277825462,4.446381682,1.92653781,2.992455867,3.495166628,2.803582817,5.814765539,5.47215701,5.073299273,4.663955001,4.532446624,5.734803807,2.029014088,4.532621311,4.334252626,3.286022994,4.349322411,5.632140273,4.701859807,3.830115344,4.48526912,5.583161757,6.474077123,5.144261372,2.68300089,4.821403638,4.373263683,1.832366437,3.85663076,2.433015738
CCNA2,6.508119842,6.478253924,5.863895087,6.056501237,5.493885121,5.811803226,6.139187478,5.599741054,6.454016551,5.645501334,6.622934766,6.336331561,6.323117394,6.398984006,6.294658828,6.152506286,6.015276775,6.461722197,5.569586968,6.158311998,6.980587431,4.664548917,6.101808681,6.334896151,5.327827374,6.009473038,6.170892203,5.120931746,5.232958129,6.151865643,6.034745388,6.037355193,6.153814085,5.832868938,6.467239613,6.430436141,6.493799853,6.327685037,6.54799882,6.275433429,4.681637403,5.429925021,6.363246953,5.121858368,6.527051952,6.26461168,6.198009491,6.866088898,4.804273127,6.278747418
CYP4V2,4.363201153,5.588347408,4.065611253,4.679280939,5.623846641,5.624709151,5.382250217,6.030189263,4.781661422,5.620713356,3.994603274,4.271896541,4.837205189,3.58764149,3.177245935,5.695730667,5.08494117,5.070572208,5.504291686,3.837884033,4.133934865,5.733664233,3.973210838,4.842508077,4.910628983,4.643746186,4.917927849,5.928835407,5.859800156,3.256558536,4.993216101,5.447262348,5.460180404,5.226751511,4.211169883,5.466565438,3.96309199,5.179082863,3.5018542,5.246401616,5.247456694,5.906254972,4.539580667,4.889543605,5.237952197,4.496441065,5.263292843,4.500060431,5.546490045,4.389896904
OTULINL,4.529847945,6.475509671,5.971116647,4.436662945,6.208230713,5.514604716,6.290683055,5.665715832,4.707570723,5.480656291,5.212053056,6.245282112,5.035416039,5.42311138,4.982849003,5.872029605,5.835579858,5.276751457,4.840747078,5.347065918,4.921459648,6.027437962,4.742055556,5.748869012,6.161727501,5.36258106,5.337821452,4.933734073,6.96362617,5.162020248,6.783046938,7.018314498,5.198153156,5.831355262,5.360604741,5.133266826,5.685031374,5.032058477,5.965127922,5.611383132,6.799314473,5.890803012,6.12537636,6.578525945,5.106795743,5.753906017,5.357919805,6.078418864,5.667626162,4.802898832
SKP2,6.491388481,6.288086873,5.697576807,5.994291098,5.452809845,5.781163067,5.506027382,5.262362253,6.831544472,5.762581856,6.325764696,6.638758896,6.224459912,6.602665751,5.816811417,5.712090648,6.301202442,6.514580929,5.44323251,6.563708531,7.159567601,5.256846878,6.283815595,6.492657197,5.022546189,6.490555602,5.702060427,5.210571106,5.39617039,6.490745597,5.921993058,6.429044112,5.674657373,5.496161241,6.260343636,6.159239585,6.162140155,5.583513545,6.608744311,5.943601589,5.151527443,5.777973905,6.789936861,5.819845374,6.1774398,6.701872336,5.769890177,6.569193251,5.451620339,6.307428018
PAM,6.368816437,6.588930102,6.331351171,6.399320059,6.548354917,6.844706186,6.620453331,6.923466252,6.300154154,6.897362672,6.353568459,6.526657353,6.016728162,6.0300859,6.826728718,6.597884279,6.614445408,6.549203731,6.454497942,6.6873165,6.276220338,6.739732016,6.04821058,6.667032173,6.521883778,6.345655789,6.689488709,6.565667105,6.914520787,6.412038415,6.607284659,6.826113364,6.245785469,6.995537131,6.101219022,6.380503114,6.082004749,6.276055079,6.281027946,6.026598655,6.816667267,5.96361289,6.654946571,6.467061402,6.370438119,6.263918556,6.102840439,5.771689437,6.050513528,6.52866219
TSLP,3.611819117,1.423722963,0.898624849,3.847684194,2.569265888,1.677304432,2.575662946,3.32408031,2.649796056,1.787894456,4.637054666,0.171885439,5.177023322,3.51981169,4.755430971,1.280712081,5.14834283,5.160309542,2.007431947,3.549149844,1.268776883,2.887567065,3.99576228,0.472699965,1.729838189,3.641953125,2.923471644,1.131779762,2.852806691,4.058576595,0.862599129,0.429575898,1.937301638,2.204593486,3.124084076,5.256792259,1.999986731,1.240275625,5.114208878,2.240637468,4.126023749,1.654451328,4.639904823,2.243322809,4.231918565,5.042618712,3.871369122,4.447845749,3.275023346,3.721408087
TENM2,6.112631114,2.65839778,0.183059069,2.97447269,1.444449724,1.008290202,0.528451334,0.883303864,2.750976273,1.735980181,6.251746073,0.197587607,4.633004147,1.512056275,6.446156069,0.863233946,5.95459158,2.367062046,0.535185933,6.839205266,0,1.949320254,4.238311909,1.686688736,0.739533471,4.652418506,0.681101421,0.506021662,0.715046538,5.895640464,1.358442058,0,2.939815864,3.521649331,5.376111009,3.469744922,0.099809152,0.571271189,0.758707471,4.723145886,1.792856387,1.250438306,5.124955043,1.701710366,3.954773214,4.750271862,6.384094625,3.144162932,2.276653155,5.690492604
GFOD1,5.426621569,3.858553654,3.581969151,5.118590996,4.949955147,3.77291249,3.841566079,4.169482846,5.207136057,4.161913781,5.231120849,2.168200479,5.206088323,5.0363669,5.131290169,3.712405869,5.067010178,5.533281775,3.996311243,5.204872812,3.197114646,4.353591819,5.264299811,3.302125953,3.850246785,5.534925437,4.193312126,3.087246624,3.825841888,4.481169726,4.324730098,2.503711285,4.242533144,3.964035165,5.067576458,4.985265099,4.045965402,2.896385899,4.523061908,4.490976932,4.847394672,3.949472279,4.748593613,4.096899788,5.044290909,4.451333952,5.141340732,4.059144526,4.448163892,5.581485111
TRIM7,5.36880684,2.072186959,3.130216865,4.323493508,1.939446047,1.38891093,1.277058865,3.215059968,2.171872226,4.273675479,4.331027415,0.665488103,5.405435374,4.796100746,4.611558716,3.560736184,4.11005707,4.259236888,3.299559774,2.523596891,1.045018584,2.706551016,4.739081378,4.396853715,0.862980837,5.290199211,5.96191085,1.51400686,2.82158564,2.7958407,3.676541279,3.113205502,5.73726123,4.092097412,5.220919003,5.796217118,2.820756493,4.098116687,5.183467056,2.612627005,2.362779267,1.635596862,3.347728621,1.850636375,5.438341664,4.722095123,3.588542128,3.741028562,3.28611837,4.888018369
PRIM2,5.550015063,5.654922436,5.518631721,5.508961193,5.338834834,5.265415848,5.768832702,4.827726533,5.272553909,5.130627616,5.726162085,5.855075313,5.793003693,5.883281228,5.826811839,5.030269021,5.365110716,5.832087861,5.414349959,5.690587721,6.574286392,5.173630731,5.662421261,5.747950719,5.594657248,5.75922465,5.325430651,4.928829509,5.320589201,5.790757196,5.358790811,5.371631752,5.357875486,5.416078182,6.026023002,5.372940703,5.688763681,5.394713564,6.053844403,5.763248259,5.305984452,5.570414128,6.007480387,5.314727148,6.062881382,5.826420912,5.878303128,6.078012317,5.129775366,5.425030265
MLIP,2.695442552,0.617009491,0.386468228,3.343777661,0.375062351,0.15223666,1.147908003,0.958363955,0.887353463,2.445737564,3.149516297,1.74856135,5.455886643,0.356325752,6.304879142,0.228146869,0.61153192,1.236311099,0.247096376,1.904892231,0.164368079,1.04385688,0.749239785,0.156173724,0.089711595,2.219357424,0.191598075,0.769931264,0.167074691,0.967225259,0.313157412,0,2.102924107,2.237637174,2.018163455,1.888612792,0.28326143,0.103299642,2.064103594,0.486027069,0,0.209288221,1.456308675,0.265518382,2.948853022,1.198679982,0.657948522,2.315835647,0.842108333,0.923117205
LGSN,1.381208109,4.775931248,4.883119851,0.858332987,1.882180564,6.269882937,4.642903594,0.511425947,0,5.511454114,0.673110148,5.392775599,0.135476251,0,2.832065732,4.569632898,2.65842311,0.15760985,6.352794488,0,0.2029712,1.949899788,0.514192172,4.819367642,5.973651588,2.489326181,5.984929742,5.583743602,6.39132432,0.150943885,6.73547642,5.82085528,6.111221441,5.254212098,0.415203762,0.376989051,6.381631805,5.52258298,0.808229529,0.380241246,6.276391754,0,0.129142925,4.3463029,0.33344853,1.291331611,5.133892188,0,5.778705005,0.191429934
MMS22L,4.852537904,4.691526582,3.618304949,4.395359518,3.444767004,3.729956135,4.192407976,3.174230621,4.163385151,3.878269838,4.932760314,3.875937176,4.080792156,5.235231775,4.301803663,3.868178355,4.656949648,5.205679914,4.152759709,4.363632987,5.113748713,3.417368794,4.587240766,4.2493337,4.037668275,4.992755365,3.657367947,2.777844216,4.103658071,4.856473145,3.681455941,3.523831511,4.483142275,4.258934478,4.495115112,4.551204587,4.98566655,3.824361657,4.396961825,4.930362273,2.859376216,3.271930533,4.850649807,3.425802472,4.346752173,4.675954391,4.511965156,4.071807376,4.748281114,3.948996797
GABRR1,2.19822074,0.752758116,0.983906486,5.437215129,0.363572069,0.886804115,0.283111609,0.178599131,4.183208626,0.549449869,4.43560606,0.514036581,6.029864392,0.919291589,4.307113535,0.287252065,3.173092277,3.27648246,3.736969695,5.106709818,1.701246878,0,3.469596136,0.15102179,0.168293628,0.248013788,0.185354297,0,0.306336449,1.787174612,4.889941672,4.902373886,0.260126537,2.816589911,0,3.920482324,5.00234326,0,4.618420789,4.221596359,0,0,4.534801442,0.973175707,3.233954923,2.791794965,4.293213507,3.389044619,1.059666747,1.734752322
RNF217,5.99276894,4.860451967,4.640656302,5.964650741,4.891302405,4.461006944,4.127897935,4.765964055,5.366834078,4.946382412,5.82855555,3.158586353,5.626437623,4.855364489,5.703842528,4.679084161,5.604998219,5.521641067,4.424379243,5.299109415,4.890272305,4.961168579,5.696335626,4.335104588,5.154078991,5.284510788,4.615833996,4.798869769,3.827751874,5.433453223,5.056395125,1.726758463,5.367875948,4.503900648,5.466723226,5.064175542,5.486125511,5.126519444,4.793623573,4.544033623,4.444882829,5.741450212,5.294341418,4.566421182,5.168181602,4.850675571,5.864416274,4.917591322,5.680715772,5.748430285
ARHGAP18,5.341292926,6.3705828,5.889893838,5.571291774,6.298732696,6.311301406,6.634152456,6.384790222,5.571555943,6.13804577,5.8229374,6.171760946,5.509111954,5.814020193,5.717016187,6.582761806,6.432486108,6.025727009,6.014161669,5.995147463,5.375792318,6.353163232,5.976098356,6.334983317,6.438622427,5.887466625,5.751010379,5.956538023,6.000053298,5.676580592,6.050411359,6.312503003,5.944022155,6.515635197,6.122474772,5.779582854,5.646207361,6.133168797,6.198656118,6.066427216,6.028016343,6.305715767,5.791502078,6.201000082,6.101029356,5.924630997,6.133279304,5.901637559,6.073446217,6.1363051
MTFR2,5.508107046,5.826357502,5.408346397,5.29750444,3.602025109,4.545764772,5.051185258,3.54978947,4.694709955,4.499702968,5.280302896,5.45915573,5.167962447,5.269607547,4.911248544,4.751653109,5.103269375,5.369850468,4.892980726,4.076225061,5.723828259,3.542559474,5.786870749,5.456906828,4.271845206,5.914949614,4.920393519,3.538086252,3.868949258,5.19810249,4.634167236,5.272413843,5.447082783,4.648791494,5.47253036,5.234548832,5.849883291,5.170257239,5.978751809,5.760677468,3.707022791,5.089591925,5.428100711,4.138791874,5.364275417,4.912732726,5.342033326,6.101339202,3.99069993,5.065256978
WTAP,6.484035845,6.442362529,6.322694791,6.48923079,6.532336409,6.44684026,6.489755301,6.384755914,6.345116827,6.367517889,6.245434702,6.492962023,6.18307336,6.324530986,6.459218383,6.185920076,6.487135262,6.565907926,6.114331481,6.494899522,6.502391255,6.312714753,6.705223314,6.374746697,6.598097754,6.520388701,6.247324302,5.996686039,6.282064657,6.577143655,6.4546165,6.175945701,6.409215783,6.289821779,6.577579915,6.583064485,6.424598148,6.187344608,6.900935687,6.408098208,6.03673518,6.389368683,6.490269282,6.387508291,6.523156125,6.526172054,6.756000634,6.736622856,5.889461495,6.695959866
LINC01558,1.658722694,2.029676035,1.999855236,2.367995651,2.806017842,4.49057194,2.403136746,2.467117903,0,2.514067241,1.587884212,0.324160128,2.175080439,4.316946877,2.187059957,3.466140971,2.531727255,2.18913705,1.860243725,2.250215945,1.143550701,3.717840502,3.326803081,3.262707281,4.09642214,1.940005795,2.506119231,3.460171066,2.060600951,0.915504771,0.861104881,0.755619106,2.740397967,3.025802588,3.196420594,1.083419343,1.483357466,2.998802978,1.585312271,1.514300105,3.234828863,2.602813499,3.225077732,5.099088888,1.110315137,2.758010617,1.349352027,1.242949433,2.191967573,0
CDCA5,6.445863903,6.51651575,5.985842427,6.115564388,5.30602145,5.380328967,5.797762594,5.397160095,6.311413275,5.565158834,6.414365396,6.43174295,6.097879899,6.416692512,6.076479289,6.160349779,5.853116221,6.378746364,5.803114126,6.173407553,6.698250425,4.526312005,6.359934334,6.501144847,5.067931349,6.379144052,5.806397663,5.193605089,4.933624744,6.557998541,5.756565784,6.113674798,5.688741271,5.764996887,6.331831692,5.884843074,6.199210294,6.24821945,6.374549069,6.325603077,3.952941405,5.355313083,6.252338673,5.462238382,6.324246467,6.305353477,6.136943586,6.568307678,3.400852419,6.239849128
RAB19,1.124304131,5.468038624,4.647353445,2.250772565,4.681635707,4.978423809,4.809105988,4.562325095,4.366905158,5.160659241,2.763825098,5.859411611,3.612799859,2.937341647,1.912347273,5.294009316,2.831314781,3.366409224,4.41746151,3.169345586,1.444204984,5.340132161,2.74825428,3.947664665,5.400983977,2.562010109,4.953373145,5.615075084,5.140147416,1.79746178,5.591073002,4.17062659,2.94014972,5.067929807,3.382274088,4.600721608,4.186517976,4.999939586,4.149626821,4.459318275,4.445449566,5.462497891,1.638172319,5.022568648,4.441072644,4.35266178,2.982172992,2.698564285,4.029422601,0
SH3KBP1,5.666335048,6.091266654,6.430204751,5.567544414,6.611905487,6.394397057,6.502661296,6.584005049,5.299392629,6.411958378,5.397116887,5.274563617,5.965198575,5.912135007,6.237270852,6.556552618,6.057068504,5.737196229,5.772598151,6.132552022,6.490638245,6.198068559,5.994288974,6.362429741,6.141693615,5.740684009,6.322876849,6.13073006,6.103159141,5.727213451,6.164514415,6.016010047,5.993820286,6.213258321,5.900903558,6.099626471,6.0738246,6.211118247,5.051616392,6.274223285,6.208965065,5.776192837,6.782130526,6.279089262,5.672979455,5.755619494,5.607223347,5.476251902,5.639929937,5.553745664
CHST7,6.347936758,4.804188947,5.183126356,6.607241829,5.749504947,4.450316243,5.350041525,4.78336597,4.193962141,5.400888384,6.560604259,5.754217699,6.33106664,5.333297491,6.075429331,4.758563573,5.694895425,5.113429077,3.839266513,5.450722397,4.775288734,4.675673791,5.187404175,4.984843853,5.26305338,6.149156044,4.466665132,5.041199264,4.47826975,4.983611465,5.660002017,5.516199646,4.214777641,5.050641357,5.485996044,6.05526415,4.193062444,4.968488446,5.825880072,5.109981871,4.97873663,4.132475051,5.75778838,5.516967754,5.6794961,5.893601083,5.681781397,4.954098975,3.688026911,5.956994981
DOCK5,4.726766315,5.520952252,5.515631303,4.907312565,4.387091622,5.848953439,4.414461639,5.343616805,5.444432819,5.309039879,4.38855917,4.366021802,4.492612565,4.92481397,4.761124186,6.073453526,5.406935398,5.711747205,5.120898698,4.768970723,2.26179329,5.366626039,5.104840765,5.142498329,5.398759034,4.100511109,4.865371161,4.561171416,6.2503279,4.225108495,5.617939563,5.689793313,5.656799122,5.11851515,5.253658412,4.498908418,6.405770154,5.93081801,4.32608468,5.064745631,5.61423824,5.19784147,4.824797906,4.643138055,5.114845907,4.22378142,5.386200127,3.251563331,5.640834065,5.369914007
STAR,3.775232412,1.23753043,1.241520407,2.311962664,3.469729153,0.514707799,2.232894861,1.029745755,1.654536759,1.009681058,4.199506237,1.626094452,3.940249662,1.630998636,4.127411801,0.288009736,3.552468041,5.02615667,1.521304614,6.082241465,0.550625216,1.873839568,3.976050894,0.906441614,1.069816776,4.115528403,2.130405297,0.350529185,0.954553394,5.243556085,1.50119217,1.45193794,0.480225433,0.76453391,4.273854536,4.827594296,0.701156994,1.091194043,3.616969832,6.217704066,1.061775692,0,1.692438705,1.537281038,4.089938852,4.532161723,5.10492295,5.935463135,3.133326875,0.901422563
GINS4,4.954476451,5.598189309,5.255248703,4.448024066,3.741699277,4.136464803,4.064331072,4.154639989,3.943707332,4.332156048,5.500967937,5.874681861,5.058069598,5.53277456,4.467573109,4.899363526,5.546311558,5.281056412,4.595834619,5.68966792,6.056574391,3.975671156,4.892405865,5.100773582,3.425255279,5.815946514,5.380475665,3.405157369,4.800972464,5.379850364,4.602420211,4.936405618,3.797159305,4.184127315,4.880682601,5.418505117,4.817087052,5.186964018,4.849489037,5.351979975,2.897909966,4.159652076,5.016123334,5.110718002,5.720388048,4.941967383,5.789609302,5.038209752,3.124971145,4.68269669
NTRK2,7.065195099,1.080148727,1.726239469,6.363908854,2.181725272,2.001142234,2.71602705,5.647930392,2.946473335,2.344919865,6.929245406,0.278041449,6.827930623,5.075849316,5.839940452,2.099577108,6.435662458,5.087350775,1.068178376,5.672611707,0.639674354,3.382558802,3.62414432,1.062163457,2.142218576,7.191588156,1.053867404,1.695836995,2.191891754,6.080834571,0.959427536,0.328417373,2.558987806,3.448175014,5.551844134,6.794158038,0.587539311,1.12137137,6.246195328,5.593133177,2.43065818,1.096283861,5.981241015,2.297244045,4.928044484,6.619399491,5.46618464,6.678563932,3.113113787,6.187245472
IDNK,4.90687289,5.309850185,5.411892889,4.948191475,5.401753476,5.814462275,5.661156418,5.307404179,4.982854725,4.824187184,4.985757533,4.995804603,5.186258754,5.127039488,3.761783517,5.319391075,5.123299496,4.381378002,5.743110371,4.322320161,4.013868209,4.803789065,5.493170634,5.201320043,4.922269468,5.204523721,6.174540345,6.278916113,5.510631796,4.093592627,4.917731834,5.594504169,5.385146119,5.14141977,4.770650506,5.04550236,5.503633711,5.046358418,5.069790558,4.88487575,5.836212115,5.080954619,5.85469918,5.64515046,4.743801471,4.945652136,4.113818015,4.843386945,5.314738657,4.633942353
CACNA1B,4.515344761,0.386357788,2.577643182,4.578348604,0,0.218940227,0.114956636,3.257103978,0.074303721,0.437786683,4.893350861,0.521722099,5.336922796,5.07978951,4.033819418,4.577679579,5.350582652,0.267208433,0.064890067,3.80792094,5.295651715,0.43512782,0.907070895,0.116748511,3.019474493,1.78384308,0.448792699,0.073869422,0.239734695,3.868403512,3.639942126,0,0.677336622,0.392128303,3.123617783,4.573373991,2.784995268,0,4.366485281,4.211995712,0.341494041,0.385225995,4.099779735,1.21163239,1.991420875,5.404144785,0.329672659,5.291188585,0.326493099,0.583285875
CDHR1,5.696758859,1.260186663,3.374195158,6.271934418,2.775400249,1.104360313,1.758712278,1.064549668,5.061419966,1.063418131,5.57658773,1.447306274,4.950750225,4.428501769,6.362217498,0.407707221,5.135058166,1.029678953,1.876545464,5.535478223,0.157444253,2.017329359,1.289995445,0.938388458,1.417849451,5.11791749,1.660759717,0.90568919,1.553245359,3.325745796,0.938620224,0.661352319,3.314835441,0.850647889,4.938318478,4.798267276,0.271798693,0.644303046,3.477314949,4.030260412,1.658208621,2.152987259,4.843513062,2.07582272,5.090716606,5.35779869,1.067326874,1.655118316,1.189926937,5.955100993
HTR7,5.203081983,1.92146375,2.334287518,5.483318434,3.325745612,2.535943591,4.120578607,3.238669198,5.850523605,1.515078832,4.728553745,3.191689183,3.398144909,3.390771228,5.832991094,3.503277915,4.281495642,5.206389859,2.05626173,6.424528306,0.639963728,3.172547627,4.381724104,3.019824011,3.892705187,5.661495839,1.94137528,2.373317199,1.417966166,2.988807388,3.575834369,0.55914757,1.512423613,2.544546381,5.836136057,3.640344615,0,2.831369341,3.334870295,1.947252202,1.274634123,0.679775128,5.315096368,0.55447841,4.631631665,2.906187257,5.82814585,1.905648741,3.799658385,5.619908614
HABP2,0.218565927,3.106201401,2.567653828,3.930982432,5.82487817,4.795962871,4.659975552,6.142069614,1.621489412,6.074984141,2.773564494,1.715926338,0,3.008118913,5.66313978,4.847973097,4.441004374,3.013702204,0.797162122,6.540467915,0.3105755,6.574484469,2.52481534,2.338800313,6.794948885,2.581474685,3.925163461,6.934147611,6.36302839,2.92670786,3.622094878,4.090055055,2.159944995,6.170875999,4.706477772,3.528634076,1.533061486,3.648271684,3.625333418,3.077988973,5.266247117,6.790799245,1.019423074,4.905642197,2.812864618,4.255416553,4.372933244,1.052844107,5.64542406,2.88244975
LRRC27,3.152902195,3.741184169,4.009361074,3.987231844,4.099181394,4.208590185,3.77780128,4.315139714,4.056552243,4.481892129,3.208739293,3.974471711,3.967300659,4.06090836,3.522280111,4.061769936,3.728042458,3.554865605,4.629373359,4.048590408,4.153045555,4.970885233,3.962031647,3.823554695,4.904752952,3.723537856,4.20542692,5.203096262,4.552692015,4.694063591,4.375644074,4.016152968,4.547194317,3.818402284,4.220240175,3.950501068,4.61208776,4.839353452,3.305511327,5.005555946,5.015060702,5.429688752,3.841905997,4.564713528,3.579881164,3.561690497,3.55403363,4.084390344,4.337549047,3.504001943
ADM,6.682024709,6.192001736,5.716379568,6.486113884,6.227565536,6.292406559,6.318801922,6.355257955,6.618717946,5.127202079,7.160660982,6.16382044,5.819003037,5.929968308,7.204223504,5.910063207,6.668511132,6.619443176,5.260334308,7.17230612,5.626452559,4.540442055,6.616971385,6.202748725,6.489254435,6.41386655,6.446126554,5.850709897,5.881909088,6.06944534,6.58509085,5.738924401,5.855298728,6.492854412,6.461507271,6.720920193,6.282740052,6.306236306,7.032650357,5.951709404,5.098180521,5.123693681,6.532325988,6.34621202,6.998693172,6.14602801,6.991888294,6.46441709,3.316487121,7.098243764
SLC5A12,2.731650223,1.53750339,5.278865595,4.435560045,0.193899354,0.28073609,0.283519045,1.418430341,2.568904138,0.680019787,3.9491832,2.861664363,4.077925163,2.112939627,4.484936698,0.151245459,3.721118062,3.59246165,4.024468773,4.730614539,1.494112061,0.429113901,5.170112503,1.024515538,3.012260263,2.623493576,0,0.42539417,0.306773679,4.475789645,4.106460061,3.909550475,1.237264562,3.920244614,0.514327028,4.019129597,3.258824137,0.36296754,3.511335606,3.716693189,0.263556186,0,4.106611477,1.168814426,3.796455923,2.848958851,3.151202783,3.39082687,1.263091304,4.187670465
SESN3,6.611488476,5.197577266,4.881597535,6.801411159,6.286689557,6.030254302,5.815902262,6.211627819,6.620130082,5.852480639,6.939210921,5.446682702,6.162289472,6.031830327,6.82593522,5.596796976,6.49800901,6.16174402,5.642916183,6.958960247,6.354405107,6.087297255,5.856143941,5.356607094,6.589788242,6.304165731,5.148268988,5.867553477,5.680431392,6.394108045,5.068421437,5.994864291,5.022392047,5.93241859,6.703839806,6.255958257,4.450579986,5.548015832,6.722819709,5.969801556,6.217191616,5.163364222,6.319756081,6.002233569,6.813470657,6.484749787,6.315171285,6.369995356,6.2761457,6.263341136
CAPN5,5.638183683,4.927245702,5.996008318,4.829718297,5.958857368,5.672283899,5.389036067,5.290055519,4.738368778,6.389429991,5.357950776,5.548052509,5.021240153,5.025749487,5.141392983,6.634458285,5.208683104,4.631746805,6.59084874,5.293708792,6.095326607,5.919688595,4.779542622,5.712599132,6.573032133,4.94882373,5.536256923,6.167887941,5.960723044,5.034935396,6.832202763,6.317629824,5.442173859,5.440725286,5.66145697,4.980760342,6.286164366,6.587167351,5.41863762,4.572670749,6.222632749,5.762295454,5.389320083,6.373837027,5.879674177,5.758490671,5.32600921,3.276246191,4.187360841,5.206985681
GLB1L2,4.468269836,3.456917289,5.780047319,3.967151534,5.945209381,6.161995296,6.038580544,5.533512941,2.664972649,5.842302644,3.786980011,5.428271257,1.254072111,5.737061785,4.786752645,5.867626311,4.675971417,3.963940015,2.795859386,3.420556394,5.389241083,5.938404224,2.492608632,6.036151597,6.201715004,4.700844908,5.134988081,6.22164794,4.952848357,2.996991024,4.933116364,4.624319824,4.430994806,5.580179928,6.142635752,4.915104927,5.754698384,4.808144384,3.517050801,5.422647436,6.078830569,5.977321072,5.109348833,6.583660036,5.114794368,4.738411709,5.18760446,4.036149818,4.843228769,2.340764269
GGTLC1,0.94389906,4.920362072,5.029026665,2.941084712,5.899853786,5.526034658,6.38285758,5.31208237,2.16440937,5.240293615,2.102656005,1.608799859,0,3.928748022,0,6.347960017,4.464026221,4.727901886,1.034665625,1.066358309,0.750185106,7.135390834,1.537122102,5.084151774,6.977796248,3.956811634,5.689037882,6.188628698,6.338948653,3.216298758,3.751158539,3.866070634,0.659708643,5.857174512,3.659378678,3.639004134,0,2.836217753,4.409892979,4.044149837,6.671580596,5.906942967,0,6.462562959,4.271576175,4.330560831,3.026087657,1.33622788,5.436450912,0.714771267
INCENP,6.43972417,6.334689014,5.856577007,6.028742052,5.670847349,5.403478049,5.769131464,5.431400983,6.461392412,5.798117323,6.204832983,5.949600676,6.07997115,6.34485705,5.943192872,6.355264749,5.890092554,6.211020507,5.870403881,6.1861696,6.718537003,5.566575242,5.949975509,6.305268944,5.691910894,6.186751211,5.575155907,5.720375084,5.543636177,6.380293945,5.729367252,5.80105596,5.567574283,5.832093465,6.265191579,5.897751908,6.012820524,6.298779016,5.665877729,6.234604856,5.537807073,5.933497037,5.990254448,5.76778649,6.104322875,6.187059895,5.842950112,6.12559481,4.688811563,5.983478852
PLCH2,4.960647639,2.610236365,2.352030474,6.057141438,2.992355919,3.372655191,2.836626686,4.134076857,6.247871267,3.985803644,4.997551958,3.941317833,5.322737583,4.752779454,5.8783387,2.83415099,5.10987471,4.664391987,3.263819857,5.448522396,0.91618174,4.299123394,6.674738394,2.703936456,4.439715623,4.198885102,4.91056313,5.714482361,2.628890308,5.915773792,2.588569068,2.035428485,6.145565292,2.60864984,5.563851437,5.907456664,1.549099213,3.917577574,4.590731941,5.217950786,4.717613444,1.424582823,3.466374711,4.219479172,5.325064595,5.161137993,6.305268863,5.208661775,2.610474602,6.033833843
CHEK1,5.75073618,6.151143922,5.365065304,5.475770517,4.772954881,4.952762242,5.141066473,4.886540702,5.940609316,5.145103269,5.021227454,5.436640232,5.193627144,5.879028717,5.450361514,5.688282956,5.290860828,5.839365708,5.268197512,5.009725707,6.600603194,3.615875753,5.31761181,6.196301102,4.372652253,5.812459528,4.841027459,4.754721645,4.602189461,5.550974447,5.312630468,5.271486619,4.873312207,5.287549958,5.91813215,5.127320332,6.136320281,5.629738058,5.561501446,5.478598386,3.838760654,4.898583719,5.758356535,4.995524775,5.739181499,5.333963791,5.428100605,5.487682111,4.123112455,4.812292562
FEZ1,5.650521436,4.079771968,5.112336459,5.498839758,5.206446154,4.766479437,5.016400043,5.19212049,5.03235858,4.507661631,5.330973602,4.148636422,4.981322911,5.205635516,5.915513321,4.07789416,5.441266197,5.25912937,5.097519265,5.544298466,3.352090134,4.411229369,5.040202289,4.842664469,4.467414016,6.216523859,3.797872851,3.87096068,4.539089633,6.286203847,4.660477116,3.642925945,4.611075467,5.039029507,5.687288093,4.891052023,3.388288582,3.917886073,5.08525549,4.499401538,5.058439474,2.923116245,6.028278627,4.476560422,6.064859282,5.269335577,5.305445921,4.99263984,3.573281165,6.002168375
SOGA1,6.422101191,6.142392361,5.506018116,6.133801201,5.413502573,5.463539555,5.26140204,5.553059755,6.018227132,5.756421359,6.178094744,5.749740067,6.123712297,5.987721901,6.097904768,5.411236071,6.43579645,5.90499853,5.528778787,6.389266972,5.917120297,5.414047551,5.612124882,5.537294779,5.655432529,5.918384126,4.985242424,5.720136607,5.709457983,6.536697737,5.635710496,5.308626565,5.026917196,5.791164993,5.825813436,5.902471866,5.845623,5.722831152,4.601046224,5.789616876,5.701568989,4.946590727,5.85461554,5.3390814,5.932934662,5.566513458,5.508660538,5.324019646,5.326544377,6.211564899
CDH8,3.039807583,1.272883403,0.632132212,3.958859244,1.074679102,0.673758848,0.312767612,4.795718923,2.248451198,1.249113656,3.54009475,0.841551273,2.897955715,4.109741516,4.679679219,0.352308964,5.191957132,1.551697966,3.405895595,2.463818489,0,0.470988748,2.000408322,0.71506528,0.096483589,1.852217796,0.252467548,0.106794452,1.2778546,3.027897047,1.412063631,3.372398125,3.186016121,0.905393083,2.381057663,0.300552223,1.49695212,1.663213103,1.165812525,2.844065323,0.994634801,0.85228328,3.333716345,0.076688326,4.133804832,3.767293263,2.586359205,2.664926205,1.022270892,2.760701048
ADGRL3,3.695257346,3.883824271,1.572385123,3.576627754,2.383335021,2.385954428,1.844478264,1.107143666,2.743085415,1.966005322,4.851250343,3.60272666,4.094844487,3.989446725,4.795981755,1.377993625,4.757715667,5.066726207,2.982386312,4.183485641,0.170866115,2.714664142,3.691819807,0.407596532,2.43778971,3.530206032,2.056325518,0.763966097,0.762947119,4.994869729,4.06744783,4.73961192,2.687938612,3.878534819,0.903536839,4.439423117,2.564326002,1.098066184,4.118541514,1.89606973,2.488076045,0.434451534,4.695166916,2.240643667,5.127105771,3.931990561,0.508399517,3.758072106,3.742884165,1.589288048
HNMT,5.064165536,5.68748225,5.928042078,5.599907867,6.213838,6.250657851,6.57074773,6.378685403,5.90779584,6.594026633,5.17448856,5.319006468,5.433257548,5.140532407,5.657611106,6.301126875,6.066024296,6.168322486,6.347073827,5.676810641,5.893166755,6.696715028,5.89314784,6.159552182,6.721938762,5.498867962,5.778218342,6.161932939,6.34483041,5.703387095,5.940650644,6.222313771,6.113281725,6.400271968,5.800692462,5.15214959,5.519885175,6.377535106,6.216165928,5.693441121,6.566825607,6.156956641,4.642202096,5.96298086,5.570166345,5.764132248,5.830902734,5.514192894,5.938223931,5.4718829
BTBD11,6.225092431,2.851514754,3.526883028,5.645162388,3.873732279,3.477325217,3.282197502,4.669389668,3.812261942,4.919132411,5.251967237,3.973478269,5.836072295,5.914525181,5.676319001,1.8964851,4.301203016,5.562742588,1.921035609,5.634823613,1.138129687,4.665885207,2.239419534,3.319177286,2.376533635,5.650669784,2.944292872,3.625468929,2.239682516,4.532540671,4.78755734,0.357751044,5.112333171,3.536192024,5.497329165,3.536312555,1.30282164,5.934924109,5.081327716,3.127052884,4.081850994,1.348625093,5.393238021,2.350330777,5.450861906,5.377453695,5.121897189,3.656465807,3.104531676,4.926269544
MBIP,6.180549316,7.443288864,5.83333416,6.10088236,6.669605811,6.776666784,6.567368794,6.768589444,6.032186902,6.606822085,5.572723311,6.731540561,6.105720231,6.011490384,6.339717667,6.440740255,6.021010725,6.012108173,5.657196938,5.791851655,7.013439596,6.653233011,6.17280912,6.375521813,6.611616157,6.062122077,6.630322666,6.656007521,6.898871274,5.504220334,6.228507829,5.972934748,5.46314357,6.550682375,5.992574007,5.886278157,5.823411069,5.502367701,6.352501363,5.619234886,6.906188397,6.81051982,6.241224619,6.876314851,6.100515852,6.211091871,6.076594397,6.219968989,6.236551989,5.796885198
ME3,4.552140492,5.627050637,5.369454287,4.942356462,4.811713879,5.687488752,5.212704265,5.457794983,3.66679578,5.707806265,4.19869071,5.727011864,4.370901774,3.186763635,4.958523542,5.588933711,4.877957624,5.331206606,5.337051803,4.852284863,2.508144205,5.520148773,4.440559856,6.266495301,5.288880699,4.262620117,5.344253544,5.320632685,5.355871972,5.132152309,5.205775478,5.118111405,5.522121158,5.272875502,5.177068116,4.211770969,5.405737032,5.027048462,4.521069771,4.415296215,5.99970286,5.576790887,3.379053504,5.805683832,4.329479462,4.903872755,4.100089562,3.837674763,5.186274276,4.263332936
C4orf33,3.115156207,4.596336584,4.145964596,3.987923643,4.520025822,5.108603003,5.123865763,5.061513199,4.888518505,4.679397377,4.952354412,4.809687124,3.746404373,3.901237586,3.989443483,4.714223452,4.651092841,4.507148356,5.205110373,3.975449681,2.898770705,4.709538738,5.041124443,5.141515725,5.156695928,4.191357564,4.683870771,4.698910705,4.260293316,3.772870193,4.68592752,4.859845937,5.16718616,4.525412682,4.056535304,4.31596096,4.988645684,4.49960945,5.652856309,4.166848796,4.801362133,5.083568843,4.520961875,4.736256874,4.961648029,4.572940444,3.861421324,5.095863285,5.183477919,4.206369295
ACAD8,5.460285969,5.751699744,6.036931278,5.621628334,6.06130405,6.326738696,5.881926645,6.240428732,5.415406865,6.398453555,4.959002949,5.461703451,5.13424688,5.791060359,4.891509705,6.027662711,5.428184355,5.527512315,5.84127718,5.025610151,6.263431046,5.885697585,5.463099839,6.283236013,6.395473465,5.673884166,5.773726421,6.400734576,6.018386758,5.152581098,5.769077024,4.839017523,5.398823738,6.086112305,5.674880046,5.320464823,5.689524711,5.746124271,5.314930949,5.476467844,6.203262207,6.023295638,5.267655167,6.923500404,5.495096828,5.277758716,5.549391009,5.611645194,5.795152649,4.845955186
NR3C2,3.317705039,4.649582244,3.452491025,2.145281748,5.679452076,5.336971612,5.279750004,5.374305558,4.612876743,5.698036007,5.202882477,4.172028988,2.930748575,4.862528788,2.369210404,5.892765436,5.061343442,4.007682285,5.280862198,4.166536613,4.008769111,5.613611682,2.436197756,5.247082005,5.497721603,3.375131702,4.742877387,5.588881103,5.521322007,4.612785415,5.405967708,4.740295809,2.648130404,5.428211374,3.292795225,3.963604189,3.359138457,4.863593335,4.172460676,3.886000448,5.51701889,5.145531221,4.283253983,5.532841507,3.252505638,4.993492914,3.302177516,2.811993836,5.766927119,1.233277787
ADAM17,6.682351271,6.270264895,6.014154875,6.249528586,5.90844028,6.130978555,6.059285518,6.122974552,6.276650093,6.217302028,6.487869025,6.318640008,6.641396741,6.116491939,6.339791969,6.054228085,6.2995091,6.426622473,5.8678252,6.592678414,6.648842611,5.935965976,6.175865311,6.107815881,6.145235553,6.126703005,5.990619222,5.59001735,5.88142838,6.352441569,6.05701693,6.202395069,5.643530945,6.319546853,6.289574083,6.193129121,6.257135124,5.910282611,6.28196596,5.951018149,5.899557816,5.714438452,6.139473252,5.988134023,6.209884659,5.989457498,6.477026489,6.119163319,5.676863965,6.624945674
TMEM45B,6.221908723,6.597790655,6.989841177,5.808701085,6.090505722,6.789129389,6.28882887,6.234742574,5.824278459,6.684004288,4.87725828,6.29085208,5.730442352,4.255416831,5.610754309,6.630957535,5.172598733,5.332994646,5.833137698,3.935564216,6.186442275,6.542330599,4.49726423,6.69420096,6.732606822,5.813568079,6.492835136,6.636179116,6.044814231,4.57960948,7.003961541,6.860866573,4.750674933,6.354475279,6.237004283,6.000455805,6.372378477,5.85867149,6.103954392,4.058676895,6.099643202,5.800610404,3.655649845,6.832469196,5.745951636,5.595338718,5.437702323,4.005782997,5.493440841,6.009033144
WWC2,4.825109661,5.726474376,4.418943318,4.961164444,5.478135175,5.156275503,5.112456695,5.314936748,5.53915304,5.476051986,4.483815481,3.421328871,4.18992054,5.248291651,4.875995152,5.968208024,5.656242509,5.711401448,4.804342091,5.303772238,5.969212873,5.53687975,4.896091936,5.508694833,5.553500062,4.468436898,4.816396823,5.579005442,5.489386098,5.261189905,5.085722791,4.93268739,4.948906502,5.722942041,5.035424905,3.765767832,5.457475246,5.701214793,3.686141231,4.679898119,5.505218295,5.396691311,4.733916189,5.378127426,3.50183782,4.934175782,4.756247309,3.899847172,5.591462213,4.476285356
PARP8,4.555481548,5.107802224,5.067513751,5.119684962,6.070549631,5.586608474,5.898896592,5.643695697,5.746165406,5.734313,5.425004265,4.646695612,4.850634708,4.736156483,5.317848789,5.816105386,5.406780908,5.311707963,5.734271626,5.085607713,6.151782708,5.689507054,5.194453112,4.834143232,5.716029995,5.248710458,5.864596065,5.687242982,5.631604389,5.252570854,5.427644545,5.405295189,5.66074612,5.500005225,5.364612894,5.576551508,5.224551405,5.238344298,5.175801349,5.598866921,5.546812942,5.549765432,5.734765435,5.224806477,4.166996722,5.753923661,4.559113377,5.139606879,5.951462999,4.40784932
DST,6.260050703,5.267433557,5.231912453,6.529549092,5.212093837,5.180691898,4.784187337,5.789273827,6.30990027,5.569185747,6.625658275,3.994151242,6.230097964,5.327973324,6.387924162,5.691330946,6.464135845,6.860211711,4.433410096,6.836576027,6.705416672,5.473381962,6.442719608,5.525073842,4.404070807,5.715576005,5.158549689,4.380314069,4.911819405,6.195200797,5.092759433,5.20641703,6.022245824,5.905892766,6.078635446,5.604823621,6.109059666,5.135908559,5.275835647,5.617503642,5.218531052,3.120956241,5.517605733,4.989352116,6.206229724,5.824480217,6.760337685,6.110439183,6.139184725,6.458991499
TMEM163,2.217207307,4.787699442,4.441535524,5.18210953,5.872388302,5.881501355,5.461171518,5.856319645,5.428077848,4.860610536,3.918639185,5.063928857,4.968518241,4.954411952,4.109792839,5.792956615,5.254070205,4.426103714,4.183776077,3.816420693,4.10901977,6.461406251,3.22221433,5.019875312,5.810723644,4.474326105,5.553233438,6.569634349,6.609572813,2.10733909,4.422570907,5.98813512,2.88562831,4.852079953,4.074355542,5.138116211,2.273071236,5.035375864,5.224478359,4.562905019,5.927605279,6.481268269,4.938594095,6.151101422,3.449320673,4.641208762,4.069664482,4.474907147,5.222525333,2.627037986
SPC25,5.680555343,5.79834783,5.563786918,5.367862273,4.812346896,4.652083646,5.473224697,4.818091188,5.695464592,4.576491148,5.660711681,5.542546285,6.03602457,5.891377319,5.318972705,5.445658373,5.656616097,5.182180793,5.321052102,5.161197995,6.442345653,3.966423569,5.669842805,5.761374557,4.235112732,5.819858059,5.381894292,5.07496051,4.878256372,5.901146327,4.958243169,5.434525707,5.604707272,5.547848464,5.879382157,5.685195336,5.777151369,5.549479008,5.801324166,5.38611613,3.958526992,4.978297985,6.189765406,4.197192395,5.988099337,6.007638355,5.610832986,6.039993473,4.208736776,5.604862401
PDK1,5.083760774,5.999824882,5.044192889,5.233824467,4.932963572,5.619746526,5.793859325,4.594684206,6.006955797,4.610186841,6.13656191,5.423739344,5.181925873,5.212286367,5.822130944,5.431391744,5.95089747,5.797871625,5.807351219,5.534747649,5.509330504,4.83684037,4.926224199,5.097784982,5.130240479,5.068497486,4.491780078,4.792431368,4.763860977,5.483504432,5.634915259,5.411256442,5.441419579,5.403466856,5.362790089,5.574700797,5.430952777,5.609578103,6.186777171,5.36764718,4.516841171,5.503334483,5.49239382,4.601136853,5.842712952,5.533986264,5.466332224,6.24704683,5.355677854,5.504409107
GPD1L,5.512247339,6.108733952,5.755187335,5.492985253,6.475259487,6.611886934,5.984471164,6.341106521,5.430896815,6.237229681,5.398003316,4.837470773,5.449879325,5.711065038,5.457981204,6.617618794,5.807898262,6.119294614,5.628789885,5.032679924,6.206759077,6.501869494,5.852528484,6.024720884,6.689069861,6.070242188,6.228412965,6.102487005,6.574518567,5.203629833,6.377315291,6.243928353,5.391517719,5.930706294,5.94016878,5.978471464,5.51031208,5.862989762,6.13876286,5.636825668,6.829652081,6.757237751,5.793204844,6.519120641,6.564194038,6.023501232,5.668363625,5.842824645,6.066925867,5.787292581
GJA1,7.297392768,6.590391893,6.788920452,7.384980902,6.835440651,7.242347956,6.880993609,6.814139593,7.33163577,6.844410042,7.424241007,6.391875957,6.600044074,7.269856477,7.673738136,6.672629632,7.326259429,7.303597723,6.236873889,7.580404134,6.063509423,6.696575469,7.020833318,6.882022512,6.266376822,6.866220842,6.234615793,6.494548101,6.732425419,7.218374545,7.027254957,6.86639445,6.560049806,7.20047744,6.373500104,7.055249182,6.938336607,6.818173611,7.50963692,7.028551631,6.39636168,6.113474063,7.424424353,5.88935025,6.688762601,7.253475218,7.133435895,7.014146239,5.917913566,7.516332664
SAR1B,5.458761053,5.614652637,5.93185114,5.568948489,5.753801877,5.957542353,5.884478471,6.186412678,5.467227916,6.12432585,5.415447033,5.86303326,5.730744243,5.229003026,5.796770721,5.787684398,5.717232183,5.434799073,5.908600369,5.543267831,5.777190364,6.01572346,5.448645571,5.619879815,5.845823228,5.542986718,5.900081353,5.675786994,5.515891187,5.282204605,6.294793341,5.94798677,5.641111106,5.948011069,5.781187323,5.911409731,6.378717061,5.703252181,6.236484663,5.393824919,6.030166022,5.787569502,5.705080378,5.661931775,5.695126092,5.801811896,5.762707402,5.9157449,5.87877363,5.588689016
PART1,2.936377571,1.990600635,0.106827883,1.749700816,0.289587252,0.320920023,1.81142024,0.327408321,1.896584859,0.148450612,2.993925841,3.445521836,3.780235782,0.700036297,4.984392263,0.328729134,2.241942437,0.350530036,0.065832417,0,1.27177226,0.846121847,0,0.06046223,0.132129646,3.053310702,0.145717646,0.146052731,3.239890032,3.05027606,0,5.440965685,0.616074825,0,0.262528212,4.6181429,1.135798301,3.45559757,5.870837423,1.400878303,0.158923242,0.108262357,2.817015423,1.505445753,5.543449964,4.775926095,0,4.690283834,2.248336429,0.117427391
CENPH,5.952130424,6.212458948,5.454116571,5.521716603,5.490383036,5.151599249,5.584477622,5.420336233,5.662358453,5.284764318,6.142451476,5.662465877,5.90560202,5.827179725,5.928568944,5.704990496,5.672977504,6.041319685,5.414560016,5.413340567,6.230073563,5.034286167,5.995294044,5.636827142,4.815243088,6.299053027,5.74756561,5.400416082,4.829107125,6.115046432,5.655370178,5.694355084,5.802257857,5.494993288,5.838393228,6.042416095,5.955386694,5.782690937,6.718221463,6.445585011,4.745549483,5.837046614,5.704218001,5.140412853,6.082455322,6.038840273,6.198068402,6.22692991,4.611230048,5.790415814
TXNDC11,6.249625217,6.467227897,6.703376859,6.324343797,6.7235016,6.679170891,6.758703056,6.520832373,6.365138258,6.800342723,6.436480347,6.665652694,6.296428104,6.222442601,6.145568536,6.524249183,6.496861464,6.409259512,6.668502508,6.564808442,6.335861976,6.727242243,6.506197498,6.451482619,6.860945054,6.505592741,6.340195496,6.767350663,6.972231161,6.376550623,6.863075595,6.511610992,6.555520353,6.654960175,6.461317179,6.499275185,6.503406947,6.686576263,6.589489006,6.30796044,6.7616986,6.742549994,6.101224021,6.580472533,6.521567984,6.444763947,6.59191288,6.569745718,5.865032879,6.634941116
ACMSD,0.713105159,1.884118132,0.342905915,2.845820161,2.1162353,1.701027849,0,0.439603298,1.303836891,1.445828026,1.157139665,1.987596641,1.144513926,2.223964593,1.488861181,2.182447363,1.134521518,0.780147648,2.223718161,0.420959043,2.283696727,1.995322225,0.533563467,1.458792832,1.958769706,1.245413916,2.061756262,3.700274722,5.251124621,2.097273828,3.147829508,5.50358269,1.732974074,2.47867223,0.759615199,0.991055355,1.79231961,3.54058411,0.260501363,2.067545614,3.001346217,3.109107546,0,2.614338656,0,1.170356805,0.928595824,1.265095454,3.977845044,1.29547939
RASSF3,5.815745918,6.597759448,6.541958694,5.692220408,6.646978612,6.222666726,6.506067002,6.260905988,5.862721396,6.105007011,6.104076343,6.151448237,5.826557195,6.063243612,6.050705702,6.52591286,6.302992116,6.339718004,5.970232239,6.143203806,6.696728435,6.350520194,6.117790187,6.176256,6.480886528,6.138639413,5.973582629,6.407327568,6.428092713,5.798527696,6.333493927,6.189688074,6.079019266,6.537920972,6.383717662,6.082025731,6.692713083,6.487789154,6.39571626,5.977107652,6.360463603,6.589515825,6.163812885,6.439735469,5.904443159,5.8352495,6.184145427,6.016756231,5.922714307,6.078803299
PLA2R1,6.007397991,3.46506493,4.057799842,6.401878387,4.010517512,5.016243443,4.635245126,5.115234235,5.183125099,5.111613371,5.883612536,3.774708471,5.968100479,4.726890778,5.336358839,4.201759306,5.482782,4.047321819,4.978439637,5.459164206,2.736775042,4.096060284,4.97349297,4.242324567,4.188958955,5.383584128,3.637104825,3.144835003,3.874131054,5.600075946,4.653310891,4.174074489,5.218980996,4.897124092,5.62353588,5.746667246,4.089355238,4.402043101,4.870534112,4.351764933,4.687593975,2.324347543,4.671373223,4.422779411,5.752068154,4.819638057,5.08976943,5.014890095,4.964470442,5.594312474
FAM81B,0.961018729,3.711656411,1.730595264,2.206184947,4.222036013,2.607495266,4.716834735,5.500191028,0.502709865,4.261109331,2.271077633,3.849834676,0.930483623,1.053708607,3.44811957,5.090587866,2.730329906,3.039059352,0.625314598,0.462551099,0.764720402,6.006245133,2.384019167,2.976221865,4.599222871,1.411887296,3.526783581,4.92671559,2.331311589,2.140316019,4.596205582,1.121080687,5.103630301,4.476883321,1.336550989,4.522904291,3.255619392,4.540626732,4.709687396,2.422063048,3.920286707,2.852246838,1.433278495,5.331287804,4.913497989,4.468780708,4.024975018,0.8409607,5.499226865,0.728797177
LPCAT1,6.276223351,7.067654207,7.055396725,6.465429365,7.274614662,7.391102363,6.874400001,7.104996858,6.651166812,6.925289268,6.494387304,7.453569767,6.303151882,6.707947092,6.504780972,7.493971338,6.697772444,7.218206896,6.176784588,6.707179282,7.086913921,7.070807154,6.185994963,7.127112307,7.390808744,6.486948865,7.103737085,7.057179069,7.175646485,6.478569097,7.291834276,7.118705298,6.337240576,7.180300166,6.699589661,6.415590979,6.569347974,6.630553025,6.51889332,6.578782749,7.216591395,7.41489614,6.102090473,7.522875942,6.557062957,6.696560736,6.589514916,6.137169992,6.527303862,6.61441572
C16orf89,1.694590895,6.204233449,4.877432533,5.156785176,6.98418682,6.86175508,6.394297127,7.285538963,5.072146305,7.126664159,6.086955632,4.357066239,3.372681247,5.318765484,2.227281241,6.885119025,6.307335243,6.262258933,6.20090831,4.958195561,4.320929203,7.5032191,4.999163273,5.455237095,7.275431089,6.11274787,6.837525015,7.633304107,7.253615513,3.821533911,6.270324521,6.178450434,0.443730806,6.814505251,5.54775053,5.926477085,3.991616082,6.129416744,6.624552404,5.407455786,7.361858939,7.576514474,2.493578105,7.070577211,6.104591199,6.392493177,6.425067411,4.7776077,6.107913544,2.974583011
RMND5A,6.573542716,6.198834498,5.960080504,6.271391278,6.053067483,6.111742462,6.088652272,5.843133028,6.365532809,5.893884519,6.3798704,6.155572402,6.376490649,5.940578089,6.07863797,5.891947358,6.309569074,6.371983364,5.950057443,5.955932646,6.748709677,6.132339873,6.175712122,5.844046189,6.25938505,6.467942638,5.803141373,5.850730815,5.975349042,6.348009919,6.011345222,6.27375927,6.020380353,6.086840327,6.34721538,6.427365994,6.451707856,5.794574007,6.283760977,6.063888831,5.98408106,5.985589045,6.254028936,6.048837084,6.003133898,6.523602123,5.917931486,6.321581134,5.77073499,6.121187674
TMPRSS11D,5.780092733,0.480083632,2.2180085,6.330618281,3.189962526,0.979574094,0,0.678039968,6.386739987,1.520914569,6.35530583,1.543368651,3.551917413,1.385988726,6.782219799,0.462642155,4.651631332,3.869723368,0.186493323,6.218026935,0,1.487906254,3.120450589,1.508558592,0.509594575,6.281143023,2.658329379,0.556052553,0.346153053,6.181111541,0,1.221444506,3.235272912,0.736678777,5.806035035,7.227787904,0.777897036,5.2064191,7.24790951,1.535685493,0.425946528,0.544687828,3.475340622,1.071881231,5.381565558,6.633717507,1.011981001,6.252751225,5.295716567,5.274615698
CEBPG,6.498080567,6.617342902,6.52238388,6.672961511,6.063615075,5.972487762,6.340836052,6.09494526,6.464053549,6.053530141,6.56845266,6.478025396,6.410163177,6.280394925,6.374471957,6.072002307,6.503098037,6.698387711,6.368241132,6.25542384,6.533238934,6.002760968,6.407198152,6.145835065,6.234055928,6.308898412,5.858612998,6.144595562,6.222890808,6.453317036,6.416791416,6.559110034,6.291049064,6.270344844,6.353887227,6.408457419,6.883593143,6.254712978,6.437017559,6.235325589,5.813295248,5.775885395,6.553395976,6.104485949,6.435160853,6.580474484,6.495102713,6.50840091,5.601935184,6.545671719
KCTD15,6.314819471,4.754078027,5.375807824,6.407997442,4.750369112,5.124101371,5.142578947,5.604546893,6.297633021,5.55472938,6.459081557,3.737047058,5.94417781,6.391781023,6.190304646,4.699026797,5.987052792,6.022461629,4.275149277,5.277449371,5.94000716,5.462468906,5.761737474,5.374847762,4.869215303,5.840965443,5.920669967,4.985660136,4.976818726,6.221937138,5.540257442,2.62485499,6.072879481,5.567303483,6.147852371,5.899625178,5.838559713,4.770750423,5.718317338,4.907546463,5.61819372,4.037493464,6.23091768,4.535733725,6.18271247,6.285224693,5.800846698,5.733366304,4.366342296,5.956235905
DDAH1,5.147833032,6.498639241,6.247464835,5.00912938,6.430507426,6.666548754,6.481743169,6.301234531,5.069809065,6.359578576,5.829620207,5.860996159,4.851393061,6.091567978,5.118473812,6.616609196,6.041226725,6.183669497,6.415696386,5.79381963,6.889950516,6.957274009,6.176274005,6.587367719,6.582545602,5.841736064,6.487196539,6.456772003,6.664181868,5.448098497,6.467314279,6.720124389,5.836364975,6.508163748,5.858259599,5.414518148,6.709755021,6.37080927,5.194641371,5.304141501,6.639324704,6.978799364,6.137102258,6.882253465,5.259848357,5.915206935,6.236440273,4.872983048,6.14539545,5.745166853
GDPD1,4.452689958,4.834432774,5.431701238,3.130890674,5.189426028,5.020593377,5.36813067,4.024686142,3.478797754,5.387652405,3.648991598,5.748425029,4.763757168,4.403122016,3.565379076,5.711821498,4.205588672,4.354272852,4.538311678,3.44317742,6.303410294,5.292751659,4.207711122,5.242822322,5.296861267,3.943940488,5.445388016,5.190549017,5.801989738,4.743800896,5.579973284,5.812631741,3.770843807,5.304219691,4.131930119,4.137142407,5.639247389,5.129144364,4.594054921,4.998767929,5.138217481,4.79071982,5.108657223,5.68775725,3.845512348,4.244366218,4.370643109,4.416024329,4.806950754,4.064948307
C16orf74,5.486555082,4.487097524,4.66555992,6.102959321,4.194841808,3.397892809,4.562927103,3.696032649,5.943949419,5.295840817,6.165734897,4.41161838,5.428964828,5.685987117,6.307951614,4.595533653,5.182717224,5.576398062,5.805275147,5.322761685,3.194007984,4.14140219,6.457414969,4.41026376,5.330632402,5.257839009,4.643866242,3.590509927,3.575217758,5.270325387,5.518061406,4.110334392,6.077079907,4.939026598,5.776276194,6.038437687,5.038335344,4.652420594,5.836431569,4.651630739,3.822399764,5.157128932,4.799092691,5.065155529,6.416446254,5.733112217,6.410033119,5.833725018,2.791296218,6.629407414
CERS3,5.900667255,0.508255222,3.269578357,6.174238103,0,0.395482353,0,0.255691957,5.806255177,0.349308334,6.3974991,0.144896572,5.681780821,1.61118221,5.611159635,0,5.531418947,3.815206854,0.122588324,5.59742139,0.228256604,0.744469459,1.839509764,0.217112922,0.125873915,6.095801441,0.138850818,0,0,6.305601183,1.235446464,0.195613273,3.300586516,0.426677601,6.310956659,6.500549976,1.62917146,0,6.152742978,1.009955282,0.198502512,0.288910035,1.826571512,0.363867927,5.802309096,5.646825239,5.562611504,4.882177642,1.44725585,3.170637961
CEP112,4.780880049,4.651876894,4.768568768,4.275768638,4.918059579,5.225843184,4.692813772,5.517217961,3.213327399,5.382686621,3.815964196,4.032047769,5.129373856,4.429303602,4.075282065,5.502143854,4.785233617,3.903608314,3.748917898,4.662702958,3.197115924,5.113598291,4.214720938,4.611542112,4.830215946,3.882039913,4.858537955,5.479522456,5.531859675,4.514863982,4.951293113,3.914267288,4.161909456,5.187203301,3.740241039,3.726883264,4.083583767,4.261261721,2.742968747,4.699088638,5.226480175,5.16061454,4.410892272,5.461574117,3.404338429,3.713412205,4.09876309,2.967155291,5.4849094,4.531950517
ENPP3,2.077028864,2.593917401,4.739899423,1.580105132,5.404828768,5.697149449,2.967095425,4.796603768,1.365521816,6.235749245,2.925703932,5.106940856,1.583330788,1.602131,5.100251585,3.296879279,2.688809376,3.069890875,1.701013837,2.011306694,0,5.642601361,1.917207443,2.813688793,5.293285933,2.391157122,3.336139996,4.533070227,4.728975738,4.345092924,2.990571431,3.826939898,2.997120646,5.85443161,2.496484498,3.653763791,1.374420786,4.549077406,1.339252771,4.704948437,4.406433693,5.099499718,2.953473403,4.28328554,3.428537517,2.421517679,1.898882671,1.176677507,5.125321133,2.08673264
DISP1,3.831943721,5.267027328,4.844285989,4.416302514,5.558551349,5.424180269,4.664441126,4.69005899,4.861356629,5.351116716,4.548919203,6.022244407,3.799810587,4.919064684,4.462840012,5.032272346,4.751898389,5.068228447,5.034407134,4.330337343,4.868368286,5.571457678,4.712680558,5.115367509,5.990060556,4.435722256,5.2260519,5.100918062,5.158930598,5.005309307,5.280768857,5.114283234,4.722090063,5.512679515,3.623084756,4.502407236,4.739046711,4.44817319,4.54418593,4.184463345,5.445568291,5.142381603,5.646692592,5.70227134,4.085738807,4.542288163,4.331286763,4.679153062,5.059134171,3.898109264
PGM5,0.71315514,4.512936635,4.202006543,1.622409317,5.525271857,5.755614453,5.872276837,4.560290747,2.480938513,3.620061753,2.925501513,2.131594462,3.441983009,5.418483208,4.5114357,4.120134517,4.786794587,3.316191601,3.350386116,2.785766111,5.200260347,5.078289022,3.303355858,3.932019251,5.191777547,3.239354438,3.492405972,5.504889045,5.523168849,2.497032553,5.215898907,2.023369435,2.228690581,4.079549989,3.29383237,3.376970302,2.877663156,3.991170961,2.868437064,3.766388854,5.274828233,2.610356774,5.59034757,5.651682592,3.516824469,4.395782211,2.317890307,2.261050002,4.612482645,1.274472062
WNT3A,3.842965607,2.594509058,4.855994866,3.89306892,1.487096722,0.864673786,1.245699972,2.17999478,3.333548947,4.314988626,5.154896137,1.181878941,4.952332497,5.831650558,4.644529367,2.248549027,4.533656473,4.246534675,1.560598258,3.9313631,0,3.311826013,6.269537366,0.360185751,1.659409091,4.179787395,3.079390271,2.316868392,1.617916609,5.254242832,0,0,4.434312667,2.617241597,5.475873997,4.105033571,3.754659527,0.632017717,5.075005427,4.395590171,3.688865627,2.360350041,5.961862551,2.608872038,5.113337943,5.853563091,5.528766398,3.589243493,0.882715516,6.238478613
SH3RF1,5.939969657,6.202026692,5.960557614,5.821188274,6.211650233,6.467822114,5.941379331,5.964813283,6.460595536,6.089609644,5.600788244,5.827112881,5.641087453,5.219721276,5.846285008,6.166415784,5.914539498,6.213951248,5.476226731,6.187562214,6.001718956,6.069016271,5.392909283,6.203284327,6.545453935,5.30385791,5.391731398,6.33893369,6.12024821,6.29898406,5.959634537,5.725231007,5.177436655,6.065475543,5.687970976,5.611376373,5.500594919,6.291922988,5.365148426,5.401960363,6.263629805,6.213148061,5.39166829,6.438497743,5.886206008,5.790056382,5.689354714,5.711182284,5.755945161,5.067971383
SORBS2,2.56560512,5.180885199,3.358842652,3.846042338,4.840146549,4.447142628,4.238083978,5.081229371,2.917360208,5.14269603,2.471572422,4.715005188,2.072917435,4.467529115,4.344298694,3.711731947,3.826505827,4.561472211,4.636495933,2.807710907,3.076149179,5.527397689,4.40026738,3.761395221,3.574519506,2.925586086,3.72486427,5.631037753,6.00405238,4.120970391,5.789367938,5.893006148,4.074159739,5.889253882,4.229216132,3.744074757,3.935250983,5.186620528,2.408331925,3.052535411,5.208145725,5.543986978,3.161867735,5.343532773,3.103186163,4.20188448,3.903674275,1.297966897,5.507383771,2.899794876
C21orf91,6.533187251,5.240200661,5.256580591,5.294446806,5.628330131,5.283818675,5.96488134,6.362049329,5.592718032,5.590442179,6.407374019,6.049628732,6.0146479,5.551926794,6.281122788,5.047138245,5.720181737,5.677422316,5.261717833,6.015569051,6.614730503,5.540247484,5.661786688,5.26947992,5.519179453,6.165233416,5.522814411,4.919632862,4.89315923,6.016407841,4.73185648,4.450803906,5.53981685,5.571092949,5.628320864,5.857188945,5.566896579,4.937752954,6.106687417,5.197182475,5.224901227,4.63232741,5.975303823,5.116577119,5.394025401,5.640623592,5.912278544,5.703764123,5.654143366,5.387850148
SLFN13,4.948408359,6.318160926,5.696527609,4.471515826,4.994878475,5.823558012,5.388469414,5.744103928,5.330679647,5.866709577,4.251148417,6.089683249,5.706582587,5.850903413,3.430002611,6.105652599,5.511620396,4.680846552,6.281784448,4.993382302,2.366462123,5.912614749,5.274636539,5.970896722,5.271938558,5.690471875,6.144450257,5.741324293,6.271645012,4.728501676,5.932346644,6.075528671,6.090400355,6.042037229,5.680388247,4.468105645,6.459438879,5.492993506,4.641010166,4.783808342,5.556699257,5.659059385,3.578676882,5.60053976,3.839024745,4.535040549,3.86429258,4.19216499,5.685786837,3.602983639
SKA1,5.918880576,5.628324143,5.220001114,5.042161736,4.503858599,4.410055962,5.246565758,4.329582698,5.280732767,4.098453021,5.686972229,5.75371048,5.968481355,5.637146329,5.30223686,5.253951789,5.380798424,5.516200369,5.034460514,5.229869277,6.538489901,3.014315627,5.101183176,5.398946235,3.797467908,5.880847537,5.022942497,3.691314869,4.947721827,5.700900844,4.756406004,4.872984805,5.653093522,4.727509616,5.610493814,5.802274589,5.703336849,5.593503284,5.85394223,5.899672288,2.701029065,4.858715963,6.014083298,4.458178359,6.019351712,5.973907382,4.687974234,5.913815128,2.634796929,5.221248648
EME1,5.668198578,5.225717226,4.852580281,5.346480237,3.474373935,4.135953279,4.469670884,3.486101359,5.405830888,4.319491711,5.906326669,5.547509481,5.583259847,5.566122288,4.794177097,4.947484758,4.769436228,5.389240448,4.317805395,4.322579003,5.786949043,3.330924579,5.849051141,5.658581633,3.837579765,5.58503389,5.319344398,4.339759315,5.267486957,5.594533416,4.473341963,5.498874795,5.258925023,4.829664146,4.528803962,5.346454614,5.856790928,5.054753919,4.85577862,5.93435733,3.145862581,4.493308285,4.716700596,4.799893983,4.766940141,4.742258362,4.337749111,5.879523454,3.197949899,4.626677719
GRAMD2B,4.856221918,6.166936371,5.585637677,5.409843373,5.659508805,5.971931502,5.657848572,6.228475236,5.336134858,6.083749134,5.212600325,5.019743802,4.996221444,4.937452179,5.405789841,5.947719536,5.556136771,5.601168429,5.568729391,5.805152956,5.015515609,6.083568494,6.002375065,6.236615283,6.006690528,5.444601815,5.972690067,5.638273222,5.467746702,5.855355438,5.744200731,5.841615622,5.661071173,6.069558503,5.904255721,5.965211259,6.162765344,5.867585999,5.806355555,5.38151497,6.073515435,5.910655474,5.614356617,6.28396326,5.005356099,5.546161401,6.161943061,5.324029704,5.809638711,5.948790394
SLC16A1,6.176430202,6.060788102,6.015901612,6.058084763,5.428327118,5.881313643,5.908383323,5.648787092,6.768325059,4.83284466,6.885258556,6.052893203,5.847362594,6.305334272,7.058108113,5.018762527,6.422338523,7.0939558,5.450897218,6.591867305,7.237434995,5.1730293,6.534710859,5.430588232,4.996828107,6.200502481,4.497064997,4.914490596,4.087021643,6.509581633,5.863877712,2.510145513,5.832220516,5.961180682,6.549893394,6.359780885,6.714332703,6.03900121,6.694366942,5.953777663,4.569983765,3.90794514,6.806820762,4.284121335,6.426037439,6.408424537,6.707989817,6.385307397,4.770439182,6.573234268
NUP205,6.60746537,6.623029394,5.772199787,6.208505025,6.118008199,6.157773491,6.181767047,6.095981859,6.538431819,5.789594324,6.377545918,6.645004895,6.302797803,6.024806711,6.615537376,6.315720503,6.398356099,6.590760764,6.093267981,6.546618261,6.778582432,6.085943137,6.340787904,6.208562271,5.952101034,6.421365815,6.108439012,6.07517958,6.021950068,6.480743949,6.152708197,6.323795312,6.089600238,6.138258332,6.114732207,6.337798195,6.363663559,6.264133936,6.407933484,6.333088024,5.91914494,6.551233453,5.970825756,6.142009896,6.641163293,6.17400512,6.410048279,6.402214997,5.693831045,6.15774746
TMEM237,5.650852419,5.899387062,5.390172707,5.570673157,5.215514975,5.453509671,5.541573999,5.265216711,5.396916525,5.241072029,6.171326763,5.819618421,5.38346227,6.077658941,5.818147114,5.379462001,5.654945368,5.935951621,5.082152528,5.949669874,6.249699568,5.436776544,5.847908329,5.615607633,5.202632669,5.674867823,5.447973473,5.068802496,5.322917665,5.972946232,5.605251843,5.609589333,5.297062875,5.3493867,5.934405659,5.900796601,5.870871074,4.822065458,6.195507589,5.130147617,4.927700153,4.574028258,5.946942577,5.412448145,6.231509912,5.907663334,6.080716016,6.153092781,4.96947284,5.644663682
FZD7,6.677792958,4.653766146,5.69356432,6.689277126,6.292699444,6.017518716,5.997003067,6.127646994,5.094750079,5.875886466,6.641470034,6.032153238,6.711937378,6.698704866,6.213016952,5.269530663,6.42110989,5.601495772,5.390801287,6.407322834,6.226765314,5.824737289,6.001641305,5.851256749,5.112028546,6.241975417,5.725230739,6.239387789,5.679061492,6.91198711,6.007582671,3.284696704,5.209766553,6.133691847,5.654509139,5.708511995,4.933666636,5.753012808,4.971653677,5.755889906,5.885065824,5.480598469,6.410589902,5.536799047,6.193863867,6.389325719,6.621252678,5.768532614,4.85709036,6.410016424
DEPTOR,3.807852096,5.054204389,6.419501482,4.133486873,6.021106295,6.030415605,6.3735967,6.167210856,3.838028809,5.998355276,4.606788503,5.553277304,5.52290621,5.524859146,6.308938786,6.648864412,5.604237218,5.438155623,6.232231405,5.203619562,5.738541123,6.03312173,6.251489513,5.946640955,6.65845022,4.956870694,5.916291918,6.545402649,6.071840417,5.36999977,6.523618416,6.482084847,5.520537382,6.482385321,4.998286391,5.623934745,5.150156526,6.035456219,5.860698025,6.059453854,6.357995327,5.737930911,5.320560257,6.961891466,6.352302008,6.285116704,5.403641331,5.570051555,5.792850526,5.216701429
PPARGC1B,4.686983449,4.505868047,3.002951867,4.503076958,3.214957202,2.948194449,3.262118174,3.493107879,3.53396677,3.434239478,4.585626151,2.87025626,4.346851249,4.109405768,3.49002446,3.843166804,4.697145321,4.613924447,3.583618767,3.710082899,1.640031384,3.591538552,4.127404069,2.963654382,3.131311576,5.079861233,3.338614357,2.586698092,2.183376737,4.232023831,3.060702496,2.797878263,3.310636064,3.390485412,4.679173317,5.502970727,3.44771721,2.997660572,3.735583044,4.508432001,3.257272556,4.346745961,2.927179492,2.091626031,3.96529239,4.187310778,3.85025499,4.058548382,4.301095241,3.603753631
PXYLP1,5.933031196,5.54699333,4.964686016,5.71571648,5.298677953,5.092570831,5.132435104,5.003880111,6.180311207,5.631659074,5.691603471,5.876561539,5.949035903,5.831538224,5.261593852,4.595519841,5.7709981,5.320430339,4.982110013,5.033121434,6.121262626,5.49087696,5.443662317,5.389497343,5.401253086,5.350319255,4.473420478,5.562135229,4.859673395,6.079580208,5.293197801,3.144881116,4.988781006,5.07460707,5.632654611,5.309928952,5.922833884,5.314076837,5.644635503,6.072753138,5.065909677,5.061236364,6.410769534,5.114217786,5.326962733,6.034319341,5.154202587,5.610081742,4.898433191,5.745876106
RAET1L,6.098036545,0,0,5.905511713,0,0.676489163,1.136320332,2.534315896,3.944712223,0.334661094,6.183920655,1.36240202,5.484584609,3.321867092,6.00565222,0,5.998691594,4.678749231,0.418448542,3.779212301,0,2.533437051,6.177496873,0.69100927,0.428710918,6.313655876,1.975318451,0,0,4.961957185,0,1.871666223,4.743458632,3.777323537,5.961516536,6.782953524,2.284841081,0.485541025,6.581009895,3.723139745,0,0,5.915190335,1.642509521,5.617407733,6.312391158,5.029020114,6.374125029,0,6.51885493
TMBIM4,5.641253501,6.186009705,6.289588283,6.006837142,6.403160816,6.19480838,6.522735544,6.440710013,5.927223309,6.307127648,5.652730624,6.260802769,5.949153605,5.817172313,6.022100404,6.32515452,6.208621772,5.909630434,6.510811638,5.720593545,6.200930247,6.351269439,6.101224066,5.950041617,6.543865723,6.071407054,6.155950925,6.455448345,6.417904202,6.117315808,6.478226632,6.487630853,6.449845883,6.187227707,6.294371074,5.908868378,6.602652162,6.317207902,6.488919095,5.948578726,6.392899906,6.34391058,6.207601617,6.369629344,5.868655812,6.014646647,6.035237981,6.119771041,5.864616892,6.00747603
GNA14,2.840404596,4.702890972,4.954622244,2.774545141,5.888682375,6.021709846,5.725548249,5.968822015,3.473400739,6.559796654,4.100128838,3.193392858,4.189616938,4.343235102,3.822078684,5.862286994,4.614173047,4.477348455,3.857504026,3.828642252,3.540047398,5.911815877,3.917908183,5.646795474,6.453274751,4.422666981,6.190036576,5.978650925,6.196807001,4.363683742,5.898950574,5.1515106,2.280499113,4.7526344,4.429950615,5.015744483,4.520600851,4.872666702,4.708520606,4.025094094,6.159734833,2.827195134,4.507204096,6.423862358,4.413404661,4.817083997,4.471328957,3.218822316,5.416589149,2.776106818
PCDH1,6.047531012,5.557985109,6.25106608,5.417734536,6.126974243,5.858414409,5.974375769,6.339959685,6.282307812,6.731778994,5.633512569,6.223073737,5.279712204,5.667362382,5.599744099,6.375575526,5.692316813,6.246747672,6.399935822,5.360334034,4.020737597,6.533625346,6.365332546,6.09661632,6.379437774,5.847493684,6.640388221,6.162839532,6.134508151,5.838516742,6.259635298,6.158859408,6.070478808,6.430695674,6.076947807,5.994161434,6.185807912,6.739230591,5.630636757,4.807284588,6.51443624,6.009747952,5.371165468,5.891250701,5.960760107,5.745405138,6.597005913,3.937967939,5.182258194,6.742254734
PTDSS1,6.947129385,6.370582496,6.178585056,6.614918738,6.511239421,6.210678292,6.67783502,6.16801654,6.34652779,6.197772457,6.891058248,6.606178383,6.618455502,6.36020716,6.598553478,6.339809481,6.612116699,6.544097757,6.174453357,6.774571697,6.529553357,6.105907456,6.536688144,6.34597292,6.404669295,6.570927885,6.272672044,6.268618736,6.115889814,6.552169833,6.297309469,6.443378531,6.185090325,6.308082581,6.507535223,6.735536612,6.495973952,6.416318902,6.772335523,6.487116284,6.214298941,6.363965646,6.488147197,6.685586796,6.887954822,6.655740955,6.839210251,6.708498127,5.207320752,6.938780629
HKDC1,2.445107533,3.735063277,1.526495818,2.854861208,4.725455691,5.853535787,2.411581069,6.279410871,3.700743958,6.119707741,4.614115239,4.549835296,1.679556052,4.11099729,3.671729544,5.655135382,3.767011789,3.945171032,5.860989373,6.629874243,1.013350099,5.668583994,3.700781592,3.609722672,6.398361995,3.774543716,5.568410371,6.121026229,5.919192289,3.57219936,5.917734635,5.509101972,5.592614374,5.853275654,3.632651828,2.88914981,5.669797036,6.635422168,3.722459638,4.905907013,5.109972679,6.167049831,3.075513573,5.503561043,2.947593105,3.506169195,4.824525988,1.249247244,4.846809284,1.619751098
CD109,6.722030551,5.257411261,5.947822656,6.611097419,5.108963933,5.906539475,5.012749379,5.491634751,6.471174967,5.719626157,6.705684574,4.35751369,6.662130173,5.992097876,7.002041031,5.917202083,6.432200687,6.848956914,3.823466731,6.927550165,4.36640342,4.548526187,6.327349259,6.560847808,5.518590418,6.304192061,5.74885997,3.960807708,5.231711189,6.485326807,5.966518074,5.799133334,6.038785244,6.327667996,6.546935407,5.950034551,6.47760238,5.901628005,6.469208488,5.741551765,4.495267788,3.797893335,6.110344788,4.732566383,6.262878686,5.92248729,6.977692549,5.902439566,4.472286266,6.649803201
FRRS1,5.299228184,4.763295156,3.931890813,5.287960817,4.031644494,4.857092289,5.369163192,4.512262663,5.663106868,4.687790245,6.330368458,5.461388568,4.689866599,5.979425763,6.001166188,4.807788259,5.797536448,6.105622799,5.107944673,6.299049787,3.401296343,5.127041611,5.50500714,4.768903668,4.721889523,5.148196778,4.073299102,3.751715273,4.743748538,6.138773384,5.034581512,4.167088106,4.508627053,5.520055498,4.983309805,6.066928895,5.83727276,5.886736745,6.552900206,4.8048957,3.766237104,4.976804293,5.650453968,4.2153248,5.955235853,5.914381053,6.362117482,5.921653471,4.84548422,5.899823819
VPS8,5.909459983,5.626529469,5.439213428,6.1451074,5.366030747,5.427396352,5.506255676,5.145120398,5.758103633,5.518351042,5.903979113,5.511438399,6.065858749,5.736798743,5.778595386,5.446284218,5.940988016,5.618516413,5.436294971,5.754246003,5.650500602,5.481586141,5.655241498,5.324010313,5.569488697,6.154903828,5.249162377,5.100093474,5.258805289,5.709091488,5.562257245,5.174123205,5.612740095,5.757115633,5.169421201,6.187559078,5.520044862,5.446253947,4.889123119,5.691768677,5.327051344,5.694395008,6.078642688,4.976262545,5.664523083,5.806118835,5.3031487,6.018693356,5.752373553,5.475159227
B3GNT7,5.091734934,5.747622458,6.681308607,5.39585683,6.829033795,6.877386567,6.770659894,5.885131311,5.634663347,6.632239759,5.285874554,4.635615699,5.259205392,5.597283077,4.775281028,6.566073654,5.659969794,6.018776951,5.316449111,5.155815493,6.862577019,6.339375267,5.633594074,6.858741157,7.095219841,4.604653327,6.312011668,5.926231193,6.227883999,4.802188573,6.574407642,6.176121237,5.899219732,6.522336154,5.909818153,5.693227818,5.605568417,6.424216533,5.396403425,5.22867485,6.607360573,4.853697252,5.195207379,7.254745406,6.059359238,5.550930199,5.948557999,3.812231401,4.56718682,6.121207616
BUB1B,6.221743152,6.404690473,5.786647579,5.883043977,4.858949026,5.26175106,5.227196395,4.874653399,6.099508912,5.286077929,6.247117138,5.754606143,6.083882067,6.252326685,5.751202015,6.005575975,5.851687144,6.104324027,5.265314025,5.592603459,6.707827898,4.259859508,5.977545973,5.963806746,4.560633579,6.433270255,5.545168916,4.713841051,5.249284975,6.20136545,5.678390527,5.541969018,5.907991221,5.163677764,5.793592482,6.0618587,6.476893683,6.062396403,5.805836702,5.844779135,3.723222605,5.650758609,6.136799926,4.981276911,5.467711521,5.738653383,5.886562768,6.330888516,4.081366222,5.502464626
EIF4A2,7.109018025,6.687618651,6.761792963,7.085595271,6.932643987,6.865093427,7.053420777,6.727578977,7.064520536,6.949738936,7.126240964,6.989157099,7.10534074,6.863544642,7.058261433,6.857928443,7.092314953,7.150515658,6.880610046,6.929217658,7.067504077,6.809092564,7.122998342,6.798652958,6.826271308,7.184743966,6.769821366,6.701213857,6.83403896,7.107248452,6.928093716,6.966685028,6.968883445,6.760553206,6.895350821,7.284256381,7.15044022,6.825947993,7.471239893,6.921969344,6.738668031,7.181509574,7.309861026,6.711382709,6.830736258,7.146727876,6.931687189,7.283691641,6.263121791,6.985461709
NMNAT2,2.602956246,3.136903932,5.400888682,3.078788476,5.980074042,6.292406683,1.983327172,2.693434833,2.217589076,5.793852834,2.013583086,4.209959081,3.351252835,2.294928514,4.511122743,1.69960801,2.80196375,2.450767336,5.494081302,4.172869275,6.511131981,4.262325328,3.889238995,6.276289122,5.31170829,4.538125845,5.398957245,1.501414461,4.178455379,3.431777605,3.147264193,6.497886953,4.459933756,4.385811037,3.741027768,2.69430055,3.94530867,4.529232252,1.368910199,3.788682199,2.006553211,1.409186892,4.383884173,4.683204917,1.785479547,2.097573137,2.469599667,0.635262802,3.961042978,2.138806689
FCHO2,5.71013431,6.171537204,5.794410846,5.427149614,6.311489919,6.089079598,6.36185041,6.199292558,5.500267521,6.077298598,5.422787783,5.417657139,5.570378676,5.410764956,5.64935048,6.325496734,6.192672728,5.883020104,5.919253823,5.432361439,6.138089024,6.115376276,5.627852303,5.864982563,6.086569329,5.838371622,6.00851653,6.127622456,5.973253454,5.523046185,6.464413161,5.472081182,5.995492753,6.133393728,5.955562922,5.669211923,6.185198893,6.240381925,6.342923961,5.817984006,6.48668448,6.139287575,5.556439032,5.933155108,5.378903403,5.681195517,5.848678742,5.423908353,6.07115811,5.593340701
RBPMS,5.311684801,5.859949834,6.339324952,5.251854844,6.157328357,6.485467226,5.58196528,6.37377771,5.303433354,6.256228726,5.39882905,5.247923397,5.670809784,4.832644796,5.383715914,6.41038914,5.723343458,5.357993381,5.81318625,5.906029803,5.415057582,6.17979819,5.821616329,6.031686032,6.50936211,5.402888135,5.955890556,5.997292767,6.608924671,4.759460049,6.36321091,5.740948106,5.367861259,5.610393637,5.698757563,5.882968477,5.192425646,6.248481018,5.518966967,5.122942652,6.192506362,6.010965896,5.208682632,6.057068551,5.727774027,5.493814931,6.308453817,5.300069375,5.990860641,5.923148577
NRG1,5.0788495,3.312767358,1.314940529,5.242507529,3.361257967,3.293427497,2.083240757,3.740083448,3.15707114,3.330805237,4.97835504,1.468613252,4.979605324,3.259214341,4.867321483,2.822593436,4.786283438,4.903130918,0.903864289,4.435980376,0.883499518,3.26780156,4.175157255,1.443903592,1.622091283,5.470954327,1.306996485,0.929763832,3.877306438,2.959923504,1.770937867,0.606889386,2.493545883,2.216678578,5.466726568,5.498013098,0.431271205,3.568214006,4.259236037,1.78086813,3.020662958,0.415873092,3.313060797,2.470494683,5.314672061,4.61986813,4.991206648,5.446356503,4.303797826,5.261548057
TMED6,2.603182627,3.469199029,2.564138497,3.221693461,4.473939467,4.330695925,3.195645525,3.298891414,3.568439781,3.497364091,3.713807048,3.940597253,3.025898823,3.215699541,3.261156022,4.076221472,3.177641627,4.075709178,4.982721064,2.991276437,3.470016823,5.363058968,3.018489495,2.97559599,3.643450128,3.087141959,4.011553419,6.132775268,6.243621661,3.044907788,5.62954442,5.732635227,3.482446558,3.407095776,3.379522634,3.551736091,4.718120073,3.230085625,2.522715844,4.238425675,5.43137183,6.495963789,2.975427828,2.651438756,3.592224517,4.017707211,3.089767867,3.338845505,4.944820881,3.214046659
CACNA1D,1.110688587,5.50686117,3.00677922,1.92223428,3.986710425,4.741764441,2.935139265,3.78135151,2.311221223,3.005838078,2.289174776,3.668249029,1.83694147,3.48578677,3.139758677,3.614542063,3.624094761,2.408629446,4.359713099,1.766853356,3.639658435,5.307747526,2.673850399,4.251093101,5.009233439,3.301401497,4.276595506,5.169735237,4.786902483,2.711418506,3.177654902,5.063175707,2.560642598,3.916068132,1.965968959,3.294438315,4.507179214,5.269624249,1.544043823,2.63773141,4.062532823,4.946526633,2.326252802,4.987408002,4.077042352,2.34486275,3.685931968,1.134920556,5.293414877,2.225302691
ARSL,4.331555914,3.852357472,4.993299784,4.608103744,5.432691127,5.883616362,2.938382757,5.822708572,3.638151951,5.274069772,4.366686608,4.092422134,2.344228729,4.867591905,5.902194483,6.931254144,4.674042387,4.182788075,6.724781105,5.564875277,5.565662637,6.007063787,3.366081746,4.567604322,5.68667089,3.031665275,5.381899281,5.058453778,6.58901239,4.069065293,6.540458395,6.908084547,3.657386002,5.696184813,4.680828924,2.114709101,6.01279771,6.451794511,4.561498758,3.739796997,6.25272151,6.715357562,5.510580065,5.561425925,3.475860223,4.496431484,4.844439184,2.610274126,4.748664875,3.039277863
ZNF19,2.536163087,2.76708119,3.565007429,3.502700779,3.49846025,4.286317113,3.178125656,3.221436828,3.253958668,3.563585871,2.594466932,4.357894126,3.102160028,3.20925154,2.866054734,3.138125401,2.877448076,2.777169867,4.350022042,2.637625579,2.64854149,4.083363593,2.85753021,3.458599986,4.760407754,2.940381624,3.68297118,4.267348348,4.742076493,2.465325093,3.877398491,4.019883866,3.44977119,3.9611185,2.508218403,3.306536041,3.889726818,4.070129095,2.369778148,2.880306635,4.292841262,2.697277453,3.060050588,3.746854591,2.631758526,3.028958472,3.005497593,2.747494771,4.809764372,2.788804695
CACNA2D3,5.20003862,2.557739177,4.497246436,4.319899175,4.365171609,2.89144133,2.217686472,3.491813807,2.348388567,4.106704142,4.991545348,1.915596296,5.265772638,4.751015816,4.775488233,2.880654949,4.583597533,2.055192359,1.776887975,3.65011978,4.05497405,4.061036962,2.258606387,2.534090115,2.699502131,5.250650951,2.186732845,2.776449708,3.053045435,4.856459307,3.532391751,3.436874357,3.873732559,4.158454962,3.455077956,4.196717105,2.836099927,2.139776898,4.805390007,4.713004313,3.645363297,1.328748541,3.887894326,2.104120543,3.155094237,5.110956092,5.015175271,5.167942667,4.415522501,3.813160497
CCNB2,6.585651386,6.412013238,6.043503133,6.309945663,5.426306804,5.744838363,5.956675677,5.584220259,6.394679599,5.415606798,6.563976907,6.238225809,6.413680153,6.259076964,6.217920742,6.123239986,6.137085874,6.3652918,5.78905569,6.28516791,6.488189083,5.088417669,6.516798335,6.207842903,5.16514643,6.579061308,6.146317,5.23412009,5.538417534,6.427415654,5.857017486,6.287620562,6.307712256,5.60282206,6.406359971,6.331565451,6.478922645,6.312215202,6.666370981,6.246367662,4.562090272,5.56451618,6.547669433,5.613217497,6.262851935,6.307922617,6.493333675,6.803038126,4.814521336,6.501801879
SLC34A2,3.77085447,7.182967584,7.08006909,6.205261607,7.773209892,7.863568573,7.090151469,7.648617841,6.324239904,7.763089706,6.912177905,7.107418605,0.314266914,6.496261242,6.209729027,7.796837674,7.13313949,7.381983267,6.456424205,6.62141001,6.12946733,7.773467231,6.254447406,7.009555856,7.762677469,6.742480666,7.677558302,7.708056557,7.618717297,6.347607052,7.570524502,6.632537584,4.261184889,7.396628258,6.935754729,6.905883556,6.322530132,7.373853775,7.126480684,6.500697373,7.635655167,7.688293799,4.319479502,7.533769952,6.821945927,7.008382165,7.169044168,5.8868292,6.970171244,6.694044154
PAFAH2,5.350727375,5.819776231,6.038985406,5.171729668,5.914324817,5.849860998,5.755222943,5.916259709,6.089248986,6.199775822,5.300905939,6.036813929,5.230370345,5.170471206,5.624337588,6.004095535,5.617394315,5.826128763,5.965555489,5.711188767,5.828150432,6.24714057,5.459471145,5.988615764,5.869585469,5.404339159,5.695937733,5.97793083,6.220346003,5.437415365,6.182929712,6.323822287,5.823187417,6.153049916,5.773707081,5.807119535,6.490073412,6.470988559,6.273602123,5.089952363,5.905734745,6.276853938,5.086413888,5.985647389,6.130763453,5.592962836,5.918898314,5.480497513,5.268232487,5.736618725
GRHL3,6.431482296,1.13327319,3.800696865,5.737838778,4.366564478,3.601011089,4.32083137,5.062457263,6.247979806,5.041519599,5.833031483,2.846959668,6.240396893,5.294003276,6.111783417,3.043634006,4.969862955,4.973952449,2.315456901,5.3891892,3.425587019,3.544580143,4.827374268,5.200365141,4.507385128,6.356202299,4.234862296,4.863063604,3.860565742,5.159376185,2.002276893,2.639634806,4.044020033,4.509376107,6.256315699,6.711260289,3.13526122,5.628784758,6.251193601,3.707707032,3.843533214,3.658627156,4.859557976,5.124190576,6.369772456,6.288039158,4.794916183,5.978348227,3.061534487,5.353079036
NCK1,6.499535676,5.924995702,6.088162108,6.605775681,6.256081006,6.179657486,6.49657179,6.169527752,6.59285462,6.312602187,6.380473755,6.18819387,6.351248678,5.952908233,6.349264004,5.900992324,6.388673685,6.401485572,6.221746579,6.170638491,6.563870023,6.075572564,6.610555295,5.988955864,6.114622312,6.016192654,5.8410108,5.855319186,5.933395926,6.771318914,6.200906119,5.744474198,6.330924268,6.130938,6.31861045,6.536393138,6.360416269,5.928505155,7.099341882,6.190230048,5.812018856,5.999368126,5.715524902,5.824166307,6.42794227,6.560119029,6.604523911,6.652290717,5.577747353,6.84939392
ESYT3,2.94747299,4.221144188,1.584615623,3.098881595,4.751504139,4.852608288,4.925414316,4.428245569,2.732425385,4.397729664,2.46153697,4.043803942,3.674165224,4.912391968,1.94847675,4.436729097,4.167248364,3.961240429,3.828249209,2.440135576,5.03369031,6.057001727,3.865313688,4.246574167,5.221428317,3.622945462,5.176766032,5.420436827,6.000562005,2.195000292,2.470186327,2.111042039,3.309949654,4.170333455,3.927077949,2.978072064,4.335804308,2.153337054,3.211272561,3.845323968,5.594048735,5.778314684,5.022034026,5.079565224,3.119145274,4.248831298,2.384757548,3.335054397,5.52151293,2.101568474
AHCYL2,5.57096478,6.072172378,6.205246569,5.308675266,6.605910452,6.768264501,6.089435893,6.842105151,5.317861933,6.36522411,5.441613209,5.756140581,5.240312076,5.337584154,5.790129139,6.888045691,6.15876666,6.055784566,6.579539771,5.988320643,6.464611498,6.580199241,5.424692199,5.576062937,6.59558095,5.817304944,6.326345101,6.741244234,7.155616078,5.854647567,7.146349359,6.321549717,5.374858274,5.582799538,5.993322342,5.70749724,5.509673958,6.490090534,5.824792863,5.65408628,6.701124251,7.161911535,4.709483798,6.463075442,5.784602839,5.971859314,5.756542925,4.970276623,6.193956978,5.245122893
PPP1R9A,2.719033666,5.51650127,5.045344058,2.584725574,4.749261025,5.705456841,4.763512878,5.493550651,3.812977682,4.815261912,2.633139464,3.964691243,4.680926061,6.263152974,2.534865318,5.246882456,3.910483521,5.150302199,5.21399864,4.247486238,5.165954694,5.204896024,2.035793734,5.135419745,5.408008057,3.21053679,5.216098621,5.48092941,5.679316551,3.700924184,5.161366139,5.049210254,4.241303144,5.315237771,3.508744493,2.349635376,5.565782209,5.470502388,3.952729389,4.83532032,5.315563204,5.910040759,4.457404323,5.434474901,1.693966641,3.906097419,2.855070691,2.43736355,6.035906775,1.25217095
DYNC1I1,4.713548864,4.137172078,3.097242087,5.959130338,2.735832744,3.18470257,4.09695284,3.526190764,4.883382051,2.872443878,5.662260974,2.958042855,5.287597878,6.574246997,6.051705276,2.540315909,5.554695549,4.133793136,4.820875687,5.219763041,3.403871363,3.121450846,1.642698602,2.79974073,2.222949318,4.381092113,2.62965876,2.56697123,2.282582963,5.344921667,3.557135125,5.777317577,3.999319619,5.115913879,2.884590125,4.811298688,5.39391911,2.51827456,4.71101141,5.121405145,2.641693887,1.434667832,5.895951679,2.599901369,4.998128117,5.740534356,2.947585158,5.111819635,3.207848764,3.150666586
CDC42SE2,5.899724455,6.520309239,6.145760922,5.686846253,6.78664909,6.382352637,6.698014728,6.692872728,6.17144017,6.428203956,5.994119223,6.090944822,6.182483213,5.539833327,5.924897707,6.488550356,6.312353516,6.168544159,6.446465355,6.261380982,6.30443751,6.512366389,6.100607706,6.191032878,6.573553633,6.166317961,6.320430743,6.234014817,6.086544994,6.187419562,6.405512168,6.345813944,6.300538541,6.391034819,6.393664293,6.468177284,6.82199493,6.373728045,6.44935336,6.366446615,6.395110256,6.168960013,5.990440352,6.174452564,6.233785588,6.122950997,6.392576991,6.29793234,6.172443623,6.093139828
RAPGEF6,3.914663578,4.912819022,4.151687871,3.987778263,4.917370965,4.481712929,4.630960999,4.840723715,3.621953749,4.448627604,3.742507974,3.771262716,4.342817919,3.823627827,3.486610703,4.499394061,4.431446389,4.123105208,4.551041062,3.304036815,4.677312243,4.685729131,3.857347935,4.03982945,4.445632136,4.435533439,4.404351545,4.068686394,4.113883097,3.768015247,4.233878088,4.682877328,4.467668997,4.500536598,4.539907034,4.607891041,4.612586426,4.091254644,3.569020213,4.298418377,4.491368058,4.944810996,3.96415023,4.027824701,3.756590844,4.209829001,3.78189109,4.352624537,5.187690386,3.699848366
PGLYRP3,6.689711022,0.453903717,4.585491768,4.365371,5.027004816,4.324237372,0,1.787068111,5.213008894,2.698043009,5.859424037,0,5.734996861,2.407797739,5.674903865,0.768975242,5.236206211,0.649852966,0.470688339,5.511578291,0,4.715123833,3.345043968,0,4.742054656,6.126094195,3.328984269,4.115969163,1.968601106,6.030886148,2.960880022,0,4.679644045,2.190263105,6.465698569,6.705014989,2.830816948,0.544677386,6.534891437,3.839792722,4.546260019,2.946841255,2.611495563,1.775279407,5.428853534,6.568957576,3.904642728,5.499308115,1.878337577,4.224581328
ISL2,2.399125834,2.933452856,2.353816988,3.18943885,2.359037857,2.597682227,3.741904237,0.915059288,0,1.510613675,3.932771045,2.156115181,4.710651212,4.529820984,2.877727361,3.743136398,3.759732778,4.303388548,3.883539196,2.271491061,4.767795609,2.232333376,4.160026232,1.886903861,1.287989917,4.016914498,1.373924215,0,0.845844796,5.107593696,2.016351176,0.99486723,3.897399949,3.609864715,3.774079901,4.204633025,0.438694629,1.135613147,1.76644096,3.958454006,1.789747983,0.423072195,4.3221586,3.838449399,2.726795133,3.490883277,2.494624991,4.6423382,0.802919736,4.456029639
MIX23,6.391922118,6.303805664,6.316823337,6.505421499,5.732754055,5.985375375,6.067433394,5.778029052,6.448777696,5.85477716,6.101929503,6.376486366,6.57849245,5.827651967,6.220294069,5.709505717,5.932063863,6.454881528,5.992378777,5.548004305,6.391816321,5.535758413,6.206488294,6.037321645,5.668867776,6.310294107,6.00499817,5.705273388,5.55247731,6.273535734,5.742141978,6.240132893,6.224170176,5.873676166,6.355074324,6.347106732,6.4908517,6.148966284,6.885786431,6.385148624,5.781303571,6.365997066,5.719194962,5.514628108,6.428297658,6.109081121,6.196776407,6.81284271,5.266578064,5.904119743
SLC37A1,5.082788842,5.965378734,5.89943168,4.866262922,5.941227371,5.587611657,5.580521166,5.296545788,5.850869988,5.763667354,5.053715159,6.096824598,5.231485969,5.330674442,4.167594597,6.017387709,5.327077744,5.267359232,5.412793839,4.942086206,6.434816429,5.812396872,5.494660091,5.788751218,5.990765897,5.196073394,6.299845115,6.106175026,6.09642712,5.413355688,5.905762063,6.143478306,5.64803548,5.739594586,5.471213022,5.624386625,6.122916951,6.436723555,5.667065325,5.315017715,6.212447836,5.793350814,5.575066588,5.959725147,4.82178444,5.026359737,5.393711562,4.993058608,5.080426305,5.596884036
CACFD1,5.869463308,6.405474075,6.392666872,5.979524232,6.447690949,6.099778681,6.271445441,6.327685024,5.676701634,6.481683416,6.003159191,6.131752365,6.011735346,6.032668464,5.91481893,6.219871973,5.362640973,5.918486339,6.225343367,5.890500589,6.386209028,6.184353609,5.945432586,6.430234797,6.67001746,6.077296769,6.664496214,6.676726829,6.419646638,6.190793429,6.120001939,6.544594882,5.962571003,6.02362063,5.552687116,5.959325077,5.805022905,6.139202492,6.073940976,5.734087726,6.595237654,6.372400466,6.105984639,6.648160599,6.603790143,6.123626285,6.12068094,5.723266671,4.671220604,6.230417179
DVL3,6.879830263,6.592720677,6.633461585,7.086071782,6.44834294,6.383326709,6.352728004,6.393476284,6.944986492,6.61235046,7.025288499,6.679045776,6.885371379,6.825907227,6.792650598,6.412817837,6.860771066,6.860000404,6.313811664,6.845738353,6.776345782,6.305767545,6.647071598,6.629719479,6.429094373,7.014006651,6.623965065,6.555048375,6.580092024,6.903143691,6.519059847,6.283376406,6.53282666,6.748488213,6.475586898,7.055498324,6.706868661,6.586962717,6.631544087,6.673136312,6.418776297,6.508438762,7.042023472,6.378258356,6.735962225,6.844213065,6.667562744,6.820821449,5.421970143,6.993420555
AP2M1,7.131551625,6.902354577,7.124225048,7.357539667,7.039832767,6.895699531,7.001354007,7.014293033,7.378641755,7.061632796,7.338126812,7.109812394,7.122723266,7.137716997,7.368219609,6.900112271,7.104324452,7.276077498,6.828036751,7.264342032,6.98300161,6.852045238,7.070765611,7.116904771,6.965350395,7.270435083,7.016947129,6.931501709,6.873550299,7.17379984,7.016455858,6.74116762,7.010477794,7.079975123,7.094875431,7.44356746,6.940892754,7.015422078,7.507456849,7.002972001,6.862760493,7.041561656,7.340397504,6.811042222,7.348321387,7.329714339,7.349326399,7.308219637,5.652754591,7.420047605
ABCF3,6.538751322,6.277283768,6.365052622,6.758955476,6.264158977,6.114192087,6.272179968,6.235579326,6.538900811,6.378479785,6.691409577,6.442038048,6.518571197,6.333294703,6.524780947,6.077258152,6.350117698,6.65497235,6.213977431,6.569366273,6.472865382,6.154073295,6.383314978,6.332313636,6.200909568,6.738845233,6.190771485,6.247620795,6.233213222,6.516761458,6.370160902,6.072740459,6.286028164,6.40500804,6.125217347,6.863203195,6.290437591,6.265624761,6.669925917,6.506009455,6.169025631,6.392904691,6.617151436,6.169628044,6.646910733,6.660977486,6.442922687,6.748432875,4.992130975,6.622227013
PCYT1A,6.666414285,5.7953436,5.984782137,6.337976142,6.135624432,6.117203825,5.98599826,6.083208658,6.558890361,6.171384332,6.737945872,5.982005295,6.59008927,6.233233672,6.490284683,6.041563751,6.40806237,6.485006869,5.947524345,6.334704767,6.281277078,6.061006632,6.223185338,6.133303706,6.163481238,6.939559568,5.881807501,6.057489571,5.912790991,6.265301937,6.009948716,5.936129448,6.126314293,6.150423549,6.320135594,6.573977858,6.255270007,6.180908682,6.587272059,6.157506079,5.969897218,5.979336706,6.52278031,5.66446297,6.532975543,6.45378329,6.245589513,6.524647548,5.521249679,6.49987549
FBXO27,6.449327856,3.279060497,4.908096146,6.644005144,4.76153498,3.81969882,4.275286701,5.479457135,6.270771366,4.140960919,6.19469349,6.621712762,6.376924106,5.882037599,6.433558694,3.66201165,5.744149047,6.08532787,3.116249735,6.541057145,5.889283805,5.246677406,6.279574415,4.134259384,4.430200442,6.537766686,5.566244746,6.093772337,5.525721518,6.411802679,5.701258081,0.832692786,4.945831168,5.899861764,6.162608322,6.044890889,5.91553225,4.446665426,5.805814677,5.963238711,5.043243785,5.266812919,5.321243152,4.798371118,6.438233937,5.749301913,6.898221356,5.973115451,3.354123631,5.982655035
ZNF385A,6.865318742,6.490648824,6.938744553,6.762188965,6.477955727,6.253611428,6.597037562,6.242638985,7.03594068,6.18366736,6.682430398,6.242840963,6.640327899,6.42376659,7.066070274,6.439610023,6.594174391,6.787219938,5.770331501,6.883756399,6.270394867,6.199198926,6.683532607,6.05971327,6.533448825,6.803647276,6.051089449,6.423011745,5.346043663,6.64108778,6.288836414,5.77330358,6.572098516,6.235456041,6.786342182,6.927779591,5.743434289,6.318688752,6.793013923,6.541317745,6.32728596,6.18152747,6.182241015,6.301025192,6.844680067,6.784816623,7.036621445,6.651265727,4.803954068,6.763147363
RACGAP1,6.391601416,6.575215774,5.987685257,6.295364729,5.729275044,5.80167817,6.130414311,5.754666357,6.543062925,5.893628735,6.210722595,6.533221315,6.269761571,6.4668652,6.520789056,6.21300735,6.289091747,6.332350589,5.90790696,6.261830361,6.654958416,5.463124141,6.33964593,6.146052282,5.765082011,6.431537468,5.85290397,5.465715912,5.920741708,6.388664907,5.938469645,6.154713208,6.221138757,6.081533059,6.586344701,6.352669141,6.635371151,6.422470322,6.639733327,6.241633645,5.067031711,5.978433575,6.549881858,5.579432326,6.167269521,6.320287648,6.305832987,6.537573952,4.683572501,6.165936637
TNFSF13,5.293674959,5.756459898,5.967642771,5.137478502,6.249368518,5.706935476,6.361029321,6.0679797,5.735794711,6.009707349,5.512552613,5.54103607,5.393736179,5.382983342,5.261055772,6.253403947,5.925578824,6.196941672,6.142327438,5.959317373,4.510766722,6.284599881,5.689852807,6.08615961,6.333922322,5.698967861,5.946652217,6.181374172,5.931233286,5.558636354,5.920840443,5.906089447,5.773548806,6.213815182,5.230391661,5.5327771,3.556954067,6.393652023,6.248098313,6.023646733,6.338198438,6.25964266,5.194574631,6.12247236,5.377503301,5.623176602,5.961390302,5.260918173,4.363151396,5.540751645
SHANK2,5.071136651,4.921445386,4.415763066,5.134091681,4.362694951,4.526269735,4.311673233,4.749796311,4.921390405,4.927467774,4.307652176,3.97235279,3.991832366,6.234024448,4.051457365,5.155991684,4.536857256,4.856073364,5.31791872,2.505223689,5.6773141,5.537133501,5.002381216,4.54135947,5.497416935,2.015540121,3.805546164,5.346232069,5.550784744,5.377716016,4.551359964,4.704141399,4.111412201,4.936109359,4.558810601,2.865145286,5.594418869,4.825246956,1.40753476,2.578132355,5.27722781,5.041935572,4.209212805,5.486692186,4.982638082,4.36004709,4.395222766,4.405343382,5.472325212,4.848026982
SLC1A7,2.515022265,2.951337632,2.768252814,2.558918007,5.489642373,6.100345675,4.181315764,5.849250258,1.430847283,3.527970516,3.114010983,1.557381411,2.281834162,2.037829756,1.354277569,5.111647038,3.07024822,1.552482557,3.345210776,2.680764878,1.680067858,4.878341236,1.097130285,5.833024677,6.645185996,2.300718871,6.402205855,6.566265341,4.125632482,2.352623466,3.097475201,2.427632086,2.655089104,3.323228526,2.104500305,1.431186612,1.439938878,2.40694976,0.492084455,2.361860757,4.556865148,1.542152844,3.429679339,7.003580195,1.949783178,2.352284306,2.986604833,1.728612479,4.851211099,2.578406359
TMCO4,5.654598777,6.16969671,6.168016572,5.410624593,6.089967988,5.923700895,5.881793011,6.221767386,6.157496086,6.477362486,5.216113399,6.210169439,5.635289117,5.895257859,4.930333898,5.917816109,5.576965689,5.61736362,6.255710319,5.528023224,2.543848254,6.200061508,6.040345151,5.908816853,5.867002817,5.765149845,6.200099602,6.377051836,6.133536195,5.703866538,6.229197055,6.283763667,5.928628177,6.10446875,5.980351624,5.90728654,6.182635456,6.133982346,6.209771525,5.795857327,6.299916111,6.388817737,5.367638479,6.189416498,5.785281677,5.703705188,6.07146071,5.699461472,5.206120103,5.881650868
UBXN10,1.989768499,4.53777886,4.442477872,3.642142844,4.316474216,4.892695304,4.707819584,5.860635024,2.131465594,6.179014533,3.087871809,4.788335743,1.941245583,5.000092467,2.947421438,6.167594855,4.040205834,5.105206416,6.129621173,4.250219392,1.164479623,6.030717357,3.001416097,5.203164211,5.813434471,3.157950527,5.179954251,5.483625285,4.838721243,3.630823396,5.399174857,5.867112572,5.403401597,6.030820797,4.573468723,4.868433043,5.378198818,5.935168922,4.099332832,2.886274596,5.547834957,4.613980022,3.94484141,5.831670917,5.168808224,4.625085585,5.844027867,2.284388681,5.504165952,4.556519872
ZNF281,5.823689526,6.258193063,6.050660391,5.970496538,6.671748769,6.484199407,6.052332402,6.096763016,6.01780017,6.170383151,5.829597708,6.075911525,5.734914482,5.469406566,6.014871254,6.177320984,6.281016546,6.355543371,6.1852056,6.340946084,6.666125053,6.314648701,6.067183764,6.395637415,6.558971808,5.8064135,6.00865421,5.755081352,6.502375883,6.026888453,6.627875157,6.408894159,5.873608945,6.318858293,5.993441935,5.6735381,6.586896284,6.096912807,5.027472266,5.877667072,6.719309315,6.086339966,6.112554409,6.647797397,5.657940995,5.781825949,6.26302014,5.754924114,5.883107332,6.121467768
VANGL2,6.635564044,6.365291655,5.893206787,6.90373681,5.95706149,4.612223001,4.458578366,4.837635522,6.82790223,6.087424786,6.372791475,3.127683075,6.546754088,6.374226148,6.105202004,4.25126697,6.130919652,6.603959372,5.972714843,6.56013067,6.357063765,5.929620985,5.845384281,4.646433185,6.472788782,6.474816417,4.161686238,6.115162627,6.244751481,6.879698913,5.714496156,2.564255572,6.292870954,5.972338343,6.228057848,6.476405693,5.040507723,6.179635003,5.474089467,6.509452516,6.259042276,5.975138016,6.583167687,4.144654252,6.200137819,6.392911334,6.45133366,6.438799987,5.121636308,6.31304788
C1orf74,4.891158214,4.953756454,4.297380346,5.681837186,4.718728187,4.982309148,4.93759569,4.196168486,5.861294547,4.505119075,5.263800622,5.708869042,4.757931421,5.137614526,5.307822994,4.352628352,4.983439124,5.6035952,4.804345879,5.685449127,4.469737135,4.80926951,6.150695037,5.019241337,4.859936135,4.870534803,4.752544388,3.967220638,4.461869231,5.421565311,3.987258638,4.870383056,6.164683058,4.941075059,5.518350787,5.440961477,4.529103773,4.695814342,5.562080011,5.015328038,4.561939748,4.735130923,5.267441006,4.634346015,4.951337802,5.215382641,5.515631619,5.252179034,4.387688401,5.56234437
SNED1,4.607938398,4.946171816,5.109597755,4.819472073,5.550650318,5.654542069,5.358916999,6.175097705,4.08907082,5.887160523,5.143042832,3.860145616,4.225884889,5.464192249,4.079936621,4.737724351,5.419335048,4.334978355,5.605597765,5.155156906,4.974509291,5.803417326,4.596971336,5.209733487,5.549757011,4.473849734,5.106661946,5.543311419,5.666187762,4.965392787,5.268702057,3.476184379,4.874699666,5.923289398,4.200906743,4.200145556,5.147237674,5.045306771,2.732627221,4.442326519,5.824889238,5.342226835,4.877696449,5.395392695,3.93047772,4.587198101,4.686724828,3.157497077,5.308699101,4.757440917
B3GALNT2,5.780477713,5.700637621,3.92318849,5.600543615,5.159222595,5.684519652,5.108123995,5.189643506,5.467392785,5.3205259,6.020330044,5.699772311,5.052486393,5.727731212,5.658560531,5.302236809,5.681627539,6.00866404,5.058392992,5.769768443,5.534920272,5.375370985,5.551368749,5.424003216,5.62840972,5.499951825,5.143120699,4.563447448,5.404686907,5.789724678,5.173831391,5.057749349,4.720838543,5.40955585,5.412586443,5.308834279,5.648218868,5.582014206,5.376708707,5.290014182,5.249491306,4.811670632,5.355253703,5.325445897,5.152757607,5.399706051,5.201435207,4.758012685,5.392874846,5.141836888
LRATD1,6.453921537,6.306549418,5.705771879,6.590411729,5.5000415,5.16231731,5.009394754,4.86787889,6.600806208,5.555706197,6.657603202,5.243134261,6.537306777,5.651145951,6.229868133,3.81007889,6.077254105,5.824197022,4.772802376,6.155556387,5.595118097,5.193331267,4.456502752,4.097917026,5.808402072,6.318333451,5.783139459,3.912000511,5.465282992,6.119529504,4.469574155,6.10798132,5.811470414,5.193823021,5.453821046,6.420700828,4.858854743,5.421837305,6.554997983,5.981243732,5.312494176,2.312072642,5.687820481,3.933309837,5.909300116,6.289285059,6.058415178,5.943139278,3.465531017,4.914217922
SMC6,6.077746411,5.878339428,5.402235173,6.005298242,5.671661885,5.436441787,5.730772209,5.374604347,5.495342623,5.173395546,5.790399752,6.644040173,5.920977249,5.698746815,5.823554885,5.746270928,5.831928645,5.862857605,5.611047649,6.107810264,6.339327997,5.563820412,5.831967869,5.657656956,5.390298228,6.03245311,5.52526289,5.228528748,5.696897878,5.60307404,5.211246553,5.461605253,5.648204084,5.783400637,6.093897098,6.206750529,6.095074955,5.593094004,5.643964016,5.725560221,5.28080745,5.500805347,5.972775673,5.828549218,5.538377448,5.636939215,5.698459343,5.981307054,5.508267478,5.742138304
VSNL1,6.539371268,4.328692645,3.054037998,6.294095574,2.082887024,2.998443905,5.184097643,4.177321716,4.426452958,4.577538997,6.360076039,2.656112899,5.648565685,4.834670912,5.596481383,1.769774225,5.939803675,6.050699702,3.982784878,6.398535949,5.944911821,4.291736752,4.914691612,5.413537914,2.353732147,6.43438624,2.398835814,1.847644327,1.881865354,6.065993259,1.238516686,0.65908748,5.062240406,5.115878189,6.62834743,6.231656039,3.058739445,3.429069047,6.205872983,4.603439757,4.097349122,1.239070305,5.996400726,2.314724966,5.937388707,6.606201157,6.437452306,6.243046575,4.015122905,6.107448789
EN1,5.502507821,0.202704169,1.991004033,5.361683463,0.803257813,2.073076173,1.258649113,0.598660869,4.453695086,0.166130983,3.506678103,0.24797685,5.471367031,5.727646367,4.480962986,0.365236075,4.124429803,4.84494894,0.393964016,3.551582471,0,0.380803612,0.893600542,1.186236633,0,5.616698307,0,0.238516623,0.388801688,5.915262874,1.141892824,0,1.014266396,1.622717842,2.623383832,2.42976333,0.627871204,0.247610551,0.252159637,3.792005674,0.177772393,0,6.083008467,0.592727219,6.453533042,3.069194204,2.123909317,0,0,0.362536827
NOSTRIN,3.209912325,4.893552239,4.165555581,3.124887262,5.234696187,4.756063502,4.501420883,4.794179642,3.213993524,3.413037667,3.80187797,3.862480453,4.221961301,4.078971291,3.597658523,4.662140034,4.643699809,4.935092708,5.461345635,2.826600319,4.680114561,4.939374669,3.776159103,4.376342859,5.826427194,4.402854555,4.857799315,6.398029024,5.735838038,4.040121034,5.223048102,5.437567698,4.738985511,5.618526752,3.843233367,3.888694448,5.727486066,5.883373415,3.752299194,3.982101511,5.263507648,5.548627111,3.237920701,5.085855339,3.41069555,3.857894134,3.458206128,3.420448091,5.12310835,2.403143895
CFAP221,0.388512817,4.629749952,1.600062206,1.585621141,5.018753151,4.589509119,3.981476018,5.219157519,1.887445884,4.784197552,2.41959536,3.028336322,0.437914351,2.993069561,1.511822422,4.791813579,3.836167579,3.69684569,4.457289502,2.68415698,3.545014149,6.20083349,2.325534351,0.639027361,5.448978711,3.257929486,4.817465901,5.949229093,5.708708649,2.117214588,3.921554958,1.930189456,2.767797706,4.756016129,2.908955387,3.647593637,3.083602365,3.011146553,3.658542114,2.646820983,4.747743352,5.837253469,2.533102601,5.445001771,3.812160215,4.080363566,3.590958813,1.272959955,5.633994856,0.32917684
SPRR3,7.338677249,0,4.75941739,5.1002994,6.505813731,5.702121665,2.395269843,0.426864746,4.040416935,2.413902889,7.299558003,1.076793235,6.161357985,2.530396295,6.566294856,0.654729883,4.530964989,2.948737013,0.394439706,6.72451985,0,1.131867144,3.768762522,4.630900866,0.404180894,7.130871888,5.764326373,0.77711422,0.692701868,6.671852412,0,0,5.446253214,2.073954599,7.335966263,7.743220378,1.38390073,0,7.629074452,0.852068966,0.605813586,0.33678365,5.951733193,1.578502747,6.442346904,7.327581893,5.059119516,6.685210233,0,4.576620596
SPRR2D,7.3904327,0.859410627,5.685462839,3.825232434,6.664113641,4.63879717,0.82225652,0.948449553,5.493830242,4.957330637,6.884361212,2.811865471,6.389129756,4.72088106,6.99889171,1.113232072,6.591233917,2.767858555,0,7.139069704,0,2.933331181,5.33251319,3.601630601,1.650499499,6.829374932,6.756467453,1.287893376,0,7.002188646,0,0,5.360797922,3.757048345,6.83207984,7.339316766,1.302451745,2.407872196,7.815097856,2.708876554,0.773302362,0,5.808981841,1.243640792,4.710421975,7.17956917,5.617625148,6.084003543,1.340216995,6.71267167
TDRD10,2.414180303,3.278328806,3.241839413,1.584727492,3.630840982,5.445387206,3.924031628,4.270952674,1.916596483,4.134653382,3.172406852,6.291822899,5.175161889,3.61146401,2.082778457,3.407472661,3.464596102,3.15385032,1.896672705,2.962293099,4.843054015,4.725655353,2.783120121,2.61028987,4.840371667,2.81208009,3.953165194,6.008601228,6.293419765,2.055310474,2.681257932,2.36032055,1.386626126,2.47426624,3.557239488,3.202422143,2.424202393,1.882186625,1.751525921,3.847455883,6.371237773,6.254878317,4.416721263,5.394517007,1.948839218,3.251495584,1.775117701,1.288917714,4.664280344,0.930278174
NPPC,3.599825901,1.569919282,1.601615406,1.296920793,5.433030417,0,4.080087653,0,0,0.408991711,5.641701193,3.162639412,4.548045707,2.635814036,4.644226834,1.334509607,4.347324139,1.774533314,0.508154929,3.713295405,3.93730898,3.489534564,5.952281755,0,0.897209029,6.574415185,0,5.037967507,0.868941705,5.767902534,3.444711629,2.470141042,2.86003724,1.386077387,2.910817533,6.411029571,0,0.586916909,5.454675559,6.543320544,0.765547724,0.767851222,5.308226583,1.586935989,2.052175438,6.640037739,3.319275317,6.675473742,1.329211715,1.328659114
ANTXR2,5.071208535,5.585615043,5.92393207,5.424473748,6.168506001,6.609222182,6.036508669,6.312013978,5.696523185,5.927365997,5.658213483,5.174594536,4.942214358,5.739151744,5.945451735,6.181322552,6.093407589,6.573376758,5.890091901,6.430328438,6.109835046,5.807830423,5.832886213,6.27926412,6.095799383,5.312086478,5.694460186,5.634150994,5.645596813,5.876492573,6.1601478,5.909909697,5.656856468,6.218010921,5.552965763,5.591471795,5.048871474,5.92229871,5.019608382,5.427435272,6.053694062,5.502052218,5.216550876,5.78901912,5.638000051,5.548971097,5.947689936,4.98815868,5.57227346,6.168791017
DAPL1,5.957563611,3.531234064,1.552797283,6.895925376,3.443241305,1.36714483,2.476820061,5.999995202,6.353311764,1.377758899,6.596515088,2.953460487,6.375733976,4.168918823,7.070402907,2.141674705,6.005796203,1.83922186,0.921204152,6.863049592,0.660406645,4.007654324,5.300660896,0.351939592,0,6.536023136,1.23143466,3.230782399,0,6.869357403,0,2.864734686,4.503174647,1.286658027,5.871091174,7.221264504,0,2.959586326,7.276252891,5.167932755,2.654665338,1.44502103,3.619355201,2.999956937,6.13365783,6.579569746,4.795463195,7.457417638,1.06266785,5.352838362
CLDN1,6.980362605,5.358089299,6.610887214,6.866524423,6.690216484,6.360392757,6.624978832,6.881629627,7.377224571,6.948305062,7.229762895,6.674907058,6.814246107,6.932735066,6.73395764,6.604634761,7.038288648,7.20203852,5.879892358,7.628385761,5.814229245,6.703473608,7.132763699,6.837514828,6.890542905,7.539329611,6.465944688,6.440393753,5.365573379,7.221883939,6.545047945,5.793324061,7.183596081,6.888791936,7.145601349,7.650077161,6.279132327,6.014002577,7.494511707,7.040008933,5.839656781,4.86813403,7.105900906,6.346529145,7.67000903,7.029823489,7.532892228,7.54705032,6.176944609,7.538160886
POGLUT1,5.807440385,5.458056013,5.094191792,5.946321834,5.742836276,5.184635609,5.544664352,5.067291469,6.040055411,5.626291858,5.382146535,5.822993647,5.801132265,5.648852786,5.795394921,5.111609361,5.583548759,5.784610958,5.493358383,5.693962589,5.802419469,5.396511907,5.3732264,5.091505511,5.467303997,5.696086314,5.205772278,4.885655771,4.958224544,5.802646095,5.061045039,4.912390015,5.453427368,5.444256427,5.405688345,5.774617454,5.226407501,4.920343149,6.099706365,6.284536809,5.26562057,5.246594064,5.37173812,4.584101046,5.58703465,5.787161864,5.268126525,6.015532064,5.25243301,5.484737876
LRRC58,6.535706543,6.21221714,5.794678048,6.286923305,6.026966493,5.933521293,5.929926644,5.885679509,6.646733018,5.811263767,6.145996808,5.959453115,6.374892142,6.060368609,6.310714719,5.775633777,6.063723509,6.331616939,5.817473209,6.126768543,6.811215818,5.774996091,5.813830553,5.654904151,5.790971332,6.284051493,5.665288366,5.659781521,5.934478288,6.488021899,5.930365677,4.880198692,5.9569153,6.03147398,6.30829445,6.164694731,6.565941394,5.863810443,6.057552551,6.171436751,5.722784079,5.980175516,5.802182982,5.688068749,6.149027257,6.010145153,5.914747953,6.092736473,5.903088514,5.411179621
TMEM79,6.464174548,5.088397119,5.093189931,6.563608597,5.415987011,5.23832263,5.609329856,5.151239094,6.521739665,5.868980973,5.916752607,5.639223381,6.183627374,5.436943031,6.264549459,4.832695602,5.879215957,5.786826212,5.683191643,6.033323101,5.666195255,5.19301285,5.830159904,6.017490372,5.072518676,6.281058499,6.289001757,5.072894152,5.549266134,6.238317608,5.446584646,6.062222856,6.085497864,5.702938407,6.42367433,6.740642213,5.215609198,5.553607423,6.501497698,5.584397929,5.702826565,5.330972155,5.398459835,5.244944139,6.338381007,6.290508564,6.719714848,5.593450358,4.059631015,6.093680325
CIP2A,6.1457905,5.853086495,5.161418399,5.574233098,4.560485627,4.809719889,5.355211839,4.597339259,5.996094982,4.529722991,5.705462169,5.78191789,6.00962684,5.882131504,5.420011892,5.241382265,5.162607584,5.771391773,4.895763447,5.152374505,6.561522229,4.033330987,5.552298694,5.320109751,4.11175897,6.026356728,5.093782874,4.040209831,4.478054054,6.101342001,4.983371027,5.039807583,5.495287076,5.289463871,5.776372193,5.738797284,6.022671398,5.282196748,6.035199927,6.004651075,3.440400627,4.532327061,5.313370151,3.899063504,5.863785194,5.323735629,5.534572643,6.018893056,4.695747137,4.862779403
TGFBR2,6.203034341,6.624043351,6.544453137,6.147613291,7.140712739,6.876234612,6.900113501,6.893122135,6.594073307,6.685599406,6.391491725,6.438251621,6.213325179,6.085217362,6.681588143,6.974363995,6.819128502,6.607072502,6.584436483,6.983391271,6.676687169,6.844789624,6.401133569,6.849712683,6.76607867,6.423296724,6.546983183,6.946211117,6.820834143,6.299132066,6.849755211,6.592928344,6.414204774,6.9962538,6.483260443,6.298559386,6.580518517,6.725035057,6.15460621,6.328345742,6.965763966,6.61268268,6.51286276,6.667030333,6.563615733,6.277935682,6.598969702,6.043098917,6.304377701,6.853067267
EIF5A2,5.756797628,4.236557076,4.951971408,5.867576071,4.677900666,4.774650438,5.024889195,4.845358418,4.684404554,4.28035495,5.441718654,4.570935538,5.806601695,5.854944964,5.26871599,4.459043235,5.983500132,4.869290781,4.013673222,5.88850021,4.926946474,3.94417186,5.572650612,4.813342639,4.625214304,5.512540391,3.544858895,4.792957519,3.689346565,5.662037777,4.669436063,5.798976457,4.92804937,5.108777297,5.591229467,5.361788216,5.212381475,4.092094358,5.079689309,5.210635809,3.755079521,2.201803805,6.403792601,3.700243997,5.740552802,5.378116323,4.991883697,5.296616674,4.830098392,5.647944713
GTPBP8,5.691830901,5.417048979,5.332484634,5.627898197,5.350196192,5.101401857,5.401490519,5.216596225,5.799247039,5.011243049,5.402228276,5.628516667,5.780810813,5.510206997,5.438175621,5.146136494,5.238335623,5.652542574,5.178709302,5.10275491,6.167794337,4.965440634,5.338025284,5.183087637,5.043760617,5.686371085,5.057645891,4.682244765,4.687216129,5.729770535,5.093812567,4.662373495,5.255953928,5.406204884,5.769026483,5.683999842,5.593556355,5.255926735,6.495466691,5.651627997,4.97248188,5.36852013,5.293248602,4.720831219,5.820565418,5.818946719,5.534469272,6.195916496,5.222403587,4.898437233
NEPRO,6.347052882,5.976180296,5.990115494,6.107609125,5.972341483,5.993237356,6.059966604,5.877348974,6.263406864,5.800378491,5.997077198,6.203296593,6.292254618,5.934561466,6.16001731,5.672745616,5.866676712,6.227444851,5.9205088,5.846874707,6.468864455,5.827888562,5.975828702,5.813151415,5.9686861,6.080517448,5.835788501,5.703143651,5.732623722,6.215376439,5.843318204,5.454159124,5.967301436,5.946878132,6.223904974,6.165045965,6.210194195,5.727040069,6.37627334,6.326387989,5.826121724,5.983153638,5.840737529,5.581836551,6.318677757,6.030921036,6.085225442,6.370460133,5.711432147,5.717229439
GMPS,6.559300558,6.375124122,6.023125595,6.643527423,6.048553058,6.095539006,5.998560226,5.976925386,6.605211937,5.987298815,6.587427063,6.423323884,6.416094545,6.522523515,6.430472487,5.84460104,6.420755621,6.426713822,5.921346222,5.710984088,6.761224453,5.871785882,6.090851765,6.066064354,6.015127557,6.151271193,5.879892512,5.811424582,5.80633919,6.459893388,5.994305678,6.22387807,5.939523351,6.028391875,6.494628557,6.509554941,6.401444582,5.991141667,6.539344389,6.375484604,5.724942758,5.901315823,6.889780598,5.763851337,6.473925652,6.470705012,6.133332855,6.574635509,5.534880719,6.375092832
SMIM14,6.198621923,6.378382631,6.57771256,5.75626652,6.879023047,6.837109818,6.466978404,6.844243233,5.79314824,6.858386992,6.182751709,6.253783891,6.220496065,5.577690231,5.991308959,6.528998813,6.198655832,5.734831674,6.405385961,6.284063974,6.240297129,6.809147192,6.134498251,6.442745563,6.58195015,5.952533348,6.597652226,6.664613143,6.534098565,6.018997585,6.605362353,6.656156777,6.208489782,6.471513112,6.089456346,6.120642554,6.907286317,6.652004573,6.337651357,5.664089055,6.763399659,6.221003956,5.54539289,6.617228068,6.397592706,6.033166069,6.447092427,5.997300309,6.211540714,5.85729937
RBM47,5.67571984,6.409310514,6.418626533,5.240040117,6.475700332,6.482518357,6.142057046,6.631947395,6.276552838,6.541251761,5.826514126,6.258856576,5.554536552,5.506037975,5.480677487,6.635017313,5.936393225,6.230055982,6.148163037,5.5180505,6.642160658,6.591805529,6.054688873,6.380724798,6.496745354,5.878484673,6.456127707,6.516307989,6.633578255,5.964834844,6.504818842,6.78713928,6.017079795,6.25405442,6.16272527,5.953988589,6.835987558,6.63677125,5.826396413,5.888521426,6.594439781,6.650876973,4.690815871,6.477207971,6.040900551,5.761481446,6.195087693,5.574299197,6.077371448,5.910953805
U2SURP,6.457837767,6.298972298,5.99908179,6.621280129,6.026869695,6.195480036,5.955868101,5.972585634,6.407355522,6.018901258,6.222061452,6.115213904,6.437046002,6.72820007,6.140114869,6.006481002,6.421322002,6.664956198,6.373171243,5.630532566,6.767488729,6.169634584,6.379200916,6.245792244,5.964581403,6.127511454,6.266201816,6.159367855,6.198361969,6.396067702,6.125554805,6.154513269,6.466640311,6.261154452,6.470373289,6.243834967,6.380853941,6.297168872,5.952984433,6.500819449,6.042003378,6.367945898,6.485659702,5.849458922,6.166967101,6.340249366,6.436688587,6.544396625,6.016332333,6.599583732
TM4SF18,4.104042134,4.674946688,5.459362078,4.386416016,5.589742912,5.347778908,5.595237653,5.115639874,3.504519051,3.907042813,3.467857507,4.624074021,4.84681742,3.442140737,4.727539452,5.015934418,4.971153062,4.745002105,4.499287452,4.730603916,4.137767371,4.662500331,3.27814163,5.318466517,4.359169965,4.524673773,4.145490596,4.785924784,4.467430674,4.924763285,4.829310508,4.361562987,4.001637067,5.655685605,4.649093195,3.946462497,3.394381069,5.627159277,4.394621029,3.736535566,5.640705333,4.042379339,4.942917643,3.525617178,3.983527004,4.413349459,3.920046948,4.001378196,5.577482828,2.652595776
TOPBP1,6.66987159,6.462016759,5.806107753,6.409340523,5.778475234,5.902410454,5.991302495,5.743775036,6.643640927,5.958339232,6.246906947,6.298704389,6.497629416,6.456839861,6.114328537,5.863814704,6.368424496,6.348276991,6.075904094,6.01235329,6.91409459,5.595854626,6.282512211,6.063932634,5.773798772,6.394301706,5.933737738,5.665162766,5.794505477,6.506843577,5.997099236,5.755366419,6.05939615,6.06124332,6.27728285,6.348229951,6.490115242,6.040555328,6.085800128,6.271219139,5.56035627,5.83950785,5.988147864,5.422184106,6.231415851,6.210346082,5.960727005,6.430526994,5.598594556,6.131549381
RYK,6.548304191,6.103185244,6.013210594,6.389743394,5.990691502,5.978700521,6.146650759,6.088002084,6.43702664,6.195132318,6.228395939,6.374296645,6.325365014,6.138180937,6.367954354,5.697555354,6.337984679,6.515887695,5.924068615,6.133376843,6.433508567,5.831767737,6.190368714,5.969364717,6.270812715,6.15803166,5.854461348,6.023988483,5.80890648,6.624546121,6.16001676,5.558753018,6.174427716,6.127993203,6.227639946,6.270234026,6.33710365,5.830657296,6.858038285,6.091401453,5.995063521,6.075864313,6.145090539,5.575178818,6.188453571,6.445001156,6.448620236,6.533645685,5.891949707,6.597365993
WDR43,6.59282882,6.451488688,6.244660456,6.592407943,6.338125606,6.493172722,6.363871492,6.155446858,6.51602799,6.167315399,6.555097243,6.703511001,6.368538952,6.408201386,6.54981961,6.458759447,6.443882493,6.849104483,6.137165632,6.4040228,6.750703018,6.068735702,6.438592517,6.322038378,6.332595297,6.738558038,6.294072627,5.982648086,6.291019443,6.460687076,6.186426903,6.529300157,6.204915286,6.261670723,6.481880442,6.318298152,6.670058884,6.425391459,6.528070673,6.409811241,6.098402485,6.530956191,6.500502413,6.401067729,6.432164368,6.30507405,6.440608742,6.658672743,5.667041899,6.310960646
FYCO1,5.734916113,5.886001677,5.534464605,5.673929803,6.25331374,6.183589407,5.698290147,6.19930618,5.842856435,6.251485288,5.543656966,5.293339185,5.461542474,5.738585921,5.114805058,6.354692285,5.874966493,6.065326704,5.879971294,6.036940763,5.551415642,6.229681317,5.280579459,5.927212585,6.163919022,5.63435832,6.076401933,5.844965049,6.025354231,5.627003222,5.967161744,5.475962124,5.44149016,6.279029533,5.178481822,5.684093172,5.750336316,6.02474696,4.89218056,5.662649282,6.167423155,5.933114184,4.972888973,5.888346634,5.473476617,5.465736806,5.600958632,4.579665145,5.681606104,5.388419026
NMNAT3,5.318118996,4.507744208,3.761516079,5.920795917,4.952105612,4.563531766,4.74429546,4.390300155,5.58536856,4.263483626,5.492703113,5.759285703,5.881667361,5.644143391,5.619949589,4.174974615,5.537658624,4.861262052,4.444847855,4.96432946,1.171471946,4.787980335,5.519772795,3.316153226,4.511675398,4.205795104,4.266712043,4.899561856,4.607578804,6.089900135,4.775782147,2.391692253,4.553268035,4.222051767,5.445597006,5.661298304,5.123240574,2.83173778,5.932028349,5.598895233,4.044753309,5.281906055,6.073592591,4.726419833,5.976768851,6.06457251,5.064221745,5.349595965,4.338452143,5.132066615
YEATS2,6.480762222,6.234691239,5.600821643,6.582252132,5.545367455,5.833029647,5.72530404,5.757880491,6.489282898,5.770529221,6.644698006,6.043258365,6.140391672,6.287400695,6.456446501,5.847882347,6.345298561,6.467465414,5.552355189,6.188995786,6.607003669,5.656115922,6.049537347,5.934148961,5.485235999,6.439331861,5.66294691,5.661994303,5.541763157,6.353880757,5.655769068,5.52273782,5.751321552,6.208244864,7.141445976,6.438991219,5.809089018,5.790856049,5.691479817,5.962137999,5.447199696,5.587949094,6.417239988,5.609504048,6.278305207,6.316953273,6.122026481,6.487111335,5.373191159,6.568335002
DNALI1,3.047161495,5.883409467,5.610333335,4.28641449,5.612168917,6.015020208,5.430739122,6.145720207,2.897925358,6.228906202,4.219424346,6.452651501,2.720045724,4.655604859,3.72404077,5.916422199,4.447878769,5.138922125,3.549483547,4.222759889,6.228167434,6.470231835,4.207478617,5.238337372,5.853075938,4.196035247,4.868708166,6.187454741,4.798073654,3.892419322,5.641072407,6.328347898,4.660402912,5.90161091,3.970356108,5.064090748,3.771887004,5.172750688,4.769447766,3.769854719,6.13536955,2.032581609,4.637328478,5.737799972,5.081432025,5.012599989,4.971523302,3.176237435,5.761976893,3.958850855
POLR2H,6.633272147,6.50940664,6.60153069,6.85216705,6.196788663,6.236400379,6.3803003,6.044463875,6.814572956,6.521133492,6.864507873,6.641804519,6.620994469,6.566483417,6.498178423,6.221013879,6.504069698,6.777426229,6.297682582,6.218283271,6.594094216,6.175364995,6.54493972,6.493282729,6.153392825,6.960158487,6.513427061,6.559726334,6.411290164,6.534166384,6.354901568,6.486632192,6.697955676,6.392073879,6.383838488,6.937671748,6.472498808,6.384760367,7.045970966,6.640145998,6.382409894,6.724345328,6.964752992,6.251811037,6.640786463,6.754808803,6.455871357,7.043934672,5.279991222,6.769842347
LIPH,6.311298675,5.100207115,6.7686954,4.098792304,6.373596142,5.905621092,5.914694271,5.903573143,5.351372416,6.044194572,5.229976444,5.822863197,5.883420391,4.686424104,2.109567258,6.352717565,4.855284802,6.143065382,5.955738985,3.611649596,3.329525071,6.688035617,5.36941405,6.311253599,5.876302562,6.477927479,5.997686443,5.756784889,6.261830226,5.146292454,6.502649948,6.442178399,6.174514957,6.829988394,5.807242072,6.794667469,6.9595796,6.589434153,6.310115483,3.508073229,6.359759065,5.604031765,3.689909208,6.612789149,5.876656569,5.737836321,5.565189174,4.182552392,5.806282338,5.693030802
TMEM41A,6.197718845,5.508946449,5.636315037,6.123154508,5.830923177,5.82098959,5.832938864,5.229678458,6.121993276,5.789683545,6.153305052,5.677606034,5.86500687,5.792004347,5.697373774,5.413958621,5.978664075,6.443717325,5.699396184,5.806708854,6.116519846,5.796330908,5.959100519,5.917380495,5.762799754,6.541841527,5.878150333,6.020486212,5.913928776,6.08967042,5.669536708,5.513494383,5.787638611,6.042165768,5.999531638,6.565116383,6.024170746,5.70950551,6.350134981,5.804922788,5.485277097,6.348718622,6.337433631,5.675110525,6.227180018,6.250184246,6.146801823,6.268465101,5.079969872,6.296901067
SENP2,6.375674485,6.143066387,5.800999625,6.434584792,5.854699117,5.926677289,5.856037515,5.574809921,6.188998335,5.923955303,6.563569701,6.032888584,6.355595955,6.337158649,5.972939238,5.611566547,6.405307157,6.364174091,5.792564439,6.200272432,6.557018232,5.879678363,6.035706083,5.90022846,5.679591473,6.607342616,5.957445445,5.812290884,5.876480468,6.209522335,6.162647046,5.725359109,5.783828204,6.281668696,5.900289543,6.611135981,6.298835996,5.732661416,6.360265001,6.13342733,5.770198627,5.734119343,6.671081708,5.616743527,6.262889306,6.51659614,5.964616823,6.397867108,5.522154571,5.948519981
RFC4,6.491127393,6.137168351,5.990940641,6.490388426,5.487113593,5.235468843,5.939137034,5.322791841,6.427551863,5.818416665,6.702484815,6.32122563,6.396603449,6.417272641,6.193281393,5.466267363,6.451710408,6.390227399,5.966663325,5.883585142,6.670474375,5.252815557,6.430035488,6.177062697,5.406377742,6.936384124,5.856983228,5.470085412,5.652462015,6.441056928,6.038806797,6.099361322,6.192089164,5.755644591,6.152605149,6.753144235,6.49809651,5.954915253,6.561385595,6.52148222,5.194105614,5.727385197,6.870938969,5.303715538,6.220770091,6.621912594,6.278461299,6.829548241,4.756782008,6.132371282
UBXN7,6.401211897,5.75092651,5.331197598,5.879062238,5.674607716,5.759390316,5.385983682,5.68238031,6.248101735,5.741941694,6.269980489,5.46724423,6.294402929,6.321165975,5.890814012,5.557314391,6.392330277,6.24437357,5.564262067,5.920634957,6.569303831,5.538155746,5.795886649,5.809514038,5.684760556,6.580112865,5.681394423,5.583359711,5.648009997,6.299456712,5.553875505,5.614659567,5.636761401,5.649723853,5.636063287,6.002592986,5.88622799,5.523051274,5.491189709,5.920816577,5.603722517,5.579080393,6.350954625,5.219124898,5.917505606,6.15318967,5.765417514,6.123610317,5.755691105,6.031097499
RNF168,6.353066329,5.678026008,5.638973686,5.845431578,5.714930067,5.675931696,5.502644082,5.808105752,6.521537755,5.804221059,6.695361537,5.498545209,6.160306896,6.195071032,5.997609083,5.431430533,6.231600599,6.290122806,5.5963406,5.815512166,6.222150918,5.751778373,5.910714735,5.75863414,5.546406499,6.562058822,5.641491092,5.452030846,5.381382684,6.131514837,5.553561455,5.23608955,5.599677959,5.588525891,6.06958881,6.466091037,5.872970821,5.562873789,5.854139401,5.81318238,5.311405108,5.38840774,6.380337107,5.287809084,6.057895606,6.439807649,5.98412804,6.148118858,5.590941551,6.250156436
PIGX,6.612855808,5.294899638,5.732577793,6.146558503,5.754887522,5.811673463,5.896662741,5.951651942,6.354773507,5.877886538,6.673136647,5.907527258,6.442733472,6.054464187,6.079026846,5.480647325,6.335031351,6.14931913,5.361792233,6.360424864,5.784936711,5.438849508,6.220420085,5.793847408,5.245935517,6.531704328,5.627552733,5.744901222,5.484917051,6.41920408,5.707858416,5.478999351,5.787941506,5.853894181,6.498525532,6.638368413,6.111557161,5.717922088,6.249509653,6.194317037,5.454455476,5.303254111,6.516429001,5.35003824,6.393901712,6.648878963,5.784664148,6.581665455,5.334932147,6.475196626
MELTF,6.187642192,4.431448235,5.212877091,5.08036844,4.152052103,4.999859869,4.425278284,4.437349631,5.799894439,5.515701996,5.767743794,4.934386955,6.354232377,6.326717463,5.684100029,5.712371068,5.707396726,4.545913431,3.656508748,5.695439208,5.142235693,3.625650396,5.890268254,5.467617297,4.172948196,5.483420691,5.840805127,5.432359362,3.755103102,6.405933101,4.156848446,5.808783181,5.683483914,5.444637691,6.114575822,5.974760205,4.998136514,4.350374941,4.487870327,5.091160242,3.594835089,3.439035794,6.287178215,4.347745448,5.339825817,6.100884739,5.361699242,5.653797761,2.40438421,5.647963633
SGMS2,5.406212322,5.933191935,5.576635656,5.20727913,6.064147404,6.491730285,5.772428935,6.63595235,6.025067614,6.484550832,4.883369498,5.309702535,5.032102634,5.38500669,5.145558815,6.622371319,6.205626835,6.174661125,5.377286473,5.613171408,3.844275025,6.07794736,5.556748758,6.271856554,6.160117945,4.924512042,6.229277106,5.775376151,5.999666633,4.50641115,6.16532194,5.899604939,5.628487795,6.181522739,5.569349127,5.03233758,6.102881043,5.987068399,5.315540239,4.763961225,6.01691805,5.882771084,5.031268765,6.137923507,5.70738244,5.651373831,5.758800311,4.256609535,5.947241753,5.72747077
CDC25A,5.530322405,6.144303172,4.621488452,4.847363896,3.900140339,3.933594009,4.613966899,3.946152556,5.153423269,3.745911162,5.549478251,5.777412533,4.807448115,5.308960877,4.529900176,5.110278842,4.867335396,5.727587215,4.279863153,5.155885217,6.381074414,2.865693393,5.190278878,5.263156209,3.030640194,5.805878662,5.075194547,3.783301296,4.18114368,5.399763278,4.740992016,4.918619386,4.753773722,4.330340832,5.581893482,5.234660384,5.725179371,5.453984436,4.982062536,5.523574817,2.485701422,5.018029608,5.097898242,3.620145789,4.878785019,5.363380928,5.063456758,5.773267136,2.937118049,4.946659891
HSPA4L,5.415817357,5.453753965,1.585639745,5.571922905,3.301606355,4.759914938,3.349549974,5.18367862,6.159603905,4.26141301,6.102613562,5.367372784,4.56102188,3.727346118,4.588429731,4.397883308,5.523964322,5.944903685,3.198897837,4.944618777,5.033708639,4.226090601,4.460073892,4.592439414,2.381813971,4.719418574,3.636821855,2.580140379,3.641268523,4.52012083,2.852308897,5.562143205,5.311485539,4.728576728,5.482640718,5.973868998,5.034556682,5.048148573,4.687440417,4.840587052,2.934242588,3.332252707,5.034264316,3.935064951,5.913337777,5.300685663,4.566755465,4.228699679,5.189631161,4.244071673
ABHD18,4.913654135,5.473165544,4.553840693,4.658932151,4.948090846,5.272130649,5.130679046,5.282333253,5.256958528,5.254608357,5.37672123,5.142375183,4.722902864,4.513961862,4.436694839,5.149503352,5.09820651,5.030158921,5.051264573,4.552614453,5.559081929,5.12485279,4.594198189,5.096566913,4.973471551,4.495542904,4.998719089,4.990104297,5.139698881,4.341365413,5.291346257,5.061207793,5.166713817,4.867334089,5.033010864,4.890177209,5.548556813,5.133640441,4.880803115,4.976697851,5.132007602,5.430946078,4.081544046,4.974100803,5.101054536,4.8556733,4.327101759,4.962661419,5.440011432,4.500022319
MAD2L1,6.094887128,6.101506178,5.210045456,5.495395532,4.808995971,5.404062261,5.689772545,5.154174188,6.118099403,5.066377883,6.343444799,5.941517244,5.597244255,6.125539351,5.842315658,5.452169052,5.605539882,6.111577462,4.950037882,5.60815084,6.543962233,4.079075788,5.806882907,5.814779534,4.449194116,5.655726628,5.623965753,4.310831417,4.716370725,5.828522523,5.442583896,5.81738502,5.628016052,5.250335702,5.802847225,6.022309707,6.047874309,5.953579862,6.328786779,5.868502983,3.701031507,5.069776252,5.853796766,4.320269317,5.983139341,5.808562309,5.823374621,6.67682081,3.493204973,5.765559508
TMEM144,3.676448101,4.967664177,5.024964581,4.209499487,5.061178892,5.433421109,5.285275234,4.813156322,4.79794373,4.868805982,4.714397675,4.267963384,3.777340588,3.552858241,4.908146178,5.239600605,4.881977211,4.963857425,4.801031053,4.884751845,3.569392305,5.113529432,4.105361543,4.426412947,4.73151624,3.783597658,4.521014189,5.396736883,5.583977622,3.941922751,5.196514172,5.006113782,4.626145767,5.056849347,4.318793124,4.463850446,5.353553156,5.324857638,5.224659107,4.544590588,4.478101981,5.182789384,3.549318528,5.082398247,4.862873377,4.412679979,4.699923443,4.457542446,5.155794978,3.650538101
SPINK1,3.328097753,4.285119971,7.251808981,4.246796034,6.735002953,7.277047855,4.343443286,5.714780169,2.632861466,2.326098253,3.373553339,6.41952409,5.037726826,2.766548412,2.744673217,6.916360258,4.992878052,3.113384203,7.710636371,3.746987849,2.573626126,7.190156624,3.739552202,4.162969345,7.162145715,4.131896224,3.741111392,6.750348891,7.54052993,4.589217441,7.145261925,7.737619102,6.413863373,6.25535342,4.329364788,5.176558348,6.64037069,6.089011601,6.03410772,3.450974396,6.385510587,4.937146728,3.797490354,6.999671229,3.62581514,5.573578659,4.637566347,3.425681589,5.317840133,4.068600377
CAGE1,2.32033272,1.295188673,2.695410683,3.339210703,0.690189798,0.935414968,0.942982371,0.191237482,0.530110233,0.484738087,1.707854502,0.688884896,3.89623135,0.822688559,0.976023068,0.438004854,1.586260273,1.210932442,1.100096436,1.50522824,0.583228611,0.320143861,2.89084085,0.437996846,0.48287121,0.138867921,1.826061004,0.666229083,0.327003711,1.05626577,0,1.409787292,1.702795495,0.806474845,2.167619355,1.403865894,0.740498252,0.545574778,1.426942386,0.733234543,0.281216553,0.716768117,1.412671369,0,1.349442002,1.270642426,2.152334555,0.359992555,0.308775935,0.948645262
SHROOM1,4.928641306,5.352311157,5.721609492,5.284165673,5.032883833,5.112397975,4.786388422,6.160310112,5.22632564,5.959577597,4.909038878,4.456124354,5.379648358,4.914497946,5.195231515,5.191052193,4.929524639,5.315662579,5.545651417,5.155988127,5.190797303,5.514270968,5.695466945,5.387081622,5.046800227,4.45814104,6.502462164,5.894019153,4.894019585,5.253414932,5.846796887,5.428514832,5.669346823,5.757831718,5.342724627,4.807253588,5.955748473,5.823885647,4.506700499,4.526633788,5.874098656,6.104032922,5.02890025,5.533469116,5.199507389,4.877639769,5.699219046,3.991413718,4.145890818,5.344252603
GJB7,4.483575564,0.83127784,0,5.753699743,1.541179546,0.662677074,1.116346246,1.777769652,4.359026123,0.46550881,4.692504222,0,6.265022248,2.41672427,0.693996643,1.466151898,4.576127191,5.581076878,4.677983069,4.584961725,2.206281988,2.359247373,1.852135217,0.536229128,5.60619488,3.594005485,0.457740576,0.641335256,0.969954505,4.861927368,4.744943379,5.364285513,1.504723983,4.47334061,3.305806693,4.899660031,5.799113394,0,3.93808689,4.636558637,0.747256863,0.628649737,3.489155059,1.834168651,3.912872068,3.681766778,4.802407624,4.452742012,3.644863315,4.228241322
SLC35A1,5.423357628,5.629215716,6.44493269,5.914974157,5.99753261,6.244857778,6.178892687,5.753298971,5.395996842,6.442891961,5.435355016,5.708652886,6.354437634,5.863265941,5.177678775,5.95913948,5.698547285,5.816875106,6.088648209,5.282295429,5.917320753,6.12644014,5.952702082,5.659519744,6.186125717,5.560125929,6.031263317,5.840285754,6.380932747,5.599728293,6.229160883,5.95400508,6.371153647,5.733160468,5.897056294,5.526498653,6.724681555,5.928371941,6.125012938,5.611033318,6.007507405,6.389861313,6.190446027,5.845105322,5.809696399,5.892903542,5.676824462,5.553212329,5.758616623,5.907558904
CITED2,5.944647176,6.646356671,6.53128479,5.908966965,7.213612009,7.036414168,7.698822953,6.802530658,6.640492715,6.522035046,6.526350684,6.193496096,5.790105271,6.212746553,6.273135123,7.045623058,6.785059156,6.902657289,6.573250992,6.520649275,6.665952133,6.936584055,6.541589104,6.739025359,7.269784766,6.472322642,6.354129269,6.984921466,6.989088333,6.46640839,7.031335221,6.659179622,6.224907061,6.610374325,6.311909797,6.424241938,6.645373912,6.637157701,6.734627581,6.447678945,7.016541522,7.048535553,6.299128565,7.243030418,6.341035716,6.430746679,6.831173445,6.559665562,5.8732183,6.58998768
GALNT10,5.628715062,5.66971559,6.271407854,5.830826961,6.238571485,6.148080843,6.075280751,6.998047887,5.020769449,6.660609134,5.543718962,6.504655038,5.211490577,5.369218124,6.473187361,6.440611494,6.06164688,5.88469175,5.997742559,6.646283487,5.800106071,6.608049722,5.704910211,6.30257272,6.55111889,5.546996784,5.852966472,6.389513266,6.40944555,5.324494267,6.111719263,5.218837942,6.05283917,6.784620984,5.860359047,5.795578708,5.991599362,5.733561229,5.138887376,5.598194049,6.049122974,6.078733782,6.363394439,6.209543199,5.590545505,5.971461896,6.226605248,5.379231034,5.968643598,6.119714378
KCNK5,3.037970703,4.978725839,4.909451656,4.39319756,6.408478502,6.483962007,6.168178708,6.543204767,4.268391449,6.883261783,4.96965028,6.265593339,5.017444829,5.941304809,4.613325778,6.649065099,4.796374084,5.635183082,5.624223356,4.049207447,6.491758669,6.729856279,4.051325835,6.12791463,7.194896102,4.891910614,6.704266226,6.82741035,6.408389955,4.961484461,5.42654626,3.811074201,5.611365022,6.424291295,5.247870546,4.567456891,3.239374975,5.895393918,5.486720365,5.632338404,6.218418978,7.063481137,5.368257208,6.733987882,5.056570057,5.026928067,5.807357642,3.772519554,5.622488108,4.087814734
SYTL3,4.516659268,6.030362288,5.921641342,5.081146059,6.061452194,6.314199304,5.968057398,5.981352507,4.841743473,6.143021488,4.692424386,6.718059502,4.96910686,4.569577413,5.407631164,6.263408921,5.539116431,4.907831663,5.441490167,5.435382753,4.327356598,5.948843778,5.97164609,6.048476416,5.541243617,5.536699448,5.874534368,6.013904459,6.00641792,5.314557956,6.120656256,4.659136746,5.752868939,5.852149757,5.670278379,5.756080336,4.552979197,5.376784397,5.543137998,6.000921821,5.85372893,5.836439113,4.691816097,6.2025229,5.366865486,5.200154104,6.112928705,5.341315415,5.342292236,5.437923544
HEY1,6.775439493,5.289018347,5.079665437,6.897161202,5.347177712,5.546004007,5.303052928,5.396840532,5.70647806,4.858968602,6.488883196,5.209080507,6.985565064,6.432359226,6.617882369,5.289130116,6.779206837,5.86088425,4.543477346,5.632134839,5.693368637,6.098867432,5.874077546,5.316927703,6.194012141,5.926703886,5.191712316,6.041860723,5.473962151,5.572284899,5.039602644,7.092291552,5.572760722,5.127306115,6.143932623,6.030790972,6.424880832,5.681333349,6.018833451,5.54167507,5.975072362,4.508598582,6.54673911,6.27501305,6.053608401,6.383910523,6.511003556,6.18387625,4.785094684,6.509229267
FABP5,6.389702908,6.431221333,6.007934706,6.909045663,6.06751728,5.408961168,6.380583585,6.781630867,7.362421429,5.300501108,6.90566594,6.573236606,5.839480245,5.907206629,7.5620632,6.084464638,6.757788371,6.702405194,5.320124442,6.779568384,5.945097582,5.43893128,6.002294163,5.293080218,5.669696834,6.285129309,5.652606445,4.822722593,5.286853697,5.923362743,5.834863223,4.937668957,6.242790283,5.872575458,6.718573623,6.396595228,6.527477078,5.82664866,7.426708648,6.181586063,5.723206374,5.169707292,6.450204232,4.834290143,7.521804741,7.006352713,5.208335907,6.420388325,4.232392451,5.874899623
DLC1,4.967333189,5.89987181,5.125805425,4.927393358,6.393954217,6.771924488,5.717767968,5.738621742,4.25084682,5.620890913,5.206418112,4.400650395,4.847265969,5.282449065,5.245986263,6.379869297,6.258599469,5.857334042,4.909186291,5.889954652,6.233947735,5.870741268,4.87184933,5.554701161,5.995481161,5.175160322,5.764726277,6.115355738,6.796295064,4.759296119,5.567294565,4.546527234,4.347239803,5.651100112,5.198713792,5.138834532,4.753473718,5.490867749,3.965889162,5.269182433,6.724227138,6.466596377,5.671929323,5.682506742,4.520122723,5.376843144,5.28499945,4.264147572,5.687564291,4.732557339
FZD6,6.930056894,6.379548411,5.665467677,6.956595197,6.144649496,6.441493264,6.810731655,6.35711185,6.837549867,6.294620639,6.51095593,6.286253272,6.549012556,6.268813832,6.580242425,6.310267842,6.923925289,6.906193411,6.213006707,6.456146246,7.044466095,6.083094209,6.736332216,6.262555621,6.521483486,6.663874578,6.361131898,6.310522022,6.479108264,6.641989006,6.335030734,6.253444464,6.637492023,6.471301741,6.451936267,6.760327678,6.604583883,6.117793428,6.868771786,6.466361622,6.127830926,6.144451756,6.117092014,6.655032258,6.948208509,6.595251954,7.080101264,6.987585771,5.795291643,7.112088396
RASEF,3.31058504,6.168094078,5.483925078,5.588835364,5.792586036,6.414473041,5.94589884,6.319023989,6.333056291,6.22403654,4.131114317,5.981260764,1.375623842,5.536022719,3.973580299,5.941196923,5.551418508,5.611923218,5.453391954,4.910877097,6.069864714,5.72719082,6.051914608,5.894012538,5.918188554,5.787276746,6.075575382,6.166961131,6.458035767,5.361646535,6.004582257,5.993972978,5.233786359,5.96495293,4.98433578,5.386005286,6.143566719,5.882209604,4.872437544,4.490342363,6.036694495,5.684482928,4.978753947,5.973061237,5.243793493,5.519697787,5.547667982,4.20776581,5.676349272,5.252927842
FBP1,5.318411177,6.700821496,6.825504061,5.914922975,6.965902711,6.895165589,7.005866072,6.79211893,6.375045257,6.824327789,6.581653531,6.46535839,6.056190916,6.161050866,5.371993109,7.407141231,6.893702991,6.409650871,6.102769511,5.693155797,5.607322781,6.763764023,6.199956435,6.83699262,6.98939523,6.229692157,7.006817425,7.165455193,7.038367816,5.298315172,6.777043631,6.396094128,5.997255368,6.868826428,6.338017975,6.489713502,6.257443932,6.668528925,6.490106507,6.902674126,7.145566449,7.144467456,6.072771786,7.134645614,6.630785137,6.573117355,6.449254719,6.275157179,5.791013509,6.530570512
PGAP4,6.503026438,3.659755266,4.598714541,6.032349628,4.494018799,4.269408624,3.754849273,3.726649189,5.996727952,6.036235148,6.15808919,5.465005684,6.095782782,6.028710326,5.765208767,3.622039452,5.875949209,5.637645443,3.213798458,5.24124253,1.652050458,4.50791662,5.939966046,3.350032995,3.372329956,6.380306317,5.213541179,2.88231188,3.370683288,5.682879179,6.158493262,1.210091274,5.866045926,4.086809927,5.228435729,6.217548589,3.678428413,5.954533368,5.835310414,4.96949091,4.010539103,2.206591622,6.200259414,4.337636823,6.036580203,6.208225488,4.859542856,6.353022531,3.156792574,6.068567201
PCDH19,5.308006704,1.558781974,1.555300198,5.233995823,1.273562352,2.984271595,1.903568653,3.214257346,3.910260332,4.827751576,6.537958616,1.391906219,4.679659884,6.222739966,5.613270627,1.201316343,5.759821929,1.556655326,0.188745244,5.003153113,2.489769422,2.571063692,1.6924089,2.046453897,1.647419731,6.098426887,1.462089586,1.267016684,2.237399895,5.705595798,4.336617892,0.930092047,1.995392288,3.248059887,0.891381228,5.0865257,0.569876328,1.101358989,3.079335217,3.778270513,1.471692384,0.346895958,6.373809732,1.468283788,1.863104213,4.848625468,0.895471141,4.410693579,2.64314448,3.976251253
CLDN3,5.127295386,6.326147789,7.426822835,4.949526936,7.103027224,6.973732854,7.27414935,6.382512906,3.649883512,6.651284613,5.00065226,7.110618204,6.457417562,6.968562264,4.255724859,6.972364875,4.325584406,6.063770364,6.749416743,3.331793538,6.550816697,6.822814741,5.76092317,7.290004779,7.110505967,5.273837918,6.945969198,7.115759924,6.881493465,6.439874836,7.015305641,7.455594149,5.384631096,7.135811385,5.558159224,5.20412911,5.459539525,7.006875891,6.934088858,6.957732388,7.012832873,7.009655823,5.847281271,7.465687959,6.086095098,5.575208517,6.547681821,3.771849948,4.10854761,6.514395259
ZNF367,5.782465057,5.653302452,4.393993925,4.969342166,4.596865124,4.523284172,4.891898466,4.623595033,5.858920895,5.393282436,5.541634248,5.532773724,6.00979235,6.003517962,5.149631761,5.104062907,5.713500825,5.178367894,4.828555738,4.432105482,5.547010863,3.893880672,5.732586938,5.209742612,4.25611544,5.91006457,5.475651894,4.419910472,5.037123377,5.792102148,5.07910028,4.729643043,4.932677824,5.035834037,5.582933632,5.457213097,5.758729256,4.694636305,4.79498248,5.425687734,3.951264288,4.580180605,5.773118963,4.407459929,4.980999936,5.756699189,5.136990695,5.539463335,4.078509948,4.99874501
AQP7,1.414741023,2.701336209,2.557294972,1.799363805,2.490733183,4.172782439,1.419927042,2.221968746,0.671143945,1.956788326,0.379612713,1.383643125,1.485155559,0.71712674,0.52045953,4.231183878,1.481257796,0.914588511,6.172233119,0.534401262,1.958166987,4.243651221,1.26369094,0.480265793,4.268630075,0.619500414,3.039603359,5.066092366,5.623253265,0.973942893,4.60528882,5.498907857,4.134076342,1.933841007,2.453373683,1.423390765,3.874676894,4.506125135,1.025977564,0.826533401,5.925013051,5.589605023,0.271671069,4.301230286,1.566908828,1.272992497,1.278306402,0,3.741065099,0.393722669
ARHGAP12,5.887912566,5.929994495,5.862842015,5.916093349,6.01300651,6.114010113,6.274210598,6.065686914,5.896361106,6.011370951,5.384498179,6.003659074,6.051665851,5.846386237,5.493570992,6.27233657,5.812859644,5.933903311,6.285501006,5.395006305,6.472965482,6.026136334,5.855835081,6.079289761,6.443875395,5.681744643,6.22630946,6.442646133,6.301836965,5.938045516,6.244174051,6.263180089,5.801500028,6.177741274,6.109598333,5.837438185,6.242161845,6.214767764,6.076107642,5.428133791,6.146991569,6.325045161,5.646509111,6.279900315,5.681168758,5.602943285,5.906375443,5.910959336,6.026881757,6.16266811
DDIAS,5.566356235,5.500998131,4.694728648,5.188722941,3.930426209,4.141381236,4.804187929,3.759590558,5.459042753,3.885931253,5.722660364,4.969960692,5.162723315,4.921781276,5.131954005,5.103709072,4.997553192,5.421782372,5.066361399,5.060758348,6.171333621,3.447603668,5.974684547,5.621273002,3.810582565,5.998601134,3.994228097,3.132245004,3.277369119,5.159770969,4.863853992,4.104892175,4.1496892,4.651883822,5.551514855,4.807569232,5.603213345,4.907914318,6.042222052,5.059795337,3.202891286,3.541707833,5.379384835,3.872361887,5.483439512,5.842107077,5.047178995,5.734729862,4.048082591,5.017938822
OXGR1,4.636363158,1.683043472,1.251203027,5.478634613,0.492070719,0.92902331,1.981276549,0.94419454,4.75574096,0.610066799,5.008967433,1.662234676,4.566402503,4.796502612,3.971248909,0.553528941,3.532318991,0.998083228,0.227552383,0.236175087,0.728025055,1.816937772,0.554384239,0.209987876,0.607829327,3.278192067,0.256524665,0.257103403,1.960974787,4.506468539,2.70088762,0,1.401852084,0.989342452,2.085152841,3.689510263,2.04256789,1.002179915,2.71179534,3.943695533,1.338686485,0.361647467,4.058670552,0.866292997,2.302476348,4.672757772,1.910498835,3.668644422,0.394601099,0.693399056
SLC39A2,6.049912183,0.863660179,3.162950483,5.536689196,0.751253555,0,0.60178668,0.702313312,4.896437439,0.530957737,4.164528204,0.7498082,3.009541347,2.912954505,6.135084984,0,2.662306488,3.481893392,0,4.76366214,0.636869952,1.064843701,0,1.030551662,1.115774665,5.024052272,3.420971234,2.856006276,0,4.750941202,1.075403389,0,3.989722515,0.640106358,6.340763107,4.916965376,0,0.749171482,5.199866939,3.775667849,0.96203247,3.322552755,2.603741298,0.551719903,4.053058083,5.683801869,4.638848035,4.016198328,1.029781856,3.157756843
RNASE7,5.875599085,0.367073922,0.581768662,5.615943769,0,1.046977138,0.626309503,0.412574264,3.755164647,0.303968787,3.140382152,0.443625086,5.109313297,1.674515732,5.935019018,0.867736719,4.854124082,6.108740801,1.310056362,4.846303804,0,0,4.55691349,1.066772449,0.943651328,3.833460832,1.588282265,0,0.671469692,4.14346611,0,0,3.314139917,3.588091746,6.114901891,4.907223562,0,1.047154329,5.410540336,1.337921984,1.162888437,1.166497302,4.130580334,0,5.626222843,4.332171673,6.214070016,1.554990244,2.843763122,6.255423595
CCDC186,5.235073943,5.555074936,5.138939249,5.843980352,5.789014481,6.12374063,5.7621657,5.718454356,5.700581719,5.706628385,5.108722737,4.829559871,5.105548315,6.012796818,5.316819998,5.767817467,5.831888127,5.26705291,5.802695631,5.704618379,6.106290312,6.045076631,5.78245539,5.423933595,6.13058153,5.491470692,5.408118688,5.843215791,6.132313455,6.163865377,6.082436977,5.541174208,5.479132893,5.789805295,5.693502835,5.497409397,6.282485002,5.840581744,5.33771114,5.32741018,5.752836392,5.806798005,4.922567086,6.135115618,5.305067514,5.643003089,5.674779018,5.476644528,5.9452556,5.57797093
ANKRD2,5.278338807,0.377700406,2.639099586,4.622057669,3.249641516,2.067304458,3.665564524,2.451629407,6.08775148,1.278200901,3.71589728,6.206488284,5.154637414,1.884456773,2.900753781,2.005324069,2.56302274,2.9409027,2.618587577,5.535533171,0,1.463310818,3.978206787,3.34200232,1.525187015,4.058907856,2.322988792,2.496106777,0.688944063,2.360332947,2.161093245,0,3.877925216,1.617518207,3.854599055,3.715110224,2.699250746,2.945729267,3.792871702,2.147612467,0.602429703,0.334720494,2.28432314,2.71739888,4.334711641,3.756005998,3.799942079,2.60105353,1.888582726,3.436300848
E2F7,5.615862214,5.481881527,3.868763565,4.874103831,2.419781095,2.382170268,3.139258244,3.914647061,5.732568838,3.627066804,5.962635725,4.67988814,5.243777066,5.519875122,5.870817398,3.753278341,5.340411022,5.852264853,4.361437835,5.848883798,4.866744223,2.427242047,5.001118429,4.11664751,2.925169925,5.58671462,2.950711107,2.894876082,3.03274968,5.535961218,3.411514859,4.460168261,4.952661551,3.778425565,5.817940979,5.173116111,5.02839233,4.720683818,3.995882755,4.541488873,1.799683625,2.718923709,5.76747215,2.149511047,5.42864959,5.167743772,4.630761251,4.913940824,4.218180386,4.864217743
PTER,4.954025079,5.440990231,5.345369024,4.963479335,5.768667772,6.14064317,5.958374391,5.607801527,5.631448249,5.716823239,5.136716857,6.112253406,5.395151489,5.617801611,4.226411588,5.970459137,5.658137141,5.365903743,6.361955963,5.256114665,6.014511158,5.813370797,5.486669224,5.947954979,5.915242268,5.384132919,6.105143137,5.703865573,5.753366784,5.510155519,6.047390047,6.139501206,5.773777341,5.699501515,5.650857302,5.636706251,6.783167531,6.41853416,5.363818466,5.285553558,5.733848493,5.946575381,5.644032851,5.995505474,5.369971451,5.14229458,5.671445041,5.311947731,5.772227734,5.636906193
PPP1R14D,1.228910029,3.811546425,6.257982681,2.394001699,6.247351226,6.471961299,3.314844255,4.121334204,1.727396816,6.41962001,3.020673587,4.9899489,1.813489666,3.976191919,0.723691897,6.573360145,2.896915027,3.443501964,3.501408638,1.048976108,0,3.46878515,1.266044552,2.445066416,6.653174508,3.324088,7.214513963,6.962828911,5.953711431,3.451642373,6.345149575,6.652751961,4.169368588,4.478784878,2.81743749,3.07324421,4.170221704,5.000611834,4.176052068,2.921731715,4.23197799,6.718926025,2.490200523,6.664602378,0,2.945752864,4.178128056,4.176311308,2.760740399,2.442556025
LARP6,5.46263514,5.151112593,5.653465637,5.377438845,4.496547813,4.318966017,5.116114857,4.783920066,4.639447981,4.752455029,5.243552109,4.791137653,5.300942244,5.681727888,5.79048951,3.654897811,5.345422079,5.83702049,3.710281321,5.803334149,5.632116382,4.420930741,5.765843617,4.725828476,3.400779697,5.344144437,3.104695284,5.581895613,3.732609876,6.288040165,4.642194861,5.11478633,4.807382723,5.137056993,5.018436079,4.857700948,4.702420494,4.915562238,4.032525582,5.130412662,3.762712616,2.20928364,5.807192948,4.550445189,5.185392253,5.437379833,6.141455868,5.893964433,3.221708261,6.194529672
BORCS7,5.744660173,5.768112391,5.825143812,5.976415875,6.209888819,6.171307684,6.161710824,6.111770146,5.801128185,5.790749955,5.510784171,5.614439783,5.775331424,5.903393076,5.336532411,5.819461818,5.911054871,5.633624245,6.03092926,6.002555198,5.745066576,6.142860808,5.67468472,5.896117182,6.383383948,5.876132577,5.755019369,6.222260539,6.249922156,5.866807047,6.193994132,6.03120756,5.913048462,5.990428598,5.971909855,5.763103047,6.341537247,6.346304112,6.225814224,5.544493116,6.17612666,6.531127598,5.87062192,6.231352759,5.52288289,5.875559646,5.721900513,5.997182067,5.755258534,5.46964543
NUDT13,4.171701319,4.163156621,4.131139855,5.019091665,4.129708732,4.422701178,3.39152645,3.425545907,4.386185008,4.002876706,4.454480803,4.876762464,4.650450083,4.391215753,3.480911829,4.666894069,4.46023073,4.254823011,5.379503213,3.512952178,2.871749226,4.859293487,3.264229836,4.44779799,4.517778032,4.622966209,4.017211398,4.863598331,4.997876464,4.699460288,4.929721062,5.40448147,4.766144991,4.376731693,4.122996576,4.092943484,5.033397859,4.976812168,4.131843217,3.935961352,5.47793975,5.400721796,4.459125778,4.842006544,3.134577551,3.330190347,3.334021812,4.28254516,5.722272026,3.752316513
CYB5A,6.026315827,6.106323581,6.052254868,5.983609143,6.742789045,6.257796899,6.452005644,6.228696718,5.905026635,6.184340149,5.83937449,6.011023846,5.788896415,5.477878884,5.938560553,6.352482374,5.797198347,6.093728231,5.967453161,5.218773722,5.93520768,6.295232692,5.328385063,6.166577449,6.386499256,5.819093627,6.418400154,5.973443895,6.834842213,5.992523166,5.899759851,5.576080566,5.406144675,5.857138697,5.810688205,5.790495895,5.971456306,6.406964055,6.838873529,5.910333151,6.560811366,6.660055203,5.518878098,6.587665738,5.773235065,6.304751566,5.817642021,6.488340211,6.004749536,5.37252167
RAG1,3.478316788,3.361286183,2.842199262,4.964561832,1.924982929,1.806141946,2.716966,2.306641363,3.241879044,1.926716705,4.063604966,3.569086318,4.645454964,3.068280468,4.702304025,1.983437639,4.560995262,3.847698472,3.28759283,4.252394605,2.853411024,2.286085859,4.009338441,2.450943938,1.159328999,1.653858241,2.051222907,2.916849295,2.019445911,4.986718038,2.72390175,5.367244231,2.604646544,4.022544644,4.753488468,4.125029871,5.030706296,2.447649396,3.062190586,2.281650273,2.162760463,0.861668626,3.623121648,1.751116686,5.16645164,3.043303858,3.631168373,4.607931899,3.107071987,3.747625829
CYB5R2,5.761396919,4.214976015,5.505755301,5.690560207,3.681235134,4.735357706,4.891168166,4.380444477,5.191037075,4.58333186,6.065093813,4.142260848,5.889250272,5.510122101,5.544991352,3.030143511,5.264313024,5.27139325,4.015973696,5.90931317,5.551459838,4.586210048,3.775096384,4.308919783,4.873385947,5.988464195,4.531521761,5.013660845,4.67877608,5.051799547,4.370131409,5.09148733,3.966955366,4.616546182,5.587139486,5.314914741,4.814839494,4.575847,5.822477467,5.619110117,4.496078268,2.784441226,5.531220175,4.433056012,4.719416107,5.527825566,4.669508212,6.033355436,3.875603688,3.828713289
SERPINB7,6.221990748,1.29424002,4.818386827,5.916157618,0.495522901,0.687598533,1.334046301,2.63370415,5.873646219,2.102375526,4.370460413,1.008639571,4.086075295,3.077395234,6.003821951,2.509503626,4.789545742,5.706795547,1.584625338,5.776377968,0,3.521042167,6.314314855,1.430036456,0,4.776615964,2.844281876,0,0,5.769388479,2.431087574,0,5.181152497,2.387332762,6.166196716,3.854175741,0.378054444,0.68763179,6.441111231,2.188313166,0,0,2.964033342,3.282327437,5.339136458,6.313468158,4.938529966,2.707704196,1.341964181,5.884780902
WDR72,5.49962589,3.742577731,1.435054094,5.771250407,1.085515846,1.36275085,0.4659594,2.106597464,6.294736052,1.635610877,5.971987574,4.985607922,6.184231394,5.912516827,6.208875194,1.836018029,5.857160949,5.918648817,4.958301314,5.879910326,4.826033991,1.662661888,5.962764502,0,0.937455105,6.088245479,3.339201654,3.282548728,4.780980622,6.130150716,5.055329479,6.680993812,4.851112234,4.000438703,5.832977549,6.366744315,6.344413809,6.044636881,6.570079827,5.142277707,1.685469632,5.515930232,5.851216125,0.951839791,6.097850698,5.652062695,6.108974545,5.936700716,3.789824348,5.817803209
ZMAT1,3.409968593,3.939092897,4.142831355,4.171389582,4.256092929,5.268758274,3.581095974,5.372784067,2.759937142,4.591707614,3.356374022,3.641213463,4.145993624,4.272888187,2.142230432,4.479045478,4.703696924,2.766464385,5.17955345,2.738414306,2.08139162,5.280515946,3.395372863,3.220440497,3.165361006,5.358777401,5.805147372,5.420071327,5.975460065,2.592681824,4.074557035,2.074261552,5.412811287,4.418326006,3.919375551,4.465015766,4.925631228,3.746254015,1.444306593,4.365792403,5.382948126,5.595795158,4.709452271,4.091141274,1.626024565,3.351263457,2.495100977,3.206216376,6.016066723,2.653222126
PRTG,1.06483014,2.648452644,2.929714133,1.837698916,2.924640517,3.891262288,1.569731778,2.167354365,0.682683334,2.650568815,0.810838267,3.67552032,1.084520693,3.044704204,1.428496871,3.513677388,2.365097329,3.460153594,1.608414457,1.984634238,6.455577014,2.986072615,1.375672849,3.452852039,3.741788497,1.519103317,5.083139148,4.071041645,3.831771073,3.443423189,3.616828661,3.891362636,1.60154883,2.749602845,1.429520495,0.924709947,5.534234431,3.2164974,1.180411312,0.994390966,3.463698514,0.552612867,2.444319625,3.95743577,0.696055167,1.809236695,1.602784099,0.562498762,4.537439122,1.442292585
CENPN,5.767068809,5.597059239,5.495131139,5.741926358,4.766972126,5.164000373,5.285823603,4.994633817,5.713488732,5.054499312,6.242413806,5.981427895,5.987177081,5.905931459,6.151865647,5.438704981,5.591212217,5.76782818,5.39794862,5.675563798,5.813298939,4.793930848,5.963387653,5.663798917,5.311575928,5.388268946,5.065345786,4.748144856,5.036818361,5.538428656,5.231226422,5.467850289,5.661586408,5.643894674,5.670897569,5.928988126,5.74716159,6.057922865,6.153052898,5.634734373,4.122743404,4.683496975,5.774472436,4.786828367,6.025863569,6.003708726,5.885354752,5.987140626,3.918334949,5.651998234
HDGFL3,5.837622398,5.560269489,5.26707167,5.632987706,5.18888805,4.680708571,4.84279202,5.146424678,5.487376027,5.139304369,5.161359581,5.258865058,5.62319998,5.785787946,5.050998792,4.820115583,5.548167479,5.85795465,3.786168862,5.800893434,5.523895683,4.993524676,5.686384225,4.646178905,4.988640429,5.93316385,4.81787924,3.88031737,5.156260023,5.958262973,5.637638892,4.971688409,4.957263761,4.81900605,5.592411557,5.090148457,5.797673399,4.022272256,4.893677677,5.303490335,4.287820908,2.940827558,5.845403471,3.715309681,5.13125253,5.629695661,5.935475025,5.50970127,5.238144705,6.03477599
MCM7,6.966626149,7.040600885,6.62626146,6.712865177,6.439277891,6.349194151,6.650932136,6.128010346,7.003282754,6.386437727,6.789355667,7.002639108,6.668462805,6.711334699,7.028761035,6.627241947,6.601496378,6.964404144,6.566547683,6.714331641,7.03621933,6.217693418,6.795052385,6.895073764,6.421059066,6.853526189,6.627785787,6.673435268,6.627194795,6.984518957,6.523124263,6.964059562,6.695027979,6.520383727,6.820859673,6.877522754,6.878693446,6.732716893,6.900643112,7.003179781,6.453058603,6.935433316,7.013416767,6.610051065,6.842883642,6.823942956,6.835489531,7.022125187,5.414251667,6.636805319
CCDC68,3.716262926,5.537951046,3.384203806,3.539333029,4.715698145,4.641588393,4.983338754,4.859708183,4.800703936,4.210721677,4.051708281,1.091615055,2.050593947,5.462740906,3.16503278,6.039916764,4.330144222,3.991677848,5.32920171,4.47666803,3.825071252,5.181606245,2.511930094,5.450444534,5.217319472,4.191830074,4.836985398,3.765747491,4.92331852,4.517264042,4.549019657,4.766244575,5.55408041,4.770489768,5.221134191,3.467565881,4.509194928,5.785561316,4.270869126,2.98378828,5.385854888,3.908347842,4.054619957,5.491958151,2.709384189,3.816744396,3.935397039,2.409464626,5.505949722,4.900001076
A2ML1,6.382771394,0.616328235,4.133782316,3.247020668,1.018612439,0.823484696,0.830371474,0.560273289,6.009245816,3.963216671,6.092689633,0.600186414,5.197722798,3.622826015,6.151745949,0.361360538,2.425070421,2.552639016,2.100863865,6.11869453,0.564923379,0.56173905,4.14783763,0.361358243,1.287371167,5.151802123,0.644515953,0.360292882,0.572866455,5.894966091,1.922220173,0.267619269,5.668015112,1.738887568,5.810195684,6.619417921,1.119705147,0.453017669,6.498987017,4.622826236,0.599217059,0.07320588,2.570647883,1.518857852,1.560698441,6.144773159,5.809499112,4.217093055,1.958043808,4.731698598
BEAN1,1.605495947,3.065160349,5.480376553,3.23542538,3.878732234,5.485686157,3.698744259,4.262985693,1.788809297,4.889036036,2.778696741,5.410768836,2.256972744,3.187866532,2.704729749,5.323503578,3.317223578,1.754421668,1.993499413,3.122819974,1.264471313,3.923639398,2.35850008,4.389205146,4.97617536,2.762286941,5.524777065,3.489621668,3.30512005,1.671438092,5.197042064,3.896274673,2.998937629,5.714956484,2.287059414,1.95926026,2.77769121,3.656034812,1.635043098,2.933943411,2.989023167,2.017179159,4.332824048,5.334675064,1.980499421,2.280558896,2.971697242,1.742683021,4.234607036,4.394011887
TK2,5.088577779,5.227343364,5.782118731,5.748804415,5.858553199,5.95979525,5.758830205,6.190801123,5.478424013,6.173191968,5.467310411,5.890520301,5.325623837,5.328350441,5.525156637,6.039924208,5.667913923,5.502348594,5.898556937,5.916378776,4.74629608,5.751866618,5.524765121,5.894402689,5.964678267,5.324577073,5.758405282,6.008102563,5.796980473,5.373649105,5.848303342,5.724800402,5.452272686,6.233688028,5.323080629,5.152479275,5.132565007,6.049575452,5.017738281,5.356137199,5.635007699,5.11604815,4.80141955,5.815252189,5.506419896,5.475060135,5.633170554,4.823180587,5.455268656,5.837470103
IQCD,4.381993767,4.172770082,6.529575393,3.407476143,4.759702666,4.541764517,4.663074016,5.341072265,2.804603465,4.875201521,3.741484281,5.050471447,3.778397684,4.58209552,4.24173962,5.158689865,3.24507074,4.01728361,2.562517431,3.866391235,4.048038731,5.365914641,4.484987429,5.227567,4.58090214,4.141344958,4.91313093,4.893560107,4.92789724,4.210170799,6.011507189,5.957391669,4.282368682,5.033794336,4.38350174,4.757070988,5.641654618,4.580693,3.920703251,4.129516241,4.719322916,4.047113204,3.543881523,5.716978237,4.837829436,4.246370972,4.345599527,4.050367562,4.476083067,4.509007322
BLCAP,6.287508031,6.327016403,6.121944573,6.543265387,6.227725966,5.949108539,6.354759689,6.202948457,6.441346452,6.181194259,6.212798333,6.12644569,6.397211115,6.153125037,6.566268489,5.911445237,6.705572127,6.835925752,6.353857702,6.090327071,6.586298475,6.110284484,6.577367539,6.395280737,6.144974506,6.438183905,5.880480895,6.243827762,6.418465604,6.536336375,6.025741622,6.2446919,6.543733756,6.136640249,6.635587155,6.648640633,5.820745234,5.984261439,6.485011481,6.097655176,6.15555732,6.369350895,6.172732338,6.131792992,6.817020272,6.188774842,6.770691296,6.346644522,5.640686536,6.823981827
MMP10,6.590739123,4.933895393,2.42669455,6.705234775,2.174068777,5.721207996,5.258659772,6.233716426,6.610724656,5.416897121,7.10758247,3.830800249,2.663823946,5.431239263,7.505050714,4.35511668,6.835228598,7.349399362,2.213182303,7.644442819,1.558368687,3.41393915,7.455751467,4.246776614,4.365364233,4.108465631,1.583422466,6.046819878,5.367551196,6.101058938,4.78147453,0.878372445,5.014012247,4.208285313,7.016850854,6.170661846,5.281841799,3.844854707,7.091299572,4.228161678,1.955008387,2.539951707,7.60425947,5.674281821,6.870995192,6.236698774,6.574107082,6.646654106,0.559529243,7.815495579
C18orf54,5.06622229,4.881900508,4.487116833,4.08434859,4.267315038,3.755306471,4.701054921,3.824405281,4.010487189,3.070702328,4.979693311,4.44991909,4.747386705,5.56293626,4.736413174,4.315069279,4.69216756,4.763311137,4.387129976,4.559969642,5.507004182,3.529164662,3.78702435,4.827828171,3.564125596,4.212553012,4.007011921,2.542405591,4.206883736,4.621843226,3.810089715,3.30277233,4.604451281,4.172039351,4.998908921,4.400342048,4.269374979,4.407469034,5.202623306,4.583598879,3.315893938,1.470148965,5.316616032,3.659965267,5.244862135,5.034266263,3.972782185,4.615526743,4.3777976,3.922694018
PLK1,6.324573242,6.454880917,6.041701038,6.054126111,5.242172289,5.536831155,5.831430024,4.95632364,6.266207897,5.557706283,6.497709962,6.218021838,6.143800037,6.260201288,5.900483329,5.96071506,5.687836831,6.24650211,5.771984352,6.223532146,6.657441615,4.722980999,6.042804757,6.050562807,5.126721673,6.144068832,5.681046185,4.986441962,5.000919179,6.21689253,5.602988938,5.895558834,6.109750878,5.744976892,6.168944625,6.169091181,6.179011514,6.420304121,6.151406348,6.043793514,4.379390518,5.106642939,6.204499531,5.420480444,6.421591288,6.120935658,6.259533576,6.442896469,4.010623331,6.180537735
CHP2,6.089768868,0.627203397,0,5.785479107,0.926369849,0.421671938,1.986059368,5.087988551,5.977631006,4.396731876,5.057396486,0,6.413000896,4.301769804,3.06077775,0.898806825,3.163303664,5.019903059,0.251744276,0.837505293,0,5.044470013,2.002771813,0,0.829159618,3.155333945,0.518704904,0,0,1.043648776,2.543301187,0,3.267342074,0,4.357936716,3.361043978,2.49334587,1.769141945,2.525443218,0.317273787,0,0.213280361,4.173121588,4.395140882,5.964901235,4.000572983,6.317717435,1.159697833,0,4.63595569
NEMP1,6.364662507,6.340328645,5.608899248,5.94854834,5.460897459,5.566330432,5.616100395,5.68797915,6.164564486,5.888286745,6.223205793,6.012771128,6.124501088,6.279323418,5.920528098,5.980371366,6.230313173,6.0796588,5.739149627,6.017848514,6.574963768,5.56299176,6.216391776,5.893631746,5.294023446,6.394680238,5.645399836,5.443366735,6.030007232,6.598298725,5.716622402,5.839891819,6.023896255,5.970920114,6.218443254,5.950935219,6.419539952,5.966447013,5.776917613,6.346509115,5.359855847,5.950662994,5.921025614,5.406734708,5.640357078,5.92233927,6.420273518,6.122931091,5.466994449,6.348262321
ELFN2,1.263874183,2.292361068,3.732574155,2.975995356,4.325970345,5.372678455,5.8765852,4.009559461,1.392980552,5.102184393,2.195973162,0.086460362,0.877739745,5.222365223,1.888042436,5.101925019,2.915790623,2.073114264,1.75889358,3.95610369,3.976218265,5.26421932,4.425000747,6.096200692,4.825417776,2.474450507,5.693109938,6.117642563,5.500907348,4.462687558,1.738552059,2.46246216,2.24881592,5.577838113,3.646400832,1.473707137,3.408453387,3.808697479,0.699254794,1.806725659,5.526089403,5.55979492,3.939454178,5.383543402,1.395082007,2.812111241,3.994057191,1.627661225,1.912272453,5.766919345
SGSM1,0.187842694,5.995952239,4.421874543,2.76504419,3.931463709,4.115132002,4.173478259,3.213610653,0.879850018,4.117847069,1.841312962,2.702682037,2.723455888,5.079484795,2.642727654,3.771147201,3.609187778,2.251185993,1.197096464,0.983499973,5.789469136,4.539466604,1.81467709,3.910569134,4.376801692,3.875584127,3.487018145,4.696909194,3.30347057,2.17697579,3.735756475,5.092974277,1.806957398,4.449728373,2.145520906,2.463964926,5.757010587,4.497115123,1.215770884,2.036775678,3.735045012,4.953462611,3.960862746,5.013140347,1.756808079,3.324358435,1.796393859,3.201664128,3.949946595,0.891293957
PIP5KL1,5.12781297,4.400624043,4.636135913,4.375762528,4.274117395,5.198049879,4.874431962,5.128965603,4.359530415,4.954106333,4.034175009,5.390472745,3.565227789,4.191086952,2.740946041,6.086950748,3.786258116,4.204971217,4.371511488,3.1390414,5.271475422,4.963915143,4.139490591,5.814764687,5.152707738,4.512661917,6.088381951,5.757338964,5.965402022,3.921723806,5.495794689,4.016392861,3.741881289,4.07341305,3.421397441,3.930137765,4.216283838,3.748388872,4.010884201,4.0121798,6.442500777,5.763905918,4.238633695,5.990528987,4.484551018,4.480071818,4.140866091,4.320229466,3.129552027,4.380071985
TMEM92,4.777163861,4.226314299,5.235444759,4.141437157,5.239003363,5.909943142,5.467307089,6.173731391,5.265140141,6.2921194,4.656770862,4.774869683,1.994038207,5.403632004,5.616773802,5.168846657,4.39333678,5.436879929,5.40091708,4.577506352,4.219507368,5.793646314,5.874251369,5.935394493,5.731326102,4.590368179,6.485544212,6.027079178,4.115838109,3.112314646,4.736914746,5.947677026,5.853970104,6.057325162,5.130582525,3.207043249,4.046875113,6.704371,5.123726665,3.362018064,6.03282241,5.920161155,4.273248423,6.2373096,5.584929848,4.267154469,5.861962466,4.461745101,4.344663587,6.078335704
ACSF2,5.462118089,5.339556474,6.284152215,5.047140643,6.028946852,5.396213301,6.042317825,5.895598359,6.030757937,6.234175106,5.222118689,6.152840245,5.692281614,5.440568336,5.491045192,5.711108884,5.264413213,5.547882166,6.11031353,5.820015463,5.78780109,6.107463655,6.105341664,6.382571509,5.876746693,5.362395181,6.28034857,6.438292158,6.944562936,6.002149184,6.691996553,5.955136155,6.123822238,6.095903885,5.63680403,5.257172418,6.759216701,5.416118251,5.679794431,5.785778712,6.203839914,6.08757857,5.199817591,6.290170556,5.856064966,5.573121577,6.011903961,5.591526149,5.147559703,5.69763017
UGT1A6,4.968773363,2.732026738,0.893316255,5.79305562,0.871130089,1.422233478,0.703450136,4.253632651,3.048317595,0.183914767,6.297541936,0.143567634,6.267964172,1.026549001,5.417850056,4.934807204,5.302346118,3.187701422,2.561347668,3.651218225,0.420757193,1.843031594,4.82208244,0,1.106729469,5.545262446,0.262750605,2.019184377,0,3.855089765,0.746700624,0.363989188,3.679307915,5.980549844,4.945190269,5.226626584,0.813009728,6.573054821,5.742994257,4.076388011,0.196715708,1.404072719,1.966275553,1.4150277,5.48508346,4.769367548,6.279002249,5.0488274,1.176040717,6.16505721
PRR15L,4.868747009,6.39808663,6.415489894,4.363603852,6.795799542,6.467995769,6.846084704,6.4185306,5.118413247,6.780515167,5.273209355,6.174433382,5.058497964,5.393574552,4.842491784,6.525456586,5.57564913,5.809922515,6.924896203,4.282466597,5.085652141,6.773459142,4.923003797,6.743322824,6.757638738,5.969384012,6.74918423,7.105463483,7.471338951,5.634616344,7.501304572,6.814953269,6.225288749,6.753841301,6.034876148,5.37348249,6.443416025,6.363706736,6.617823338,5.468558423,7.141007458,7.109729844,2.572432585,7.251681901,5.604088985,6.169858219,5.391788302,4.369532218,5.609484214,4.180479528
RRM1,6.898893479,6.866145583,6.306921236,6.60081811,6.395598998,6.420947438,6.444817396,6.362356003,6.976036438,6.477911954,6.960199224,6.589761754,6.586517249,6.575489076,6.686319547,6.418898592,6.578547132,6.576077463,6.041790333,6.661173511,6.972569261,6.235853275,6.371252355,6.504978389,6.420459993,6.766899902,6.47293757,6.256399188,6.482466361,6.428606577,6.174659093,6.53762752,6.20607366,6.412996461,6.631324573,6.58463928,6.649219159,6.549846474,6.468420881,6.615053785,6.251580661,6.372677843,6.707811764,6.310126026,6.750802748,6.496640369,6.58278858,6.558851227,5.406122454,6.251643617
CORO6,5.949328163,3.304644483,3.47947169,5.809288424,1.67316501,3.247438903,1.509378821,3.386390491,4.691858776,3.345388329,4.347914719,4.210136961,5.67108219,5.042055751,4.669448209,2.67755845,4.270608862,3.202432796,2.427150513,3.838448267,2.161890327,2.705384675,5.193808783,3.437778712,1.764339647,4.829982549,3.711393557,2.938449563,2.28989854,2.08493607,3.109532832,4.011408843,4.499943534,3.204096013,3.862558482,5.1184034,3.470376248,2.935066648,2.684524825,4.239841977,3.108757692,1.526598856,4.083075252,3.521497081,3.128322062,3.608861506,3.119317579,3.477776671,2.497284054,4.30350819
TUBA1C,6.793820998,6.746373424,6.765721129,6.812563663,6.565817227,6.575195035,6.70209649,6.507757816,6.886584989,6.519502077,7.023034363,7.093181681,6.768426477,6.362302434,7.251802509,6.848469974,6.640407262,7.070445602,6.305178775,7.028223167,6.936109508,6.253030835,6.780571422,6.725486912,6.763471811,6.896058077,6.555956752,6.585130992,6.398430473,6.815836098,6.517891193,6.815751427,6.578639079,6.554261788,6.840867548,6.922721392,6.742643343,6.802353171,7.36698052,6.748154013,6.177995637,6.565914841,6.776434312,6.559798051,7.021020146,6.855152138,6.998372617,7.027003636,4.792102117,6.952683304
CHAF1A,6.406550125,6.154169793,5.616537305,5.948488529,5.691921078,5.091039422,5.624275951,5.540359413,5.974055561,5.830636175,6.092333288,5.678248813,6.272745527,6.053150719,6.055355938,6.058330188,5.793233632,6.114286474,5.252955514,5.855171471,6.455066314,5.419934805,5.712925989,6.097041727,5.359045824,6.194096158,5.916725085,5.62702296,5.5067657,6.084333427,5.259351997,5.911853112,5.638541416,5.489489782,5.845083393,6.340134416,5.810945607,5.939084703,5.659414265,6.422833852,4.938640532,5.138957583,6.193367105,5.675072214,5.669046228,6.069662127,5.675542331,6.196810212,4.496423573,5.591698224
RILP,5.405164527,5.190817175,5.961896651,5.219305207,5.770333996,5.402775825,6.142763238,5.754302118,4.907871953,5.847349354,5.442661539,5.796843248,5.538048752,4.797879552,5.105500943,5.909208872,5.290837214,5.50764395,5.642455661,5.792745744,4.429133838,5.784387571,5.407438971,5.506029165,5.919257756,5.301205061,5.913370009,6.062444866,5.608927946,4.730988732,5.882759938,5.232207472,5.503889005,5.58512125,5.551720138,5.332394347,4.885404003,5.796298071,6.030279226,5.62935067,6.395628588,6.448851596,5.276685309,6.351069363,5.686369188,5.596109132,5.671581847,5.603519668,4.473467383,5.230989477
KRT1,5.472902122,0.232552622,1.956164094,6.791668328,1.434411703,1.811222513,2.050067296,2.018300541,1.024895218,0.983357836,4.584481167,0.519318194,5.4649414,1.055769333,3.428333487,3.470547615,3.209850266,0.8494959,0.241901535,5.278707037,0.766371097,1.883204393,1.308715428,3.790582464,4.129130036,1.946386189,0.500155705,1.156642765,0.442004534,6.170005511,0,0.673203883,4.056244597,1.765206625,5.356091982,4.407354322,0,0,3.15345992,0.948961863,0.539902593,0.204828645,2.400399613,2.293323004,3.88334843,6.412195084,1.579828011,3.682322179,0.417928798,3.491374331
HID1,5.217495839,6.090400067,6.666427027,5.579961584,6.353137717,6.008947471,6.239502711,5.713383777,5.591163093,6.598510018,5.078096089,6.174438999,5.968459606,6.16095771,4.58097584,6.063390963,5.549966846,5.699414375,6.321292602,5.01703499,6.247532225,6.301838984,5.80280715,6.265951714,6.549329022,5.467959298,6.388569017,6.607922254,6.782022067,6.084929735,6.338794664,6.630353975,6.303745272,6.36003051,5.223265845,5.362476274,6.304649634,6.709411531,5.326113035,5.77361399,6.586296702,5.774446695,5.224329409,6.637911574,5.409205501,5.620515179,5.590318382,5.544415945,4.152002487,5.521080208
SOST,6.923734597,0.461620879,2.674645918,2.29317857,1.255955126,0.764734972,0.438674784,2.786504589,2.012476479,1.919803092,6.582904643,2.984781484,6.106196412,3.860731948,0.799729393,0.780711835,2.001523158,0.660185741,1.345435998,2.660879974,0,0.46312765,1.636094292,2.14803342,0.266607318,5.856109347,0.292609836,0.293266113,0,3.822005492,0,0,5.43369405,2.888597814,1.54485158,2.151525776,0.42571615,0.553655707,2.073411406,1.003738298,0.575961007,0,4.3232541,0,0.902373084,3.735717104,3.752282106,1.187257388,0,5.126931442
FAM83B,6.129672704,4.615594846,2.126818767,6.212566997,2.53058524,1.32375594,0.331676046,2.569333208,6.069707784,4.566262405,6.518020956,3.670819821,5.776368686,4.96879629,6.276499941,1.769585664,6.059375979,6.072690054,0.363207944,6.404796204,4.940346413,3.374749424,5.058321892,0,1.772595316,6.075352672,4.614502109,0.218931488,3.678017542,5.872743856,3.153492453,0,4.882850945,0.637354267,5.997545315,5.602527105,5.992902432,5.634351616,6.092080586,5.758961424,0.440574171,1.045036729,4.733848047,2.665372474,5.812217981,6.0667277,5.909460368,6.185586805,3.068982243,5.73594766
KCTD6,4.836358711,5.136102417,5.296872378,4.967312234,4.908031817,5.628959272,5.155465129,5.957939774,4.877719823,5.158872896,4.48280517,5.088426986,4.750409521,4.876085569,4.216400095,5.270383844,4.742309781,5.067914502,5.129284686,4.0639454,5.23241215,5.069658476,4.648196152,5.172616937,5.40331091,5.156315985,5.731159633,4.652385678,4.479336582,4.885631511,5.002119995,5.262483724,5.434623983,5.348952527,5.39132451,4.736478989,5.523362033,5.541873878,5.37276947,4.403437049,5.13246083,4.939956378,5.17729087,4.850845321,4.822669483,5.24962144,4.687094177,5.278253973,5.087070016,4.347421778
ACOX2,4.090496816,4.144817327,5.027139372,4.069011184,5.460576517,5.548809646,4.519405445,5.990237283,3.279138685,5.755803776,4.135780808,4.588326705,3.268675328,3.632857261,3.177402626,4.935950182,4.434293469,5.302256569,3.988309788,4.124687864,2.956551652,5.55024089,3.617300133,4.866521791,5.812630088,4.001345854,5.657404265,5.87534651,5.477346532,3.502036955,4.715933197,5.434760779,4.481571882,5.544700296,4.360226735,3.924896668,3.158709394,5.641159207,4.557320345,3.860049903,5.901543392,6.615521979,3.854902849,5.507472497,3.622645234,4.415749757,4.605633894,2.867466176,5.005013854,3.947552099
RFWD3,6.102819971,6.130746387,6.018706182,6.181850831,5.882017525,5.879857786,5.867220756,5.391891898,6.399455753,6.026808982,6.424068938,6.491479153,6.148433253,6.181062745,6.279711699,5.900998048,6.156600381,6.383138411,5.980926943,6.158647226,6.116498475,5.887032807,6.080145626,6.193600895,6.126063607,6.162087996,6.228421091,5.713751114,6.006250682,6.149385879,5.88756201,5.965037396,6.071217705,6.113475722,6.032664974,6.275991397,6.102320083,6.474923287,5.500220119,6.085803441,5.670094714,5.170608544,6.094606509,5.733459776,6.028262787,6.025233702,6.1112305,6.016677185,5.59571856,5.982977276
HR,6.705521611,1.9056428,2.031979652,5.454535873,4.39211936,2.889706879,2.859492317,3.484354776,5.318702936,4.836500732,4.961385154,0.452670296,5.714663071,5.341217129,5.282761415,1.232100581,5.541533362,6.161187618,4.256539249,4.686595959,1.920212129,3.700086085,4.933306501,1.617433641,1.83057034,5.419113088,1.557238894,2.549990189,2.423837182,6.320233111,2.916421836,2.15716536,5.048320044,3.528944332,5.521492247,6.364617067,1.106314651,3.008671884,5.665042631,4.080273297,3.979958758,0.986284273,4.199178446,3.132386351,6.316063335,6.389887754,4.54232983,4.87917502,2.061234517,4.683568749
REEP4,6.8299058,6.246317291,6.480637842,6.690732933,6.210468415,6.145292771,6.376410833,6.364040384,6.69297447,6.410621657,6.428640189,6.435833963,6.803418107,6.125463643,6.679788098,6.576051379,6.332292878,6.802707252,6.324768577,6.509585788,6.185109141,6.005025277,6.563008622,6.38623916,6.161351061,6.522088883,6.140812439,6.129399135,6.253721831,6.32828604,6.266820384,6.724331735,6.800892538,6.063088971,6.625382911,7.158028534,6.2801271,6.582857279,7.024568095,6.588392575,6.271295719,6.320796838,6.23035197,5.93610928,6.935706358,6.642330179,6.557862974,6.731308331,4.46879064,6.603362908
MTCL1,5.525420475,3.293887439,3.618435952,5.601861149,2.948191751,2.783316964,3.475175087,3.465607659,4.690382087,2.834846847,5.850269749,4.660558839,5.258431661,5.039601573,5.537177816,4.479344079,4.91189008,5.5933755,3.796188802,5.427572309,5.19016085,3.72101544,4.47851452,5.28679577,4.198627878,5.51641484,3.748220157,2.485275485,4.39243476,5.924835242,3.857642509,0.434846667,4.944687398,5.049440704,4.580112938,4.92087879,4.000788941,5.577266036,3.378664738,5.104507574,2.203600335,1.812664704,4.804384672,4.220399472,4.066422185,5.743533279,4.643206485,4.719563022,3.219434792,3.573151609
MUCL3,0,3.617256727,1.728376166,2.139638488,3.995490702,3.997306317,1.045798998,1.193466092,0.75029997,2.994671012,1.946038737,0.853057964,0.281337416,1.973565121,0.147791626,4.672626953,4.048764659,4.042454196,6.377158228,0.614635659,3.492452597,3.192208786,1.384165782,2.85525892,3.905843961,2.956924673,4.783928834,5.132587632,4.567950586,0.311725761,4.349808317,2.921990279,2.64761108,1.978793696,2.468457977,1.111869188,2.510873581,6.438133755,1.154390622,2.240955307,4.811314041,5.228481551,0.140906445,3.695391544,0.95559462,2.619558188,0.840342901,0.802055922,2.770402633,0
WFDC13,0.52010524,0.396605313,1.856966191,1.91800614,0.83440896,5.053997169,1.949021509,3.540919422,1.5119859,4.075453342,0.935653627,0.478321976,0.867824474,0,0,3.344578402,1.442250912,0,0.728041614,0,3.072725975,2.512408953,0,2.819037794,3.046709572,1.013036342,4.636549914,3.293856959,2.790252615,1.247827522,2.220758798,3.531025913,0,2.458970837,0.95161384,1.168370311,0,1.345858371,0,0.511645911,1.865445457,3.970149598,1.87230808,2.953668357,0,0,0,0,4.916802414,1.128175169
SLC16A4,4.241531916,5.240985911,5.819221328,4.031748224,6.043884638,5.829190688,6.126368817,5.910348352,5.966909144,5.66844742,4.409972947,4.418073214,4.19330903,4.459610251,4.273655761,5.196941497,5.582635787,5.177202464,6.509614766,5.277446565,3.849188325,6.321956723,5.409532763,5.562067725,5.397467632,4.50259426,5.946988869,6.108898922,6.692349702,5.344983301,4.911872263,6.605799223,5.615197453,6.306468053,4.555192784,4.473962204,6.755404517,6.725243279,5.257593579,4.391212192,6.45169226,5.784465494,4.881177527,5.641338441,4.353735768,5.073201266,5.70061896,4.138826741,5.74521567,5.08465717
SHOX2,5.088301616,5.087763191,4.445449339,5.242962307,1.802492185,4.496866457,3.191529735,2.566022352,4.760914385,2.169256238,4.057056037,4.256131498,5.457449602,3.706695579,5.121456339,1.693963695,5.342770831,3.759446489,3.265399299,4.151968354,1.137753817,2.335181391,3.928124829,3.909979653,1.441075279,3.144918016,2.222832144,0.689387621,0.436818764,5.616997527,3.479190354,4.928415663,4.368708309,3.86475466,5.089623993,5.150830476,5.38121335,1.838950478,5.066476779,4.451371771,0.292424385,0.378774803,5.354293491,1.578226404,4.186592251,4.860382824,4.284517765,4.28193478,1.461878068,5.689875481
NSG1,5.920795733,2.797849722,2.909588774,4.855079553,3.460184472,2.582006368,3.232092781,1.774801619,6.707866732,1.739264322,4.10989105,0.895390502,2.12152413,5.833789019,5.025050508,1.266732954,4.700235548,5.240188076,1.44557657,4.227520164,1.367174364,3.45269102,2.756394481,1.646180541,3.688307242,5.606633433,2.261097804,3.668384184,2.433084946,3.186439502,1.746579607,1.008932081,3.466922749,1.933253986,3.815477571,4.252231555,1.277800895,2.17905874,2.857124016,2.393406917,2.521287145,5.748466426,5.216284235,3.254412657,5.968808939,5.705000908,2.973084882,4.718061396,4.003969933,4.401128186
GFM1,6.299634418,6.028216094,5.873426829,6.392971113,5.871353061,5.853610389,5.876752331,5.771666342,6.380045831,5.933921307,6.224617676,6.239332807,6.173741448,6.361188818,6.090560797,5.734025887,6.102565342,6.310208047,5.868124222,5.411408626,6.391749878,5.820506425,6.039640202,5.882534211,5.770427707,6.059153482,5.694921316,5.57498842,5.700723373,6.158118425,5.9661354,6.005519912,5.657426559,5.949972968,6.178372,6.090900776,6.151203571,5.855858637,6.407072925,6.061369151,5.710613294,6.082941421,6.346165236,5.513922746,6.427321954,6.193297312,6.088915922,6.203403424,5.554627183,6.053075118
ATOH8,1.344662555,5.566221879,4.535663787,2.546471098,6.180645125,4.9117298,5.11351754,5.196400367,5.318912067,3.880727008,5.172605946,5.917806749,3.062592843,4.561254966,2.750055951,6.780939154,4.154069502,4.927166555,4.703529224,3.786902017,3.138281817,6.048760474,4.453838883,3.510013729,4.223346359,4.476691363,6.337394919,4.030331993,6.848885955,2.757318524,6.854424019,5.442995122,2.499870634,3.243672862,3.617073774,3.886939172,3.292414768,5.752182252,4.647081095,3.769919093,6.491500914,4.660926573,4.276428593,5.591687623,3.721198688,4.531597409,4.924128366,1.991567138,5.093546173,2.350513081
TMEM150A,5.516777531,5.54186728,6.288492001,5.819990388,6.379355907,6.247073692,6.272853154,5.99145477,5.819376379,6.218638756,5.541009352,6.072797362,5.859253459,4.442013246,5.669353483,6.538380689,5.578829256,6.013715885,5.824327612,5.89264894,5.722403441,6.314050227,5.869751282,6.21987713,6.17536149,5.588211663,6.883336735,6.427687146,6.746624021,5.438138407,5.899734981,6.237056161,5.69831865,6.084642037,5.435814693,5.485185601,5.624294467,5.843536333,5.939267758,5.805709236,6.690652231,6.525772162,5.347148291,6.711643668,5.864754521,5.761461212,5.811573731,5.353532822,4.655979475,5.837561176
OR7E102P,0,1.177639931,1.936044549,1.710944776,3.562719643,3.617795257,2.029589275,2.766067241,1.798353505,2.463241063,1.640087637,2.564995269,0.641713017,1.561328146,1.409305449,0,1.263459381,1.201747897,0.913481877,1.494822781,0,1.420734078,2.169938874,3.797441137,3.123250983,0.430939692,3.659528882,4.779679011,3.506595015,0.702482046,0,0,1.647474522,1.813732704,1.173562936,1.730743108,0.82565244,2.018407941,1.051108998,2.403725074,3.356731313,2.700513495,3.635182022,4.094526674,1.300383273,0.989266051,2.067482737,0,2.601304216,1.374704102
FEM1B,6.540562047,6.263541797,6.175994548,6.355105439,6.179283616,6.206263932,6.22055428,6.138472931,6.725650947,6.207667775,6.126183733,6.039183807,6.136277975,6.218544388,6.253543272,5.993807479,6.325805298,6.60970598,5.944025759,6.562898411,6.450152857,6.025696741,6.220164476,6.107238383,6.261823239,6.381780315,5.976148146,5.981355298,6.113143092,6.478676933,6.290976589,6.097385063,6.235991852,6.069779611,6.192476866,6.238090513,6.634564904,6.189690816,6.606663223,5.79109298,6.165377942,6.005137036,6.19791741,5.962094374,6.13771486,6.154374643,6.420957643,6.298583189,6.039965634,6.588978268
SLC49A3,4.308849298,5.338712194,6.29176059,5.308618862,5.783141744,5.424629412,5.882137164,6.198962356,4.417869442,6.002054134,5.244769026,4.954464297,5.151468229,4.894064423,4.767865263,5.866864418,5.135466224,5.389039824,5.529487404,5.478047362,4.74737755,5.745428651,4.976987434,6.121965504,5.786953329,5.534530906,6.556273191,6.453949622,5.623581511,4.548282138,5.848796563,5.569478809,5.148456372,5.644286742,5.453020667,4.786930615,4.878703302,5.826430537,5.554385712,5.746713102,6.193059137,6.071104012,3.129698501,6.018405671,4.933957873,5.28059086,5.548204006,4.496409845,4.657614983,5.250092395
COL4A3,0.47705306,5.489839287,3.889615234,2.581435597,4.681170607,4.447846849,4.022743044,3.999361044,3.002409524,4.685190909,2.473875931,1.420805788,5.107201857,3.904603431,2.023992823,5.233216591,4.544891819,3.865425341,4.871326228,2.738431964,1.773088538,5.959943845,3.556492273,4.442482872,4.804529332,4.125861185,5.448846354,5.566995823,6.259220231,4.290529158,4.552965805,5.753392669,4.068412,3.748864977,3.779775544,3.81453909,5.229669791,5.40771483,2.535062609,4.686673174,5.933872972,5.338678262,0.914059594,5.884857253,3.074466959,3.451270014,3.018024307,2.887772134,5.751031244,1.512808092
CHST14,6.433555939,5.725847023,6.373816511,6.183024311,6.163774035,5.976803873,6.131242088,6.039353905,6.328844252,6.206054415,6.54797337,5.423697364,6.239527843,6.334854287,6.376078938,5.901926542,6.007192356,6.171944039,5.737354381,6.495126599,5.976063205,6.004053811,6.059936483,6.131803281,5.88672271,6.545652283,6.117298121,6.376397663,6.044844897,6.535871375,6.394199107,5.350705495,6.125386825,6.042042923,5.694083014,6.175526322,5.899204734,6.024581731,6.251480091,6.034787297,6.126475364,6.031787648,6.483327612,5.800712642,6.087558099,6.233360068,6.455536158,6.354325509,4.499961061,6.483308039
PARM1,4.986085213,7.192591472,6.087243504,5.04869919,6.913491086,6.678080501,6.417301545,6.659329949,5.972384751,7.048582926,6.179165914,5.890161409,5.688416357,5.083220951,5.912722047,6.500065881,6.512990007,6.246753493,5.985956586,6.153275356,6.830748782,6.678652157,6.307281938,6.150875934,6.842749897,6.201223834,6.943868725,6.710297326,7.069034316,7.406544798,7.252976031,6.969955961,5.667840938,6.302569705,5.975386676,6.235479449,6.755144839,6.904868005,6.384167627,6.397473899,7.312295259,6.751968336,6.435077385,6.398984033,5.794479711,6.332376985,6.935652868,6.266558599,6.380582453,6.603369047
MN1,5.862247447,3.555889752,5.090313544,6.370088883,4.348399035,5.066318945,4.782518076,4.796071372,5.086552883,4.749536705,5.913453557,3.329306634,5.086007441,6.298637967,6.556410328,4.660481027,5.514116429,3.782138655,4.875451107,6.005456738,1.419090742,4.314382141,4.862168316,4.949171705,4.242970306,3.823442933,3.658390564,4.071349197,2.808660209,6.194135342,4.238327172,1.22070997,5.055169104,5.302301069,5.54581502,5.403405056,2.673680425,5.385861647,4.439165171,4.342512164,4.071519086,2.631286392,5.809485663,4.030786154,5.137104002,5.848907542,5.394688824,5.53925205,3.472880248,5.819344609
SHE,3.287291548,4.87596276,4.26980249,3.157035474,5.419214856,5.522853334,5.067185319,4.962070521,3.423640049,4.893498213,4.150026151,6.025013266,4.959007033,5.094221283,2.98755706,4.775406173,4.937586619,4.520245114,3.533716349,4.595703446,5.10006377,5.349713101,3.230715783,3.789547102,5.945918916,4.074682214,4.273151354,6.044653076,6.601341622,3.355879823,4.190265994,2.842645384,3.170599352,4.560240526,4.23784265,3.95520623,3.278186435,4.065640559,3.437163971,3.849921114,6.576127145,5.925219515,5.205558799,6.24820122,3.827639278,4.571657798,3.647552065,2.257883704,5.033256076,1.670659409
PGM2,6.516389226,6.093327273,6.167594526,6.356882605,6.096187886,6.233889872,6.243609703,6.030263562,7.097485176,6.116723907,6.731169647,5.860401969,5.99463496,5.978596495,6.492593457,6.064389866,6.290179734,6.608757676,6.12633192,6.793534272,6.891771868,5.884207018,6.66120686,6.350850714,6.024375475,6.596901004,6.124701766,5.400187605,5.766840715,6.340871483,6.11631448,6.20862796,6.386698026,6.072451826,6.427504646,6.34494149,6.572576025,6.293313334,6.799024542,6.184510015,5.488736018,5.571670243,5.916044108,5.850072827,6.669282549,6.378896478,6.631665258,6.409915476,5.282578326,6.411397297
STK32A,0.618429569,5.238729696,4.630704303,3.469664923,4.483604636,4.82660373,3.819198596,6.11835636,3.580611652,5.620751867,2.396770144,6.203431414,1.011029337,3.038914773,1.653553331,5.866252228,3.849522517,3.757868639,2.035765701,2.870742401,0,6.157340833,2.382089099,4.878682829,5.305331196,3.301771929,5.290429856,6.077176662,5.874627149,2.55476795,3.947345203,2.859492656,0.652815747,5.824849602,3.279889256,2.136581664,1.201180531,3.264267462,3.784095577,2.579789897,5.082443827,5.597394893,3.71363688,5.139311934,4.382844679,3.39292095,3.645713641,1.744302706,5.727539896,0.707428156
SPRR1B,7.703992927,0.761764615,6.775202779,7.187287763,7.087590284,6.659647324,4.169022874,3.404595852,7.048159687,6.387963392,7.314599468,1.433839151,6.872389749,4.763798585,7.678561698,3.550242104,6.912165574,4.731317136,1.642059412,7.281384196,0,3.249561814,5.722340661,5.194496804,3.412287896,7.250299539,7.111486803,2.670023455,0,7.33437845,0,2.144851488,5.931076687,4.966240535,7.696028693,7.47521727,1.172757095,1.433809128,7.869728515,3.780294012,2.32235836,0,6.666380849,2.442081782,6.487963705,7.462980319,6.234302899,7.485491819,0,6.890187077
SPRR1A,7.70391643,2.454683974,5.951018551,6.198222541,6.085602682,3.481072827,0,3.181448487,6.230723969,5.211711995,7.459691156,1.558575973,6.563290538,4.011584982,7.552596827,2.731531441,6.59560259,5.307574878,0,7.15935183,0,5.785489061,4.657721952,1.980900739,3.111076152,7.27375509,6.515926394,0,3.264601805,6.826778069,0,1.868682137,5.887031746,4.536049265,7.366579788,7.811170946,0,1.558782083,7.676565277,2.336622793,1.246533247,0,6.731328868,1.857202463,6.408356991,7.545062864,6.305660713,7.392144185,0,6.66475131
GJB1,0,5.260359157,0.993862176,2.410810784,5.299703947,2.662527539,2.16279802,1.991179973,1.377505461,3.281260758,3.266051372,6.190087118,0,2.859962826,1.460686526,6.506019907,3.589892602,3.085650316,5.931307217,0.878192998,0.831363561,6.294625645,1.881966034,0.455750903,6.292360308,3.026090176,3.750127805,6.911358273,6.026350335,2.003630468,4.881000303,6.680508731,5.386281739,6.324391057,1.431854935,2.847656628,4.217894682,6.850044611,3.658146563,2.080398588,4.154291919,7.007180979,0.785786942,6.629631821,3.788496138,4.462860704,3.433450224,0,3.833287649,0.452534945
BNC1,6.160971135,0.537462525,2.773462169,6.375750954,1.350044875,1.000424654,0.59444229,1.543467685,6.757790999,0.28678809,6.348309823,0.5353796,5.222627992,5.110061255,6.580342527,0.120277345,5.92134753,6.40975311,0.645382124,6.753831043,0.242795994,1.170783707,5.932868614,0.755962196,0.134204182,6.043888996,0.147994152,0,0.246672137,5.444449889,2.752466369,0,5.966422429,0.545124917,6.357320817,6.388733434,5.054282643,1.000578057,6.256494639,3.288872355,0.477931582,0.395812382,5.307476984,2.211040417,6.038363764,6.02289419,6.169357476,5.860436223,1.333119886,6.265103671
CKAP2L,5.836900129,5.712965653,4.831190715,5.556971345,4.049162876,4.962317922,5.121938957,4.380320934,5.529060936,4.325323235,5.959319354,5.625582151,5.752787701,5.628747824,5.699620027,5.405827601,5.503087795,5.602697804,4.592310631,5.389330646,6.24430956,3.741947057,5.748383811,5.785326964,4.074194735,5.410676123,4.89918629,3.992710378,4.834399747,5.643019456,4.821350188,4.911309516,5.070205765,5.430583385,5.947820088,5.452662905,6.092577328,5.024459359,5.222168072,5.03705235,3.014826032,4.109189774,5.813753002,4.788711347,5.79303395,5.375953994,5.719129075,5.789289317,3.412440989,5.387742621
TAPT1,5.280891679,5.677196714,5.619846556,5.080200899,5.90108445,5.844172134,5.373026569,5.973252798,5.526387289,5.67959759,5.09337551,5.354327064,5.084285808,5.241325527,4.799881461,5.580365442,5.488488404,5.167989344,5.197790493,5.258134575,5.809998172,6.135105994,5.315730613,5.313798468,5.986772082,5.49839447,5.514332508,6.112508545,6.190098266,5.687105312,5.111597286,5.881077398,5.103794134,5.547881699,5.248091379,5.127244058,5.944624558,5.147399085,5.100148273,4.946572801,6.117371302,6.270885166,5.251145058,5.662941356,5.355748366,5.442858734,5.135752224,5.05499927,5.87463714,5.189602528
BTD,4.782874509,5.615897241,5.598081019,4.993997784,5.799885497,5.844873057,5.953000484,5.824512233,5.195464905,5.655354012,5.067578376,5.256388303,5.155327322,4.960668696,5.50070479,5.722609111,5.551572122,5.607766126,6.216595197,5.66712132,5.899255382,5.834255055,5.334854446,5.546749063,6.079127524,4.951594897,5.659635716,5.4686427,6.121103553,4.913576505,6.076379548,5.75596049,5.269623319,5.816757772,5.141701223,5.314692559,5.25895599,5.901087763,6.059059188,5.130120727,5.816011123,5.953467199,5.383913063,5.64818248,6.200600937,5.167510687,5.655579639,5.548573938,4.978187198,5.305147331
P2RY1,6.408461796,4.259133614,3.66314939,6.299016396,4.185137773,4.74659215,4.641382247,4.467989837,6.187924352,3.524124754,6.747835033,3.197805142,5.099942806,5.355356069,5.932632499,4.697506002,6.038611964,5.039048387,4.030323723,4.789684366,5.544661514,3.925075035,3.231682809,4.160950433,3.708424422,5.923360403,4.682274375,3.626656636,3.541153005,5.572103805,3.875836566,3.28574521,4.574986365,4.701561692,5.585379464,6.318147769,4.04138985,4.141546252,6.646997762,4.134237873,4.619189227,3.058703893,6.008496315,3.501871791,6.155780553,6.330998722,5.407809896,6.494792315,4.475013246,5.190115081
MUC3A,2.280096271,1.114869734,2.912758174,1.538990897,5.573216838,6.297938161,5.7232588,4.430608653,1.286473754,2.5187349,1.1927077,2.593641417,2.128688093,4.708631803,2.619246601,3.532298901,2.738845709,2.036097736,4.884187911,1.925126036,5.742986221,4.658982768,2.212762186,4.537387238,5.570298715,3.328211988,5.311126648,6.57698967,6.447810095,0.960929263,4.661614206,6.235265388,5.212304316,5.487523018,3.173603565,1.962884379,3.117169514,6.03137459,1.662334387,2.942448999,6.477904996,4.152093032,3.969450081,5.386817808,1.450512116,1.516289916,2.024156084,0.900531713,2.74671093,2.370357579
TM4SF4,0.637335035,2.882996283,3.785555922,0.797672301,2.971064218,2.392831755,1.518057437,1.490826989,0,2.74343076,1.206746836,0,0.341521786,0.706964493,0,7.013213731,1.571938055,1.646324806,3.820531544,0,0.858795017,4.142394815,0,2.375458606,6.511955697,1.623987835,1.828940873,7.581893716,4.366008377,0.673896831,2.491283618,5.95044832,0.758435828,6.579951149,0.925074354,1.535483589,3.563679223,7.033296209,1.587929111,1.055828712,4.615988573,2.452788291,0,1.422525823,0.7676407,0.76930696,0,0.549666037,1.969062972,0
MYRIP,0.591187038,5.658819217,2.171103626,1.299547382,4.543676378,2.395244571,3.359862937,2.903599024,1.096325986,3.659465225,1.504851099,4.094445375,2.624105584,2.351154394,2.871592996,2.391605425,3.091072424,1.231095009,3.766036347,1.181234379,4.638759075,3.387216395,0,0.70802914,2.247908455,2.108673433,2.241252604,2.011330584,3.694631259,1.257983212,4.77492944,0.32572446,1.832401387,2.030765976,1.601597082,2.338961677,3.316331226,2.193435793,0.553301678,2.273186231,4.70059691,1.058682872,0.634863756,3.374442059,1.866245442,2.472110395,0.998804993,2.655514223,4.523893648,0.763620136
TMEM192,5.122457228,5.454132029,5.206088653,4.487370123,5.442178991,5.819268315,5.266655217,5.566834253,5.567065927,5.629997802,4.89247804,5.602173334,4.876686512,4.794495834,4.56451327,5.258094941,5.246441573,5.751108498,5.097138573,5.67405142,4.438089651,5.25763847,4.809839318,5.069024877,5.135164762,4.635208953,5.275916536,5.617780066,5.024953196,4.6256791,5.33410624,5.654742646,4.907466587,5.31472348,4.881941863,5.20994191,5.322984038,5.23024973,4.697390307,4.895150076,5.629606772,5.714926119,4.848603792,5.234619696,5.477109771,5.051565118,5.057850303,4.663880124,4.916861843,4.425133205
ADRA1B,1.01296803,3.967128674,3.672787119,3.170215502,4.643682601,2.420963016,3.805728431,2.940670082,0,5.039077699,1.380155698,4.92588946,3.478074622,3.186739548,1.54922887,3.926743192,2.902050953,1.697922899,2.536046221,2.75484206,0.588149426,4.078357884,3.732384679,4.665189391,4.849426104,2.886130499,3.138758077,1.724358036,3.638420425,4.610013291,3.300815243,1.418836781,0,4.900383553,2.374227228,1.463462249,3.938165204,2.899700044,1.514375611,4.682509778,4.387992598,3.447635521,4.563439195,5.604819579,2.418580901,2.480432273,1.748359902,3.583564133,2.602518961,1.262831786
PWWP2A,5.129010229,5.696691848,5.089058971,5.130968849,5.244133594,5.479485535,5.354778964,5.682650897,5.11922496,5.665713101,5.120498979,5.441485213,5.242320653,5.060756372,5.095897232,5.507871301,5.39806949,5.487012618,5.395734871,5.127724504,5.409471699,5.733879142,5.148970311,5.364887822,5.705260995,5.046439644,5.688885928,5.498943687,5.540653683,5.219884948,5.389759828,5.44227742,5.527330529,5.622509162,5.228383696,5.368713621,5.632499046,5.317001282,4.648460493,5.112599095,5.601029791,6.035363847,5.262452993,5.12792971,4.969541345,5.177239173,5.242871567,5.047092102,5.790165682,5.269286566
FAXDC2,4.522896315,5.396321411,5.238660736,4.367619405,5.427706729,6.311818206,4.918035681,5.140503215,4.365078342,5.205514263,4.66877641,5.2890396,4.90788397,4.923819473,5.11258823,7.070241991,5.048914446,4.800409762,4.173324335,4.740630101,2.979077593,5.886006143,5.002074452,5.564543156,5.553214716,4.3093197,5.116837039,6.083866905,5.874534423,5.15727498,6.224145226,4.58816666,4.971601398,5.192187595,4.498990762,5.213947348,3.068189001,4.782396825,4.025778418,3.897508586,5.891884595,5.038417444,4.508745471,5.817381445,4.381364021,4.976216143,5.181732784,2.855617161,5.348522588,3.80368697
CMTM8,5.941675064,6.137037142,6.327711488,5.732186577,6.332520688,6.419078077,6.111632454,6.600112289,5.32297099,6.315036827,5.935451407,5.904706664,6.033793751,6.268283059,6.002335413,6.27245969,5.869424681,6.346656345,5.629207657,5.454775934,6.7748148,6.325189565,5.971244285,6.550704726,6.61744594,6.030542052,6.193055234,6.484505573,6.244239144,6.044230091,6.220926165,6.256994098,5.621367412,6.326526441,5.941958532,5.384327566,6.104016535,6.189511764,6.073585169,5.316646863,6.449246586,6.570856387,6.242705416,6.154958238,6.695153109,5.969855669,6.364555292,5.803881032,5.420700185,6.409419156
CDK1,6.389401201,6.265823382,6.006596348,6.495909443,5.605461234,5.778335989,6.362720453,5.678226903,6.670039412,5.447108534,6.173341567,6.458023249,6.509874765,6.327186806,6.237799117,6.22455567,6.133160395,6.303792103,5.968031733,5.985913344,6.837668886,4.989395414,6.522804797,6.210459567,5.447575349,6.418595444,5.832282822,5.317610766,5.637049095,6.402550821,5.680022559,6.158507383,6.351777308,5.860074093,6.751479716,6.464046719,6.689257778,6.602086675,6.960331252,6.158938442,4.493415139,5.847288206,6.911771939,5.711061108,6.30831471,6.452122251,6.119963292,6.832712318,4.444978142,6.351358107
KRT78,5.538338465,0,4.345854394,3.348700288,2.928081217,0.798519241,1.959261241,1.318122939,2.071371543,3.369717668,4.314642112,0.864942419,4.445009836,0.274044697,4.659895366,1.79157055,1.591343639,3.22064844,0.63555138,2.988281529,0,0.844312908,1.323400119,3.96345014,0.774097363,3.482793592,1.584805702,3.391558634,0,3.773802815,1.374414392,0.74828112,2.726312969,1.049628186,5.980429021,3.433008777,0.784081547,3.195041817,5.551217989,2.329996264,0.429765815,0,2.252911426,3.47857391,2.737185311,4.585991158,2.965503318,2.24712098,0,2.813281542
SDR9C7,5.427832792,0.980110123,0.878972049,3.528297622,0.687416373,0,0,0.35771488,3.179834414,0.262199002,3.23964834,0,3.151633705,1.977216641,5.783174922,0.305367217,3.496978234,0,0,3.745979639,2.871557312,0,2.487764143,0.555489044,0.338266802,5.090375128,0,0.663532154,0,4.221323193,0,0,1.936252298,0,2.673854568,4.520424911,0.915813435,0.685481698,2.276816299,0.987542123,0.279917771,0.514238802,2.544938331,0,3.841026617,4.986767654,2.564321022,3.516975615,0.557711588,1.708118021
KRT75,1.461977976,0,0,4.668151062,0,0,2.011491487,0.279704628,3.536051278,3.756228474,4.514163976,0.549536261,2.626265159,4.013699925,6.552138098,0,4.450850569,7.33897315,0,7.170070901,0,1.668304079,3.767638989,2.78025745,0,3.772231369,0,0.734955266,0,3.714129788,0,0,0.964231387,6.004244676,1.070210086,1.951292327,0,0,2.062524187,2.189570552,0,0,5.808999978,1.16787873,1.967920457,5.908650457,5.605403733,1.622396672,0.443070057,3.842770655
KRT6C,5.192735632,0.202052729,1.332037658,6.770122953,0.801153746,0,0,1.863634376,6.23582572,1.640576982,6.759500857,0.799589914,5.855719763,0,7.630010594,0.193940016,5.912828871,5.595533023,0.828413411,6.850630257,0,1.465157864,4.845781894,0.364124128,0,4.994238833,0.912861035,0,0,1.652206588,3.181739871,0,5.117918974,1.619463756,5.686557441,6.442550839,2.93155195,3.387849649,7.362528806,3.612330918,0,0,5.109956779,0.591061596,5.676934212,7.253439946,4.705966857,5.190583053,0,6.111660114
KISS1,2.073139724,2.471511753,4.750070269,2.377641291,4.442665581,5.228652777,2.103847713,3.170255729,2.166734587,4.5245874,0.913469153,5.813383849,0.846815987,3.580096127,3.156060734,2.284348599,1.225459467,4.38410642,4.37638701,1.837305887,0,4.499332682,4.782749849,5.03694871,5.93022425,1.767084127,4.762585387,5.044010383,1.778283827,2.75710823,5.840847439,6.151166899,3.203988304,3.96204616,3.373992672,0.574322715,4.765656712,3.694547733,2.229904132,1.759343976,4.476965167,2.682671895,2.969876271,3.067213718,2.13185329,3.756579569,3.370131915,1.886648674,1.106738931,1.102995706
EMB,5.047855883,5.715067685,5.826669736,5.940284218,6.919485545,6.504906759,6.626713575,6.884905102,6.119743282,6.655140506,5.363455262,5.525266808,5.615075879,5.880917514,6.005907839,6.69483211,6.32968986,6.075924757,5.905764664,6.085024901,7.043996369,6.489617892,6.132955405,5.386672998,6.794956362,6.157594577,6.68333192,6.583126587,6.456604963,5.265567811,6.07416565,6.602892027,6.35881947,6.422588995,6.033403603,6.126180621,6.307669181,6.089769646,5.441924872,6.304741619,6.379331103,6.271952434,6.352724559,6.526508808,5.120995008,6.254156482,4.977678347,5.634575722,6.08152169,4.824708263
CDCA4,6.578194439,5.780622685,6.263844839,6.448464543,5.861271824,5.376656039,6.16798778,5.792039138,6.591212723,5.823701371,6.5971988,6.570789847,6.101460401,6.482492947,6.708052404,5.973407452,5.901793318,6.715777797,5.541363968,6.348108218,6.329059713,5.447290425,6.422647369,6.455385043,5.960572552,6.526775517,6.078565909,5.890040152,5.740824509,6.420325232,6.195979892,5.825494865,6.154178326,5.865185419,6.621146421,6.378624055,6.314033826,6.063846597,7.003565844,6.050679005,5.555325102,6.480077111,6.659884057,6.229359587,6.704740398,6.629777748,6.620884174,6.500479973,4.809500977,6.533148906
CEL,5.897651575,1.922487894,1.977288402,6.434921885,1.13394711,1.310496872,3.386597146,2.369774751,6.00419432,3.040448379,3.894734799,7.110713008,6.079777833,3.092183304,5.68107461,2.305758452,5.697285032,3.77537051,1.490020245,1.612442728,2.684048805,3.865681001,4.862410028,3.585569514,1.99784161,3.790311889,4.256668644,3.210791392,1.207741904,3.248917757,2.560257634,2.226035744,5.910568814,1.883756416,4.858264864,6.214854891,2.034015761,1.469295698,6.293421874,5.76794007,2.783814744,4.396198292,3.429260958,2.758451503,6.140462369,5.01304641,5.190440676,4.020854448,2.150738756,3.65883451
FAM86JP,5.291018147,3.701238682,3.826838547,5.54317868,4.648230059,3.782791645,4.495994807,4.044890151,5.495917924,4.853687156,5.233326249,4.239741166,5.994965712,5.291378906,5.487635879,3.825119073,5.093147176,5.213853529,4.383220739,4.550457328,4.744661189,4.370030448,4.596218911,4.941834675,4.524276399,5.324704095,4.952743965,4.714291553,4.652120144,4.979034468,4.94350165,5.001269874,4.930590291,4.739754157,5.059638051,5.706681378,5.171744388,5.203065533,6.487717557,5.407388537,5.393544011,5.040988465,4.48708531,4.675583305,6.069813649,5.645945484,5.213478449,5.882915701,4.396076218,4.850830457
TRMT61B,6.107872427,5.975936232,5.718717094,6.0996572,5.583290881,5.672057122,5.863053869,5.627558014,6.001788547,5.799968605,6.081509687,6.485950936,6.282383826,5.759386505,5.98220894,5.85967048,5.746072,5.951549466,5.716722564,5.853232082,6.117166739,5.674308408,5.836288085,5.770855828,5.838880333,6.401524234,5.821207027,5.701739742,5.765673717,6.015060913,5.568447223,6.032037363,5.670429439,5.831351103,5.958121634,5.954494467,5.966258845,5.923210788,6.230027703,6.135413073,5.700316823,5.935774724,6.266132171,5.802134588,5.875399587,5.707171658,5.792798108,6.031716737,5.199620891,5.677226924
MFN1,6.295805954,5.876439674,5.934071443,6.339325455,5.933144336,5.924612605,6.069362341,5.895657502,6.390542386,6.069250852,6.50727742,6.183443222,6.252011606,6.528053368,6.150399752,5.821797636,6.452536366,6.421313018,5.773622701,6.076122364,6.460310972,6.082000674,6.194966804,5.901174857,6.009423857,6.569097579,6.038992417,5.835573238,5.978018237,6.340809973,6.1093714,5.853549074,5.918676358,5.994001251,6.503800085,6.503594952,6.260222763,5.948376268,6.670871408,6.231545158,5.851540789,6.064845129,6.463982168,5.770497043,6.227016477,6.427118709,6.202852482,6.534061904,5.794545457,6.465275899
RBKS,4.602973169,3.81916205,5.412539588,4.724889558,4.846260574,5.226320153,4.923043849,5.069525328,3.629687066,5.544257979,4.73712879,4.339727478,4.485916412,4.704889126,4.369332429,4.935473532,4.231289856,4.701281091,4.935825057,4.038249096,4.71486134,5.004957109,3.737367744,5.137217536,5.08519492,4.476764279,5.956679996,4.576244748,4.749700374,3.845188078,4.860448206,5.240496336,4.725131566,4.874416195,4.662483609,5.024022303,5.227054806,5.677172738,4.907827344,4.365098529,4.878485268,4.604221158,4.890844479,5.414498404,4.741301027,3.761521886,5.066890981,4.259649724,4.913968224,4.679204793
SOSTDC1,6.844014014,2.656293818,0,5.874825696,3.075184306,2.044026799,5.512291035,1.251349406,1.608086125,1.55331868,6.78981142,1.640611246,4.94822096,5.042367538,5.884829768,4.590271641,6.00283857,4.125988007,0.930741947,4.980108971,1.766501053,4.133256688,1.313798295,0.417854374,4.701558717,5.045393151,3.065854809,1.50404427,4.497139837,6.558030117,1.624410501,2.912624425,2.699841355,2.024489463,3.753476398,5.264846344,1.520039396,3.37926315,5.573815548,3.783330748,5.929625219,0.933625266,6.160141827,2.511873104,3.796191617,6.678278598,3.016111689,6.742563528,1.557093273,0.992569494
PGAM1,6.689906505,6.475397533,6.284337248,6.668148482,6.456686133,6.505879844,6.59316197,6.320491139,7.092076806,6.298527712,6.717367141,6.509888638,6.502094106,6.329742117,7.078431547,6.606466514,6.514758419,6.728848868,6.222214979,7.064132917,6.834524858,6.223965698,6.510603313,6.420366314,6.518079309,6.645397434,6.046448608,6.150098321,6.224810339,6.517135347,6.495359561,6.338361255,6.243407,6.503402207,6.762464955,6.808546081,6.210891589,6.868457355,7.223850597,6.521563236,6.186055486,6.498211059,6.66363247,6.303742656,6.931561679,6.567191146,6.87607704,6.819555234,4.922164762,6.959440622
ESCO2,5.0851517,5.32724696,3.740925024,4.142890736,2.726369937,3.67799851,3.99707109,3.285991321,4.364833976,3.705107479,4.220089404,4.587599502,5.307206691,4.775147054,4.141247112,4.458931795,4.313480587,4.693326336,3.41703145,3.599684057,5.132281618,2.476694095,4.047334886,3.861806945,3.256834428,4.558032316,3.368393163,2.497140569,4.031401718,4.722653225,2.961362738,4.278826195,3.491229956,3.591095217,5.100467712,5.309542637,4.908178216,5.156889891,5.723055009,5.157671257,1.792535116,3.18015163,5.218429862,2.088365062,4.183968235,4.99507924,3.766836029,5.025475061,3.330309616,3.526492022
KRT15,6.650053794,2.996942073,6.09657052,6.795949413,5.546603182,4.249725361,6.663261961,5.070693506,6.677786119,6.606057986,7.48940855,5.048490749,5.590029094,4.654400573,7.271477342,5.491210864,5.924267037,6.62580068,2.706981543,7.535428348,3.764614845,6.018745653,7.240677867,6.600886405,6.530645183,7.38825902,5.781117128,5.356730072,2.687548843,7.254472029,4.624603186,5.441770184,6.182044927,6.282360393,6.506685193,7.521573535,5.390774713,5.760422516,7.574454674,7.063096471,5.367164621,3.316696393,5.590420497,6.382442943,6.173395168,7.026204114,6.720263234,7.477264928,3.69529758,6.362057404
KRT13,6.450130381,2.089198747,1.694704908,6.548042639,4.648411486,1.395515282,5.591007859,0.883339178,7.127342936,1.635041415,7.261636918,2.275153376,5.592969957,2.415020513,7.031441702,4.678555031,6.131929151,3.990309155,1.880070031,5.641889795,2.058586768,2.896459049,4.952906906,3.101300483,1.360236709,7.091384534,2.936953045,2.019450351,3.251793766,6.908853712,3.554791358,3.897876256,6.589705246,3.340021903,7.30815804,7.814964821,5.461157755,2.790773384,8.03089669,7.251628884,2.828179841,1.474294771,5.955109564,4.254713305,7.275448464,7.451376987,4.048321922,7.052086818,0,5.385560085
NAT1,4.280313595,5.074681726,5.74067286,4.587745751,5.305572481,5.881359724,5.358682916,5.252430577,4.491740887,5.230105841,4.04414794,5.09275043,5.038993515,3.552701814,4.061559141,5.661533135,4.61610742,4.731585548,4.530843683,4.045751544,2.369152479,5.259396192,4.194902338,5.83622993,5.428259222,4.478388063,4.758480356,4.478665333,4.553014879,3.643047863,5.091508595,4.758144282,4.572159062,4.775750675,4.774764778,5.266587336,3.996731265,5.083663029,6.004704292,5.70152279,4.853686873,3.652978686,4.817875029,5.394979786,4.806821427,5.149480055,3.988724136,5.124006757,4.737211999,3.847955854
GLOD5,1.406114343,3.096671594,4.915990374,1.304763017,4.020296968,4.713193605,2.867252157,4.824344822,2.238084496,4.993174185,2.137084094,3.844300536,2.025962277,2.868213336,1.631617464,5.010977041,2.838881086,3.364609475,2.834833325,0.53004618,0,3.423416737,1.71306276,2.943374,5.159579041,2.694915584,4.57460344,5.691638872,4.718672809,1.467869276,4.576146733,5.62959694,2.307882723,3.444823163,2.600118899,1.687982046,2.375562994,4.379909974,3.494365425,1.648488533,4.696322688,4.906242863,1.008450521,4.728447433,2.549422055,3.027513991,2.021260441,0,3.901494237,0
MCC,5.872305292,4.110935751,4.085234576,6.01118237,5.313234471,4.991390482,4.62503321,5.349189975,6.019152424,5.300811614,5.985706401,3.231364944,6.094708709,5.639420312,6.026070699,4.534105276,5.966393766,5.76857703,4.464722159,6.151027587,4.579669024,5.295719528,5.333283559,5.249876657,4.947739038,5.385046668,4.57446933,3.301926473,3.883791274,5.884151205,4.656869146,2.316003001,5.196952559,5.020880454,5.603799338,6.141080943,3.423344289,5.764382055,4.576670111,5.154589531,4.838097176,4.030728271,5.544654079,4.455603627,5.920544047,5.306355313,5.642847462,4.320073089,5.562259229,5.800961354
DLK2,5.45305827,3.791946984,5.103153266,6.009241087,3.904836663,2.251185784,4.691646976,3.842384677,4.28806412,3.974014565,6.222109974,4.267742512,6.266180397,5.580619042,5.994722857,4.167974093,5.12247902,4.754321882,4.082893678,6.493368377,5.991586266,4.599469315,6.176127294,4.904497426,3.714809985,5.918263564,4.517459404,4.303489964,4.790477596,6.655835893,5.206840158,5.859901835,5.305192022,3.780892548,6.145305902,6.169122285,3.862864499,4.267224883,5.995198442,5.272348887,4.811176399,4.212796726,5.612645963,5.177913815,5.87644184,6.051443972,6.064627072,6.486817534,3.515949766,6.071230528
HOPX,5.918495319,5.846354175,6.370764137,5.478800335,6.886645912,6.716423872,6.759359402,6.379391215,4.979002139,6.438649767,6.350193376,5.836940716,5.369582472,5.447695129,5.503543866,7.002873731,6.225102528,6.081576441,5.280946325,5.342838162,5.09512574,6.772133863,5.705913227,6.424608834,6.813778054,6.420057505,6.721491744,6.673607973,7.16444127,5.346265239,6.597097639,6.628316615,5.28348408,6.284753002,5.97428353,5.885008663,4.759633425,5.685808824,6.797817793,5.445026682,7.239908225,4.728122381,4.268972005,6.982752523,5.89750458,6.479563483,5.605304599,6.094537418,6.102669345,5.318516836
LRRC8D,6.346218465,6.200419007,5.929694894,6.016364955,6.20214189,5.63121839,6.166889761,5.502144791,5.678175902,6.022961114,6.273958696,5.637260033,6.139242562,5.962519743,6.17708699,5.637567608,6.13652716,6.29167191,6.079270331,6.14333014,6.65317274,6.092092212,6.027530604,6.114470507,5.918068204,6.347875124,5.794121368,5.601214181,5.808922405,6.273473373,5.672079283,6.082149138,5.760796269,6.013518611,6.010074296,6.434112024,6.512876075,5.639371349,6.23511742,5.747008345,5.895931723,5.685461687,6.416317415,5.92328989,5.948779442,6.301070974,6.119024874,6.378450414,5.390118578,6.424388273
LPAR3,4.780609932,4.474612658,2.936744849,5.347904532,2.669004572,4.242367482,3.162022906,5.200717362,5.179297181,5.069376518,5.977427742,1.806094884,4.827678243,6.115678598,6.323648161,4.502471622,5.673681906,7.086143326,0.816468739,5.747364053,5.970218312,5.78550013,6.438438061,0.434706761,5.737780441,5.547200581,2.110747614,4.403698277,3.885228771,5.735207492,4.381230461,4.609844684,4.598421012,5.756062798,6.01658596,5.90786553,5.248323933,2.204662285,6.248340529,3.74484842,3.049328359,1.990116794,5.744797932,5.121746074,6.2097943,5.792676752,6.248755842,5.637973338,5.059008707,6.588821087
FGA,0.537529848,5.828329559,7.215262175,2.362043899,6.46649282,5.745908556,1.765236067,3.967587122,1.349980021,3.5497542,4.436998216,5.458500524,0,2.5938916,1.098772707,5.303861304,5.450200227,4.061767923,2.661025446,2.725328248,6.220697548,4.575482734,3.589821412,0.607297604,3.587863502,4.906753848,4.853895753,5.751829349,7.421839529,2.349783611,8.037425308,7.810732241,2.018324366,5.494526863,3.947820032,2.645480518,7.819503291,6.91908964,4.327923011,1.373111566,6.211573558,5.361729859,0.496986283,4.339005848,4.795929657,5.466345852,4.343746044,0.586324625,0.507594897,1.158926124
FGB,0.525856941,5.94751664,7.02821453,0,6.792564329,3.849590166,0,0.243302713,0.655050182,0,1.105408455,5.880394359,0,1.307892204,4.825986539,5.949755497,1.361947379,1.661471039,2.631847706,0.431249701,5.886548774,2.024191517,0,0.206456373,4.167839188,0.334967971,0.813032239,4.267947419,7.443965789,0.30645717,8.102188587,7.790751715,0.63036215,6.310388814,1.268007076,1.010961718,7.794440158,6.261394824,0,0.282708775,0.87086502,2.028372532,1.560756717,4.047245622,6.433833517,1.074080334,0.392309765,0,0,0.683492685
CXXC5,5.408110228,6.038682139,6.766052029,5.788498113,6.595789327,6.150463454,6.485235685,6.711407027,5.56152883,6.545008724,5.429041671,5.737755892,5.770548812,5.985759807,5.906863363,6.25849029,5.825533687,6.211835019,6.427226223,5.892101918,6.253730475,6.346835802,6.348092948,6.140953737,6.329462541,5.194114086,6.668542699,6.404943858,6.448579828,5.788924481,6.616269347,6.377512682,6.281675994,6.440339725,5.982089903,5.75183062,6.284782411,6.13002825,6.101783927,5.902525546,6.30450025,6.409915286,6.240544921,6.456412894,6.306282795,5.776179946,6.944495752,5.45880041,5.351220708,6.452581716
NMRAL2P,6.730922592,4.85087454,2.396751808,6.53740948,1.149405196,1.629021801,0.695456719,3.620184869,4.695049391,3.377682641,7.148359436,3.765361762,7.259639346,1.801961353,4.677848222,1.956589639,6.209196392,2.280401238,3.752036911,1.270931934,0.415498247,2.750477381,5.728796945,1.433055738,0.909561466,7.219582304,3.269916573,3.677255845,1.722358072,4.725577716,3.433081122,3.450216728,4.72805782,3.57549214,5.62207919,6.217423182,6.635533371,5.948066805,3.225519748,4.617786345,4.781940859,2.661228717,3.391312807,0,5.021565361,5.126817909,4.276625092,4.414745474,3.022738633,4.166320736
CTPS1,5.984203859,6.540906655,5.517306181,6.112600115,5.606491595,5.535065095,5.853156171,5.342042453,6.426256241,5.613400708,6.488216814,6.603735864,5.657970955,6.130976441,6.303581027,5.823681182,5.912476631,6.645526421,5.637434306,6.346185296,6.712081821,6.035926829,6.33983659,6.080472197,5.520192252,6.232740311,5.616397447,5.800911241,5.690438947,6.307520317,5.689460582,6.026848365,5.884986174,5.946294221,6.401238448,6.20886387,6.817468004,6.067391541,6.351271572,5.993637543,5.687386797,6.839657105,5.947747311,5.863198264,6.336238515,6.141964052,6.535100775,6.256508503,5.449553941,6.184093857
NINJ2,4.425688799,5.634193388,6.046763799,5.232028243,6.561682843,6.153915418,5.97316259,5.24314118,3.753060238,6.156722024,5.111851305,6.468693059,5.038834451,5.106215492,4.945734584,6.146872691,5.140461231,5.169956006,5.007129407,5.88040141,4.164099062,6.45258207,6.047635137,5.572127971,6.262399138,4.914765468,5.828367023,6.454354896,6.213227422,4.993842426,5.676459676,6.278211795,5.255510564,5.548759079,5.34767028,5.387533959,4.664240027,5.535066941,5.882208522,5.023112265,6.313965171,6.688040455,3.119305316,6.938106134,5.236715502,5.410691628,5.77438957,5.636828702,4.694972202,5.71706558
PRNP,7.157272708,6.515850094,6.616321848,7.159353928,6.965409218,6.945075496,6.985057635,6.981138142,7.195678474,6.733216766,7.063185682,6.56566671,6.746835694,6.621339856,7.599216644,6.83738207,7.205697711,7.191304632,6.350681752,7.501877659,5.817126569,6.650376889,7.167732702,6.647833517,6.869509899,6.881537977,6.841687666,6.847979664,6.584534333,6.848705348,6.76441006,5.692215085,6.74556261,6.904600981,7.207208456,6.906455993,6.691164653,6.766037932,7.199061873,6.819973723,6.584762677,6.544840365,6.965518831,6.552553036,7.225427317,6.990609382,7.468749581,6.786954414,6.206812564,7.576694492
FRMD5,1.45957592,4.576538552,4.499544253,2.29317857,4.108729534,4.052964266,4.077052184,3.585814836,1.793343812,3.595871994,2.498979212,4.545910533,1.847754457,4.791462712,2.180231662,5.127227938,3.070662546,5.269511303,3.45043921,4.916450081,5.335187422,4.247011109,4.434111411,5.47845752,4.694698577,2.681333701,5.2220272,3.653877251,4.776108611,3.553143457,4.219729453,4.551665152,4.08320183,4.957066643,3.263574458,1.414762884,4.134141785,4.077737963,1.138836525,2.490767142,1.967715145,3.221766318,4.934470212,4.417276529,1.313988637,3.067096023,4.970357505,1.838213792,4.324309652,4.732575148
ZNF556,3.380402103,0.338426699,0.539358861,3.894977183,1.4700193,0.452954416,0.16964893,0.610435855,0.110409608,0.664363764,4.408830537,0.114336375,0.120651269,2.258067886,4.205983552,0.172235223,0.287814673,4.49173039,0.498552562,1.389078695,2.931790676,0.939897966,3.020316423,0.088777507,0.278586873,4.281150411,0.109516844,0.557027187,0.184188391,0.570869806,1.043989535,2.592860525,0.837315062,0.487923054,0,2.431757773,0,0.317725337,1.712189892,3.26823158,0.229694813,0.545646795,4.059895569,0.737625846,3.556855355,3.729885192,0,2.653618961,0.908712312,0.805152785
GAP43,3.854655313,3.416357791,3.928023775,3.814289975,1.5944527,3.328969491,4.766366872,4.123149705,0.802111448,2.910340941,4.168688575,3.894383162,2.644587178,5.984173235,5.125051614,1.356713907,4.675236123,1.670229294,1.723679086,5.714185492,1.781787149,1.39653025,2.305175247,3.101652075,0.736410321,4.639282149,2.100542553,0.986339312,1.178170235,5.999528243,2.690698866,5.862450143,1.621359257,4.650025118,1.492995145,2.974727024,3.73905832,1.184250111,2.250359622,4.285508921,1.167227976,2.480437048,6.086683451,1.254145845,5.458882896,5.142756071,5.854356772,5.739268052,1.121026032,4.605826391
SNTB1,5.164120975,6.065195213,5.392110769,5.490536573,6.119208,6.418450514,6.439107704,6.232604558,4.291595743,6.557891437,5.144771017,5.597097027,5.122411708,5.968124179,5.792759447,6.269320703,5.962508918,5.26746291,5.249663378,5.150906335,5.821457457,6.204118745,4.68620655,6.184879886,6.252748397,5.14111639,6.120328057,6.802023612,6.351755596,5.575746729,6.102717839,6.241710171,5.15701436,6.156839698,5.185621963,4.697532384,5.186401198,5.301122163,5.155530764,5.626624358,6.683165919,6.10255463,5.704283695,6.840747702,5.038806721,5.505024415,5.950767215,4.538233307,5.650189027,5.257473795
MTBP,5.032542842,4.834170922,3.202379344,4.995579706,3.498915411,3.776287585,4.203873446,3.230216285,4.625499606,3.585551519,4.061589652,5.056071224,4.517792923,4.905655507,4.486049852,3.850748482,4.662219017,4.620124352,4.52123327,3.666328414,5.10269659,3.530390893,4.812230965,4.77593622,3.550805263,4.699608474,4.806771208,3.171892551,4.139639579,4.795002231,4.058891564,4.58295979,4.543636293,3.773957084,4.570412674,4.69825867,4.983128476,3.988840666,3.71785224,5.211337825,3.1842553,2.672418896,4.300667452,4.423006694,4.427786468,4.323515946,4.496531692,5.044870449,4.508711632,4.04410668
SUCLG2,6.232021139,6.278790869,6.44819502,6.261829595,6.660356801,6.656640669,6.642453186,6.585460103,6.425174697,6.424568532,6.16615263,6.323007703,6.006567107,6.046654215,6.317272951,6.711366343,6.430265658,6.621140891,6.649534875,6.479144879,6.328561394,6.415087606,6.22341371,6.585285005,6.564315757,6.362923818,6.595463141,6.014174895,6.603417622,5.944109695,6.931134563,6.723892438,6.133423113,6.482486592,6.213640546,6.156971466,6.74909249,6.813623037,6.45513514,6.119650642,6.754130099,7.018373113,6.080377233,6.475706879,6.467067664,6.168971372,6.32056582,6.168534502,5.861531667,6.108722669
STARD5,4.631805152,4.111089744,3.509813754,5.152911213,3.436671262,3.928603332,4.176191709,3.549769963,5.03607096,3.982792423,4.151019989,3.02185528,4.757895266,3.044286937,3.934627983,3.026310719,4.603674282,3.240184038,4.474164149,5.828534116,3.090260306,3.69473554,5.393417068,3.499314126,3.802341766,5.738968193,3.660348325,3.305070497,3.379101411,5.220796806,3.677245124,0.764676981,5.112052609,3.469306762,5.544249253,5.617984912,3.230127022,3.368971957,4.973647116,3.919238663,3.583360376,3.486009921,2.8025591,3.761427083,4.864520122,4.820032864,4.980589796,5.448611803,3.288655368,5.314494082
NIPAL4,5.685758432,0.862441612,3.211770545,5.863304257,2.91211594,3.625967892,1.926485445,2.160531432,5.887045334,1.772802939,5.525289785,1.746476448,3.750416283,3.344292197,6.205336687,1.975836993,5.265263942,5.15349785,2.431523438,6.316852529,0.273639554,1.590257936,1.296421495,2.649687435,1.746797377,5.572525612,0.687431542,0.793244294,0.88052099,2.242640382,2.510027046,0,5.0961458,3.003895444,5.583780186,4.091357113,1.670915963,2.885679285,2.714399743,1.970484702,0.982123729,1.04758356,5.009685953,1.679475642,6.291734103,5.337627761,5.552567149,3.345499446,3.255388023,4.202958262
RND1,2.658176328,6.159739715,6.565449673,3.149206048,5.903487837,5.248018222,4.181659201,5.800280699,5.390445707,4.873132422,4.834999884,4.699866637,4.100670044,4.453976946,2.692881264,6.072147559,5.506762672,6.34350306,5.233650505,5.126378688,4.736164505,5.216846129,5.237365774,5.139432503,5.864406827,5.294644352,6.07419699,5.633908953,6.416419004,4.761480347,6.215624278,6.32372133,5.179038848,5.077646436,5.262212728,5.9883455,5.099804839,6.460600722,6.368674094,5.678994707,5.314377114,6.262570441,4.637189148,5.562889064,4.313552545,6.007291863,5.946784473,5.051333535,3.62203769,4.787772423
RARG,6.626572888,4.733502598,6.457376656,6.497583596,5.823740278,5.812371775,5.818099126,5.992579543,6.82059185,6.426800752,6.32912552,4.909037865,6.021386204,6.395697241,6.546143394,5.719662127,6.324922748,6.434683559,6.156512712,6.441663755,5.528448776,5.863337071,6.521770715,6.169226747,5.725413234,6.396896384,6.152185848,5.998366404,5.640275053,6.931543934,6.042324019,5.394018825,6.486715697,5.930049707,6.218685717,6.693123039,5.371514416,6.345874553,6.529156595,5.871914709,5.822620643,6.024485029,6.374755437,6.0867889,6.329341954,6.416587622,6.817616223,6.281764591,4.59336506,6.747907544
DELEC1,4.018590782,0.127747528,0,2.022514245,0.753467554,1.013931813,1.341175766,1.699237563,1.98874818,1.073370551,5.100204608,3.008904393,0,0.195418834,3.859701184,0.122479016,3.400534148,0.512324233,0.469416827,2.918955575,0,0.454151835,2.319595516,0.971480716,0.375274546,2.120040174,0.150675967,2.118969588,1.757571612,2.533459542,0.803462166,0.834638766,0.212500677,3.810171321,0.497747446,1.292593264,0.22428605,0.543241391,2.156701996,0.694428585,0.711737328,1.408261025,1.169398947,0.209961146,3.9869691,3.8203613,1.164047169,2.514549651,2.240816508,0.762447764
ADAMTS20,0.727228755,1.490728631,0.388842136,4.414710227,0,0.531933528,0,0.096019078,3.698842459,0.313474249,2.753937908,2.772637222,3.498070381,2.544504054,3.508101536,0.08081811,4.298890697,2.228126074,4.839279777,3.399943473,2.08325539,0.16447008,0.891149767,0.29846085,0,0.257826703,0,0,0,4.2519887,0,4.116156942,1.270680086,1.564344235,0.237843837,3.66997891,3.501330187,1.49445431,1.137400894,3.998938665,0.21002628,0.073806502,2.610195948,0,2.248710821,3.074289374,1.708601089,3.462909382,0.300435699,1.160077652
GLRX,4.653076322,5.246100827,6.001555584,4.69824547,5.812593823,5.827719512,6.187994685,6.008638768,4.786572387,5.941994163,5.043152021,5.3333611,5.17810128,4.109072531,5.04675018,6.02084223,5.715493289,4.792461834,5.956827504,5.469583405,4.94351273,5.38308236,5.862641822,5.738788955,5.851878899,5.512723986,5.501909603,5.310233041,5.008054528,4.934704345,5.990911362,5.674761815,5.949467142,5.854019112,5.642698645,5.428949488,6.299940058,6.364779332,5.874007418,5.616581835,5.239158111,5.345475486,5.027998512,5.562028632,5.419740278,5.577112092,5.201077399,5.842072432,5.049946082,5.320421617
IQCB1,6.516057593,6.132723358,5.860558608,6.403967958,5.827484187,6.211790703,6.242956616,6.047418447,6.289359234,6.247187334,6.232003955,6.640679983,6.529941689,6.077315695,6.332916893,5.887137408,6.269387014,6.220462736,6.104548965,5.736198842,6.3477644,5.845017915,6.159577135,5.912426751,6.201132407,6.360210147,5.996561657,5.99062035,6.03230415,6.438410371,6.054827364,5.926458893,6.212316868,5.967492733,6.252806208,6.410622601,6.602923892,5.790121113,6.446982021,6.66002125,5.805339558,6.099655838,5.963367945,5.928785863,6.122579954,6.361243108,6.094952637,6.562189598,5.66521017,5.619211476
DMRT2,6.139542413,1.295663557,1.007092868,4.31255855,1.943001093,2.989005154,3.223681698,4.040935275,4.293320145,4.59746732,6.57908092,3.268087369,6.499249305,5.120846882,5.646119518,2.130511345,1.20068511,1.867926877,0.692625979,4.543299233,2.456547738,3.957163882,0.88481541,0.770431198,2.294124163,6.400589826,1.148321034,4.070390611,0.384273342,4.680593469,2.463934606,0.326816201,1.685742877,2.761173884,5.768288854,5.943484948,3.335068392,1.183383637,5.883942115,2.831808532,1.400442579,0.600375776,5.63064357,3.736625616,3.850974509,5.329420773,3.925580817,5.343457997,2.143528271,4.468663858
NDNF,3.099671273,6.567339027,4.373498261,4.575246529,6.822177086,6.92309919,6.628522985,6.572414128,5.092927504,6.840405957,5.543945184,3.631454696,2.119319062,5.488976404,4.552728221,6.958404775,6.431507432,6.205687268,4.891249564,5.419539558,6.825189017,6.636661618,4.055864719,5.20660698,6.719122273,5.227102206,6.52095326,6.403676118,6.169381195,4.849890772,6.095494486,6.528575788,3.625412932,6.39649653,5.531913442,5.175870634,6.323229401,6.098499328,5.811678267,5.420598802,6.802604847,5.673634956,5.204021623,6.025986554,5.097687583,5.558720436,5.811170333,4.170322647,6.099641496,3.927447578
TNFRSF10C,2.394106245,4.82623481,5.120416832,2.061287378,5.164878487,5.940527503,4.836469273,6.150918503,3.649012274,6.29611655,3.857356405,5.567095739,2.785764652,3.449732802,2.915903978,5.816540463,5.037739998,5.343902405,4.743231254,4.846658447,2.347791584,4.977394402,4.03549866,5.207325909,5.618053971,3.516777771,4.706232313,6.100112019,5.752391439,3.620180171,3.771685467,5.663367261,5.328983764,4.900484086,4.217989303,3.43348182,3.687293983,6.127982993,5.449000918,3.313585272,5.704951583,5.473619639,4.535968882,4.721572469,3.340864295,4.260322448,4.5888429,3.526484938,5.045882279,3.144251924
JUP,7.468336317,6.943022519,7.29736584,7.348799779,7.028828298,6.972448733,6.824187973,6.857378372,7.45976956,7.096625026,7.248216035,7.169507933,7.379928988,7.034319058,7.530859618,7.244347332,7.066593832,7.461878864,7.05472712,7.452777529,7.027682199,6.888416726,7.1730424,7.288043565,7.235663335,7.249216788,7.178547792,6.927288216,6.826908165,7.319117839,7.123907749,7.222856911,7.145228262,7.067180262,7.197990507,7.53506038,7.069925499,7.267507899,7.402904344,6.948227141,7.176315253,6.99257358,6.773503574,7.303913115,7.43243106,7.207987029,7.440354301,7.197504454,5.404723077,7.586875727
HAP1,6.58782637,4.186967763,1.871091715,6.280589242,0.604170172,0.474579785,0.725591239,1.556517851,1.931352798,2.68637129,4.629194235,3.316895546,6.835706906,3.751144038,5.525457116,0.615719039,4.791130445,4.142988425,0.65962599,3.952426396,1.8414468,1.603503388,6.032364762,4.92060001,1.636321556,6.201602213,3.877821456,1.048129652,0.651938997,4.031129604,1.084590646,4.595933214,2.239009652,2.425726772,5.50435611,4.132042964,1.169846941,3.576641033,3.478255359,4.03484252,2.31835964,0.736015051,3.928470145,1.325880951,5.663297838,4.850124922,4.282641053,2.68505947,1.207160892,4.555353309
GOLIM4,6.852647586,6.422035162,6.189342409,6.85704448,6.395924621,6.472927761,6.5265155,6.758749701,6.36720441,6.474827039,6.825331707,6.428338287,6.419030113,6.834353156,6.73570209,6.30187133,6.776752338,6.850328596,6.211300387,6.697615306,7.065116716,6.379130212,6.392759452,6.425859714,6.269372734,6.858471976,5.933685726,6.433686785,6.378490615,6.721204687,6.303486203,6.400285279,6.29961699,6.646813622,6.794773392,6.742687847,6.177886836,6.209988226,6.514609401,6.259439793,6.230045426,6.791294038,7.06233197,5.717291847,6.501052889,6.603035302,6.561263346,6.715210002,5.859299669,6.843450483
PIFO,1.473453311,4.436649445,4.76087389,2.544452505,5.100441354,5.070824355,5.75258808,5.746675415,0.976586341,4.807632633,3.270651487,5.232127077,1.886051417,4.3240817,3.953272187,5.654803351,3.88358033,4.262881059,2.621528543,3.972617227,5.460278092,6.141777805,3.052045309,3.656332631,5.61849153,2.413924241,4.091538746,5.11235742,6.318817408,3.545901747,5.280916216,4.74985551,3.890227319,5.498345374,3.069887233,5.260757891,4.670273458,3.632669528,4.921988419,3.100300752,5.518738079,5.225655018,4.292194544,6.206718885,5.406987413,5.130444275,4.850307686,3.110920911,5.206633468,1.619308016
XXYLT1,6.38883457,5.333970272,5.572502904,6.147769126,5.381569418,5.309323102,5.698981959,5.337181005,6.135208124,5.391134325,6.480354481,5.848514203,6.412332145,6.129343761,6.492489881,5.38221613,6.039067615,6.100936302,5.087673617,6.567629979,6.103609308,5.065124389,6.006856668,5.694565489,5.649815896,6.700034158,5.027127728,5.367058973,4.947612737,6.429417609,5.373197648,4.612291106,5.692904701,5.728806626,5.567931044,6.270495943,4.691846709,4.973674391,6.517596848,6.179541216,5.328577278,5.174017225,6.698267943,4.779997323,6.245573342,6.660432197,5.8842694,6.881476078,4.622002951,6.351706781
UBXN2A,5.773975561,5.514259175,5.530416395,5.772770704,5.411691358,5.517806361,5.670032216,5.496907251,5.813015474,5.423691887,5.718671686,5.44512766,5.895610456,5.611182293,5.598927617,5.608885652,5.692923896,5.499615961,5.230064356,5.804003384,6.128400676,5.537853065,5.813300561,5.295740674,5.548865567,5.59590586,5.361975173,5.50832973,5.446785091,5.637418358,5.350422947,5.737875062,5.293594552,5.614880706,6.014827938,5.735461956,6.066614407,5.322089321,5.913190837,5.366137032,5.381266391,4.785687576,6.119225812,5.542976015,5.824861932,5.379786961,5.613184088,5.657442646,5.069945761,5.667010541
CEP19,6.026700372,3.795891952,4.629186534,5.422380576,5.020180365,4.46539928,5.256274244,4.838363866,5.128361341,5.088720751,6.159196583,4.63802745,5.774488272,5.411762556,4.952325583,4.597404909,5.470581426,4.894130307,3.868483727,5.854363942,4.709493464,4.798682645,5.251993026,4.548542788,4.080494468,6.781119025,4.422960338,4.69870677,3.78273624,5.835991338,4.376211712,3.593107957,5.120176267,4.859762788,5.730342395,6.153278672,4.509699615,4.220487346,5.594887754,5.539997657,4.08857237,3.411412647,6.075705252,4.50658074,5.717653415,6.129972225,4.865764342,5.977722097,4.762488131,5.383391023
FBXO45,6.209056127,5.725036321,5.750736819,5.883563869,5.546249939,5.620860205,5.431850082,5.663105619,6.60406098,5.680449474,6.223854196,6.041183249,6.145774744,6.327677527,5.958056718,5.545103361,6.263026317,6.493815915,5.480253328,6.039041915,6.091453146,5.105476207,6.007213798,5.818896329,5.504188601,6.591791324,5.52502203,5.209455827,5.11496119,6.14029343,5.766422981,5.600640363,5.689149117,5.611204331,6.030429483,6.120253253,6.288811044,5.937293155,6.295065343,5.976112216,5.153651412,5.259480057,6.478719635,5.124171558,6.108536901,6.385916405,5.903308872,6.478882054,5.188211203,6.381664376
SNX31,4.862708405,2.872034425,1.117388875,4.037748658,1.42340262,0.819712409,2.156043289,1.430289537,3.761906538,1.070770908,2.435697934,0.228877605,4.722732676,5.23569528,5.230129972,1.030897791,4.145518307,5.085084775,0.516766268,3.149973525,0,2.362239206,4.108694213,0,0,4.66049827,0,0.220088938,0,4.53527089,1.075639959,0,1.615828345,1.165155595,5.683594686,5.700696879,0.323170337,0.424769935,5.865666307,1.658662091,1.046001991,0.164255794,2.495629835,1.249323947,6.354404346,4.769653508,5.413960846,5.568195441,1.197718332,2.377566301
ADCY6,5.60843059,6.066849869,5.640202666,5.723982155,5.448730597,5.712725349,5.384776384,6.087395596,6.170209119,6.076112498,5.337199391,5.528629312,5.443781535,5.780327549,5.011917582,5.766401888,5.593649472,5.500814922,6.135768208,5.593074106,5.994740113,5.933610967,5.994171979,5.610552215,6.11322641,5.70092629,6.118232296,6.235545817,5.958183968,6.088829576,5.653880472,4.830103071,6.330361368,5.859029762,5.551385157,5.077834375,6.228301525,6.38098352,4.901049314,5.330089587,6.024584474,6.226242028,5.431167174,5.867459528,4.651550207,5.297948747,5.660285932,4.726099886,5.338641872,5.586245747
EXO1,5.621212156,6.113799419,5.228568423,5.651482175,4.601070876,4.948611289,5.01228668,4.255635675,5.77267281,4.558635792,5.987732897,5.815944848,5.592126287,6.070446531,5.179030456,5.264769142,5.260283372,5.8825058,5.173931017,5.31724478,6.074136239,3.255719789,5.565924929,5.83446735,3.859197382,5.660884073,5.399077699,3.511613489,4.933429625,5.712284702,5.085664495,5.345148051,5.354842607,5.383054693,5.588612031,5.550673443,6.348427671,5.703566932,5.486773542,5.930783611,3.049646077,4.468608578,6.043376835,4.431636495,5.920836506,5.442499755,5.224529241,5.495801062,3.551989172,5.163824813
ZWILCH,6.178969964,5.894708352,5.532407955,5.748589041,5.267108229,5.413450418,5.850741642,5.208127282,6.026294722,5.50499483,6.086574865,5.711656288,5.779067787,6.074397235,5.619908426,5.610988033,5.611344614,6.153433109,5.674401396,5.847428877,5.914382111,5.442682978,6.158663464,5.532878409,5.109613232,6.228608521,5.409135493,5.076316807,5.449947635,6.104515347,5.618479296,5.696685312,5.852295498,5.274347633,5.519655752,5.952515538,6.142769224,5.923769767,6.104199962,5.824205136,4.895601223,5.222394856,5.978530641,5.280681601,5.57943339,5.553615942,6.022706544,6.146685201,4.952677547,5.815260542
CNTNAP2,6.598805602,5.717578299,2.620535171,5.854203984,3.448135675,1.529537318,0.805397133,0.86052749,4.223290163,4.615801979,5.759004191,5.53162283,4.928935693,4.780234548,2.935943241,3.920229669,5.673081101,4.257070126,1.878117846,6.13688868,0,2.276964963,1.690285598,0.466825571,1.012707325,6.337179728,1.262614538,0.560932267,1.851588652,5.150746533,1.748689381,0.424157328,3.710599839,3.972018809,4.574596008,2.090775584,0.285041311,4.772885584,0.68269824,6.198278628,4.265452437,1.182909391,5.490325625,4.149441554,2.64727031,4.922727965,4.292586465,4.133894857,1.436147875,4.348987728
SLC26A9,3.616230106,4.277125543,2.861206974,2.786654103,6.396179009,6.30334463,3.26743465,5.806189981,2.837119617,6.435405594,2.661213437,3.683429059,2.651773426,3.475819159,2.008735964,5.417001448,4.801710353,4.248875331,5.600240104,3.557891123,1.055285911,6.481793167,4.444718173,4.359222457,6.764142989,4.570096748,5.720301922,6.213051655,7.046555181,2.661467305,4.719780562,6.171959165,4.226239867,4.118264504,4.025825727,3.150598879,1.936446069,6.737203062,3.172475855,5.224670658,7.332070789,5.440686056,1.381126842,6.033827782,2.58036107,4.732221233,4.29096839,2.124696194,5.104531865,1.367687293
MFSD4A,4.541964789,4.147985456,4.583197014,4.45706806,6.056921863,6.669621712,6.093595184,6.230970984,3.299015395,6.612716998,4.482112087,5.313985272,3.502251384,5.072670745,3.684496342,4.831871556,4.509442932,4.14330054,5.395785134,2.974512217,1.743007946,6.375125519,6.435738099,5.340954936,6.006730844,4.135214751,6.558437031,5.304024774,5.990666009,5.334322226,4.08975342,3.776442014,5.726582615,6.543600947,5.285706046,4.251004872,3.787615905,4.434602367,4.312747275,4.804744571,4.575507729,3.895405911,5.380207114,6.614292846,4.022196342,5.767728719,4.609660931,5.538492001,5.836979583,5.139004768
IL20RB,5.471806213,3.09787912,5.398223072,6.141867834,2.356734071,2.956445486,2.92099043,3.484971672,6.132697544,6.425597297,6.118814149,3.900008627,5.234321536,4.062778013,6.673730164,6.169836756,5.805845493,4.671887243,6.268937621,6.015506442,4.884504439,4.047035689,6.309046196,3.750089123,2.870404393,3.329346224,4.992103337,3.490019635,2.145848692,5.766003676,5.538645608,5.308733298,6.862573988,5.236616935,5.461590252,6.518124762,5.393736691,2.404918316,6.101404922,4.645778081,2.325412068,2.547779491,3.123572975,3.186064774,4.997041451,6.53305082,5.98178412,5.79120531,3.517879883,7.060247271
GOLT1A,3.006478578,5.862738574,6.224422616,4.937512523,6.279135449,7.013406739,5.509911279,6.115209111,5.484457608,6.265082263,3.214849915,6.816300861,0,5.315966226,2.809083459,5.875374967,4.271591564,6.282271202,6.218414099,3.966271462,1.330842183,6.494990073,6.45190676,6.311449642,6.88081308,5.032335539,6.31351991,6.760865829,5.817069605,2.076831392,5.895671425,6.965992155,5.844561662,6.174990192,5.602594848,3.285681782,6.226091151,6.439377876,5.010349735,4.849205234,6.494195788,7.005887926,3.552761032,2.992727909,5.254594321,5.127719136,5.465851222,2.55347122,4.787616715,2.157014995
MSL2,6.353092882,6.150485276,5.853435147,6.361896013,6.274528693,6.129381545,5.955714335,6.002526472,6.438334451,6.053583347,6.107457524,5.924208206,6.324657189,6.050411003,6.0692906,5.678393058,6.302603419,6.195808493,6.048580584,5.783949842,6.458722425,6.14160536,5.855172955,5.852168003,6.142256973,6.163569058,5.788674288,6.076979478,6.039070651,6.471304986,6.008340769,5.561282304,6.105924155,5.923247902,6.215759899,6.349718316,6.283834544,5.75764634,6.023731997,6.22573268,5.896958511,5.941822264,5.687028672,5.77366614,6.215562597,6.309163685,6.129965066,6.34908526,5.949325455,5.963430456
HRAS,6.763185612,6.518257991,6.705078841,6.721166782,6.202146837,5.756001865,6.336133068,6.35812194,6.873815601,6.206615274,6.956188084,6.568928317,6.500232297,6.393487063,6.803356173,6.287610932,6.234563613,6.695963822,6.119893556,6.642702097,6.170425599,5.956181445,6.472084738,6.359656475,6.245967662,6.602799021,6.452301601,6.400524707,6.461128853,6.401890817,5.94378274,6.501502601,6.706912203,6.099155711,6.541708046,6.543982296,5.714497187,6.418575371,6.726834068,6.668527856,6.421233422,6.301017154,6.348496028,6.622090487,6.955783197,6.511125991,6.705479499,6.782665819,4.516065456,6.763143196
FZD4,4.742380752,5.433088116,5.553245534,4.995213451,5.875089394,5.722830931,5.752104577,5.521701472,4.587192392,5.448163768,4.836473885,4.898294958,5.381156265,5.248608139,5.034621211,5.617741244,5.6945828,5.570121731,5.701469363,5.490315755,6.72489887,5.927170829,5.446967155,5.639879873,5.754188421,5.40571624,5.177992985,5.19393817,5.423666532,4.686604063,6.287305189,5.05314483,5.037168148,5.480046279,5.079415579,4.893706666,5.468929855,5.5973514,4.044170088,4.973386748,6.061269007,4.741740203,5.154806275,5.204013559,5.025916347,5.030725361,4.959936149,3.620348785,5.44834508,5.050063482
RSRC1,6.265140259,5.974014056,5.87884273,6.332833104,5.664473364,5.619092977,5.614760651,5.522122629,6.179368423,5.630074555,6.209234538,5.883302245,6.144211744,6.023384854,5.972874169,5.463105806,6.089952433,5.770218412,5.53485206,5.156559044,6.064146082,5.697817409,5.810552681,5.802647304,5.458193841,5.832131177,5.329449989,5.496802474,5.688361584,6.26722448,5.747747261,6.076203675,5.604011327,5.774257655,5.975473333,6.232460522,6.070675589,5.583130022,6.623551451,6.007244715,5.307815223,5.278314852,6.294540559,5.160424444,6.156758386,6.160528364,5.909834288,6.437784915,5.369597414,6.314917564
DHX36,6.412734024,6.032103811,5.775104355,6.37096686,5.886530296,5.900185577,5.925517954,5.884598496,6.352070882,6.009911311,6.261543435,6.070042503,6.264768245,6.480914618,6.006980102,5.738277356,6.327599417,6.229933105,5.850103466,5.40718122,6.398369042,5.795477577,5.792988026,5.972105114,5.846031466,5.916145679,5.687067785,5.570059656,5.752395018,6.286629095,5.831697848,5.934706467,5.750712258,5.979978465,5.919495102,6.166770998,5.919822791,5.717021525,6.100191023,6.00862603,5.600415023,5.795336681,6.41237642,5.382054608,6.184288043,6.20235871,5.827958464,6.308121402,5.816829925,6.019139305
MRPS22,6.194877485,5.74735735,5.916180749,6.326122321,5.700089565,5.715115295,5.899997655,5.619158972,6.223725208,5.7610758,5.984337149,6.157828052,6.111219214,5.754229352,6.011479491,5.526347043,5.931356969,6.103263155,5.970770571,5.420005551,6.118004633,5.746823355,6.116292495,5.759004092,5.648307671,5.827906651,5.666806202,5.441726362,5.398495632,5.918309618,5.73376051,5.624483832,5.885473067,5.68270676,6.111453172,6.027782225,6.078041637,5.641685229,6.707245511,6.065265704,5.585024186,5.928332911,6.420211271,5.344747949,6.304947532,6.249559962,5.897440931,6.261942771,5.259025959,6.135468052
PSMD2,7.16776301,7.029729235,6.951610682,7.150095707,6.866388164,6.744703649,6.833117378,6.82878459,7.106412429,6.91699617,7.37895697,6.984881038,6.989373647,6.952961242,7.261645496,6.772815022,7.015924383,7.15519222,6.649106549,7.273070111,7.207790384,6.713326054,6.906105263,6.950200802,6.83834621,7.22715151,6.749461335,6.791300965,6.772903004,7.116850892,6.949499483,6.776199221,6.677136418,7.022197813,6.797090311,7.353239807,6.939794741,6.879652594,7.232443076,6.995777016,6.677921293,6.762215176,7.277710649,6.675653038,7.230991763,7.186911989,7.140849797,7.210357925,5.546176612,7.333549057
FAM131A,6.010514386,5.314320803,5.689005701,6.407342993,5.171571928,5.096632792,5.448867488,5.653992963,5.825079403,5.688737113,6.174965834,5.800703387,6.048586575,5.839605268,5.481727746,5.20072291,5.770007291,5.668201579,5.163984943,5.704366467,5.636675054,5.408320775,5.526631861,5.469089034,4.942824285,6.132344315,5.429741903,5.619422129,5.653293755,5.880495113,5.15087878,5.194686728,5.074239577,5.515198012,4.748577329,6.082488374,5.040547443,4.861648723,6.087821665,5.710024283,5.450237103,5.839298251,6.100105195,5.588141735,5.885424927,6.149305358,5.305892119,6.053969729,4.315481219,6.146903096
CSRP2,5.754720996,6.099962936,5.12346257,6.241628064,5.194246091,4.929794888,4.615364101,5.287870446,5.403113608,4.734339156,6.670305185,6.22662684,4.811185528,5.72330555,6.62154399,3.792320538,5.885550216,4.75613671,4.99513078,6.093764788,4.833029167,4.810269227,5.60651114,4.706466639,3.980113553,6.205472292,4.526953778,5.414441148,5.234557905,5.605512039,5.395305141,5.643422844,4.889730561,5.157709985,5.429044719,5.811451878,5.698721407,5.022330636,6.173904152,5.192117205,4.984440354,4.938365405,6.387851628,3.399782771,5.912868805,6.022204104,4.974180751,5.266663409,4.452987959,5.052821741
PARL,6.694677458,6.5722616,6.829823819,7.02273115,6.599816315,6.509471811,6.677286457,6.603064273,6.845378101,6.47375084,6.967866989,6.788727911,6.76673283,6.709763808,6.829030159,6.356875087,6.744331641,6.792682539,6.443364301,6.737738215,7.00395735,6.407345312,6.745743462,6.59636029,6.538054106,7.002778588,6.51023968,6.502685733,6.395772591,6.650691621,6.718504893,6.551034337,6.61108969,6.588673101,7.574662462,7.110783322,6.631460559,6.473251046,7.175026768,6.803730488,6.422870188,6.590322917,6.961380603,6.42333523,7.010508904,6.938501361,6.78579639,7.143301217,5.666277195,6.916388159
CATSPER1,1.657128238,2.958193959,5.879411751,2.366178789,2.981007556,4.888322968,3.835238034,3.711996805,2.375237087,3.56321502,2.74491957,3.363130124,2.079412068,1.678476044,2.329450625,4.293062855,3.232444647,2.703208899,2.926538749,3.387118623,1.378312234,2.223653644,3.009319564,5.857274281,3.446123653,2.202099348,4.27754781,3.358162472,1.392282072,2.89495386,2.689149251,5.356494792,3.409223474,5.029027314,2.943667426,1.468954616,2.621630679,4.200662831,3.822909569,3.188608545,2.961257933,2.205624974,2.84823805,3.754070866,2.668283219,2.23828239,2.513654562,2.754506243,1.32625787,3.339032124
GRAMD2A,4.630124829,5.066474196,5.588950686,4.635171723,5.354949267,5.168327154,5.69219301,4.255882805,4.672427606,5.626393879,3.683779402,5.738839941,3.257520452,6.013574809,3.150546426,4.970247312,4.482923186,5.248762379,4.272595265,4.256313459,6.384739265,5.664479133,5.584957842,6.00712475,5.770077873,3.567486479,5.554647253,5.762221574,6.174134654,3.942079952,3.586949937,5.780308712,4.455068778,5.573178816,4.561734803,4.033073882,6.892495894,3.753795698,3.685239427,3.258831433,6.41668044,5.464806408,4.022376329,6.414772082,4.559863995,4.054279488,4.378228262,2.870935598,5.484415051,4.789330246
CHRNA7,0.782049538,1.128585418,0.824855598,2.054286428,0.94828808,0.979391992,0.987213878,0.890102147,0.987794008,0.787226944,1.902962385,0.248213163,2.12888781,3.824982549,2.663394906,1.781094218,2.552916082,0.549703529,0.394320675,2.67368885,0.541493166,1.224353138,3.294685089,1.272338719,1.369141896,3.172938716,0.699130874,0.344310197,0.389154473,1.703156133,0.385503902,0,1.751899891,0,2.532342655,2.937898878,0.749148102,0.875635965,0.814266557,1.783175172,0.723041606,0.25982781,2.472671372,1.006458336,1.026617134,2.566367275,3.837527857,2.536860501,0.78037402,0.193197288
CLCF1,6.116199331,5.207282482,5.582502285,4.776242282,6.068317015,6.103628754,5.309762608,6.18463526,5.932977312,5.875669707,5.058128438,5.271357156,5.464861474,5.265118092,5.443948553,6.745814418,5.442135863,6.164624978,5.619482567,5.110574031,4.241761277,5.809172031,6.248725568,6.587160172,6.213240831,4.829823787,6.741403629,5.950219206,5.848877007,5.524459686,5.806240288,6.252803344,5.519338544,5.504657128,5.898581867,4.826928628,5.827754163,6.928035696,5.088576466,5.438519156,5.671428657,4.649447984,5.341102563,6.576326274,5.639362574,5.808865198,6.010477023,5.090027715,5.217525134,5.94070909
CABP4,1.42999176,4.261878685,5.329172917,1.778894369,2.259876623,2.153894094,3.661629393,2.045724757,2.687971453,2.866141371,2.165832498,5.404590898,2.418612007,2.943410916,1.471386677,2.91454858,3.419478493,2.834519677,4.953424125,1.558815456,1.5991064,2.775763563,4.125955924,5.475421114,1.895822367,1.979194332,4.613801738,2.281872308,2.124339423,2.397507706,5.149952399,5.459804149,4.444755184,5.248507725,2.409427428,2.677124925,1.158975299,4.706174394,2.281252647,2.668798938,3.234461899,4.05502293,1.423100114,4.600760976,1.835125336,1.883237794,4.354735222,1.605475542,4.792435532,2.178297177
LONRF3,1.832070851,4.468417144,4.428796974,2.562800655,4.922670214,5.319659327,3.947049968,5.382467318,2.714578785,5.272658665,2.965774761,4.70914789,2.200344265,4.476932427,3.405424121,5.374401757,4.825103777,5.056112164,4.858099448,2.374394736,4.168165989,5.234636813,5.335623104,4.562342023,4.786808613,3.545923463,5.62313084,4.680049432,6.08266519,1.784461279,4.506350244,5.098386284,3.321761353,5.161641907,3.129501543,2.751269654,5.223078435,5.540279048,2.899310125,3.54227589,5.944567563,5.198140355,3.528986993,5.225776182,3.65373483,4.131444089,3.449175115,1.850886916,4.878014323,3.575725584
NR2F1,5.133862219,5.624855571,5.799028016,5.237042142,6.652475851,6.202428111,5.952838643,6.729228224,4.945878219,5.875316267,6.027495676,4.260421636,5.623553707,5.987984502,5.106562743,5.712151884,5.960678469,5.548948534,5.801372128,5.53283474,6.419748055,6.132424961,4.483363737,5.788337988,5.785418291,5.245970068,6.359856082,5.743019086,5.87199507,5.337893528,5.665959247,5.732303278,4.410313685,6.217508741,4.720928467,4.855347439,5.701565645,5.591633119,4.965894892,5.501176036,6.384824913,4.502287004,6.12203631,5.885284838,5.520865445,5.930192881,6.005265087,4.368167163,5.710891965,5.247115269
PRIMA1,3.864188737,1.397777237,3.03674036,4.937154637,3.000592314,2.185229481,2.137333975,4.624942416,5.169773424,3.932796872,5.634275962,0,3.726164308,5.340600003,6.230195653,1.241577837,5.468423406,5.556191652,0.302382685,0.44735314,0,3.115926303,1.362550224,0.146823125,1.992682977,3.899129159,0.482794584,0,0.932291517,5.097920174,0.538797064,0.252491471,2.646555238,2.495734011,4.599354768,4.497098658,1.572762434,0.18770209,4.350733327,4.657470669,2.221461908,0,5.589359054,2.933193959,3.695304061,5.708070159,2.552503717,3.635974322,1.999479991,4.083687549
RUVBL1,6.474961827,6.21585718,6.274151144,6.191854962,6.014615242,5.892928879,6.057285767,5.87458574,6.667151976,6.010484262,6.24576772,6.441263292,6.565190111,6.346870784,6.52731815,5.752302317,6.153085576,6.718762381,5.97592171,6.145819243,6.684405532,5.715501853,6.070205286,6.186849086,5.73056259,6.413766963,5.813441901,5.819819892,5.914196973,6.504071956,6.100117096,6.311523888,6.048979174,5.946013773,6.185863634,6.411584837,6.488558859,6.000361271,6.767237097,6.523227288,5.902223602,6.303058266,6.011908647,5.946525366,6.651618854,6.269748997,6.42459928,6.693316425,4.725080236,5.914595182
ZDHHC21,5.490286946,5.541627915,4.886649047,4.710325772,5.624113068,6.276465071,5.178408034,5.346287582,5.588485061,5.994085375,3.938768404,5.191460306,5.261687876,4.775223276,4.012897353,5.931306294,5.783069962,5.092428654,5.097987459,4.42814347,5.909526892,5.776555471,4.550980756,5.119287244,5.84710111,5.912276819,5.999423456,5.074794917,5.976245514,4.996439448,4.666973197,4.118421503,5.261795606,5.644169048,5.414580272,4.965331752,5.438695358,5.133004468,4.217941379,5.093471874,6.13945647,5.600011007,5.069638567,5.744394899,3.935779335,5.033330384,4.605210032,4.529456716,6.043640394,4.455922335
ARL4D,6.543559088,3.812700051,5.551317811,6.861180677,5.197611925,5.265025601,5.307782782,5.036239839,6.999934031,4.907116043,6.75939767,6.144144221,6.124296602,5.995163465,6.661153874,6.921830328,5.530051358,6.571061479,6.383029993,6.474834199,5.523082342,5.592014414,6.318720562,6.02854369,6.439165556,6.302405419,6.191022939,6.303127388,4.088880281,5.709472372,6.536125436,6.045348204,6.703170113,5.865477264,6.589306235,6.622932643,6.519625616,6.379503444,7.275772325,5.713747544,5.397604797,5.973681957,6.263221554,5.708431437,6.932518811,6.566765871,6.556982935,7.219971937,3.270997573,6.54519496
DENND2C,5.940254559,3.221302389,2.4411703,4.572148836,3.592473644,3.718501682,3.509045405,3.498212908,4.880793173,2.41677628,5.366012085,1.473386539,5.351743937,4.349222303,5.095455231,3.625210435,4.886618768,5.016585364,2.968080676,4.415188931,3.460736894,4.444476784,4.047869877,3.97951036,3.325382863,5.059016697,4.713600088,2.619833169,3.217668357,5.040434456,2.60364018,1.12849285,4.098081612,3.198142993,5.772563694,5.800210486,3.714967359,3.997177287,5.750170981,3.173180201,3.089765721,1.774635396,5.03814989,3.629473035,4.861669404,5.297455558,4.354536016,5.219546637,4.080242713,4.69965036
TUBB6,6.605676959,6.075446704,6.547344193,6.6622262,6.400273413,6.054344767,6.624594986,6.351973016,6.609142203,6.142606411,6.680105749,5.587135791,6.758717942,6.225116975,6.936898098,6.355707217,6.518799898,6.87723952,5.820193339,6.924334556,6.672045558,5.916154659,6.638325146,6.563170577,5.784187542,6.389950947,6.532421521,5.599536575,5.560379289,6.390494694,6.188203616,5.837241377,6.774645657,6.628267975,6.561631772,6.631241948,6.101794179,6.102392879,6.716883626,6.188554365,5.979836156,5.087577377,6.498377571,5.900063666,6.862753811,6.549369122,6.671626833,6.581732305,4.891213122,6.635518883
LYSMD3,5.610652593,6.062254776,5.53315469,5.69413584,6.310779597,6.105364813,6.136094269,6.453504393,5.519389115,5.927896147,5.52734135,5.814829294,5.57213604,5.453410972,5.882519594,6.04198309,6.043997901,5.69570144,5.94665866,5.693304764,6.291102474,6.107068334,5.454229874,5.813335888,6.249021364,5.549421143,5.979292458,5.65835368,5.91733602,5.416686907,6.091864607,5.977094832,5.729576452,6.182869304,5.710508443,5.670138243,6.246879077,5.760813609,5.780460666,5.382960875,6.017084749,5.932704968,6.03074633,5.783564198,5.569595538,6.054944652,5.69401895,5.391795731,6.011759621,5.572338421
SPHK1,6.29815193,4.973644785,6.402155374,6.356403369,4.979165458,5.52884785,6.0036277,5.931017302,6.108770856,5.30755174,6.406071529,6.31657761,6.287269704,5.784122943,6.807492625,6.074203366,5.779240203,6.665731897,5.18194472,6.42734813,4.470765635,4.676383729,6.241295441,6.456330687,4.858251917,5.731643209,6.068922873,4.585644607,3.308014594,6.015182704,5.746571425,5.572685742,5.859334206,5.889667026,5.84315056,5.849729834,4.297508437,5.523308099,6.211915781,6.012539861,4.518829262,3.778237991,5.619978074,4.690786961,6.160265505,6.150237898,5.994773406,6.294437357,2.990433387,6.345185526
RIMS2,4.935248098,4.960847728,3.063669425,4.909875383,0.521760655,0.776660175,0.670055938,1.732981528,4.0355042,0.51000819,2.104987843,0.335285337,4.563528644,2.127695395,2.909691692,2.651685833,4.034301753,4.740795737,0.286493013,3.5659552,3.535716493,0.929541145,1.927087602,0.898160826,0.202586168,4.045534257,4.943706402,0.116150361,2.458342965,3.507988481,2.498947033,3.324314657,0.505757512,2.478737942,2.756244784,3.224307011,3.255393567,3.527591972,0.614367745,3.596882684,0.126504275,0,3.744553035,0.500417684,1.999364227,4.245041366,1.93542521,4.067181031,0.898676689,0.893163818
KCMF1,6.430440116,6.038070244,6.384678949,6.296851938,6.065416728,6.054441531,6.067564582,6.091769336,6.457619253,5.907316623,6.377050005,6.177854912,6.22536525,5.437853983,6.474940692,6.1101385,6.060892111,6.200869936,5.874930623,6.248861142,6.191409709,6.009003581,6.299418648,6.014307841,6.104768178,6.240829604,5.947907519,6.046882205,6.04701785,6.354502495,6.147426551,6.092062882,6.063568738,6.064228434,6.222421907,6.298533149,6.558326625,6.205544246,6.727390534,6.079735513,5.952886221,5.792081554,6.087953732,6.119739369,6.289367044,6.277267285,6.369514923,6.4419811,5.404213233,6.384901896
PLAAT3,6.804659899,5.761373548,7.117778962,6.309656131,6.491306743,6.172426328,6.721685437,6.145460746,4.281668325,6.170558386,6.047526794,5.861209135,6.262715986,5.927062716,4.384759504,7.028330426,5.647477746,5.21095261,5.920535889,4.736771402,7.046055918,6.267363847,5.750503894,6.751427014,6.635236067,5.780944555,6.221375707,6.381432262,6.403029896,5.070695571,6.57300199,6.696608887,5.752557264,6.849130246,5.578495011,5.342909678,6.898467704,6.260187109,5.15233355,5.412465043,6.217939533,6.056722849,5.828475932,7.108258915,5.690977112,5.45244534,5.74584193,5.335413083,5.105030394,5.339241863
B3GNT5,6.396492309,6.474354216,5.48717992,6.326766912,5.496117532,5.230601142,5.082286039,5.761399067,6.712337874,5.049615079,6.495673708,5.816954047,6.258052792,5.810997521,6.233662167,5.737280488,6.436171561,6.622243436,4.556408932,6.212416719,5.68538843,5.356753683,6.050953931,5.948687147,5.307827528,6.316937525,5.320859947,4.598130481,4.62598767,5.724536029,5.913864165,5.569306877,5.252912829,5.881370159,7.071041711,6.737697682,5.958627301,5.680870132,6.704992902,5.56793798,4.936501068,4.14095973,6.559805066,5.130771381,5.877514261,6.314107481,5.796287998,6.409251573,5.355568553,6.701816136
LMNB2,6.878457699,6.563114097,6.444030993,6.591945981,6.401132781,6.224060253,6.356288315,6.400818993,6.647158258,6.495196756,6.77458253,6.347555653,6.690979931,6.684389724,6.806511049,6.796164964,6.474997725,6.762960371,6.122321062,6.715204876,6.888533179,6.053552248,6.498787302,6.734098868,6.367883526,6.647991014,6.590461589,6.07059574,5.856435314,6.705606714,6.27729247,6.526226861,6.307959781,6.336759145,6.422182707,6.769210926,6.41689052,6.514297139,6.517057501,6.790303241,5.986681566,5.975523775,6.809091984,6.500284357,6.630943184,6.666794723,6.540755909,6.660194581,4.367144077,6.653292597
RNF152,5.879472668,5.513229974,4.518778604,5.36652312,4.300227944,4.967307476,3.906024692,4.592502046,6.115611394,4.437951441,5.941459732,2.567641766,4.813901842,5.15005119,5.523723712,4.085328742,6.317780006,4.059014338,3.44237356,6.12008667,2.839899348,4.44020495,4.151919202,4.696609608,4.167177526,4.444603118,3.845067636,4.255268015,4.107055186,5.493146639,5.162440593,2.598163794,5.589542759,3.985813652,4.801180276,5.135287931,3.36819157,4.485943141,4.031684561,3.922124056,4.818331568,3.511075021,5.710840759,2.67953836,5.369661243,5.754691729,4.648270919,5.181383428,5.174967833,5.204961254
CDK5R1,5.777035888,5.507038492,4.542120434,5.628666335,5.888812826,4.652137135,4.750801201,3.337556313,5.325457645,4.45085697,5.118037258,5.989519131,5.631831662,4.74430202,6.114070678,4.823972428,5.288016504,5.151745354,4.020294826,5.495537446,5.45743798,4.340337087,4.473436564,5.153309609,4.210726278,5.871348316,5.464076157,3.844184671,3.584656002,5.607794436,4.986060852,4.9986169,5.110361928,5.044227428,5.149963325,5.839900824,4.005628936,4.306889858,5.107304057,5.079900921,4.027021136,3.387026266,5.284521626,4.920030482,5.044305089,5.240162229,4.504357347,5.343649128,3.652186049,5.313625498
TCIM,6.063323825,7.118819342,7.341769821,6.047672099,7.338330094,7.323938298,6.988794724,7.379590704,6.836185648,7.065365916,6.510769123,7.636177114,6.085273738,6.018873929,6.782156416,6.843629987,7.058465334,7.217845207,7.224320313,6.886534477,6.028211611,7.139113673,6.777723799,6.938660177,6.745414287,7.136690477,7.015614479,7.111640981,7.587131885,7.066517715,6.964554533,7.431018843,6.895870806,6.867334023,6.713273804,6.934804577,7.163376798,7.428003879,7.146749611,7.098998144,7.346575577,5.152941569,6.737129155,6.1423617,6.147523565,6.803504029,7.13635938,6.353337502,6.486066349,7.014476431
OVOS2,4.177112783,4.103844811,1.757675556,4.039940796,1.947553786,1.209103766,1.731526532,1.516603115,1.090832428,1.463590847,1.918466811,3.386028747,3.242797564,3.867790148,3.6857478,0.464801956,5.195367599,2.509806956,1.827408132,3.910567532,1.275627079,1.26880239,3.229516466,1.513538258,0.948184179,4.091507932,3.171035155,0.361295038,1.193295863,5.647361804,1.676971295,4.095027551,3.77254053,1.531240291,3.369000401,2.76666309,1.917663635,0.577686359,0.381127258,5.451308202,1.017367227,0.696959018,5.805283021,1.568893529,1.615738282,4.381042466,3.701553567,3.895087621,2.290788927,2.923833329
ACOT4,4.712804314,4.344512865,6.196125129,3.964689999,5.121142569,5.352566947,5.706917645,5.032257535,4.026643354,5.691673133,3.940224932,5.542327506,4.71048452,5.353553587,3.440049633,5.482937849,4.179811303,3.965774894,3.629223487,4.052153164,5.458493033,5.335271526,5.544253724,5.096203765,4.646882541,4.221849904,5.756021662,4.739718573,4.311044484,3.69634613,5.417480933,4.521598459,4.423286652,4.822828244,5.068177856,3.876118817,5.854106251,5.052895036,6.011582657,4.764672076,4.475820897,5.133097573,5.42109954,5.646213448,5.237863174,5.161771468,4.065086826,4.193262657,3.460378529,4.614074288
TBL1XR1,6.458318404,6.388667454,6.336800145,6.818196558,6.357769352,6.484029403,6.384989293,6.350886938,6.899710603,6.563296353,6.871418758,6.349288479,6.548339652,6.620378674,6.589670763,6.258388314,6.727378247,6.59851605,6.319056896,6.418807248,6.674558929,6.381263685,6.69565919,6.349823761,6.39041951,6.770532861,6.320554167,6.49619642,6.362413143,6.69361417,6.51593006,6.143391238,6.353322832,6.300934928,6.800985344,7.054493352,6.354231187,6.075917945,6.791856709,6.362317338,6.320641888,6.600065585,6.604375446,6.075113541,6.584194555,6.579343103,6.546282403,6.882862912,6.276472936,6.832295977
HASPIN,5.588739105,5.244816113,4.104737541,4.30430444,3.246955644,3.774551039,4.041354775,3.596345034,4.827642554,3.615204391,5.48310451,5.303354244,5.365961845,4.827657735,4.903832783,4.468761105,4.872105077,5.351353662,4.926911215,4.407294169,5.987925638,3.820136957,4.535289697,4.913577612,3.401132664,5.194075233,4.813543587,3.185872971,3.813901666,4.672688752,4.094641498,4.360584083,5.162761039,3.902883921,5.105188988,4.842446477,5.095365484,5.141307329,4.364615565,5.638176678,3.315113645,3.949365949,5.237017715,3.921876622,4.411482003,4.887769999,4.716711946,5.219254942,3.68826196,4.019054311
C12orf54,3.028322401,1.496489331,4.360049954,6.133434116,1.10471252,0.898017528,0.905362891,2.023302195,5.814483807,0.808051713,4.953106679,5.094049726,3.518145866,1.284400196,6.111188393,1.073565227,4.859666494,5.184430378,2.006620934,5.196307739,1.717758927,2.311230058,5.767886787,0.915877159,2.041091925,4.999568711,1.971870314,1.660778475,1.732815774,4.693583594,1.904995517,4.209894158,4.003999942,1.394108401,6.048113663,6.168712856,0,1.278900494,6.819515922,2.430372975,1.373403218,1.481841666,2.961630994,2.010996182,5.742791723,4.920937587,5.463714517,5.851332363,2.961374152,5.903210776
ACAD9,6.516125377,6.308450051,6.257381688,6.310632453,6.121801759,5.987047367,6.117200017,6.16183914,6.450492432,6.313515682,6.216851574,6.365919927,6.588723084,6.092291371,6.56558672,5.894368213,6.226508677,6.470682616,6.292553266,6.206415514,6.52161077,5.894497464,6.264969102,6.230999432,6.003611867,6.21678982,6.06938352,5.972125236,6.011274077,6.405792818,6.192913175,6.163122339,6.166062154,5.959100619,6.485295685,6.383780902,6.420254339,6.162642323,6.496955892,6.416907357,6.138603328,6.451443569,5.934884738,5.951151039,6.507562077,6.428886419,6.539253237,6.426676743,5.285940559,6.126925399
SRRM3,5.764001023,2.858773267,4.908744536,5.795256801,3.345270518,3.878783947,3.793788362,4.412440788,4.954879241,4.628074394,5.239100617,2.569647223,5.735704816,5.504180357,4.469796744,1.92131209,4.366312727,3.185226798,3.239021094,5.1723512,0.914978176,3.134151112,2.886809276,3.917684088,4.030644145,4.838466927,5.148300404,3.009009679,2.227012204,4.355014173,3.872301641,4.022549701,4.151933943,4.684117922,4.457329864,5.154961613,3.569513105,2.80996966,5.328218828,3.31304878,3.949903187,1.849713126,5.311334313,3.819053092,5.551935678,5.374967075,4.653834156,5.425962603,1.273748592,5.244789587
CRACR2B,4.283331114,6.134617585,6.069499871,4.054435055,5.296243798,4.655263987,5.042188492,6.13466927,4.949305858,6.416892659,4.01247173,4.766935885,4.511317072,5.492801932,3.868891182,5.811717731,4.456717263,5.978319645,6.299946373,4.474562842,5.689397382,6.148259806,5.235575649,6.092492174,5.982801899,5.02128866,6.599008097,6.609944012,5.903292343,5.409794264,5.571025182,6.275454687,6.274109629,5.571510323,5.332839834,4.282413037,5.091913307,6.458106275,4.561243639,5.515728038,6.627964817,6.555840573,2.296410761,6.622433945,5.44588721,4.882457722,5.634121419,4.91763408,4.384732032,4.741816831
ARL6IP6,6.164357657,6.100247922,5.67829024,6.274951811,5.892428436,5.819666355,6.288295584,5.754242678,6.300866591,5.824879527,6.121585119,6.26585824,6.007515156,6.235711328,6.153922547,6.131769521,5.983023023,6.441840341,5.640257392,5.987841276,6.557616192,5.794076065,6.196519563,6.261540393,5.892456809,5.992747181,5.745478505,5.599353819,6.031149781,6.243097108,5.79125912,6.096566419,6.19376414,6.077333096,6.096254156,5.990564397,6.198204126,5.824895238,6.686641611,5.841682507,5.686873047,5.60975346,6.178078118,5.917471547,6.448506854,6.040983032,6.533868325,6.235142148,5.247210897,6.469906185
PDE4DIP,4.82889476,5.064852837,5.60256905,5.458696349,5.659770438,5.746743457,5.378415078,5.496732139,5.085602739,5.677531495,4.964731396,4.5419814,4.538387129,5.139148187,5.150430515,5.001835973,5.146492444,4.711433806,5.128766291,5.344864417,5.337141738,5.433714466,5.139337895,5.160237643,6.076289145,4.649073044,5.008795385,5.178645645,5.080520638,4.872917169,5.620316473,5.830397666,5.2667975,5.256890761,4.753608133,4.914775078,5.671004666,4.779301313,4.104213508,5.33634238,5.257225793,4.741340291,5.108178134,5.676047431,4.782468794,4.646014507,5.389389111,4.436024358,5.334775367,4.55745449
PARD6G,6.358675844,4.973286564,4.864841411,5.938006021,4.866191532,4.674767302,5.220383327,4.92261874,5.953448013,4.508600624,5.961793919,4.823301919,6.19431944,5.938558055,6.155210299,5.425732417,6.053057543,6.009060144,4.46266092,6.200745913,5.739849001,4.174591295,4.955180042,4.869657933,5.333300036,5.37855689,5.024915897,3.616126777,4.557126773,6.12057446,4.841196621,3.773016888,5.369181142,4.856887875,5.921282381,6.02172748,3.387298874,4.725128451,6.483726112,5.65660296,5.116906887,4.039788454,5.840683596,4.962827393,6.119712595,6.339025915,5.711033323,6.091762305,4.757097073,6.323706669
GEN1,5.446284619,5.599876407,4.697757129,5.226888535,4.136173634,4.59767492,4.378581807,4.186764648,4.880614662,4.208690391,5.461697219,5.57014836,5.547817089,4.845214634,4.328210014,4.630592225,4.971969768,4.99732128,4.935150407,4.609812428,5.44786652,4.223784847,4.984877417,4.847012383,4.224346633,5.264985693,5.112501096,4.149168954,4.26415027,5.0435412,3.796628351,4.795332877,5.442903223,4.607323149,5.740644853,5.56518894,5.607198546,4.783173964,4.787914651,5.172036689,3.582834473,4.484301408,4.874645276,4.313547456,4.289889924,4.702694143,4.624388012,5.426439212,5.099703443,4.073540838
SHISA3,0.925602617,3.124710558,4.111011843,2.779016214,6.872647938,3.260697237,3.789720235,6.272222168,1.031980116,6.803310651,2.074389914,3.454735066,4.359898595,4.495539802,0.657793381,5.883689469,3.513286179,6.228292355,1.480320781,5.005946709,1.838483063,4.766993167,2.76123636,2.867606631,4.287467909,2.807640423,4.228872415,2.843986868,3.785087805,2.035027893,2.381417031,0.806333705,1.311106165,6.640809819,3.327446723,2.223065591,1.886414979,5.096275129,3.626085509,2.291533834,4.945027662,2.584182645,5.591991679,4.009740353,3.700754267,3.445790496,2.86160611,0.998688302,5.033925977,0.871724796
CALML3,6.844155512,3.942081293,0.851546361,6.961066331,0.830097724,1.441980376,0.910752712,0.238852178,7.274247422,0.46550881,6.956995742,7.297551192,7.434767119,5.230813265,7.349832161,0.379460517,6.641972674,6.897195551,0.409140156,6.863805213,0.397839511,2.571542672,6.574655596,2.007386397,0.419201332,7.100008004,2.420430557,0.946518972,0,5.340398324,0,2.689659992,5.159745621,1.073152329,7.324330006,7.489440301,0.887586703,0,7.822671786,6.688570396,0.960343134,0.349607998,6.488917994,2.818239078,7.455532143,7.136547132,7.440936198,7.332587557,0.381652427,7.211742373
CALML5,5.491815879,1.313499429,7.302781192,5.769497738,5.945445948,0,5.449487531,0,4.816396019,0.856618729,3.183270882,2.357184363,4.613167043,3.199577599,5.156583914,0,2.378394762,1.339564042,0.609232103,1.060879974,0,1.966911769,7.179979279,0,2.589649832,2.930612771,2.307093466,0.677866553,0,7.172011597,1.585771877,0,4.473941018,3.921575857,5.571152536,7.320321526,0,0,6.61097363,5.22373254,2.355501697,0,6.632971837,2.329910321,4.379184093,7.192967537,5.261371874,7.620063828,0,7.526864123
P4HTM,5.392518438,5.186153823,5.626910895,5.616949469,5.555802176,5.599086026,5.681830963,6.03425584,5.324756113,5.728158488,4.714984728,5.826761999,5.614228426,4.974295695,4.482276637,5.715350572,5.220116197,5.343163651,5.944658401,5.121481264,5.266673212,5.735135661,5.127244479,5.603296466,5.718214178,5.67030433,5.990562992,5.825221906,5.688396237,4.936236051,6.133559363,6.176467599,5.819046574,5.808478923,5.20409067,5.505544019,5.796880937,5.745343547,5.550436133,5.577659479,5.929650362,6.132225335,4.947070547,5.879355318,5.7646742,5.506919008,5.54725782,5.536033638,5.130241204,5.400416151
ERN1,5.421048766,5.842279038,5.261740143,5.201468475,6.046827283,5.979114069,5.538404868,6.131044552,5.231232784,6.04733139,5.464390058,5.550573808,5.207438473,5.20023442,5.426750465,5.826334434,6.017163113,5.888946332,5.698635887,5.770540061,4.766250672,6.080837896,5.569271508,5.475013834,6.096062662,5.786242238,5.567244596,5.863246012,6.165612509,5.736657102,6.152634077,6.046686228,5.595132911,5.724373699,5.506120122,5.637345233,5.737118771,5.65627997,4.513041055,5.605286968,5.924833967,5.836579647,4.898099798,5.780040091,4.986235703,5.429994937,5.234892109,5.379781381,5.560400835,5.641486299
FOXE1,7.082822523,0.170962884,5.903405484,6.632624753,0.698014821,5.31902785,2.999070948,1.423457787,4.669493739,1.785396839,7.001696427,0,6.93312025,5.909637223,6.34599747,5.626203662,6.732379815,5.440077256,0.335716678,5.818211653,6.881668274,3.587746981,5.451704998,5.946609789,0.619617117,6.918045537,5.1597875,0.800999249,2.984685431,5.737703746,5.970234909,0,4.647762566,4.2618704,5.767232482,6.910895616,5.043822255,0,5.851261947,5.926067012,0.521096911,0.724821815,5.7299482,4.084695672,6.180441329,6.789416369,5.622376985,6.799165403,1.396459622,6.013982476
LGALS7,6.376467231,0,4.735783621,7.05366547,0,1.776930007,2.767577864,1.982477689,4.657266806,3.121303549,6.423962271,4.080503323,5.91916863,4.853261717,5.334174557,1.183116137,6.149717349,6.862976424,2.750326295,2.364247511,1.858475531,3.207058245,3.615868199,5.03401385,3.118069931,1.862139941,1.732407615,2.024786959,1.23998092,5.256409427,1.865056749,6.132955117,5.624442525,2.730885993,6.532254849,4.168311924,3.708059324,0.872278848,4.299616843,4.716708213,2.555556467,1.713893439,6.317683846,4.128398461,5.878590529,5.332585957,7.150644041,5.256568307,0,5.615323184
CTC1,5.339882534,5.992715676,5.137076794,5.051948602,5.609056118,5.495535205,5.149346772,5.207471006,5.06561393,5.430254397,5.487600043,5.742307053,5.51049841,5.458570442,4.663959759,5.449180018,5.568376481,5.604591325,5.283104277,5.107117863,6.319260626,5.859567204,5.656761314,5.481300415,5.814274428,5.51162204,5.81244945,5.629081646,5.753239606,5.23219571,6.027470415,6.234188787,5.563462769,5.521249645,5.330499362,5.552123836,6.002528726,5.735418128,4.556266341,5.721569202,5.985680184,6.175430764,5.271601051,5.966414852,4.951969017,5.121690408,5.308048979,5.15528044,5.275418684,5.171641346
AURKB,6.375291,6.329218248,6.045860527,6.056335972,5.059910248,5.162230644,5.632750292,4.858106125,5.731043396,4.666736915,6.525990918,6.356890834,6.565760846,6.268092528,6.247641358,5.945928581,6.054685728,6.270306479,5.657111885,5.96319503,6.927765165,4.369190318,6.217073348,6.30249905,4.919489725,6.292441474,5.991639913,5.062772013,5.447707402,6.142868186,5.916366911,6.753942268,6.172925313,5.429832193,6.208228681,6.282637756,6.208048865,6.34699866,6.321806803,6.621163914,4.341160154,5.948147239,6.474302949,5.761790166,6.216680426,6.409633483,6.099748163,6.737806329,3.109263858,6.104007432
KLHDC7A,1.243455964,2.754519072,0,1.330553796,3.602025109,3.914910615,5.34806683,5.147482918,1.070221116,6.301781696,2.585948442,2.409648361,1.392966775,2.679904399,2.456672964,5.525593246,2.310592481,3.077585495,3.726651929,1.18015727,0.423224431,5.61828719,0.785236109,3.012995516,5.002846664,1.455517613,4.788461562,6.244816773,5.206566356,3.281534043,4.35699438,1.2744989,5.240951195,5.576581386,3.160753517,2.970727302,1.626417296,4.731508321,2.388963073,0.926307354,2.842210928,4.395828846,2.913357868,5.428703509,5.095149041,2.796290539,4.961277465,0.255499323,4.917629891,3.729736129
RCC2,6.960230852,7.035171796,6.843488376,6.821021962,6.842438264,6.608690752,6.840309907,6.693445369,7.217216858,7.000731263,6.940224869,7.053895312,6.818644963,6.984926393,7.092240197,6.776174669,6.739043574,7.0536203,6.646702994,7.084805284,7.444164968,6.755444244,6.988545352,6.861273561,6.907105958,6.901544341,6.790579203,6.8789897,6.727222092,7.187895704,6.883190097,6.893462356,6.949036475,6.896177697,6.999653499,7.21265812,7.05749656,6.888288985,7.02525798,6.952052424,6.710144218,6.959892155,6.878479349,6.888377464,7.068217835,6.94643787,7.162950922,6.814253461,5.879210855,7.19197983
TCAIM,4.619305529,5.131834835,5.268348814,4.851046313,5.573122287,5.770346528,5.42510573,5.315833616,5.202916995,4.942513559,5.085531054,5.283898293,4.868841065,4.271226861,4.227979204,5.451731263,5.115061642,5.256395034,5.754575022,4.830483182,6.085848391,5.378977468,5.029435832,5.290052367,5.409079433,5.257788442,5.489934378,5.399982274,5.812838521,4.812328325,5.762264673,5.589115174,5.136715541,5.347066083,5.399151066,4.845169788,5.861641318,5.465869945,5.592883637,5.007261618,5.587325986,6.080468718,4.880354347,5.398053636,5.325594685,5.111237473,4.793332577,5.509219103,5.506285336,4.919591291
FUCA1,6.155178432,7.022636659,7.201882061,6.352383927,7.111512136,6.923013313,7.04568707,7.070113482,6.538452321,6.943222131,6.594014031,6.513010381,6.653145749,6.346445078,6.43056807,7.09020134,6.796801301,6.667081897,6.638080035,6.838759085,6.856005457,7.038414145,6.656757979,6.922841194,7.096263586,6.870107137,6.726434921,6.945640156,6.966277714,6.358621144,7.0152387,6.992874042,6.679421954,7.075235039,6.757745671,6.768548499,6.983240119,6.74923128,7.078742761,6.826842235,6.855917652,6.929189176,6.462115115,6.975498108,6.748478969,6.607009565,6.850305807,6.896114746,6.378750238,6.749345101
TMEM125,4.09105436,6.506196467,6.78651199,5.77649312,6.864471666,6.560130804,6.698234996,6.605396363,5.429954475,6.941119247,5.828195219,6.964790858,4.846498523,5.917030412,4.225434353,6.688255537,5.838120321,6.179452851,6.397360925,4.676678,6.718526459,7.032468225,5.253973657,6.620565321,6.921701253,5.896512733,6.693621311,7.166997353,7.154201741,5.274536044,6.86362643,6.719667336,6.046089201,6.492680868,6.01942127,5.87945697,6.547643531,6.510376591,6.755442161,5.420777968,7.041910025,7.168167313,3.320031603,6.886805975,5.82707594,6.217909806,6.214562627,5.183491161,5.734650158,5.265755041
LDLRAD3,5.852264927,6.147934124,5.008417278,5.730558053,5.54509409,5.168243108,5.346976857,5.321586118,5.417371149,4.603801207,5.327591631,3.826719487,5.90242352,6.241448573,6.011807531,4.888094474,5.801091939,6.037389906,5.36691288,5.938788711,6.300596235,4.690038455,6.209425508,5.013852737,4.082038588,5.521576966,4.561534991,4.617959033,3.539520565,6.361089828,5.524530494,2.612555275,5.011255662,5.711787886,5.45099522,5.173965424,5.051558234,4.358422833,4.761957719,6.033727124,4.742879192,5.887250552,6.189846732,5.535001252,5.979607232,5.280293855,5.388604911,6.072282465,4.270898967,5.821092715
FJX1,5.650949222,5.663487071,5.346892022,6.303330431,5.189367253,5.071837772,5.253916636,5.484729331,5.695232491,4.585123182,5.915617547,3.466128889,5.944654317,5.919716061,6.027784829,4.706886409,5.643289561,6.431290629,4.853706334,6.426137027,4.762625868,4.293575884,6.60048997,5.998101261,3.598020862,5.809634451,5.167361495,4.523519065,3.935594402,6.466770968,4.324853402,3.985542426,6.027818458,5.417236649,5.960919591,5.012871784,3.12029135,4.475091366,4.81041931,6.269846457,4.827418644,4.29257114,6.110873604,3.854995026,6.327322462,5.471646343,6.196833335,6.51110601,2.831362166,6.283293573
MKRN3,0.602970611,4.294658657,3.843067338,5.456900601,1.083377514,1.40987615,2.048503641,0.23097904,0.125937764,0.451292803,4.891665908,4.197787388,1.40802386,5.220989559,0,0,4.217551601,4.437402078,3.628472821,0.2204286,4.768583832,0,1.89593082,0.841060806,0.406198535,4.458343598,0.345402923,0.125211526,0.944862119,4.824308513,0.937878291,4.266776185,4.778970691,3.822294156,0,3.902853371,4.836892336,0.130177359,4.307456572,0.855716373,1.275955547,0.09263362,3.680462643,1.255324725,3.722267443,3.968431335,0.667365926,5.205659848,0.78398072,4.653903284
APOBEC3B,6.645040854,4.287488425,5.849960663,6.043952209,5.68785835,5.376001645,6.125845943,5.186255597,5.655544535,5.30936435,6.778005473,6.275084668,6.501960708,5.348139062,6.100998572,5.407467495,5.851885517,5.663662583,4.357125707,5.88472077,5.393773094,5.151956786,5.951436707,6.39459538,5.277438745,6.928066769,3.041184428,4.894951724,4.995455702,6.025822033,3.730179004,2.339676625,3.764957696,5.893417272,6.086830942,6.397181852,5.277183146,5.164857783,6.87337126,5.680820442,4.226700998,4.885940617,5.905463171,6.0401864,6.792213103,5.306352567,5.894876751,3.977785046,1.633373474,6.496166664
NKPD1,4.883106344,1.679871278,2.051510328,3.411075596,0.539429096,2.520177976,1.013302338,0.869151519,2.822568632,1.519766002,3.04803648,4.269669018,3.567261541,4.322524565,2.283762547,2.328577085,3.735346024,3.182509567,1.262230411,2.621608694,3.211028503,1.17620893,2.656196043,2.212042572,0.573085163,3.464577938,2.134191354,1.892696749,1.887604967,2.8029094,0.454563893,2.392074715,3.267342074,1.876806638,3.023351359,2.737397,2.377959812,1.41247064,1.649010838,3.077285545,1.393284804,1.397732811,2.785669372,1.148637432,0.795685415,4.546599627,2.185943936,1.853344581,0.761470377,1.515721203
ABCA13,5.71415531,2.925379491,1.004790782,5.922366014,1.385440397,1.004661248,2.18323491,4.719532483,4.284373523,5.550797489,5.693438735,2.019228645,6.133960162,0.801917938,5.762045195,5.169814635,5.725446531,4.36530416,0.279985174,5.15913304,5.360004758,5.29249051,5.582739386,1.986059234,4.482655793,5.622642544,1.808087465,4.79967095,3.614623964,4.890370147,3.172581898,0.348047791,1.157025702,3.675842376,5.319686638,6.181305779,4.26597704,2.638128933,4.501197648,4.145106703,1.203773963,1.864467046,4.312322185,4.711959843,3.957701282,5.409322486,5.372090646,5.102200959,5.760747389,5.444385649
ADGRD2,2.510750207,0.109158782,0,2.050489869,0,0.786154043,0,0.238060464,1.079125209,0,1.010365976,0.369892493,1.012095338,2.691058113,1.150681057,1.49964797,0.961604274,0.782723998,0,0.227213944,0,0.394305156,1.219510186,0,0.224593553,3.038831229,0,0.247419761,0.215804993,0,0,0,2.067836534,0.213691461,0.303134799,0.584958554,0.19258942,0.134317225,0.481657417,1.739811363,0.268396009,0.562321794,0.90542238,0,1.472941502,2.071786636,0.205333923,1.044810471,0,0.670787949
PNPLA1,4.721407947,1.001867888,1.70305133,2.553020214,0.87690223,0.3952142,0.960672491,0.471232556,1.477011732,0.961591699,4.289915924,1.027954528,3.485135956,2.606285098,1.841390198,1.45415849,3.924115454,0.334870337,0.766448319,4.354283893,1.01010894,1.004643551,3.243890188,1.676805865,1.053627895,3.454931328,1.888101328,0,1.43231297,2.868780231,2.29247356,2.017573303,2.190059319,1.588059139,2.560054893,2.692599835,3.108682614,1.403485156,1.883753781,1.086379524,0.790590804,0.666700126,1.700934176,0.651365348,3.366019356,3.74771188,4.229691284,1.102201234,0.406815794,1.364718847
PAK2,6.851858138,6.222649772,6.59745087,6.547268722,6.70761883,6.553578444,6.653025994,6.460362443,6.885461818,6.41915965,6.868199907,6.632002279,6.690225483,6.6012493,6.797162325,6.556859588,6.891826089,6.921130208,6.290878275,6.828565911,6.868482025,6.361055873,6.494505963,6.516161837,6.573953441,6.64004928,6.256052564,6.350250053,6.420838788,6.821268847,6.591033032,6.225947046,6.435947061,6.516375803,6.619193072,6.752548864,6.71355176,6.581756636,6.815680405,6.585291718,6.293095639,6.387839352,6.875225156,6.267169843,6.796056607,6.758951835,6.629518666,6.935088796,6.024557606,6.856009785
TPRXL,3.68486435,0.163243086,0.859903767,4.316078446,0.671533599,0.29021253,0.293080532,0.747205666,4.525327698,0.567046019,4.845054329,1.526219904,5.670078167,2.615660156,5.142689705,0.749878143,4.051222691,1.291852031,0.457794832,0.82658228,4.101224973,0.563704922,1.013333273,0.930138803,1.395403569,3.45662395,0.883072474,0.361644929,0.574864269,4.308184583,1.281896567,5.210082536,0.857937111,0.881769389,4.772516323,3.568193321,0.720819666,1.722069362,3.239017762,1.969974346,0.783594374,0,3.835778846,0.850172456,5.96039052,4.526985804,2.043206954,5.081165545,1.228236645,4.976401709
SLC47A2,4.65935919,2.275476165,0.153100196,3.733813357,0.216788609,0.312772836,1.14081014,0.601779877,3.677087251,0.746807678,5.136618633,0.568448132,2.382666811,1.74429704,0.949392793,0.694214631,2.831839062,2.056662725,0.742236568,1.033151047,1.196048562,3.131740721,2.659835454,0.087272674,0.758878152,3.444184091,0.938446454,0.995943529,0.843199186,1.941739865,0.836680921,0.414695889,3.78649246,1.454062654,4.458986457,1.5946797,0.666828692,0.847826282,2.314007531,1.782817698,1.910487562,1.005440688,1.084693103,1.386386705,3.446465043,2.538303898,2.916330051,0.670870078,4.208854777,2.433257875
S1PR5,6.190095491,2.081869325,3.200772275,5.827383397,3.684648176,2.81415417,3.767159985,3.265786907,6.108261381,3.317727463,6.193178011,1.771612139,6.234734576,4.909680509,5.716734909,2.131262872,5.501378884,4.820414491,1.860353039,5.27228815,3.99855315,2.789006328,6.471524714,3.003503955,2.339043491,6.196300221,3.761452722,1.803180774,1.51595413,5.49922438,2.96458624,2.177380504,5.722846772,2.053339707,5.671488152,6.305518083,1.407175425,2.043926905,5.691990218,5.241013106,1.843119472,2.559859408,4.824975125,3.385899802,5.835056424,5.963554722,5.921332716,6.421541662,0.37654504,6.325486328
CLRN3,0.600508273,1.503228987,2.541579409,1.236912204,2.960518529,4.671494464,3.001033772,3.266240726,0,2.968792296,1.232137312,0.947065813,0.579321847,1.113135082,0.579932462,1.465569193,1.775699338,1.103191218,1.112257441,0.858599187,0,2.557776366,0,1.633013783,2.555151461,0.38618483,3.027076825,3.529702595,3.192002564,1.068132528,0,5.234391398,1.529737249,2.209478318,0.641309347,0.678763936,1.585262516,2.534067559,1.268970607,0,3.393035391,1.198272223,3.880710833,2.878817933,0.522919108,1.198352821,2.818209968,0.892136054,1.62175686,2.50800329
MAP6D1,4.82861419,5.178159949,5.4997801,5.778477798,3.693303569,3.124991214,4.342165733,3.437604297,4.944783023,3.920967195,5.924653151,6.065911817,4.799568689,5.515232179,4.946279906,4.149202919,5.101866293,5.611547757,3.680124283,4.502694561,5.629363058,3.755971491,4.365951948,4.581989705,3.387782972,5.28802266,5.152918578,4.099260968,3.392998103,4.485373755,3.957202641,4.841335415,4.615898239,4.555658791,6.643759624,5.027888306,4.397090471,3.736102241,4.370357755,4.821462572,2.904252534,1.507041419,6.146329226,4.733068633,5.324346296,5.514419309,4.445890009,5.293574294,3.35414499,5.563844708
PITPNB,6.798157661,6.5112607,6.311182727,6.632099418,6.296387748,6.469766293,6.426411316,6.503651249,6.554534132,6.326494194,6.746565397,6.257443144,6.310305057,6.411828293,6.84190759,6.406942746,6.515853753,6.652598728,6.126015008,6.620586029,6.963044346,6.133224758,6.532226827,6.512377005,6.330979345,6.691992892,6.151612165,6.253624328,6.048475727,6.69299519,6.160209341,6.318664299,6.168236173,6.477246773,6.645681431,6.575738952,6.531909259,6.506252917,6.484741437,6.217269021,6.26142055,6.467680363,6.472818993,6.240184444,6.724727769,6.471767736,6.599982786,6.630574665,5.848597028,6.753787935
RPH3AL,3.086656815,6.28151873,4.890361024,3.537096023,5.218157876,4.828843382,4.257429735,4.955047536,4.789238543,5.499908153,3.868976801,6.177408172,4.118479728,4.352272557,3.104986351,5.570607248,4.635095377,5.424671839,5.885758396,3.620131535,5.797948315,5.048826888,4.928180284,5.143046522,5.695018429,3.766411888,5.436496934,5.232079831,5.960439186,2.620930401,5.863549191,5.940394161,4.879328357,5.309208575,4.907538176,3.71428405,5.105369191,6.105919406,4.91339478,5.401286577,6.349748928,5.633030818,3.291689374,5.79352381,5.464872964,4.273296886,5.36321799,3.803195964,4.782582406,4.390996846
LRRC75A,3.785220315,5.863040509,3.775620796,3.20857523,4.309946423,3.619824625,5.160731473,3.760688568,2.740986948,3.85156261,4.028419865,5.943041878,3.661319515,5.121252303,3.521628587,3.055905096,3.770654721,3.398389636,3.76911699,2.178968444,3.452814889,4.609659947,2.833772384,4.417645768,5.089194308,3.474526302,3.712506008,4.731937315,4.466374454,3.753464573,4.745934793,4.665039753,3.765601926,4.871113054,3.417091539,3.582489046,3.661409302,4.390374597,2.488145447,4.89971182,4.624776412,4.964005496,5.275797137,4.877007514,3.349283539,4.816931342,3.372450791,2.736289487,4.868611276,2.534785331
SOX2,7.216384564,6.37032179,5.614703073,7.185880498,6.010909026,3.949664404,5.600544261,5.751326417,6.815660362,5.75145165,7.250889815,6.922598522,7.241209213,6.395679783,6.965191785,5.020448587,6.931461698,6.238203435,2.240464486,5.546495405,5.943058016,6.021210857,6.213782739,5.80525537,5.893831035,7.237388215,3.424062137,6.564436968,5.632914853,6.370365843,3.608036795,6.3462554,5.026800364,5.966413428,6.662619847,7.070754276,3.384061411,5.295844371,7.116280346,6.852780677,3.570606169,6.031312594,7.169583628,6.064548383,6.536907471,7.135342348,6.363611817,7.287066456,4.775753273,6.370520337
RAP2B,6.621800037,6.063057746,6.557863289,6.858189969,6.47280027,6.569863051,6.547026439,6.447193361,6.859937609,5.992735623,6.66256863,5.684633424,6.738594811,6.153952162,6.834366663,6.457074885,6.534375794,6.515613605,5.842864669,6.126205192,6.368817739,6.142113558,6.260430248,6.349239885,6.289561662,6.253621536,6.327863973,6.150350322,6.211132885,6.374147976,6.326172435,5.771912303,6.240137693,6.305303519,6.655925471,6.667930678,6.098272845,6.465027886,6.820515345,6.340071409,6.043757992,5.879873378,6.603011452,6.227829985,6.87342365,6.602838654,6.751249405,6.600921349,5.849212029,6.91706892
ACBD4,5.018050184,4.849504326,5.478141555,5.277288807,5.331499392,4.903790794,5.323760536,5.518012082,4.900605619,5.798609814,4.244638798,5.73718787,5.789374401,5.271227722,3.964799484,5.531343509,4.713811354,4.959105877,5.971103628,4.428438586,5.028894003,5.659540776,5.34558212,5.194452869,5.425207072,5.164432714,5.976353288,5.930203777,5.519292481,5.046421769,5.24230147,5.663177362,5.623098112,5.438936061,4.605366747,5.049478782,5.136552473,5.795728857,5.194723087,5.715087653,5.965700786,5.791418071,4.814696954,5.730809446,5.062214139,5.043442887,4.82028091,5.131852536,4.42498327,4.681437527
FANCB,4.566096664,4.807852703,3.253112679,4.413975718,2.356700177,3.466181245,3.677656541,3.410805147,4.667291035,3.004251068,4.478730965,4.207452672,4.122184123,4.566043127,4.340890749,3.63163311,3.846815103,4.447856745,3.275095592,3.952796826,5.164557778,2.467875729,4.784199048,3.877817756,2.483494906,4.747317473,3.226195401,2.530353565,2.817054162,4.458405688,3.205164268,3.57394919,3.288073919,3.196646253,4.119141539,4.075953939,4.794177841,3.742823356,4.809855796,4.565765085,1.44314297,2.890868338,5.168327679,3.058571642,4.301327237,4.020994738,4.076017993,4.952305184,4.232415026,3.813889329
TNFSF15,4.646979696,3.932844643,4.020931249,3.51807358,4.894499128,4.896179601,4.615896366,4.724745766,3.752473611,5.027405262,3.826537771,2.65102719,4.947387932,3.742011753,2.644035003,5.532247101,4.792064358,4.259333406,5.608210317,4.997902886,3.076509584,5.496597518,4.658747469,5.581331709,5.264772027,5.059011908,4.767725381,5.351065506,6.010092157,5.661844184,4.181215267,3.750239533,5.046292605,5.271001216,4.968952757,5.82541512,5.306338536,5.476803546,3.258161402,4.251969186,6.126764228,6.353062946,2.28779468,4.960832823,3.253711276,4.464633972,4.329582749,4.559166962,6.143637095,4.185802511
DIPK2A,6.628354776,5.840131079,5.64990987,6.447805156,6.083473779,5.557652205,6.036767998,5.72879416,6.321094792,5.892539971,6.682230574,5.402793263,6.393005376,5.993766653,6.693400051,5.499248674,6.452098933,5.904484619,5.725693602,5.234098356,5.660312991,5.92882605,4.392541321,5.172579672,5.55203211,5.978167277,5.11940122,5.075105297,5.484019441,6.114157875,5.31168397,5.016070815,5.322104799,5.953483392,5.813670005,6.392301947,5.825132964,5.566217259,6.727249265,5.997491933,5.408663716,4.937531318,6.620159154,5.32398083,6.417418268,6.670515878,5.645825563,6.458832105,5.564976926,6.065491868
SIAH2,6.809007319,6.365772447,6.423384289,6.927946519,6.505190724,6.27023944,6.300704489,6.377697061,6.772511271,6.469503393,6.937051396,6.504144256,6.6710665,6.619450249,6.870372666,6.103959461,6.694605127,6.580029038,6.184796699,6.300316592,6.333834998,6.140602142,6.574768999,6.272901343,6.230623782,6.661054583,6.124829536,6.168941648,6.287212768,6.595931799,6.547960255,6.236859214,6.315910434,6.192724086,6.611186188,6.98770618,6.704831216,6.246323489,7.118713503,6.458350211,6.123192065,6.222787265,6.793567402,6.330424919,6.754405838,6.887314759,6.456833146,7.046449314,5.350322075,6.973660117
GINS3,5.904940425,4.40137569,4.811203485,5.713921659,4.236290096,4.00572336,4.746125368,4.584588768,5.602888704,5.356803093,5.656034645,5.203843948,5.631934219,5.253900508,5.699210932,4.982101893,4.52068787,5.487822997,4.512427253,5.214538398,5.026064572,3.928213466,5.379931648,4.76314435,5.055768647,5.417250992,4.294671093,4.07451082,4.914302003,5.167500925,4.520768112,5.143650813,5.06453717,5.096526055,5.141386436,5.669077061,5.086176665,5.514566066,5.572412636,5.261618102,3.596981873,3.94681559,5.380181754,4.223828422,5.388250634,5.697908413,4.737084189,5.631433398,2.884252253,4.812720994
CCDC149,4.532331196,5.424872508,5.52887329,4.853573797,5.02381912,5.587207933,4.745575504,5.448438101,5.076195635,5.740365005,5.2097899,5.007289723,4.190009831,4.524321007,4.777450019,4.935958992,4.896611441,4.796855404,5.108777549,5.554067491,4.707552867,5.727098789,4.781928662,5.231459296,5.20198819,4.175530133,5.340297671,5.341494193,5.696999871,5.413652931,5.146027728,4.932887033,4.547013171,5.172280973,4.433183181,4.490261646,5.774340893,5.28650858,3.974577614,4.479475305,5.584297153,5.394558192,4.26424507,5.102654534,4.880254371,4.609490652,4.655224105,3.859545749,4.993060767,4.469796945
USH1G,5.326326143,0.974594578,1.163952986,5.634055237,0.683147006,3.142006797,2.513684609,0.871864268,4.462653276,1.499997193,5.410938817,4.437957609,4.445025435,5.531797935,5.115806059,0.159839744,4.287981542,0.644156871,1.968642227,3.503826333,2.101672332,0.790456988,2.983470271,0.762447042,0.932031702,5.598878136,4.229594158,0.368606617,0.58513601,4.213171025,2.250683139,1.775569209,3.538201029,1.662467673,4.599888304,4.59836568,0.529107744,4.212448653,4.937686295,3.898694805,0,0,4.749627502,2.661930849,5.714137534,5.47108063,3.96606806,2.778604244,0,3.566123499
FAM181B,2.397850135,1.204658951,2.853218581,2.67445689,0.631923102,0.69193901,1.282795763,1.73340636,3.290394627,2.480870712,1.862676565,4.085115857,3.806653158,4.749022855,1.876750743,0.795966958,3.329143725,0.423738977,0,2.819809565,0,1.450823198,5.009644898,0.706711297,0.307787344,2.35843668,0.178882712,0.727581737,0.296069755,3.229862458,0.535151594,0,2.743325827,0.74085986,5.0106966,3.562339072,0.678985469,0,4.526655057,2.569649988,1.031918289,0.254986609,4.767867596,0.802820033,4.839042336,5.167341731,4.651273816,1.168822184,0,4.097111029
TDRKH,4.827363128,5.84475251,6.296099541,5.454716324,5.990521346,6.284191904,5.936377902,5.632170506,6.177309548,5.830455194,5.075949117,6.296595407,5.865793069,5.880578685,4.005859452,6.069069311,4.968241051,5.854557192,6.049083307,4.837359729,5.991630837,5.961749628,5.514408234,5.99577845,5.977259238,4.815424013,5.941127694,5.888320498,6.340195809,6.062592998,6.188646243,6.101475705,5.076822001,5.904845465,5.392315365,4.961935095,6.57732179,5.593870625,4.704321687,5.622567307,6.293511185,6.186521045,5.418567835,6.196956412,5.0015197,5.170959152,5.454829354,4.617674129,5.024149788,4.925715921
RGMA,5.792998153,3.074503252,3.173428456,5.356205569,5.062067392,4.430940075,4.863723903,4.567725493,3.786849553,5.503787002,6.452483571,4.408859644,5.010440979,5.08665752,5.776038479,4.829034991,4.124354654,4.242966786,2.584184186,5.549541392,5.186351633,4.869398806,4.467056727,3.755622334,4.517150973,6.278943053,3.183171413,4.519171464,3.043709956,5.544694445,3.406158659,0.790939008,3.231727665,3.282496503,4.66214616,6.031424419,1.7578174,2.607038921,5.836596026,4.16533801,5.31906235,4.607727237,5.122155235,4.74567195,4.296302522,6.05091051,5.047339927,5.897050645,3.275879022,3.879948982
NXPH4,6.477912517,6.354780234,3.704292967,5.602156858,3.544084086,3.375891437,4.317649244,6.078989673,6.562865698,6.317581526,6.42839625,6.615615875,5.527598016,6.641271254,6.884008582,2.417721162,6.424332541,6.596370997,5.755889861,5.477285601,3.801524052,2.369739139,5.301515557,3.192247315,3.433300813,4.677454764,3.250349136,2.279569936,1.767736947,6.350412551,2.657414227,6.401789823,4.902506559,6.09677701,5.539860486,6.039765792,2.448699066,3.101322045,6.587173023,6.174634433,3.31153897,6.280746143,6.884337424,3.628800182,6.437065965,6.787496604,6.719343014,6.555602025,0,5.495186998
XKRX,4.508582561,3.084164913,4.680401521,4.077826757,6.555029025,6.16464067,5.677636196,5.439561538,3.586397225,3.931901649,4.421419778,2.523672652,2.983128192,3.570521222,3.831683759,6.148671417,3.746652695,3.803581215,3.310980705,2.991995474,4.551251937,5.625741093,3.595998664,4.807838823,5.890645535,5.222486906,6.113486802,4.195246735,5.785198054,4.455777778,5.766235302,3.9685178,3.010078082,6.224861592,4.029365865,4.473763407,4.367899903,4.631886892,3.77777235,4.221448118,6.40733476,4.692625575,3.536877692,6.340416558,4.719913235,3.857774132,4.578922611,4.751453938,4.868854244,2.302956187
CEP97,5.747918475,5.594491973,4.396199899,5.030052969,5.017118825,4.604881167,4.748544162,4.599797629,5.593216922,4.704985777,4.979798822,5.178697343,5.67546052,5.11288587,5.227161506,4.828137276,4.994830714,4.765889221,4.87708852,4.843249933,6.09193509,4.836073554,4.557537447,4.695242434,4.693337965,5.239010498,4.630801056,3.854172971,4.339825137,5.492174625,5.026080509,4.7155976,4.876864521,4.911434666,5.121428395,5.224952133,5.446749928,4.44834962,5.087407038,5.270641022,4.237669066,4.012572957,5.031135789,4.228299958,5.051323605,4.979716088,4.658304246,5.254270654,5.221727703,4.249258515
LHFPL1,1.977329102,0,1.951242606,4.705588089,2.344909657,1.695857009,2.426861464,3.73076687,4.805743741,4.521909491,4.80584798,1.48821206,3.274539044,4.382646759,4.96929618,1.512377975,3.054547928,0.467291812,2.818272925,3.672693406,2.388926205,1.948095031,3.72484154,1.393263317,0.340837932,4.362553783,0,1.115334903,1.321997422,4.551736943,1.965495554,0,1.790726846,3.487849892,3.590837676,4.090880184,0.536375707,0.690105929,3.930834185,2.161617665,1.425125302,0.517917178,4.55682635,1.605441079,4.82170708,4.248821862,4.400264186,4.224639742,2.403512064,3.682519474
LIMK2,6.613972077,6.512149513,6.307569889,6.857706154,6.060805996,5.898251369,6.113555688,6.347618344,6.795803022,6.570776369,6.786093095,6.101621279,6.132723416,6.244442031,6.972878139,6.152563913,6.516678759,6.771994265,5.865327018,6.951942622,5.961874797,6.233455207,6.563263256,6.374373541,6.19400234,6.398666475,5.951382701,6.011305653,5.641427983,6.743397061,6.050969766,5.465664581,6.499190628,6.176446876,6.66902261,6.580762169,5.972784893,6.202680088,6.732174569,6.059703074,6.024056479,6.379980614,5.930993984,6.161867887,6.283286011,6.345055687,6.77950043,6.452956,5.740137,6.979064627
SPNS3,2.256127409,2.565789685,3.870669196,1.116772722,4.400383529,3.002416371,4.483859357,2.991409246,1.224316966,3.057229784,2.319359116,0.846651858,3.53179156,1.315354469,1.620448758,3.285967021,2.288621197,2.037801238,4.629010865,2.123853293,1.379279453,3.471980767,3.010578301,4.204695335,3.833763957,2.864177307,3.17846409,4.525771418,1.206846827,1.818510116,3.409317803,2.820123773,3.325907283,2.935080188,3.015198348,3.954552167,1.289438221,4.337046822,2.881446902,3.215476544,3.254440763,2.911248464,1.369629674,4.771771874,2.898143365,2.765588809,2.706959884,3.190046249,3.038825615,1.486341378
EPHB3,6.474251193,5.595030595,5.915957978,6.870264582,6.08243152,6.069860611,5.578554856,5.621015679,6.555743598,6.113863539,6.450476699,6.3167448,6.404359018,6.770628514,6.47514398,4.944467219,6.246971612,5.878769063,4.691085765,6.403783371,5.461625717,6.283034861,6.446884837,5.859760197,6.203449281,6.374582369,6.225791576,6.444262115,5.733531895,6.450301651,5.200619631,5.591634383,5.701357369,6.074694065,6.115681436,6.650707463,4.693226016,5.762158799,6.309425643,4.949757035,5.447419294,6.772732906,7.084077465,5.409715483,6.638558772,6.570076157,6.120687045,6.278382255,4.732841258,6.777633177
PPP1R27,4.275453215,1.601694598,0,2.974016656,0,0.637936611,0,0.749353421,0.442792503,0.784120356,2.90648505,2.374691474,4.01901947,4.060119813,0,0.651847862,1.394364378,1.489056231,0.392543848,1.377087649,0.680550659,0,2.856024298,1.68854342,1.18049006,3.089845409,1.453263179,1.041586518,1.75710481,2.123259426,0,1.32742586,1.327944765,0.383819144,0.531940209,2.211560341,1.054242459,0.798540854,1.087882224,3.179516514,1.020829395,0.830418674,0.458914631,0,0.758538485,2.107072118,1.440986009,2.733869808,2.229053544,1.086680768
IGIP,5.248513113,4.752599186,5.258260086,5.563263211,5.55846275,5.612298117,5.20766454,5.802183374,4.990268094,4.930803207,4.580591661,4.329967607,5.274448715,4.387878952,4.912468571,5.057703115,5.27712512,4.698296449,5.55613084,5.257289087,4.379037658,5.839967214,4.790180873,5.33105289,5.006068235,4.793831395,5.696417194,5.591629334,5.354287633,4.768533807,5.42964957,5.655169744,5.473081184,5.600763914,5.249343705,5.099454125,5.587047858,4.996133003,4.064254588,5.04534893,5.799639515,5.539667158,5.124774506,5.215511835,4.372702989,4.903673421,5.310875694,4.224739553,6.030044089,4.875480541
C1orf116,5.899219226,6.380466844,5.882911781,6.247872439,7.097452974,7.271723065,6.71917242,6.224316116,6.153560853,6.730477204,5.722827903,5.840692621,4.851779506,4.891925118,5.726193932,6.980088743,5.896371436,6.170754553,6.064672012,6.174044485,5.458900061,7.213958128,5.759709195,6.701536465,7.189899791,5.372122926,6.957972288,6.936435189,7.093087801,5.524431281,6.125845072,6.410642096,6.39807114,6.485860041,6.38840693,6.068557437,5.268466536,6.532892048,6.077279593,4.61386252,7.079468443,7.222194754,4.61446755,7.309583239,6.163807429,5.991898144,5.76540337,4.70361589,6.4302603,5.790968856
C11orf54,5.450685338,5.774974193,5.881032945,5.438504057,5.815210004,6.031048502,5.731385072,5.68308385,5.353266559,6.023367294,5.668258576,5.829745646,5.149840827,5.103446683,5.177936995,6.217352939,5.413980076,5.322018087,6.047923296,4.908151922,6.137872901,6.033688358,5.67333429,6.007673087,5.913724865,5.534671539,5.458177813,6.291100569,5.850361784,5.159857124,6.007982823,5.795414377,5.329269311,5.864600849,5.09497734,5.109846199,6.280986628,5.930864757,6.006945997,4.883631367,6.106063139,6.054769845,5.457406783,6.035002415,5.747246515,5.564453663,5.384431546,5.178469218,5.688407806,5.068449271
WFDC10B,0,1.866284786,4.884319333,2.753823643,0,6.107472717,4.690967307,5.109151139,1.389224602,5.770857296,2.956600041,1.798601615,0.923773025,1.04641693,2.9273505,5.136042872,1.97404399,2.020153816,2.49769754,2.841376683,3.253153715,4.575386082,4.300467638,4.51226127,5.542552932,3.725366802,6.160051717,5.45777978,4.48985548,1.003079424,5.218554728,5.431799296,3.054828032,4.217872643,2.526625545,4.810998395,1.160214073,3.402249846,3.247793876,3.061920451,3.152027492,5.903930295,2.984208279,4.644772508,0,1.732877516,2.268841358,2.007114259,4.403592496,2.556850523
SPATA13,5.084125497,5.894923229,4.902214604,5.021041904,5.882877568,5.609426486,5.819753776,5.484368875,5.389939402,5.77533336,4.657700195,5.149875693,5.021779051,5.368495624,4.885058673,5.488876609,5.626331758,5.40076647,5.578172429,5.347149089,5.32937537,5.604496686,4.98611657,5.492088816,5.83945189,5.367753675,5.396531476,5.794085513,5.424744996,5.299803625,5.531733551,5.334552523,5.828327861,5.490697756,5.273949081,5.40279421,5.200177936,6.041620786,3.84660807,5.662282024,5.672657702,5.583407122,5.480537345,5.820016208,4.883396194,5.067403417,4.768275955,5.026282192,5.529927463,4.779999814
LYSMD4,5.043303271,4.915486208,4.240102476,4.996929469,4.148436277,4.129601154,4.333585343,4.656400582,5.126053506,4.587302744,5.201260529,3.990008017,5.023472989,5.024217071,4.681462015,4.942382691,4.554210303,5.029634881,4.618680948,4.811653847,4.939212025,4.741940588,4.953932341,4.222342335,4.614192813,5.759855498,5.034147095,4.496233585,4.721030453,5.650544178,3.954513999,4.233578969,4.95844691,4.639985331,4.990976206,4.967448315,4.623680601,4.661588741,4.916788505,3.356232768,5.109072112,3.789981053,4.489459827,3.877970091,4.638526147,5.002570852,4.888538005,4.734624657,4.676040757,5.065972016
EPHA10,0.370606162,1.963759188,2.082030385,0.747629339,4.412144885,5.050334014,4.103055871,5.42710063,1.490113076,5.455220171,1.512482947,0.262002904,3.741742256,3.956137191,0.09809187,5.358763953,1.741616749,2.576376791,4.854605992,1.519238343,0.147933012,5.098039735,2.804809843,5.02059452,4.575672791,1.361669029,6.040743009,5.017810992,3.98971003,0.555687437,4.750507547,3.664546112,4.212673721,4.644883611,1.932186008,2.163093931,4.931533912,3.590775336,1.509740205,4.456281736,4.257336905,3.896295797,2.140838518,5.274659494,1.297093519,2.275942593,2.380057652,0.572183693,3.538911297,0.588853739
CCDC125,3.90073895,5.611011882,4.530630638,4.095864848,5.283612825,5.175391435,4.770480657,5.39137406,4.728371468,4.932650762,4.372189252,5.17337484,4.677038899,4.34475927,4.091033454,4.94127984,4.848851402,4.642240002,5.624966893,4.231322348,5.526812681,5.476177283,4.257810928,5.179178007,5.09459722,4.481751871,5.737356438,5.359652229,4.725661182,4.406669132,4.908047154,5.861243001,5.225857692,5.244016473,4.152030743,5.061757155,5.318454668,5.572500224,5.247576896,5.206712974,5.49352627,5.721900823,4.631007829,5.157553362,4.472166582,4.622008848,4.906647631,4.546430231,5.488848511,3.640655301
GBP6,6.847005134,3.094382887,0.803075098,6.533606393,2.518975719,3.524363832,3.797549499,4.054067079,6.451885474,2.608654683,6.790771549,0.780994406,6.603256629,1.678015297,6.687824648,3.960551728,5.932946574,5.566167579,3.444894405,6.490602022,0.905679393,4.587139574,3.599822739,5.463036428,1.055553345,6.695024365,4.121643714,1.809588738,1.459637772,4.530680024,2.130532119,1.434793951,5.205860637,3.447262465,6.717327617,7.14723539,0.338721353,2.884489529,7.089118423,5.365371709,1.781262085,2.674351494,5.007044719,4.357944192,6.43049095,6.882835031,5.532730541,6.682604992,3.033375684,5.890949736
HMCES,6.972345547,6.613855936,6.630272527,6.618133309,6.573510335,6.41030477,6.562400715,6.512899906,6.854793304,6.623254538,6.67973733,6.711773799,6.921145139,6.42256908,6.617852571,6.295678266,6.637713325,6.72143501,6.501707615,6.656283595,6.755797674,6.289744966,6.429350164,6.482989181,6.553784689,6.585303353,6.447145851,6.546980702,6.491431089,6.792871088,6.553387307,6.53775167,6.601551149,6.426086913,6.799105845,6.788162692,6.721489908,6.583493973,7.038968123,6.635574837,6.393836707,6.553450374,6.347160673,6.361468197,6.890551678,6.728920537,6.84457562,6.703581107,5.130505158,6.531160936
MACC1,4.734916069,6.010544314,5.073294855,4.157379998,5.719974006,6.259077696,6.188310916,6.6112664,5.303495117,6.316728876,4.17509007,3.57196583,4.313807534,3.16475487,3.181343049,5.599246698,4.634167732,5.490330898,5.586118718,3.965206753,1.53681302,6.318735021,3.599424168,6.345294222,6.163730556,4.740354537,6.161599903,6.048649776,5.675581267,3.822410382,4.216121791,4.894183819,5.409005888,6.660174902,5.523148812,5.629659427,3.129773269,5.878942682,5.829017872,4.19440437,5.94527654,5.732296163,2.457066366,5.943544797,3.92375901,5.177571772,4.52391698,5.28254794,6.446266972,4.004648261
ACP7,5.797397051,0.504280336,0.964648045,5.795123884,0,0,0.834951311,0.842036978,2.1710306,0.421023644,4.219934579,0,6.128492781,4.630480863,1.939379591,0.946334265,4.152322331,4.77059121,0.196956574,3.511411682,0,0.875008849,5.466570736,0.946240688,0.378551702,6.090649914,4.527648447,1.479188608,1.424732077,5.135377083,0.64721268,0,2.139576764,4.169286299,5.383503609,4.570340193,1.685893176,0.429708098,0.437185201,0.805339864,0.314010971,0.31494992,3.872176192,1.718918035,4.042020476,3.925991858,5.591088036,2.120759831,0.344309664,5.267222449
CHEK2,6.246100264,5.687501297,5.792867684,5.886126987,5.345543057,5.398997668,5.624211904,5.283524114,5.972573963,5.357248165,6.099964826,5.988971399,5.827548526,6.212019534,6.316147074,5.662154618,5.557686601,5.985988707,5.425122528,5.482195144,6.649850115,5.210174444,6.188643226,6.067845063,5.553540522,6.277636733,5.322729258,5.658446255,5.46421714,6.060003567,5.735150949,5.593519894,5.659126287,5.277908431,6.041893046,5.840292466,6.183067322,5.999142785,6.49944203,5.84128277,4.776935891,5.400528471,5.730841699,5.482654032,4.97468665,5.747389573,5.936172537,6.39364807,4.841702541,5.980109966
ZNF703,6.644707272,6.789960884,6.906282164,6.415658422,5.999317459,5.912749245,6.059841458,5.837095967,5.888251496,6.019263721,6.787856139,6.174737925,6.498207914,6.520508583,6.66796687,5.306402691,6.388759857,5.81013672,5.456192998,6.879505688,6.434818929,5.859884859,5.982261556,6.108407116,6.337411221,6.474453658,5.98854396,6.636067661,5.519868637,6.902925272,5.874067366,4.570862706,5.556128437,5.978482004,5.72862741,6.514974922,5.657830937,5.655098745,6.148374434,5.998635735,5.532707291,5.499365256,6.258577365,5.919759328,6.032036399,6.732579962,6.842037555,6.549516407,3.900707896,6.178304055
EMILIN3,5.532430016,2.881479893,0.832680568,4.833518037,1.904831284,0.710166771,1.885911084,0.930932734,0.496754297,2.736678985,4.691468155,0.884409223,5.036823341,6.184210919,3.035563351,1.197211851,5.324050099,1.149483055,1.042469027,1.864286477,4.079564388,1.234512182,1.940749454,0.523049101,0.574962717,3.529126364,0.855355535,1.379325078,0.766281489,5.37028043,0.550041369,1.342524001,1.343007049,1.375181644,3.746668984,2.287616988,0.273131384,0.988360382,0.897371466,2.993365867,1.725315222,0.582321325,6.467394261,1.530256709,3.454539748,6.263886602,1.456800657,4.4950544,1.804706425,3.609863259
BTBD9,4.99337134,5.520795876,5.229159873,5.157202165,6.043564743,6.241568884,5.563038665,5.45142686,5.064331192,5.840707041,5.018211826,5.125960578,5.243465643,5.286935002,4.16671157,5.973768963,5.43981052,5.232710104,5.339355471,5.205689012,6.088054147,6.384165513,4.394750556,5.347284632,6.456184983,5.065793918,5.88526194,6.005760038,6.111619153,5.234881852,5.404969386,5.286042485,4.9319447,5.665504737,4.593704715,5.137500211,5.085245871,5.375536411,4.455986666,5.506459487,6.287723283,6.209417387,5.252676539,6.215535862,4.213036945,4.971014627,4.940450956,4.648336449,5.923063877,4.746113819
GPR39,0.435237303,5.004694549,5.23684676,3.470496349,5.265522888,5.485826476,5.176207338,5.46728389,4.386010297,6.096928408,3.141580065,6.058661136,0.225340105,3.920964375,3.26885874,5.573883613,3.7518269,5.332433561,4.510603561,4.005576291,0,5.837202706,4.011862525,5.689480009,5.649991421,2.946696775,6.046852537,5.264584007,6.277198798,5.007630568,5.776034278,5.137542643,5.145632595,5.347003889,4.841126019,2.819027244,4.96901929,5.068056572,3.503262553,4.610474874,6.261306501,5.242344054,3.832364571,5.759286357,4.272601967,3.279016297,5.452851322,2.121522009,4.776332518,5.176457903
DNAH2,4.28754673,2.632273068,3.466527535,2.408363321,3.435909722,4.911202296,2.818693607,4.679025656,1.260859824,5.201343394,2.400356266,4.512538247,0.701517001,4.902411602,1.357830898,5.300491395,2.974454343,4.056947869,1.777573225,4.013589509,5.178475826,5.000236325,2.977708879,4.710666259,5.148113825,2.716281465,5.037865963,5.433783009,4.06474845,1.706894612,4.708054178,4.908693422,2.832707079,4.341055456,3.283536211,3.492326453,2.265320061,4.949690257,3.240712369,0.772457225,4.69302451,5.34647549,3.682802156,5.186294176,3.204742926,4.718922813,3.561300141,1.019431142,4.758164879,1.401142949
PRKX,6.615186613,5.820596847,5.81157364,6.365521932,6.036582815,5.344734055,5.536223259,5.340708066,6.587861273,5.604174521,6.769581081,3.554548995,6.59012031,5.636755082,6.197766944,5.986407032,6.492302167,6.06961898,5.483241729,5.324589706,6.150045474,5.576259178,5.403855958,5.136518009,5.684478719,6.093076391,4.809917738,5.034490485,5.155499045,6.248027844,5.501017926,3.996894232,5.865213236,5.000505919,6.262590165,6.338908677,5.573667422,5.891471469,5.770132718,6.00450552,5.782789003,5.327157185,5.87241952,5.230741107,5.787984968,6.395985638,5.639741393,6.068047359,5.218378838,3.580337374
KMT5A,6.56304885,6.146442014,5.988598498,6.274688404,5.651040092,5.724849737,5.681880414,5.985768159,6.032847244,5.744644001,6.390624583,6.177608488,6.266863949,5.869577305,6.359749426,5.901146657,6.007979779,6.373729753,5.809004385,5.92773606,6.13826655,5.806612208,6.132364361,5.947480174,5.836242543,6.434735542,5.771492832,6.078128879,6.143453604,6.192408002,6.006728502,5.993591394,6.052577759,5.695567705,6.438852958,6.243145683,6.133897553,6.278865562,6.216385987,6.020928084,5.820266483,6.125722785,5.866497824,5.942583316,6.479397313,6.226588734,5.99289032,6.31189025,5.049133814,6.276596431
PTP4A2,6.422477005,6.715397413,6.864511369,6.271386597,6.948304101,6.899569692,6.87476174,6.859263676,6.72280095,6.836205979,6.524554561,6.680838087,6.343103706,6.448564742,6.49261682,6.763422219,6.532696855,6.552116985,6.793751181,6.704674857,6.960971847,6.884230023,6.618230626,6.623578612,6.812698499,6.45613431,6.700997195,6.748486622,6.830356143,6.873702786,6.938408605,6.799170898,6.749483336,6.770207449,6.838105411,6.650222045,7.072018474,6.788355075,6.753793871,6.483291538,6.648891074,6.557744632,6.715635845,6.708168306,6.698938014,6.442022344,6.875186391,6.668368558,6.303116111,6.810321883
TMPRSS2,4.45631287,6.128783302,5.452893619,3.481198417,6.711972616,6.495099043,6.009004327,5.676950319,5.222760613,6.398461918,5.100276575,5.353338974,1.247328981,5.479946361,2.077870235,6.282822381,5.673305167,5.673681202,5.073136196,5.111249468,6.276296653,6.733211082,5.682672637,6.40511398,6.930972424,5.923519653,6.467227392,7.018627723,6.945961885,4.657191231,5.770638633,5.935056041,2.896356146,6.007840858,5.633854635,6.33682339,4.048003059,6.396677238,5.969630631,5.199794908,6.755270997,7.125003687,3.951848117,6.989505193,5.615006582,5.641796579,5.498404718,4.239968489,5.991255456,4.755015039
KCNQ3,4.197303061,6.158015446,5.366978985,2.205929384,4.345234353,5.887369196,4.356781548,5.585204627,2.397405457,5.84511931,3.21042688,2.074933202,3.920805927,3.876808515,2.495427312,5.532793048,4.525036115,3.799711121,4.076717809,3.538214101,1.292901714,5.267250386,2.407709655,5.737135008,5.644968269,3.325214568,5.781773076,5.601458251,5.599879691,2.29563458,5.347131844,1.701422865,2.186834951,5.248389797,3.434706308,2.181947726,1.879220705,4.009274322,2.625128482,3.977743187,5.631579559,4.677083419,2.721914737,5.376289496,2.155638312,3.478543041,3.655700662,1.268686557,5.113680705,1.752588735
CMSS1,6.18567227,5.840214757,5.809458209,5.971771596,5.691531025,5.595599113,5.993730515,6.065636493,6.328045364,5.509118589,6.000037086,6.293859609,6.103869581,6.151621263,6.296383893,5.305107039,5.524990817,6.274710163,5.261204303,5.588241402,6.443609927,5.222065742,6.173462978,5.541425671,5.467537165,6.246541593,5.369363256,5.171030879,5.356685601,6.297606193,5.947970812,5.885999377,5.840546378,5.643946523,6.02962166,6.006992286,6.087803883,5.236881049,6.592904286,6.347366458,4.865875659,5.926643841,5.992823847,5.596430203,6.41442964,6.066119982,6.003837597,6.612091479,4.985234261,5.752130845
EFNA5,5.079843947,5.356751979,5.662270369,4.847172795,5.148536383,6.07051706,3.894414655,6.383171045,5.824752815,6.810303465,5.489448469,5.118719407,4.846688486,5.26433351,4.898307317,6.497626742,5.390306824,5.704461943,6.010837585,4.918541057,5.140308695,5.834919995,5.247933121,6.000527814,4.818433824,5.016882601,5.187936436,4.448465381,5.281903257,4.875345333,6.117815451,5.77815665,5.411587584,6.05876853,6.128980787,5.039371018,5.676315561,6.033751339,4.704534387,4.699311376,5.818973037,5.51801282,5.9194899,5.479727064,5.549499902,5.223728224,5.744989059,5.062571556,5.640364985,5.06740353
NCMAP,2.379945403,5.199873426,5.490649898,2.104286598,5.180182925,4.103542182,5.032331699,5.417979141,3.075111416,5.271607754,3.456895756,3.15813138,4.3798221,5.417112496,3.641640942,4.600692173,5.054185381,3.871162601,5.574524326,3.730669557,1.415015352,5.789695545,3.239843076,4.227283265,4.631464341,4.292158864,3.690689368,6.213961828,5.84460201,4.459007211,4.947088277,4.48948141,4.321007529,6.189187269,3.922618975,4.104801149,5.808077957,6.141570729,4.49483978,2.317660784,5.426213995,5.548298945,3.471085879,5.735393613,4.433523588,4.359622648,4.342770424,4.470064482,5.368276876,2.365062747
XPOT,6.705261686,6.77754775,6.215543082,6.409241482,6.33517232,6.278937669,6.351576296,6.232923078,6.805207717,6.465188882,6.872301301,6.728955251,6.350242485,6.353381178,6.876225909,6.387273947,6.735312529,6.656272814,6.438687094,6.498203159,6.953165592,6.124148676,6.606355731,6.188131806,6.213524399,6.782352942,5.960415429,6.135268651,6.162170663,6.750582484,6.496937001,6.70260339,6.354035174,6.475257264,6.445062132,6.497497742,6.833485361,6.624628182,6.615382192,6.56139869,5.987914805,6.375945205,6.537471858,6.232209384,6.432082339,6.42324609,6.2789361,6.772041246,5.721331024,6.691096707
NELL2,6.38111675,5.931660011,3.900110633,5.247438887,5.41787962,3.859007634,5.456546343,4.571979794,3.685269717,2.468099712,6.019109246,3.500222577,5.15786176,5.322966305,7.017950176,4.274257542,6.467605859,2.549548083,5.10992183,5.998846359,6.024204467,5.103381963,3.196800357,2.962438173,4.586225151,5.34481376,4.058154757,2.995852408,4.983476385,5.428152787,5.143588304,4.058699062,4.381216139,3.261969162,5.62453267,6.050099173,4.454721293,3.938285946,2.87616481,5.771813901,4.253976272,0.951513826,6.332703244,4.935129101,5.823324452,5.705786575,3.589393928,4.568304775,4.820403464,3.832675719
CDCA2,5.605266571,5.865479611,4.765924824,5.156295551,3.940290577,4.851882553,4.583389005,4.344230141,5.301498684,4.495948439,5.331127518,5.227416108,5.836787404,5.336115095,5.051502385,5.634287826,5.185805535,5.679572389,4.339888358,4.716662244,5.87346769,3.220724841,4.766581202,4.914582686,3.705079397,5.000405623,4.590832463,3.250592611,4.542499792,5.089848621,4.221731752,5.127378149,4.820370635,4.354083113,5.651277922,5.748892885,5.475363008,5.341018257,5.449722989,5.523289546,3.050221937,4.249663139,5.838974791,3.090142993,5.212057349,5.530117096,5.044039493,5.470359089,3.637420858,4.753584378
AMER1,5.302136611,4.923392787,3.82478642,5.424011187,4.151973024,4.482497638,4.253603337,4.698956664,5.350413728,4.728292589,5.548774844,4.841848653,4.892223486,5.223167379,4.95256115,4.186412341,5.241316034,5.352087386,5.112315375,4.77634487,4.739434277,4.211231739,4.821234718,4.298186324,4.562705162,5.660723176,4.292186529,4.822003794,4.459790737,5.518853382,3.829942686,4.852687234,4.782479089,4.644705253,4.15303803,4.84265548,3.726624027,4.561549911,4.125650905,5.283533896,4.443960616,5.348772539,5.173619741,4.286698575,4.603663735,4.695205165,3.997112546,4.824817911,4.683857408,4.113045738
TMEM106A,3.786710731,5.257372781,5.47640536,4.975142015,5.686562269,5.759050572,5.763621154,5.526731761,4.8720131,5.667259513,5.133334194,4.958868248,4.767825506,4.919625027,5.103509864,6.112384807,5.690429194,4.803033044,5.636790516,5.525197216,3.987955531,5.579022527,5.508765199,5.569868281,5.314953372,4.951306318,5.293138827,5.681368274,5.268726021,4.956875319,5.658051273,5.912192949,5.221419502,5.57824192,5.454966307,4.895033873,3.048761375,5.612508781,4.714335853,5.524163054,5.238282415,5.548227777,4.913481055,5.592203711,5.357339771,4.725173853,5.108222576,4.569677089,5.310175083,5.431690857
FAM43A,6.297219294,5.483850998,5.82605729,6.233709349,5.995063714,5.611484982,5.610322391,5.807362712,5.898695273,5.012712621,6.601422354,4.049434455,6.286612071,5.790465843,6.375204873,6.125207135,6.17753627,5.420510627,4.920905084,5.838819702,3.994224569,5.352331893,5.874203485,5.395820287,4.90406534,7.123630158,5.223016671,5.188899604,3.978913474,6.667420429,5.316558953,3.930695923,5.269976339,5.480956954,6.106208722,6.416732231,5.724092142,5.55648335,6.009837218,5.37559985,5.509100195,4.227777603,6.672631416,5.012512489,5.426892078,6.948288084,6.131017454,6.782307004,4.054883066,5.147833178
SIGIRR,5.762844911,6.369180347,6.54377303,5.712819879,6.327987522,5.804572568,6.358238869,6.324672196,6.289340539,6.283113984,5.555793039,6.450180061,6.025961219,6.337922081,5.316200158,6.17636677,5.31051571,6.001100375,6.19396355,5.49046448,6.202990886,6.426722613,5.869461143,6.217598185,6.559911945,5.834181895,6.46892068,6.659712486,6.297662702,5.614157743,5.791404613,6.208442223,6.384497608,6.201251033,5.968395455,5.971568126,5.728005347,6.533147178,6.374557695,6.413946817,6.43025954,6.561117389,5.781231951,6.707128825,6.211512709,5.701991917,6.219634631,6.153947883,4.705298438,5.991366405
C12orf56,4.079705655,4.524358095,2.9901354,4.952975018,0.25942918,0.198340961,2.898530656,3.065827667,2.979676961,0.173735649,3.153377299,2.783516243,4.77857118,4.300849091,5.509019036,5.238236091,4.748821891,3.495053416,3.245320235,4.099354855,5.229389607,0.396921158,4.267736905,1.469447625,0,4.532011993,1.920575379,0.460302111,0.217329581,3.880243766,0.712323504,5.43841471,3.298002302,4.418726733,4.741711436,4.720345416,5.228960493,2.094527635,5.37124804,4.505658577,0.096035806,0.096325328,4.969365253,4.497847501,3.997444863,4.972651284,4.506769404,4.2622758,2.453872908,4.272379117
FAM174B,4.958742323,6.443417509,6.558492378,5.162014324,6.076923419,6.030705027,5.771981981,5.858222866,4.874688669,6.538668942,4.906381447,5.930652913,5.235718644,5.561453353,5.343560168,6.212992931,5.210627211,5.812058065,4.384374748,5.554691995,5.639662107,6.083912531,5.249511559,5.960355366,6.288024032,5.321222157,5.640866925,6.579741255,6.178083367,5.37857391,6.220473669,6.524990852,4.659457943,6.074282799,5.1440615,4.936553679,6.24473339,6.134532721,4.994338709,4.767129053,6.378743409,5.701747433,5.45788058,5.719883624,4.789155039,5.645009851,5.86636936,5.355942115,5.489557202,5.921252756
KPNA7,3.111465322,3.091991335,5.90963732,1.238322886,4.294090787,4.521408368,2.060049434,4.047182418,3.975906846,4.229416194,2.676311433,4.156235939,1.695338904,1.543423939,2.765782646,5.263636754,2.304340548,3.883100854,4.169549268,1.057877626,1.575930291,3.862496364,4.283229538,5.898394492,4.712836345,2.330983158,4.672338501,4.792266743,4.607857523,2.81905913,6.14354251,5.535733731,2.852625457,3.674447074,3.87409209,3.031892625,5.601886198,4.898642939,3.386126302,1.409143491,5.339133555,3.390299154,0.952103441,5.868517038,6.002243441,2.667406769,1.938272067,1.693672295,4.920097763,3.989062139
KRT6B,7.062272211,0.251748536,2.145388854,7.347950131,1.2624136,1.616793621,0.775896192,1.89444803,6.963459419,3.521737644,7.25568448,1.717459609,6.939852604,3.450025291,7.775044321,0.241819778,6.58309601,6.614055549,2.645186435,7.674022075,0,1.68571758,6.290550456,3.640150983,0.268519749,6.890545562,3.236972975,0,0.828856203,6.723434695,3.925041517,0,6.758454992,5.406166629,6.909763118,7.32844531,1.018837984,4.873180093,7.661207151,4.708317298,0,0,5.947527038,2.600874594,6.199258403,7.236663343,6.482997404,6.424276056,0,6.594123281
PARPBP,5.856925034,5.670538461,4.601820091,5.091638634,3.808942817,4.365050766,5.058096475,4.264555373,5.782186517,3.80615816,5.455954649,5.713601314,5.500444911,5.28086667,5.336157613,4.793488502,5.14998055,5.26558205,4.459321164,4.621958298,6.153839597,3.693456476,5.18748905,4.754359179,4.343158967,5.834434138,4.031111027,3.45663149,4.479693775,5.51818893,4.385942478,4.941467873,5.083874325,4.583261318,5.196698868,5.078897589,5.688148597,5.353814715,5.712176647,5.426558228,2.968791149,3.980785453,5.606110985,4.105608555,5.048587587,5.481659852,4.42294082,5.898790636,4.143696806,4.556661259
MUC1,6.012798607,6.728265649,7.258507562,6.367628738,7.385867587,7.411016409,6.392401906,7.239385507,7.299183166,7.362095624,6.413600007,6.255941325,6.007874732,6.336378768,5.530397101,7.332815311,6.693616046,6.877154249,7.318874584,5.938004046,4.798459679,7.496551361,6.693920921,7.421375696,7.444482977,6.491728101,7.418930838,7.319907833,7.447672339,6.502772548,7.570610497,7.285387284,7.212702961,7.167847766,6.84837206,6.357570354,7.071108394,7.297492514,6.811355416,6.24966095,7.464281776,7.725214327,6.09772017,7.508748992,6.642920893,6.548945894,6.79360987,5.64311457,6.309166112,7.013173022
FAM131C,4.349474054,0.328238673,2.35857975,4.286977009,1.517621601,1.264033269,3.052650858,1.578803903,4.260491829,0.497899857,4.014876361,2.644149283,4.560593671,5.560067005,4.096573671,0.789095304,3.585543456,3.472922839,3.409134924,3.189693208,2.291819278,0.595173399,4.138144618,1.139969385,0.628395974,2.877776096,0.927120767,3.052083046,1.026374657,3.290734597,1.994707156,3.659905006,3.000153073,2.69405286,4.220343996,4.149954122,2.177309026,3.751654915,4.948292474,4.592878912,0.909850209,1.454912704,4.946727734,1.963904937,5.123208956,5.194976506,4.272524197,3.506289498,1.528938946,3.363949307
INKA1,5.465612402,4.422875454,5.48655687,6.122209751,5.399133089,5.176255494,5.315073675,4.749500295,6.029434814,4.531293497,5.487429397,4.170276266,5.562088858,4.801298186,5.963148639,4.760650109,5.2624688,5.968766813,4.156993546,5.998730057,3.749819783,5.152087957,5.127354594,5.022116593,4.914548635,5.461959171,4.862248953,5.119180949,3.924176291,6.054135933,4.545199661,4.226477613,5.675248252,4.685355561,5.746849969,6.016206382,2.96634654,4.52276621,6.586164827,5.252989056,5.215181565,3.995724125,5.340712856,4.909850489,6.05856929,5.871509776,6.084018503,6.033838296,3.304934244,5.568421259
NDUFA4L2,6.848745756,5.913788065,6.372405503,6.737356008,5.821465278,6.218419902,6.379771786,6.471781432,7.39323444,7.070917523,7.077302036,5.287126986,5.920991153,6.857891987,7.72229216,5.938661891,7.058033534,7.325216101,6.052984851,5.912556524,4.371590602,5.301455921,5.568752364,6.130446453,5.685507044,5.894570632,5.808600267,5.581513024,4.986520556,7.013071897,6.066578819,6.234326441,6.151347527,6.421237022,5.372241349,6.812196078,4.575700078,5.81560631,7.528717471,6.948211629,6.265030262,7.344085579,7.182094194,5.233326626,6.928231234,7.031652568,7.177654517,7.240865434,2.581936632,5.865528996
POU3F1,2.20640972,1.197916075,1.962218174,4.073314666,3.034487323,1.954205206,4.189726756,3.20252992,4.760082503,1.189416615,2.523964988,0.926643522,3.283470829,5.530656566,5.195224243,2.028045501,2.668344698,2.390678773,1.318500955,5.426435411,0.667816815,4.724320846,1.404039216,1.402611928,1.89410554,2.709114476,1.937621831,3.876606638,1.465335369,3.357457029,0.671209788,0.322589731,2.652463092,1.782611515,5.098423008,4.718767206,0.340644312,0.625850321,3.414971299,3.956086599,2.203729146,1.690855301,5.327733827,2.433556067,3.242640546,5.05528995,4.278670002,5.116808379,1.866571258,2.44263034
WDR53,6.057093985,5.528744536,5.925111346,5.924241449,5.527063022,5.621684368,5.799186752,5.753580997,6.304976685,5.840152404,6.297572577,6.120579129,6.24499809,6.144770811,5.984546875,5.338634228,6.172783394,6.35611707,5.791159181,5.948103604,6.347650898,5.474344813,6.039114658,5.972327013,5.478430727,6.738102904,5.910769014,5.636974347,5.53500143,6.223812146,5.660599434,5.732376569,6.063789687,5.715873672,5.885782946,6.109492484,6.140158946,5.942198395,6.454725813,6.016256954,5.422060335,5.279305377,6.37380983,5.390094574,6.179877867,6.37193445,5.97556471,6.657348959,4.929397163,6.247998767
LINC00839,3.991133879,3.717661679,4.120571052,4.292799349,4.480245149,4.166380922,4.762651556,3.471084149,2.528541093,3.176950445,5.289880402,3.064674948,5.397771955,5.764436207,4.264173319,3.123150092,3.346000522,3.96049984,3.81715877,5.186320165,4.002692262,3.65388306,6.210662319,4.135001509,3.42137047,5.850490955,3.838110651,1.911956554,2.402367539,5.856858003,3.171898589,2.016081171,4.043039791,3.676361396,4.07126377,6.085628253,1.572047874,3.549901593,2.776928601,5.80428992,3.515717364,1.371927385,6.403110879,3.051270372,4.558337251,5.218219035,3.455997685,6.193451425,3.022287949,4.644890836
BICD2,6.842137588,5.844088929,5.778314762,6.773954224,6.068241379,6.048804326,5.889881617,6.057359246,6.977308028,6.062209893,6.891373369,5.846905631,6.741877465,6.084699444,6.77758511,6.172262602,6.565492675,6.438892043,5.831059618,6.445379607,6.1555847,5.980796214,6.551110293,6.027842641,5.98648636,6.712433756,5.83172047,5.871450881,5.884850099,6.502082394,5.873982416,5.555956845,6.025703888,6.046577501,6.233635488,6.858152348,5.811569738,5.668908077,5.978505864,5.918502937,5.913681849,5.816655923,6.229709693,6.147520971,6.616141628,6.492974145,6.291769104,6.199046951,5.6104777,6.499249593
ATP4B,0,1.703083544,0,0,0.784719436,3.047399288,2.216183189,1.705485541,0.762028346,1.113247242,0.278367003,5.145026371,0,1.230296045,1.096483436,3.000849497,1.924662095,0.535448515,0,0,0,2.423617249,0,2.375967393,2.097948432,0.30790751,1.240648541,2.683202585,3.53208634,0,1.118276342,0,0.584032827,1.453397867,1.191671516,0.303314354,0,0.445881867,0,0,1.879638511,3.683551496,1.642924402,2.244324454,0.420887088,0.744817903,0.647561082,0,3.712849901,0
CDIN1,4.958967752,4.590023064,4.647948826,5.198463579,4.095269711,4.204965954,4.265835675,3.391124304,5.485102908,3.992670638,5.544711299,3.862614545,4.540323997,4.990351712,4.770774505,4.655447689,4.574869237,5.172972771,4.719052305,4.965727157,5.249028158,4.192197888,4.829894157,4.332856503,4.139015561,5.242927676,4.142959214,3.347629641,3.993027061,6.125730492,4.101720331,4.138582571,4.73243909,3.796572333,4.874587073,5.126660785,4.858713237,4.772701838,5.235589434,4.986446468,3.185606787,3.38103489,4.721432817,4.429163518,4.401689216,4.807758352,4.854301611,5.278990711,4.526691014,4.772691971
KRT5,7.739182563,3.892748614,2.304255715,7.649699783,4.790440131,3.876722869,4.822097662,5.32367019,7.697340166,3.335675722,7.969858322,3.398125986,6.666172052,6.818691623,8.0278826,5.287844139,7.491282468,7.612689094,3.070876042,7.963309819,1.143550701,6.314646099,7.631428987,1.778665258,3.089823891,7.683176354,2.557284357,3.425482179,1.848736007,7.723634908,4.416871485,0,7.236439258,4.967373696,7.764559169,7.902874443,3.290408374,1.675735897,7.942379745,7.575281285,2.67829741,1.689758818,7.367848303,6.635352943,7.73631123,7.722574396,7.847461473,7.755321685,2.13947887,7.80521204
KIF18B,6.221809111,5.858546013,5.696177278,5.817092533,4.078504808,4.445469308,4.952766598,4.346928104,6.017066692,4.872601068,5.97996318,6.012128474,6.260190358,6.160851302,5.614428433,5.876145228,5.466929274,5.957648959,5.141131896,5.252144989,6.188485181,3.829778564,6.082340181,6.016723853,4.084244526,5.98784258,5.69219585,4.450824459,4.795604331,6.224630133,5.103834917,5.81976372,5.968538264,5.337731786,5.784207908,5.929279191,6.127575434,5.845703855,4.983784949,6.230064245,3.490989473,4.823870715,5.88400127,5.028857987,5.311847279,5.440806749,5.474460498,6.330949367,2.252285602,5.857443217
EDARADD,4.759474645,5.231388302,4.039560189,4.898250223,3.704139084,3.980836335,4.923198474,3.741951273,5.794710371,3.854687466,5.391512372,3.095658662,3.59199154,6.078616887,5.73284907,3.106775479,4.658984457,4.381392858,2.811068224,5.593413541,6.190297298,3.779557435,5.845886848,3.53615626,2.748186058,4.729927836,3.249499453,2.585951625,4.496535606,5.857438388,5.519102246,4.829709198,4.521482902,3.886880732,5.791029012,5.422223907,5.057589102,2.01720286,5.200216984,6.570715017,2.126187185,2.79711314,5.5504394,3.168844818,6.438190389,5.096174417,5.968866439,5.348176893,2.729221542,5.273731402
SLC51B,3.360688277,3.426509665,4.040595207,2.313966629,4.738276712,4.076164022,4.217747969,3.630737142,2.498129346,3.242247245,3.581114923,3.872106164,3.230123914,3.898812011,3.024693788,4.286352509,4.25830389,3.501176299,3.42010043,4.121103191,2.951140421,4.617752083,3.474924419,3.295540209,4.286864693,2.829827559,3.781252799,6.102857259,4.032117849,2.444739648,4.644463901,4.914411333,3.006097455,3.968093151,3.447947127,3.353246791,5.784331454,6.209733321,3.890461961,3.657194371,4.816989998,5.382889144,3.312644425,4.477863287,3.65147979,3.397510179,4.09904297,2.764415494,4.257655056,3.976016405
ZNF75D,5.388757349,5.05651605,4.754009055,5.300582138,5.104060476,5.436301192,5.197002843,5.445709747,4.748046375,5.45292743,5.214509329,4.883066247,4.960024916,4.969302087,4.754567002,5.186342334,5.162122433,4.991256326,5.607182348,4.498222894,5.01453243,5.472954433,5.540127204,5.328313489,5.53617613,5.786483623,5.470744531,5.178363716,5.950668337,5.024085446,5.303794851,5.085380885,5.382861716,5.436791388,5.190707437,5.168671092,5.049995115,5.476980471,4.088233353,5.605251641,5.526627716,5.44400013,5.289375197,5.099256284,4.528267778,4.671489271,4.385754993,4.604091831,5.614284468,4.754173893
KPNA4,6.473895587,6.1953264,6.277540512,6.601173193,6.277413032,6.279189166,6.230515175,6.194653317,6.493131495,6.147170381,6.568676307,6.397615597,6.458517523,6.395683582,6.477107817,6.093467141,6.540097801,6.493627518,6.060975289,6.56859111,6.567901055,6.175817969,6.239426094,6.203986963,6.128595069,6.12083341,6.109729283,6.128896285,6.255577851,6.438603132,6.298225615,6.359582692,6.11681724,6.266888089,6.457332997,6.472301169,6.499309683,6.14365161,6.763105769,6.321987237,5.929557577,6.123344159,6.737616249,5.930780257,6.654799593,6.586516024,6.411513305,6.633314376,5.746428579,6.654444426
KTN1-AS1,4.998365015,3.321509084,3.253973823,4.956166075,3.57576536,3.387630633,3.448431806,3.818808779,5.11316895,1.786895808,4.111222545,4.491046126,4.409081741,4.704108296,4.959903398,3.93965352,3.614604352,4.548109332,3.756475014,4.310315215,5.415907913,2.707187746,4.413994967,3.55612889,3.289813844,3.636376334,3.772337848,3.21582925,3.580531745,4.030439735,3.143314818,3.845547131,3.471050955,3.740931422,4.500560479,4.042447842,4.716271717,3.063818144,4.232855873,4.315000544,3.904735536,4.442373338,4.8899644,4.137649091,4.8895626,4.81977014,3.697286328,3.941667557,3.706320741,4.553727477
KATNA1,6.09781128,6.069299074,5.928902267,6.093162403,5.927503339,5.977890485,6.176173119,5.871634788,5.795574143,5.468273147,6.041907315,6.385247316,5.752512863,6.152981016,6.145972246,5.855257205,6.003114979,6.143362622,5.601445803,5.900750084,6.275781798,5.989456061,6.415884677,5.979860673,6.24999691,6.191496166,5.8525254,5.535176588,5.643440174,6.268798019,5.810960402,5.921416009,6.028156638,5.917078116,6.306274569,6.087546694,6.013080997,5.47749989,6.469710858,6.085666929,5.650424367,5.883386869,6.103639669,6.270130029,6.324375751,6.114069537,6.396117656,6.465726355,5.462960647,6.417901384
MST1L,3.238085602,3.300334894,1.568285823,2.026985749,3.311214867,3.185339547,3.292664436,1.841778489,2.632861466,1.543076288,2.445387245,2.474346772,1.328066874,5.1408478,0.632021492,2.778187994,2.395302494,1.90287001,4.285887301,1.229993962,3.943351947,5.712987531,2.909787081,2.19312226,5.72021894,2.683747143,4.55890405,6.193960731,6.755210297,3.141487215,4.898429927,4.001199084,3.623796447,3.813678389,2.381334378,3.002275616,5.484947269,3.816164137,1.107042079,3.242454007,6.164347022,6.262036284,2.356800991,5.939965457,0.901734391,2.143112075,1.937285353,2.264815844,3.831646272,0.839854714
FSCN2,3.568913156,5.081500106,4.455066481,3.455746392,3.0370905,4.144571415,3.422930801,4.457534803,3.652306927,4.983461346,3.754484878,4.807794371,4.166908554,4.452282574,1.794030442,4.307737125,3.347875325,3.116899965,3.983838443,1.889721033,2.548232414,3.478620448,2.841115845,4.598454977,4.345478033,2.974549411,5.58312902,5.913581491,4.377776702,3.055514488,2.555712187,4.004540383,3.518434058,3.595181875,2.591924284,2.458137004,5.115775711,5.375620082,1.958257266,3.530691809,5.295298718,3.69833477,2.8240077,4.949686508,2.604634507,2.979929242,2.834350561,2.240284826,2.528860364,3.001350249
TPCN1,5.968985613,6.141654424,6.421522603,5.867609441,6.025718026,6.242780956,5.740980174,6.301580929,5.324468574,6.006171245,5.708040102,5.73562208,5.694637012,5.513953159,6.053472102,6.116259521,5.804821566,5.936154493,5.693337454,6.220389763,5.613181238,6.187095824,6.061317113,6.224111327,6.183628589,5.677811894,6.231771714,6.474591557,5.951007615,5.770814207,6.2137229,6.398095643,6.144870446,6.131328091,6.048179174,5.517599088,6.255954696,6.205977379,5.175479611,5.733300478,6.157687855,6.444877582,5.417659268,5.991224082,6.074269259,5.305793326,5.985770485,5.411392174,5.638243396,6.012635468
KRT16,7.300474925,1.439195216,6.372862682,7.557672943,4.784711026,3.177697113,3.725132677,5.197266758,7.604541423,6.271406719,7.163636792,3.368969733,7.191910825,3.963228487,7.922432866,2.579679342,6.757591656,6.68649059,5.405697911,7.580964486,0.437522249,2.117816836,7.112353719,5.918272914,2.740993176,6.900256265,5.198675112,0.699759477,0.77943435,6.727348762,5.23361093,2.761025233,6.470689326,5.028545636,7.021113407,7.435416474,5.92659236,6.304293898,7.74590025,6.561743778,1.684575975,0.933077456,6.631020354,6.502431425,7.0531424,7.458512024,6.980462472,6.948730091,0,7.000920638
KRT14,6.60480039,0,4.771045924,7.756009404,3.787428461,3.269805091,2.904620116,1.539944292,6.782273644,3.087556832,7.488217882,2.76903017,5.543589408,4.414278579,8.069807344,1.860610318,6.44766315,7.37957787,1.721870276,7.664875962,0,1.836578607,6.849823971,4.969383292,1.831808723,6.253235619,1.351050138,0.5388854,0.475928407,7.237348155,4.504429562,0.720739586,4.634195341,4.425206191,7.426065865,5.300022238,0,0.306513661,7.314654936,7.011481298,1.298783486,1.47735794,6.258485816,5.881547746,7.413564319,7.307579832,5.243572665,6.485718069,0.450174655,4.735647535
TRABD2A,3.128054432,3.092783838,3.721331001,1.513631316,5.299006736,4.305540909,4.135627648,3.029785252,1.722851202,4.029821881,2.340837655,1.628097165,3.174301928,2.428971609,3.236478716,5.085051808,3.773571697,3.086860546,3.165615988,3.045934396,0.48500605,5.323965851,2.748585837,3.462402856,3.239527471,3.816658198,5.534044612,5.786687357,5.544254554,3.095177746,3.585667938,2.384022723,3.350930591,4.756577036,3.77788536,4.350472065,3.970355434,4.031307883,2.00499135,4.475234636,4.66211464,5.442402885,4.290102852,3.216975837,2.698879169,3.13688366,3.366675019,2.983049068,4.503624218,2.247266043
RTN4RL2,3.479391259,5.129962546,6.769332157,4.462179198,5.450491575,6.244103544,5.71992233,5.935327014,2.724117874,5.9327342,3.912882706,5.815749534,4.778497991,6.093034725,4.954420855,6.927289359,4.286891312,3.547830315,3.556357875,5.854452653,3.429308105,5.82086798,3.618182174,5.037389671,6.104498366,3.171192654,6.303651905,6.227637286,3.635969166,3.233296995,6.752590473,5.905661979,2.492554747,5.654279999,3.305443949,2.610361762,3.977785062,4.178210355,3.751574622,3.686440259,6.296056777,4.054203135,4.897678057,6.211135663,4.497935787,5.915872254,4.867879437,3.787129479,3.553548358,3.98973063
TMPRSS6,3.146008624,2.687012597,4.688052691,2.551669212,3.098052427,5.906159566,2.411458168,3.919325158,3.033496208,4.408780871,2.999983328,4.867070511,2.885029419,4.003426947,2.791647783,2.221218893,3.190305544,2.448667165,3.098564254,2.52495327,0.715003435,5.671716271,3.351483244,1.789435143,3.814865222,3.138768318,5.791089143,3.560412133,4.390533881,2.315870325,1.429312849,4.57297181,3.367653204,5.543209951,2.010467919,2.708939042,3.938771856,4.469543799,1.992910821,3.216840433,5.69829844,4.632957448,2.855760111,5.296875331,1.068865389,2.482413692,3.234745233,2.625180023,1.653422994,2.158993523
TMPRSS11A,4.481316964,0.900278708,0,5.383083737,0.348011508,0.267998727,0,0.170468637,5.780313116,0.122699038,6.737367384,0.493115184,4.184232699,1.41772501,4.734273577,0,4.484721971,1.718478917,2.01427403,2.676332521,0,0.524207335,2.753315388,0.144082467,0.304584492,5.661048012,0.602582161,0.334598308,0,5.877478799,0,0.946170631,2.696141226,1.876806638,5.240299042,7.102976802,0.672757275,0,7.411350069,2.616367506,0.251530624,0.131835902,2.478682018,1.186913512,5.286313501,6.405313401,1.038334837,6.419277244,4.545270657,2.927052017
LOC388282,1.547823633,5.006247615,4.342823314,4.380241514,3.311367957,3.99463292,3.485624172,1.383508911,2.860695248,3.911119597,0.801198138,5.080005058,0,3.931462745,3.802178725,3.236484782,2.80525931,1.352999675,3.672566269,2.072302254,0,4.553563864,2.789537965,2.183037655,3.745092377,1.210849041,4.406333767,4.967657647,4.824666272,0.680437425,6.01029155,3.181190203,4.904969693,1.77377532,2.403915748,2.048829976,5.013015899,5.898707202,2.658985327,0.633468485,5.558175469,3.225881303,1.011146413,4.772304416,1.516516183,2.44408979,2.915764566,0,3.698414233,3.506510778
MT1X,6.530923244,5.99707171,6.633834036,7.096037031,6.778712959,6.131948612,6.451443331,6.392265734,6.763584096,6.478976425,6.962669357,6.523091169,6.129538505,6.711217757,7.393943276,6.567353322,6.723810013,6.587668371,5.981324069,6.558455919,5.503282009,6.191543839,6.807813144,6.505759693,6.036605103,6.714838528,5.572009598,5.842207905,6.242283971,6.648000119,6.931648674,6.748266403,6.727986795,6.5071885,6.617163126,6.899950917,5.966916217,6.024494516,7.342363004,6.044148238,5.79858004,5.829255115,6.308734108,6.80289871,6.815902118,6.855935071,6.798215529,6.628898823,4.120596037,6.899057565
EPOR,4.607950546,5.592381885,5.471175823,4.868447736,5.40298878,5.326635801,5.28874089,5.719631128,4.337259222,5.935728862,4.729800828,5.965902018,4.758996972,5.522804704,5.089095676,5.74331401,4.860357153,5.094927503,5.364335737,4.763477346,6.375976733,5.88307911,5.491897238,5.191797341,5.72402401,4.69783463,6.126966282,6.429160612,5.888034793,4.164609766,5.589570738,5.766983235,5.753675336,5.303882905,4.384069571,4.613648008,5.821575064,5.079757056,4.708154607,5.105214718,5.877233157,5.796106824,5.030145193,5.719469954,4.819356243,4.936285273,4.77380658,4.479317516,4.787197692,4.96837846
TET3,6.262916645,6.136219274,5.533749839,5.953834825,5.366396792,5.301670797,5.278413712,5.182252865,6.335965304,5.450487925,6.031572278,5.135979995,6.185288048,5.885518016,5.778478187,5.786853299,5.920018926,5.9447188,5.41874536,5.738145006,6.11094023,5.409037788,5.56193083,5.490940829,5.616439086,6.15573184,5.535411936,5.521259307,5.63324279,6.166230433,5.269455766,5.402146793,5.354951831,5.36213984,5.62239258,5.935037217,6.116606795,5.451529138,4.968666929,5.820338507,5.608818476,5.654874928,5.529856226,5.637209454,5.194429416,5.724205065,5.198819192,5.417287115,5.356863485,5.62685215
AMTN,5.284043394,0,0,3.742664107,2.550379114,0,0.834146095,0,5.504378809,1.221368469,6.968045631,0,1.060930434,1.815351191,7.587301394,0.844160574,6.552008649,4.121901944,0,6.702968241,0,0,5.176595919,0,0,2.944444625,0,0,3.212436887,6.67564669,0,0,2.896118383,0,5.737285042,4.233232312,1.684659364,0,5.425385443,5.368616636,1.640422471,0.448686619,6.051796395,0.769568187,6.758093114,6.373881467,3.658756659,0,0.845030892,7.350201211
KBTBD12,0.387055944,2.460676405,3.932783956,0.349069804,0.942151274,4.818559688,3.494580586,3.264707846,0.532782816,0.380512006,0.721186197,5.564425703,0.750689697,4.565392556,0.13558882,4.151708142,1.554112895,1.095618545,4.46844,0.570939399,1.961448133,3.397496671,0.514561226,5.188826736,0.964367613,0.927672499,3.969631814,4.519939693,0.816713197,0.287323897,5.430454356,4.074975508,0.329232954,1.035323859,3.664813541,0.673409177,3.169944341,1.809874629,4.87496613,0.995409819,1.300394403,5.999663548,3.920809638,4.936850899,0.602478159,4.940873493,1.005378732,0.748360713,4.574530511,0.191583668
DNAJB13,2.0939897,4.166911919,3.784465456,1.36103015,3.244760007,3.554879568,2.319834173,4.50823718,1.604624978,3.905668719,2.101620166,4.104328799,3.784229028,3.254249207,2.054480785,4.758394552,2.060730605,1.432042329,5.793349927,2.779458547,3.293133358,5.365722562,3.59301989,2.422685618,4.054632,1.619087717,4.975182301,5.258726702,4.925472662,1.570660397,4.919021655,4.29715708,5.337095209,4.31407481,2.791368235,3.488591156,2.76749077,2.267488793,3.458671511,2.305224693,4.754623395,4.08628681,2.922853907,4.806793696,2.846617361,3.033941042,3.678864902,1.686740312,5.125865452,3.923461424
EIF4EBP1,6.728607763,6.791649923,7.533839125,6.98524318,6.528007538,6.639840699,6.732000975,6.520645856,6.961229041,6.632686547,7.144926871,7.260390858,6.781561055,6.759182578,7.480467425,6.877202593,6.537515445,7.290626895,6.72960114,7.546656732,6.981065606,6.180488623,7.022867232,6.900539539,6.552236017,7.023756309,6.635817429,6.317173655,6.200067909,7.007544671,6.805620567,7.175218647,6.688552644,6.515952281,6.933951065,6.98255095,6.617603638,6.726987537,7.566815996,6.932504417,6.101334884,6.390263649,6.784299376,6.592025723,7.517416561,6.973722092,7.03404362,7.659886491,4.579889308,7.08606812
PLA2G2C,0,0,1.676683364,0.312182772,1.197114626,1.651959292,0.798203056,1.794658762,0,2.652892429,0.364809912,0.857529414,1.018491103,0,0.230995843,3.703215105,0,0,2.508250564,0.51459522,0,1.03126407,0,2.922970791,2.885291983,0.513942198,3.431698807,1.892743759,1.220605393,0,0,1.572936975,1.465650111,2.107663392,0.477315355,0.396450572,1.124687415,1.290068117,0.993535549,0.769606011,1.94471078,0.846028675,0.410711023,1.070979742,0.543629411,0.386169104,1.011112025,0.923209504,2.821257324,0
C17orf99,3.44756529,0.700518456,0.345323587,4.761965631,0.830097724,0.370598355,0.374166476,0.238852178,3.094388048,0.46550881,4.78139893,1.860275575,5.220788539,0,3.979606206,0.677006899,1.521611369,3.19155305,1.615724007,2.495415666,0.397839511,0.395546531,3.538162704,0.202631539,0.589191408,4.072647274,1.074523393,0,0.403814206,3.69342957,0.710105964,0,4.222477469,0.214408218,2.249931478,2.83948065,1.420722157,1.442425485,1.954601356,5.004881025,0.185181969,0.185737888,0.831991722,0.614021812,2.706990679,2.157100704,1.324169294,3.787483147,1.596473112,3.519922049
TPRG1,5.078666805,2.846960484,2.337918558,4.095678238,3.160874559,3.230135053,3.541700614,3.299058254,2.406661502,3.754946939,5.429036231,4.166661475,4.892021359,2.647759774,5.721493581,3.300936638,4.384882633,3.491734302,4.407854727,3.317805808,1.61281234,3.109500681,5.805383165,2.628965328,2.949274759,6.431173876,2.416966487,3.093354741,2.875755065,4.015856856,3.764468443,2.977591484,4.401039494,3.928452148,4.595770923,5.651901548,2.826837703,2.724479096,3.765926582,5.770580943,2.779707213,1.660100331,4.464449684,2.568667312,6.026120392,5.500680878,3.725951401,6.432203586,5.018967816,3.360978167
RNF133,1.150807596,2.945924299,0,0.630855592,2.188707915,3.080525859,2.247596524,2.094674868,1.465213034,0.972004158,1.196552306,0.800847957,0.479905959,0.555497222,0.836360957,1.691584601,1.705368733,2.178518142,2.349022137,0,3.382332137,1.467009977,0,1.270336057,0.715055,0.573232303,1.903217959,2.500663432,3.392843185,1.831477717,1.140820946,2.736870559,1.799766156,1.479615739,0.533161983,0.965186233,4.302046794,1.816375636,0.812775218,3.477358354,1.813818334,0.606263658,1.95488808,1.004730665,0,0.76181589,0,0.752151607,4.977765879,0
COL4A5,6.499102747,3.927241968,4.403493346,6.445852102,4.868713152,4.200083158,3.631458546,6.045841115,6.970516289,5.002413737,6.55452934,2.662436708,6.21753172,5.959463533,6.480445558,4.02977153,6.060872388,6.531037725,5.522272485,6.385034871,5.499297603,5.67843789,6.656551217,3.372764577,3.292267377,6.541411181,3.798849484,2.801714958,5.110926402,6.65415957,4.689310713,1.323150927,6.608676667,6.142247962,5.608978149,6.168431567,3.8119172,4.263039244,5.727432047,5.666720059,4.752171811,5.100639802,6.226355495,4.437002687,5.465707107,5.961799584,6.041194476,6.094819925,5.516538889,6.470855846
OR7A5,3.784600686,0.29394073,0.472634656,4.865687893,1.671394639,0.505628575,0.882070667,0.822324258,0.622490256,0.24230891,4.450961823,1.075760676,4.70480278,0.436701561,4.355568672,0.517165729,5.088202278,0.430933776,0,2.640455432,0,0.537968476,1.534499835,0.517149886,0,4.715077023,0.34322949,1.939768722,0,1.393444846,0.933041147,0,0.822344067,0.298460627,0.418370181,0.444821709,3.742747658,0.640080359,0,1.315571187,0,0.667043796,4.043014627,0.814782074,0.60636506,3.26079631,1.20153774,1.015898113,0,0.887421328
IGFL1,5.29106025,0,3.355598547,2.532782226,1.253462419,2.00686659,5.221668227,0,3.675384906,3.731562678,5.420547492,5.289848311,1.295809765,3.875267106,6.696449308,2.197289007,6.266243527,3.42516681,1.445034873,6.692964969,0,1.675304062,6.339247336,5.403494753,0.680892173,2.288581901,1.213956541,2.934977156,0,4.230036947,0,0,5.49987977,3.719060566,6.384834217,2.273822162,2.285041156,0,1.267894958,1.965286974,1.541217652,0.576248771,6.940709062,2.208985263,6.396274709,7.007471129,5.047696005,6.378350823,0,5.606839093
CENPP,4.695458412,3.891849827,3.505031676,5.285788803,3.056212735,3.977619743,3.534318947,3.589474754,4.576750775,3.623442976,5.011826125,4.201349152,4.081301189,4.634962468,5.158171878,3.618096664,4.793953253,3.763141058,2.998003062,4.066547591,4.265649186,3.170087079,4.822071195,3.903785141,3.169498915,4.976457482,4.03700467,3.362992665,3.364949151,4.372885121,2.883867994,3.098620369,3.518894768,3.576674743,4.406674152,4.414793576,3.668082274,3.367707038,3.967398624,4.490975258,3.071046575,3.398694553,4.630499652,3.206373495,4.371810801,4.646541209,3.716038291,4.574644828,4.156117784,3.357901934
KRTDAP,6.757041935,2.044628925,1.674653583,4.90637975,1.381129207,1.141553286,2.489896207,1.306591106,4.410869427,2.76820239,6.377864287,0,5.768760271,4.298552415,5.909675253,2.003050347,3.118742548,1.970582461,0,5.93176593,1.832429144,3.005040826,2.194802179,0,2.485011895,4.857216693,4.255034884,4.011133201,3.492184403,5.928353506,1.838966144,2.38561212,3.282340096,1.210323892,6.111553466,5.333649332,0,0,1.396567605,0.907993474,2.643422222,1.091562354,3.918826642,1.069405946,6.207475832,6.776359406,2.217157483,5.985590586,1.762651705,3.422386194
NKAIN2,5.827029062,5.219153894,1.559683251,5.774339686,1.486393525,0.667345682,0.262378525,0.312617052,0.910434784,0.329584161,5.907510116,4.769388892,4.464499278,3.905952884,5.008538541,0.68175363,4.741035561,4.848311867,4.857808083,4.146795124,0,0.707521614,4.586380635,0.139476432,0.422412262,5.00388617,1.503987927,0.462207462,0,1.155424322,0.515121387,0,4.444181718,0.618682034,1.650449821,5.571404431,0.818379034,0.724964808,5.657219333,3.548613255,0.243779638,4.644692407,3.905252108,0,4.986198823,4.939089801,1.14995911,5.022658069,3.157747366,0.264183406
FAM72B,4.167203919,4.746483106,2.819266777,4.662533934,2.23901212,2.677194044,3.148852485,2.617304259,3.351288574,1.957484328,4.258139379,4.22267978,3.826783718,4.556815048,3.026169658,3.562808659,3.890045129,3.741100037,3.858190428,2.933709118,4.582042722,1.803286027,3.955007514,4.387807714,2.078084711,3.961701107,3.327972171,0.884270467,2.561386498,4.199087888,3.335836945,4.107612573,3.846258017,3.386918021,3.92744371,4.220478553,5.053753943,4.16096483,2.52494282,3.545561926,1.433660281,1.772270362,4.709428879,2.155368024,4.014335731,3.316811834,3.885777041,4.544648682,1.377796505,4.086400611
ZDHHC9,6.502517401,6.406814021,6.533646418,6.20709439,6.984573621,7.18340993,6.479291449,6.857083659,6.472945867,6.873523067,6.441930242,6.78699243,6.56165747,6.046936034,6.634642571,6.725752183,6.278628181,6.674866866,6.542370273,6.362160406,6.320375047,6.855554625,6.398765493,6.684357291,6.856043433,6.652962237,7.137015319,6.882101224,6.943543664,6.085868016,6.587450915,6.814817699,6.174485456,6.887693427,6.230055509,6.370513236,6.610437069,6.807854676,6.484203552,5.952218963,6.88648157,6.671377275,6.557842313,6.92838035,6.717289245,6.221637273,6.373811804,6.312733636,5.791780201,6.552930063
BCL2L15,0.64081317,4.860983789,3.464782423,0.640822559,4.96884024,5.739708416,5.008319005,4.570231389,1.541484582,5.281161191,2.746931411,1.387114655,1.563871971,1.851088804,1.743441954,5.751450173,3.025366049,1.954862134,5.218611754,1.274721064,1.014697611,5.685249314,1.711471523,4.557059361,5.285928839,1.977726922,5.480205463,5.69365127,5.270647164,1.389716337,5.9065446,2.517437935,5.192673858,5.626398632,2.067194717,2.647913724,4.277492919,5.476729517,5.379922532,2.930788228,3.735751571,5.487741237,1.791804736,5.826911343,1.62060513,4.203136719,3.305990482,3.113571749,4.551597033,1.43765056
TMEM201,5.617410148,5.728355172,5.320103278,5.194369812,5.182958371,5.055034145,4.969519746,4.93336636,5.9226869,5.243687679,5.688177963,5.561641162,5.338043284,5.957840743,5.452225822,5.039313451,5.245063834,6.039046134,5.106713908,5.472082256,6.137996497,5.313519715,5.726738117,5.321713398,5.294121059,5.763793839,5.343572851,5.38218159,4.488813264,5.971184738,5.065612689,5.240914282,5.299075239,5.078699104,5.793540135,5.80674185,5.011547443,5.149866846,5.365693262,5.391159751,5.217864129,5.215411425,5.799094535,5.628297928,6.131972472,5.650843091,5.906349874,5.844965852,4.045189371,5.91174575
ENTPD8,4.37759535,5.416481133,4.203945228,3.824730765,2.311466612,3.73883278,3.776026825,3.999037386,1.569233819,4.310809916,1.276885027,5.988859453,4.510895113,5.117296696,1.133267552,2.204886167,0.745858417,1.259389989,5.77359702,0.222548049,0.692249616,3.283288466,3.978223915,4.569248722,3.81866899,0,3.710846504,5.757533321,2.193894346,2.006730898,4.567640236,6.009336656,4.351713694,3.013950757,1.682913247,1.217899253,4.057862207,3.972877353,2.428582111,1.272682004,5.427635341,2.630601853,2.648568754,4.238852452,2.371232285,2.637382744,1.72918511,0.433588134,2.175124705,3.404167791
KLRG2,6.083583032,3.861494975,4.877518073,4.995951353,3.606091056,2.987333889,5.034890066,3.162287998,3.860616387,2.415105814,5.822253108,4.600541744,5.943397232,4.46915974,5.640972333,5.80219482,5.073531775,5.922778786,0.691821082,4.534932081,6.601317575,3.749532141,5.563539809,1.595942585,5.762367545,5.542594167,3.080410746,2.48580426,3.197624228,4.967302096,5.125364787,4.430967597,1.850328439,4.27218558,3.89972835,4.867177597,4.188071926,1.422893076,5.978425025,6.039200189,4.140340586,2.862889211,2.587839792,6.086864232,5.41739668,6.03311214,4.609302982,4.616507779,3.506039727,5.377098964
GJB3,6.597543924,2.390322526,6.050799424,6.420712722,4.166233758,3.044461457,3.150102331,4.694339182,6.704973712,6.168503492,6.456027598,1.852409437,6.029459804,4.426133322,6.441674793,6.268813029,5.892570389,6.439739643,5.658587865,6.374080775,1.062970903,4.16983311,6.869270576,5.994760144,3.80114814,6.6213858,6.396433356,4.461838758,2.285176555,6.029845354,6.367535909,3.883652206,6.765707076,5.296384822,6.80695965,6.695772705,6.376670798,6.17839023,6.959706265,5.810931829,2.838385336,1.588864618,5.924044787,4.836485984,6.824694876,6.410476616,6.924583948,6.494742939,1.589275046,7.158517138
C9orf152,3.375388823,4.964042984,5.242259546,2.40179647,6.075490687,4.986919025,5.588140036,5.831113651,1.614629458,6.176267626,3.64056781,5.433631672,1.776188242,3.5950743,1.224774914,5.24666291,4.102756933,4.641965749,6.507445433,2.125789593,1.299667993,6.189066574,4.269526861,5.122059966,6.720013607,4.255896377,4.305760343,6.427486169,6.875247906,4.45606297,6.638475677,5.772585532,5.732624797,5.713038671,3.970650778,3.237253021,4.590784942,6.373012807,4.399530785,2.34500107,6.481830361,6.525507213,2.898445815,6.22231699,4.098226175,5.176604547,4.051559505,1.967287006,5.518880233,1.667078507
MSANTD1,1.305971713,2.211845651,2.594251854,1.860654256,0.651597563,1.669743417,1.049515257,2.204607446,0.753241226,2.315919391,0.965498051,3.748128409,1.706241027,1.270622444,0.105584736,2.201111583,0.915634546,1.096656569,1.703899783,0.697775813,1.748981016,2.263072759,1.098806338,1.624857976,2.42889146,1.451580328,3.592457784,4.076926347,2.195254011,1.534976693,1.888119492,2.099233892,1.590078202,1.215460815,1.01190919,0.900449278,1.600826736,1.265105788,0.954820536,2.105427857,2.787326929,2.327734253,0.716889334,2.025564994,0.263823371,0.677986018,1.404270475,1.029408003,2.714969915,0.723686549
SBSN,6.996940635,1.321234315,5.445731519,5.469162258,0.625778273,1.749937747,0.861590332,2.036651189,5.818660651,1.447295734,6.326169768,3.149832707,5.91217537,3.248648973,6.692789038,1.161434359,5.071880635,4.800243605,0.296900638,6.599023862,1.204565423,0,4.592914023,3.131090409,0.765122276,6.459697271,5.796775388,1.190487763,1.217681312,6.615654434,1.453551674,2.075841506,2.547889473,2.924992542,4.85682206,5.896684963,1.553948054,2.203629852,3.082220275,2.556284742,0,0.252167744,4.182758859,2.276293433,6.300837821,6.733692696,5.795806329,5.210550279,0,4.655049406
FAM47E,2.020673259,2.181978425,2.379882742,1.80670356,1.942813047,2.725312536,2.016509088,3.790167843,2.014712107,3.185201663,1.782582707,1.354613115,2.334085063,1.419564929,0.921401542,2.692237482,2.334161767,3.167298987,1.950476952,0.798962221,1.393268568,3.38316936,1.347356624,1.959882171,2.531236217,1.644035773,3.424704664,3.454518566,3.330206125,1.368255562,2.888005037,3.609736706,3.243190255,2.065588292,1.638596404,1.676779299,3.185359829,2.219058245,2.336745535,1.625983803,2.338866455,4.407748722,0.971229601,3.115821218,1.926507952,1.906996063,1.156273213,0.871836464,4.981781993,1.4319143
GJB5,6.706983687,1.911609934,4.817146645,6.435507795,2.021599515,1.727418976,3.09030999,3.945578058,6.850200954,5.914327325,6.837632371,3.071501402,6.186610961,4.00775408,6.838858818,2.546332426,6.089685932,6.116566031,3.940075851,6.613222179,1.533237498,3.601243506,6.715052267,2.931001904,5.070848224,6.705822883,5.198887588,1.972593082,2.408987751,6.340235441,3.462838571,1.058964117,6.421796583,3.452327457,6.871439134,6.976243011,5.53634078,6.131194848,7.207089572,5.603566962,1.534940668,3.592447895,5.437756533,3.574193289,6.758314601,6.719612463,6.788196303,6.900563353,0.689234558,6.963762812
FHIT,2.555497018,4.403249966,4.2237769,3.295561524,4.364399268,3.514175417,4.195904542,4.531005169,3.339225609,4.540873824,3.16678913,4.222288959,3.596597558,3.139844826,4.06239813,3.876111383,3.996122801,3.309436286,4.504226048,3.511047856,3.335523722,4.539910628,2.69469536,4.24785533,3.992624357,3.859729976,4.276729786,3.920647844,4.636892531,3.657244332,4.201660457,3.699174221,3.813292425,3.832191943,3.033992578,3.68440584,2.959899792,3.913967106,3.727823244,4.149888993,4.436259044,5.703174582,3.663725186,4.084946056,3.539211963,3.553492564,3.069198818,3.503826301,4.516179098,2.159710496
KAZN,4.833568584,3.306877873,3.292275876,4.822461377,4.364944583,3.289892427,4.278445037,4.366756823,5.310412262,6.049818521,3.71673042,3.094458102,4.430947214,5.518775371,4.853962513,4.139595844,4.653059629,4.776678539,3.997473447,4.872362128,4.643525635,5.074870207,5.243897034,2.885041085,4.55505105,4.54140008,4.722285228,3.914846745,3.52932033,5.587183881,3.273254612,2.868392382,5.151499055,4.1754583,5.116636704,5.57736685,3.794856177,3.681918263,4.484200822,4.895085671,4.276413329,5.00890239,5.42877474,3.704910502,5.421448996,4.980170577,5.590785747,4.155669806,4.243441344,5.563975111
SH2D5,4.806603591,0.83096774,1.316786613,4.743209915,0.573460544,0.930345322,0.794682516,2.325188863,2.22679405,0.838046201,4.418933339,0.449961352,4.280617231,4.453532944,4.785319216,0.804357038,2.498733266,5.898850133,0.775609158,5.276160887,1.877601685,0.478788094,4.871644806,1.502179119,1.029380172,3.04886995,2.112108636,0.55284001,0.998256095,4.160754975,4.522751013,3.670453441,1.403558835,1.985562628,3.705631206,3.069049899,5.76791208,2.554001214,2.502054549,0.837651937,0.672941269,0.5132183,3.9736941,0.990489976,3.282545612,3.268959208,3.93456343,3.12821493,0,4.663856423
GJB4,5.649290361,0.543437775,4.683827711,4.220156389,0.465410461,0.885307797,1.80835335,2.261503714,4.523042435,4.574403176,5.386118223,0.811491747,4.375533063,1.819424274,5.014550983,1.513578401,4.264828861,3.829750731,2.111480224,4.014734343,0.388427762,2.249963418,6.307102918,1.929245312,0.981089804,5.963794957,1.982592722,0.448113418,0,5.209581025,3.125654821,0,5.018525824,2.590973842,6.08939292,5.973271119,1.659204642,5.174870737,5.767661263,4.453052333,0.613046838,0,3.738997202,1.991015562,6.759446877,4.391672847,6.072369218,4.908889369,0.664324039,6.699970586
TMEM63A,5.491761653,5.884879566,5.846311328,5.91753808,6.200422195,6.601272718,5.813652835,6.19871317,5.729952297,6.329355624,5.800981706,6.513634089,5.756395321,5.734040156,5.348727748,6.226776489,5.649109961,6.131942432,6.112521327,5.283949874,5.295338217,6.525994066,6.022403326,6.274388276,6.744555202,5.658885959,6.459695363,6.744798936,6.385401516,6.391570039,6.049955367,6.157489951,6.112344431,6.347706038,5.940463521,5.795875624,6.198113556,6.186987458,5.161591419,5.910797221,6.475305525,6.253887468,4.961935157,6.767167659,5.704940149,5.363708396,4.990020837,6.011467722,5.947599889,5.923320947
SFTA2,1.426621024,6.559164515,7.302064431,5.72493637,7.298444775,7.242595567,7.188261102,7.135964097,5.061918172,6.972391686,5.854595832,6.549186161,0.86316659,5.360272484,2.67133864,7.187150373,6.501240907,6.716628581,7.237087529,4.599983151,6.138298291,7.314192694,5.534238471,7.103403866,7.285521863,6.320069649,7.323974867,7.566065989,7.566732581,4.605779158,7.471554154,7.519667198,6.924003406,7.21641977,5.965163829,6.058904545,6.736708506,7.023415548,7.001740759,5.78932712,7.5665167,7.735789993,1.344479051,7.518694411,6.153116359,6.570116515,6.16031334,5.143983219,5.607788127,2.14246488
ADH7,7.111748331,0.97577105,0,6.527021142,0.430883541,0.827835705,1.823425461,4.612753158,3.929386116,5.003107628,6.967825388,0.231658706,7.036528891,1.195551221,5.733775849,3.120273236,2.586207067,1.807339964,0,4.03311746,0,4.390321761,5.025916982,0,0.534877743,7.291822654,0,1.770494875,0,3.878481752,2.088736491,0.961052986,3.422631023,0.988019796,6.547077814,7.050998432,0.591348834,0.75696158,5.71325981,2.425815715,2.154864061,0,1.881304859,4.485933127,6.846435341,6.149208637,5.888639456,5.834225678,1.357096403,6.334371129
CD55,6.524595332,6.544679571,6.655837535,6.611468381,7.074024343,7.415984443,6.828850633,7.194924255,6.857403662,7.029519114,6.117957461,6.68986138,6.193911952,6.257647411,6.643637544,7.347499627,6.72012649,6.883842751,6.637817968,6.57308065,7.024306486,6.947891146,6.718895816,6.984039044,6.917326283,6.473251154,6.813721556,6.49258093,7.057928975,6.419456266,6.973405135,7.297277231,7.233220471,7.101261049,6.59501327,6.978468626,7.330914985,7.64522829,7.047408015,6.148708046,7.195712404,6.674430148,6.665081153,7.005307358,6.35757019,6.651505958,6.57633514,6.550338279,6.369931211,6.762862646
NUDT11,5.880240919,2.203959626,3.80398009,5.429097283,3.381199076,3.297313131,4.255022512,3.92073004,4.514238156,3.415897595,5.842958156,3.630850855,5.840994985,5.878436293,6.051121283,1.942085949,5.368014149,4.094918109,2.835881881,6.00396946,5.063074491,2.595781676,3.326541564,4.042393927,2.428963938,5.930596047,4.454616337,2.446781799,1.817414959,5.343702775,2.942216583,0.391247061,3.953577483,4.373902863,5.511822845,6.371962672,2.69425739,2.495867011,2.362214958,6.078724318,2.758344165,1.170899104,6.374252949,2.551916166,6.542940236,5.698585413,3.931325442,4.844983727,2.85981832,4.594072942
PIK3R4,6.43972622,6.108782301,5.712978471,6.000922996,6.036460312,5.981093834,5.92782581,5.740397991,6.543305098,6.165833712,6.103887646,6.087174089,6.33337675,6.020130713,6.18768622,5.788992625,6.250999911,6.341025259,6.072899392,6.047048733,6.294152319,5.900398038,5.935130247,6.043372087,5.942456431,6.085041997,5.821045038,5.868733773,5.90500399,6.472599945,5.945002741,5.676415614,5.930781104,6.010916035,5.927965198,6.208853402,6.23319528,5.983846473,6.146444674,6.170231447,5.944694197,5.849370115,5.613371961,5.499387621,6.288118074,6.073883195,6.213693705,6.090068326,5.67759054,5.648165566
ANAPC7,6.504348256,6.194488488,6.274907328,6.36542428,5.902279902,5.855467387,6.032014897,5.950562796,5.843136849,5.723323542,6.285094184,6.403279296,6.287466115,6.076017818,6.473777126,5.892951613,5.948399037,6.221292597,5.848456825,5.981477796,6.230858558,5.920739519,6.151321377,6.085540701,5.928764617,6.434269385,5.916521129,5.934335685,6.011547215,6.282778697,5.863741034,6.285452108,6.25651609,5.918180008,6.355383396,6.256034938,6.340344313,6.307937498,6.585312607,6.304159611,5.958863475,6.269872887,6.099179739,6.070598529,6.308873406,6.239518393,5.874141794,6.547373095,5.444766854,5.960572798
FAM72A,4.030704321,4.421874385,2.830035723,4.224121893,2.096670075,2.777034197,2.997193149,2.308378663,3.470814414,1.975342639,3.707871921,4.648730439,3.414107946,3.744541545,2.801426631,2.932412255,3.444721977,3.932889212,3.657458174,1.912717095,4.296208487,1.366116182,4.955532713,4.063106377,2.061206252,4.183831717,3.532854492,1.582746916,2.193425959,3.362194616,3.146822847,3.9185488,4.37238781,2.733671562,4.189631812,3.41205427,4.514571586,3.842956883,2.731897302,3.823568359,1.509249273,2.589532764,4.110499201,2.511650053,3.495935185,3.034610248,2.87228671,4.180314049,1.63557212,3.014074648
SULF2,6.992302024,5.957710186,6.531677823,6.869659579,6.328220991,6.54520798,6.436738615,6.421824164,6.404075577,6.399212556,6.995812682,5.606540901,6.898505018,6.346712203,7.232265784,5.90404595,6.440343481,6.855778845,5.960116194,7.045831585,4.925475393,5.830011445,6.539233941,6.531465364,5.787137839,6.466871479,5.584144288,5.699861053,5.079085165,6.437875479,6.46841827,4.400701371,6.904217625,6.40491038,6.901935479,5.862855182,4.697094152,6.238409455,5.720902401,6.301752861,5.768797355,4.959238366,6.649508442,5.730923426,6.701001648,6.464442683,6.929674303,5.854163045,4.898410865,7.43945703
MYO6,6.022143792,6.388470156,6.143045921,5.998708414,6.215848116,6.640631369,6.251058995,6.25887378,6.027891765,6.610999086,6.369000022,6.154447194,5.781349428,6.155607567,5.903501255,6.591660876,6.238627698,6.379987891,6.306319035,6.198437611,6.984904819,6.553489001,6.380705228,6.818824643,6.764492968,6.056733294,6.349729598,6.499636977,6.738084569,6.389076824,6.29254143,6.472293945,6.141852345,6.483939399,6.278338745,6.139837451,6.555245585,6.220583385,6.359850089,6.416786224,6.299897575,6.523907173,5.915323702,6.527587477,6.001714858,5.890249637,6.502012466,5.874565676,6.345936583,6.426203601
HDAC2,6.186140331,6.371910439,6.181187195,6.095538957,5.781812854,6.044369098,6.043453621,5.569461408,5.887527942,5.771129556,6.384673507,6.249625858,5.722962474,6.08055454,6.222276304,5.756784793,5.970431932,6.337443392,5.890490925,5.98047092,6.587442137,5.769509326,6.177218799,6.161491388,6.290722602,6.239939899,5.589367549,5.172027257,5.76417546,6.392847172,5.922748977,5.981147078,5.977499509,5.916472635,6.113715846,6.154395627,6.236562471,5.924911721,6.473595509,6.224220305,5.508591742,6.113123316,6.357983197,5.575714765,6.118647982,6.14469348,6.269672713,6.22013994,5.195862165,6.22570244
HSH2D,3.522114528,5.949705141,5.741285266,3.195665287,6.030998541,5.871003125,6.213045291,5.692626212,5.78281893,6.20768963,4.178989613,5.36038211,6.039538572,3.115331723,2.316796267,6.030179373,5.6547536,4.532651988,6.21079224,5.398820546,2.591584989,6.019945004,6.359761218,6.141592446,6.221041696,5.96334602,5.939502436,6.051354656,5.918253761,3.271071093,5.92289924,6.451068426,6.58114864,5.507117828,5.902275942,6.220459894,5.997592181,5.911678876,5.14310637,6.064354303,5.754148624,5.505480347,3.42550011,5.997750969,5.185484075,5.258414672,5.422471748,5.861949785,4.805271353,5.908371016
DAPK1,5.003522714,6.076956817,6.085640409,5.893259308,6.33820733,5.781985931,6.262803795,5.80852881,5.03643179,5.469953501,5.383191768,5.522186579,6.20526563,6.373295775,4.861538127,6.524795343,6.152940402,5.089816847,6.294759799,5.882620812,6.531942285,6.381531613,5.915932663,5.989946671,6.739690867,5.664388036,6.007241501,6.333286381,6.79980873,5.95883992,6.48613098,5.921428295,6.311707744,5.936102794,5.442819961,5.428253632,6.737756195,6.715799992,4.727894757,5.671253032,6.597792555,6.605998716,5.681638802,6.283394977,5.038605276,5.548421597,5.425754137,5.089762745,6.17535995,4.80112961
S100A2,7.422748874,5.851185063,6.091413262,7.474198371,6.510976212,5.655588676,6.28102503,6.171012278,7.456190462,7.064085236,7.503191806,5.611170501,6.82308485,5.648534826,7.764735949,6.311832858,7.068581092,7.89070484,5.252678501,7.652641166,1.403050839,5.627197884,7.250343067,6.485195132,5.577711891,7.186881615,6.913890763,5.006149778,5.047083285,6.992542929,5.289069472,6.382791749,7.380489242,6.309688671,7.540180867,7.73660485,4.048993998,5.434988496,7.982107719,6.699496431,5.541951773,4.286385392,7.303105082,6.359445947,7.598962122,7.209244957,7.615652716,7.156268223,4.05001903,7.639966228
ZSCAN16,4.607123899,5.920634665,6.069305773,5.441063246,5.628233426,5.547062715,5.830016561,5.354137676,5.569126776,5.792688905,4.885456259,6.008256317,5.710239535,5.501880975,4.457295348,5.81218777,4.878827016,5.470066352,6.08126698,4.266093941,6.461155315,6.085977575,5.38173682,6.01824521,5.750312813,5.540761201,5.816526705,5.739250998,6.147258311,5.454646094,5.75979077,5.766208808,5.382337395,5.711100576,5.354273462,5.232862541,6.171941479,5.804350441,5.633432945,5.846096526,6.233907472,6.204910195,5.386730673,5.82451934,5.350474532,5.475422906,5.062163126,5.424799264,5.482385077,4.419276531
ADA,5.705322123,5.140786473,5.985493251,5.970489856,5.591702581,5.064537019,6.049653203,4.970196244,6.103696214,5.08460742,5.750207934,4.862215033,6.054922795,5.71691608,6.224631772,5.175698111,5.578725619,5.531090576,5.656602585,6.439931588,3.926428606,5.300820608,6.275469307,5.226174701,4.863636926,5.701752354,5.453709811,5.405463368,4.900310395,5.229579298,5.943183337,4.845846845,6.126154153,5.336146474,6.441139991,6.522203737,5.351754354,5.619328787,6.631225515,6.183113396,5.002480124,5.814433667,5.781976666,4.649306376,6.808820075,5.823031018,6.049464881,6.549925684,3.9805551,5.976231683
PGAP1,5.449209404,5.557185429,3.497094056,6.064202587,4.378122117,4.659856446,4.298047017,5.152603591,5.674952791,4.024453026,5.824851258,4.168568701,5.301982178,6.097150775,5.978675632,3.956372108,5.92716209,5.441731768,3.873174168,5.579714112,5.724877927,4.916069754,5.073787489,4.072487563,4.220036783,6.140020426,4.050905016,3.838737385,4.757049425,6.177791206,3.969507887,4.867461777,4.781117122,4.722653382,5.384038102,5.414389484,5.059196442,3.930416953,4.279879534,4.703598977,4.642908481,2.904324584,5.350734941,4.281249904,5.452378509,5.565137961,5.567656184,5.621485568,5.548446111,5.023927666
ACSL5,4.022473127,6.012691281,5.837263275,4.689558018,7.108643381,7.026665968,6.964901155,6.128551436,6.062877455,6.001076367,5.30425537,5.12047314,5.502128495,4.998581411,4.536753498,6.970986929,6.067948352,6.051218715,6.781625811,5.749114478,5.10147494,7.118978026,6.202869859,6.857341146,7.124154433,5.707107029,6.498629436,7.215684586,7.143326186,5.050826033,6.833833205,6.048455771,6.620000306,6.657940669,6.589546057,6.167634027,6.222073822,7.148730137,5.69798026,6.077618843,6.996365027,7.290491524,5.327946892,7.17511778,5.821789669,5.738063883,6.05044633,5.525941992,6.042551797,5.042170485
SULT1A2,3.93058938,3.257778456,5.610235841,3.817200874,4.537553189,4.577922572,3.539356736,4.416944916,3.806949162,5.470668959,2.499947465,4.111881546,3.117389731,4.235668022,0,4.789056421,3.375908589,3.31863372,4.984084785,1.155599673,4.168404396,4.662696813,3.261210346,3.519962837,5.154045966,3.344382395,5.224637266,5.81240645,5.222494887,4.117732871,3.293029933,4.751947142,4.730582721,4.615795344,2.933056604,2.852973421,3.495486014,5.44710839,3.554436976,2.576398754,5.790737272,5.433335456,2.135944528,5.196353056,4.005023984,3.401323559,3.86746007,2.55201177,3.853204672,2.739629139
KANK2,5.807911996,5.927753152,6.323882288,5.816647997,6.474044097,6.216251507,6.318940765,6.313995212,6.083656904,6.487167812,5.996016014,5.857386843,5.824887751,6.111065528,6.070007788,6.570307766,6.190396498,6.073158152,5.971579968,6.250620301,6.347921357,6.41170852,5.859265043,6.377983128,6.434100279,5.429519467,6.157241722,6.266546194,6.376265043,5.93013271,6.269047934,5.5592619,5.771499905,6.504021222,5.698152348,5.329656353,6.201885177,6.042366596,5.129806617,5.627964217,6.565879811,5.706703263,6.558262714,6.339685413,5.836293356,5.846248591,6.164360778,5.118710226,5.643097782,6.07241665
RAD54B,4.413535649,4.378066296,2.767595477,4.117493564,2.433622058,3.064866044,4.332919421,2.222429727,4.319577515,2.562736928,3.838219645,4.937629488,3.813357579,4.110532092,4.261247711,3.39680351,4.156848243,3.87564623,4.352540694,3.899343169,4.911441672,3.2654981,4.238973194,4.046669795,2.813912582,4.1083455,3.891618891,3.488690189,3.441775626,4.314328116,3.393703163,3.834846419,4.813919216,3.56868282,4.679684806,4.52918275,4.968942026,4.014550814,4.618716779,4.43245327,2.27038107,3.795819504,4.082772889,4.128234938,4.328413251,4.415749757,3.896104546,5.024155261,3.983157012,3.750661245
BLM,5.581944297,5.752579278,4.84120804,5.150548111,4.648894975,4.360914611,4.809987232,3.942305685,5.208187952,4.271916102,5.436195197,4.407560438,5.133636022,5.433735071,4.555730513,5.296240347,4.967187519,5.223934776,4.974480697,4.529491904,6.210511032,3.45580352,5.099694167,4.975062305,3.932583076,5.957012957,4.864616516,3.54200386,4.678210878,5.606836004,5.441701749,4.873627055,5.232169193,4.672059933,5.169362564,5.203708966,5.876922663,5.273834301,4.744300816,5.250308112,3.836177241,3.932418139,4.959345039,3.620771764,4.574461049,4.864626562,4.88126891,5.384800571,4.132916856,4.945933428
VEPH1,2.539328384,5.011012283,5.227773661,4.419920017,5.494963067,3.85333102,5.0457898,3.258879199,1.438180743,3.051068105,3.098829003,3.493081273,0.684161681,4.620498471,3.815621272,6.027382227,5.045210188,4.831340455,4.36695926,3.90932026,3.674771546,5.717890604,1.420463549,3.811106455,4.243646474,3.305690144,4.440660893,5.413513173,6.091584743,3.795024996,5.222980799,3.743978167,3.042102867,4.547061781,3.480060819,3.400992201,4.588508465,3.228882967,4.041443623,3.44388007,5.263310548,5.687341891,3.8983656,5.349104344,3.169707541,4.605407552,3.221458505,1.228451496,5.758103695,2.593455153
FAM177B,1.233874192,2.494714803,3.378560518,1.140279761,4.884536141,3.853048258,3.287007377,4.616655369,2.844996474,3.210556092,1.474390347,2.120782074,3.364456993,1.022945468,1.741499756,3.211222818,3.490878545,1.986659668,3.713953749,2.482342402,0.740143817,2.700933164,3.283096929,2.45178643,3.33902074,4.311227358,2.92100663,2.616225139,4.211341112,1.291328425,5.67163381,6.62282291,3.497199105,5.339003792,3.514954824,3.964663562,4.041841483,6.536081446,2.427169601,2.961896166,2.414778991,1.194896348,1.687570553,4.42072605,2.629329648,2.732297194,2.233933002,3.130568313,4.145490125,3.408136203
COL4A6,5.997110169,1.685564857,1.527516281,5.833601495,2.718017581,2.282212979,1.488861939,4.092164264,5.582889341,1.828308527,6.110200454,0.550219998,5.541844527,5.485862648,5.962770294,1.954953208,5.34473677,6.338294978,2.548166119,5.389344075,3.765839222,3.999101247,6.312807537,0.238134917,1.129503651,6.117039593,0.869540939,1.899493745,1.096390173,6.380350725,3.055207092,0.111481663,5.582562524,3.379262169,5.171463486,5.546585013,1.174281507,0.983559653,4.261031162,1.871521326,2.451432087,1.356228412,5.570051037,3.142997419,4.735012524,5.439404717,5.589645193,5.536768273,3.218863984,3.382284823
SERPINB2,6.517007908,1.508747682,0.624318245,1.098906058,2.34570139,1.446811817,1.29927587,2.296941049,4.724563008,1.519919034,6.453545069,1.542366365,1.989620813,2.84894817,3.315043362,1.799799342,4.890878507,5.408098148,4.072775913,4.683220146,0.399726641,3.50417595,6.224432766,1.225436221,0.880201923,6.184442429,0.459866192,0,0.405725214,6.250086486,1.180218166,0,5.516544054,1.858992571,6.307248594,6.586428997,1.690693247,2.12570012,7.493550847,2.26270194,0.186128106,0.967043141,3.255499746,3.32604607,5.328992008,6.546129454,4.807585258,6.542757645,1.463096557,4.796387393
DPP4,2.915347214,5.621178926,5.540569464,4.712955887,6.680212668,6.958024283,6.204172346,6.513849819,4.334083301,6.541971224,5.130033683,4.555098658,4.79237344,5.062868575,4.550921049,7.13985116,6.054919459,5.409747799,5.051764937,6.211289648,4.187180793,6.838725185,4.8376609,6.271219681,7.136494952,5.087424319,7.089499007,6.90351467,6.88547979,4.40305497,5.331855553,6.775642531,4.902092598,6.468142706,5.910663625,4.681998956,5.245043922,5.880694,5.520044344,5.718558982,6.42975002,6.111095423,4.732801411,6.82268738,4.646375845,5.547103651,5.959679558,4.248303474,5.420952776,4.639316984
SERPINB13,6.983808614,0.253220093,0.577782674,6.514184811,0.309110092,0.616590207,0.622082375,1.545396013,7.151824528,0.107988423,6.908870222,0.162835336,4.410605493,4.777113889,5.377717199,2.26556757,5.762664311,6.291019295,0.137898162,4.975079782,0,3.000539831,2.898403173,0,0.270080446,6.947289517,0.296385986,0,0,6.004144537,0.826363252,0,6.095737749,0.901685697,7.001196054,7.319597307,0.897640824,0.308150603,7.29721434,0.714948667,0,0,5.041270036,3.623898671,6.901802975,6.530809393,4.653676146,5.927070735,1.175611835,6.607964222
MAP1LC3C,1.313456652,4.251717113,2.008749408,1.843626658,5.315969548,4.931669108,3.974390329,4.672024213,1.445383438,4.435151191,2.729713316,6.300560779,4.077282733,2.643241002,2.848142019,4.989747847,4.679331663,3.426194314,2.20418175,4.124903079,5.86180668,4.315690888,2.01059431,3.787364233,4.252045563,2.375907815,5.813098005,2.239123236,3.485672498,3.111679517,3.483990998,2.963657019,2.192539213,4.298415479,3.123362186,2.286685669,3.279441467,1.863044017,2.53388705,3.696933609,5.481369054,1.797964711,5.126101849,5.312444315,3.59240262,3.380347155,1.62782021,2.962712265,3.431604253,3.549215952
KLHDC1,4.505052967,3.593523005,3.728105269,4.411016173,4.023689295,4.254561345,4.428562688,4.695504302,4.335228644,4.260883793,3.420396733,3.927341586,3.959905381,4.179929843,4.014895294,3.985605087,4.460363762,2.530582192,4.441549969,3.962230349,3.368845824,4.664053129,3.988077009,3.829995038,3.268524504,3.620251811,4.70895946,4.904398066,4.688801541,3.508904237,4.049525311,3.743967099,4.615537998,4.473879477,3.949510156,3.745044815,4.499906644,3.672919136,3.525905964,3.99604764,4.630218789,4.854564105,4.652356765,4.342193408,3.228273705,4.04100955,3.271942792,3.695033928,5.598495177,3.478399548
OCLN,4.893836174,5.78644583,4.913224907,3.051620946,6.23633017,5.940139831,5.278731708,5.824085442,4.947621943,6.051560477,4.413983777,5.344493574,4.168423614,5.155074216,2.365243429,6.166745818,4.576227663,5.616894289,5.190018956,2.798540154,6.381998675,6.205506215,4.033770635,5.645390354,6.491437446,4.750735938,5.775047915,5.856472517,5.588457489,4.090640531,5.79847649,5.756564912,3.888503535,5.899883116,4.83714043,4.564160924,5.417092089,5.487369452,5.929655394,4.0915401,6.015734655,6.187426206,4.087570022,6.170205835,4.920563107,5.105395397,4.812875559,4.229324283,5.71968008,4.896759017
KIF13B,5.133770596,6.104615551,5.991315173,4.679151326,5.758581505,5.692766188,5.250026061,5.985942989,5.536900536,5.951318615,4.814232956,5.073788621,4.912913856,5.046462448,5.13021326,6.368921262,5.512932561,5.379718035,6.080789502,5.461546722,5.115282549,6.01601097,4.910866112,5.239531791,6.093016735,4.952121513,4.862215162,5.900634018,5.970577195,5.021100055,6.281021241,5.900512408,5.437705752,5.921633892,5.554476902,5.511553374,6.452493384,6.640276329,4.428284183,5.343227609,5.656911297,6.053455463,5.123091757,5.54957004,5.375907373,4.875193695,5.637111825,3.16245042,5.579261883,5.310307035
CD2AP,6.119332402,6.48368417,6.284307645,6.147489888,6.468321346,6.647793063,6.416819343,6.223580506,6.203670878,6.469081154,6.141863176,5.963400742,6.135624166,5.985111098,5.713390137,6.95064476,6.161435364,6.462032616,6.525729051,6.297425013,6.73203979,6.512520234,6.075900256,6.561927835,6.748595747,6.105102494,6.541647187,6.39479905,6.65051717,5.981840529,6.733564937,6.711477077,6.585085725,6.615498795,6.495002889,5.793446669,6.829447314,6.818139983,6.039895292,5.973380496,6.483555963,6.726409172,5.653975359,6.628485144,5.666717461,5.919744332,6.197274226,6.124363206,6.051038018,6.158080297
TOR4A,5.394452891,5.47867297,5.839786603,5.146809254,6.460109086,6.192239033,6.318607633,6.361271944,6.593393127,6.250209147,5.440601962,4.920688228,5.248744455,5.578597335,4.762661134,6.344054155,5.409706175,6.455803343,6.185490414,6.127140861,5.738302951,6.006615951,6.559778985,6.453982856,6.306342996,5.171546068,6.403475517,6.706575938,5.82613117,5.308737494,6.117951771,4.578598827,6.3727382,6.111533785,5.957531579,5.148329263,6.043633247,6.682750198,6.142564783,5.757176332,6.504964242,6.376277782,5.204652421,5.705558716,5.301724824,5.392762131,6.452420238,4.86969668,4.399924039,5.133005055
SOWAHC,6.502878902,5.602807419,5.473432286,6.449779965,5.836784208,6.04706834,5.59347919,5.604951509,6.829766093,4.804608177,6.430737475,5.017300862,6.56505353,5.947173183,6.321056554,5.885364516,6.331199561,6.650721911,5.445646506,5.908328647,6.413278883,5.477805766,6.289129555,5.538399423,5.508927847,6.657077041,5.539581682,5.493749051,5.381949258,5.957900918,6.198060187,5.874098481,6.231401026,5.825735142,6.401301411,6.455119472,6.318973727,6.339495183,6.070818134,5.586719602,5.491952277,5.368534652,6.175632089,5.882119917,6.135029784,6.258410288,6.640696869,6.276006296,5.189767136,6.670252911
SVIP,4.574912588,6.523200672,5.928891153,5.07520739,6.062833018,6.020146351,6.155177424,6.190889891,5.918737863,5.958674028,5.338641051,6.442735913,5.182839154,5.968332871,4.507982241,5.803151405,5.518685497,5.804083414,6.101596997,5.218403365,6.10460091,6.06137473,6.10200116,5.192666071,5.830448626,5.80034185,5.726644976,5.797162514,6.151023624,5.273768316,6.146945721,6.120875486,5.683359315,6.003531574,5.403629573,5.3655875,6.189738553,6.09735241,6.408254242,6.051864668,5.665635128,5.842106609,5.890999722,5.949109623,5.487521616,5.725362762,5.052078346,5.639324649,5.84806111,4.164896843
HSD17B11,6.013719014,6.593894605,6.386140907,5.874400705,7.044700583,7.003319053,6.847665121,6.721115172,5.868616583,6.896241922,6.361746268,6.571868654,6.125817879,6.238196306,6.149739389,6.953795331,6.61840685,6.460390787,6.434086179,6.221907026,6.035289624,6.670373077,6.45718399,6.654586746,7.003908977,6.573339764,6.679517423,7.04126148,6.834602212,6.102373501,6.778598275,6.802315066,6.308500883,6.647649716,6.368350205,6.411300165,6.634733535,6.661736786,6.824828477,6.03855139,7.055383534,6.760076005,6.636683338,6.734352096,6.575626229,6.688375251,6.398861475,6.741644307,6.035974629,6.604959103
SULT1C2,1.766284356,4.572383835,3.730444059,2.636774726,3.083435358,4.578680046,3.398712897,2.395727681,2.04986634,5.881202762,3.929922633,4.75192804,2.140050461,2.19612761,1.956958308,4.032714315,4.74895627,3.368183037,5.762642798,2.44206477,2.550013387,3.26330553,2.177401194,3.189158961,3.699438492,4.246211796,6.125638345,5.674111379,5.983265051,1.318583831,2.798210597,1.035130733,4.711434031,5.263460056,3.396126756,3.451925097,2.190634809,5.662064945,2.799631251,4.334186122,2.433098403,6.332525325,2.612483368,3.575952823,1.849226575,3.451295786,4.219143571,2.640954321,5.24980148,1.234236141
GFPT1,6.128228643,6.5801676,6.548174083,6.246711529,6.514974916,6.783228773,6.298774225,6.381082168,6.164268184,6.623977106,6.365305722,6.266444516,5.946993197,6.385998694,6.41734084,6.686746249,6.349731997,6.193005985,6.644654936,6.525197221,6.962534738,6.465204657,6.569171587,6.229929569,6.704732904,6.297711438,6.239854275,6.334341175,6.584582224,6.313289497,6.865511857,6.917899694,6.134439866,6.658457463,6.22625741,5.994501959,6.949719179,6.729030654,5.975207068,5.871179645,6.399791598,6.486371899,6.153952814,6.777952877,6.079367503,6.225236895,6.56961865,6.346173398,6.004117128,6.423452084
ZNF69,2.827127404,3.990224567,4.520550473,3.58616455,4.381888152,4.923896728,4.624942746,4.516644427,2.327012775,4.716265208,3.902725186,3.345840832,3.276239105,4.103944183,3.065239819,5.055042739,4.514728853,2.651571184,4.511736034,3.21227294,5.385814573,5.314510434,2.911449061,4.903984347,5.053053505,3.294406448,5.306554232,5.195043251,5.321704482,2.970545874,4.703840612,4.436336148,3.835256557,4.028453984,3.447790642,3.172547583,5.18534206,3.315394082,3.309139546,3.566568814,5.189352722,5.205903265,4.698374512,5.446492851,2.738331921,3.406261529,3.300683551,3.531104169,5.525920009,3.763083467
NRARP,6.912612637,5.770440487,5.376666207,6.636281402,5.276271309,5.709418119,5.253059995,5.598215759,6.25118568,5.116685316,6.488656756,5.967904866,6.513116964,5.84170454,5.826408175,5.638521163,6.441562607,5.933075403,5.315119572,5.280267385,4.494920923,5.021524898,6.609335233,5.500396608,4.864829475,6.474006801,5.051272101,5.586947062,3.931949785,6.493470544,5.133538503,5.829593006,6.513298646,5.149069531,6.124440847,6.650699124,4.933685442,6.061395843,5.984248215,6.006454154,5.070285846,5.592079615,5.731555327,3.869483188,6.418184522,6.437576133,6.449171085,5.854452331,3.721464993,6.482719188
SH3BGRL2,5.361162416,6.532195992,6.128214081,4.7002569,6.212279955,5.626954951,6.121927284,5.822941226,4.770055326,6.356151254,5.496187809,6.37915417,4.564782371,6.031196984,5.729737465,5.706635249,5.537753039,6.104539216,6.003382555,5.972527079,6.525228641,6.549418825,5.9292724,6.340065446,6.526252979,5.300919727,5.726953141,6.344186353,6.340865203,6.097818308,6.541243689,6.491031051,5.567762572,6.360180671,5.606112197,5.624359585,6.017383206,6.340924015,5.802928278,5.478233701,6.676298344,5.90859884,6.049643073,6.316270086,5.888660742,5.962639676,5.788983882,4.585609119,5.927447241,4.76549695
B3GNT6,1.472139454,1.624608657,5.373085416,0.381933222,4.796620155,6.656160123,2.853230722,5.056980384,0.26150724,5.387898632,3.801045499,0.270283187,0,0.600692268,2.768750025,6.250034859,1.798615379,1.690930261,1.23534816,0.442781022,4.916760856,4.77479407,1.722772154,5.640913651,5.362791188,2.519184887,3.414178542,3.85679336,4.202235367,0,5.192620265,6.770082318,2.454482601,3.631627966,1.757290771,1.28074818,2.955124365,6.923978328,2.417477976,0.734964091,5.576976214,1.916350012,0.498786818,4.971791188,2.79750881,2.040611433,2.031697776,0,0.398896629,0
WDHD1,6.068581112,5.664601441,5.0454128,5.430801787,4.981280753,5.046650215,5.327792154,4.878135489,6.030136341,4.681886283,5.489160404,5.808224062,5.440191603,5.901678016,5.789245163,5.663267243,5.17267843,5.843661432,4.81167364,5.69643025,6.753813553,4.715317124,5.726870809,5.769148853,4.740729624,5.57405371,5.25402132,4.353496034,5.346736191,5.516702369,4.651523556,5.399711463,4.892753012,5.798947448,5.69304773,5.547540184,5.774515113,5.299435079,5.575471506,5.300030324,4.01563311,4.85261942,5.918052838,5.17754069,5.851129148,5.889778875,5.759516094,5.389373047,4.485728684,5.318840171
LRBA,5.717452926,6.306223911,5.485014533,5.238950036,5.961756494,6.143968904,5.617993961,6.103745894,6.017255216,6.3030409,6.004270298,5.584560285,5.356361818,5.663947032,5.647405765,6.058019361,5.737717624,6.008643496,5.70857055,6.343076654,6.547079141,6.071608772,5.373368403,5.713460872,6.332386829,5.262622701,5.483583212,6.104755738,5.875975869,5.663241983,6.143541098,5.967403271,5.418917984,5.936014915,5.393899273,5.957531447,6.014589073,6.110747019,4.87163398,5.538543163,6.199116097,6.059351588,4.81422941,5.914328712,5.875348905,5.460556411,5.60109667,5.326554009,6.160265159,5.014310257
DLL1,6.477358143,6.743740503,5.578507959,5.483236831,5.218583504,4.804840991,5.014843238,5.449590788,5.137012658,5.597394058,6.174944521,6.837564486,5.891480159,6.274353056,6.117065641,5.030677133,5.323915818,5.747725051,4.270635235,5.813124231,5.717116785,5.054856311,6.445125996,5.445058949,4.447180162,5.45238653,4.234114623,4.185087574,4.229131724,6.321344263,4.438857485,3.190401548,6.127928895,5.301198402,6.047220983,5.751199444,3.503762442,4.741568707,3.790972673,5.558222523,4.889458971,3.396241437,5.775313384,5.11023293,5.889797897,5.001926723,6.337147068,5.894921899,3.863916068,6.669440547
ANKRD13B,6.276603959,5.886765643,5.032853866,5.4811239,4.611322262,4.89402673,4.712729891,4.393069436,5.623349769,4.948774381,5.588348755,6.26705434,6.272685889,5.183073095,5.656006914,5.909546638,4.970942352,5.408117707,4.194587836,5.089181322,5.259592051,3.937995217,5.492633127,5.544839948,5.572581335,5.748243153,5.456175843,4.829883973,4.418141317,5.768245209,3.713178384,5.188537456,5.373649015,4.883450691,4.513505259,5.744840411,2.930868395,4.848548773,4.174677717,6.192981315,4.673037205,4.380879463,5.720407118,5.727077209,5.225153056,5.249418776,4.365016095,5.669765539,3.352879387,5.666231215
UNC13B,5.830229615,6.553916966,6.005748283,6.358435474,6.297820954,6.440941425,6.304596378,5.83762693,4.906451537,6.166044809,6.010221035,6.301396132,6.09489695,6.576295061,5.955790038,6.535421228,6.236519226,5.892663639,6.484136165,5.969205434,7.045560348,6.557927044,5.855164101,6.027487197,6.597261545,5.926225895,6.074557108,6.41557517,6.874403551,5.109568253,6.380533592,6.935388545,5.288446416,6.114413821,5.851027026,5.71860721,6.475716312,6.134708128,5.82317475,5.450046623,6.926559727,6.92819576,5.755553633,6.316965768,6.226953917,6.282734626,5.570373097,6.251502358,5.907886674,5.343380602
ARHGAP11A,6.039839064,6.221683749,5.373113668,5.785158196,4.768521834,5.028916082,5.15467186,5.094219153,5.919832201,5.099330014,6.064088081,5.476068313,5.918489108,6.129417352,5.449778458,5.652865038,5.701898249,6.009622016,5.236040387,5.604177362,6.340669423,4.746021437,5.771734531,5.646420946,4.363713563,6.200271836,5.611229088,4.588005103,4.894881981,6.312560954,5.176645824,5.228056522,5.849138911,5.161436113,5.763073241,5.750408545,6.257913403,6.057401778,5.087631043,5.643132043,4.082054741,4.912413715,5.859788441,4.417187182,5.356504082,5.326328758,5.89097467,6.042015392,4.57408668,5.616725212
OPA1,6.56524629,6.083383435,5.927599441,6.161294209,6.030196102,6.113841952,6.046141061,5.942089184,6.402692396,6.071403455,6.460610431,6.290500526,6.289323225,6.424548239,6.295311096,5.926320453,6.565707542,6.598774784,6.040189884,6.385229693,6.528889782,5.828989151,6.225031243,6.146920591,6.021776935,6.831057274,5.993160165,5.763594332,5.710445455,6.234281752,6.203493039,5.952107719,6.056803928,6.114761721,6.160581363,6.389633256,6.190487338,6.160510179,6.414050869,6.355811765,5.700598243,6.044549572,6.556802727,5.722699346,6.479507396,6.582182928,6.266384094,6.435345052,5.780919378,6.293510581
FICD,4.786476785,5.348884985,5.318312251,5.075548653,5.52501027,5.639314278,5.502729007,5.67381787,4.484297473,5.809176808,4.708485955,5.38961947,4.92435925,4.778861423,4.998499571,5.364045288,5.246060523,4.638181039,5.697636862,4.819233868,5.136635516,5.662077218,4.239889519,5.185729988,5.545629303,4.898236716,5.291322612,5.254993418,4.958557695,5.199343959,5.900969676,5.381084145,5.373598142,5.548992532,5.042774214,5.196590709,5.111395205,6.092320918,4.097199776,4.899538785,5.283457787,4.943971594,5.318663621,4.824185971,4.803434977,4.968438208,4.968117023,5.041658013,4.800660754,4.917312769
PRC1,6.553002002,6.389271018,5.918346736,6.454787281,5.167751387,5.629512149,5.811152471,5.452518196,6.46958957,5.653710768,6.473182027,5.932904549,6.321780701,6.460166857,6.058531015,6.263633365,6.161815957,6.331617355,5.739533972,6.188579199,6.618737857,4.843993977,6.290603925,6.158956216,5.306174293,6.622657768,5.930168211,5.317133814,5.927913351,6.528564193,5.779441738,5.978292409,6.215794754,6.068659409,6.461647077,6.376417349,6.456604189,6.343886146,6.254599632,6.27096378,4.765029485,5.718884871,6.417117236,4.719430642,6.020129328,6.341079141,6.330354831,6.51514882,4.602615634,6.414938225
TDRKH-AS1,3.26793448,4.159804905,4.33057623,4.038221205,3.941565857,3.99515855,4.088758299,3.061561968,4.121543258,3.952193205,2.719475539,5.431013915,4.888143593,4.047407916,1.308659363,4.102034761,1.939072899,3.840733007,4.654382267,1.390835685,3.817473594,3.557864449,4.361383047,4.546349315,4.812895414,2.484703827,5.21461233,3.956557627,4.780266078,4.341608797,4.339146019,4.649421848,3.964431773,3.785609277,3.163049671,2.245027387,5.178667037,3.811594411,3.131815746,4.184360481,4.994892117,3.975599468,3.41734699,4.675936417,1.986648371,3.234039499,2.948580664,3.002514621,3.522316545,2.920339209
EFCAB2,3.208882226,4.861518654,4.991646895,4.095295793,5.013106167,5.07073395,4.229413516,4.787846819,2.850762567,4.511963682,4.004170674,5.185171365,4.310475344,2.914138697,3.638164658,4.231552115,3.920070419,3.61958056,4.731287015,3.482374904,4.826632102,5.197053102,4.111570268,4.715111934,5.176817279,3.168392532,5.008998662,5.250795344,5.341502284,3.663628093,4.568559567,5.989588982,3.802482263,4.983044861,4.125868752,3.823129983,5.439806712,4.358568324,3.40843456,4.725134129,5.263594909,3.860107805,3.522270972,5.083120096,4.149183771,3.091189024,3.805753184,1.875010635,5.416193633,2.716311262
CAPN8,1.236059414,5.684311648,6.304990212,3.873301495,5.912164219,6.387304756,4.166348345,6.744252324,4.132032041,6.882059433,4.329313361,3.598904325,0.630107102,3.127980537,1.871129272,6.448909915,4.878857722,5.350217008,6.566963031,2.941366523,0.878100978,6.729412943,4.723941404,6.653046542,6.645523706,5.431709234,6.540087858,6.320851908,6.528173255,2.48198427,5.788541323,6.501401378,6.412207997,6.244260528,4.224100919,3.875353363,6.788323992,6.42475047,5.077962783,4.090374629,6.61674251,4.669224003,1.224275165,6.363295706,3.322226763,4.963073808,4.678038367,2.451601548,6.362053936,1.17132246
CENPW,6.599169858,6.409013631,6.544674199,6.354756431,5.763915698,5.875099984,6.347539641,5.694207833,6.650936694,5.542104975,6.696091586,6.237160903,6.168167013,6.317209184,6.577869653,5.924055969,6.448023168,6.376582202,5.999243203,6.073346866,6.675635047,5.223956109,7.018908197,6.491070846,5.574982083,6.7805152,5.966665741,5.277970262,5.444383391,6.468008319,6.12606118,6.301566383,6.479167966,5.858844949,6.593211358,6.699824571,6.560060777,6.209698398,7.333818238,6.550838338,4.786623111,6.220424432,6.689409575,5.491026984,6.890592983,6.487684307,6.907407696,7.132282014,4.376550096,6.664378968
LINC01270,2.190044874,5.523606269,3.18272808,3.079846512,3.745975498,4.555458557,3.00967054,3.483049037,3.243455972,4.28680163,1.22707154,5.371909963,1.754251495,3.474012034,1.601003888,3.89236252,3.039961325,3.357746958,4.405082337,2.8914427,1.103725304,3.031030702,4.345347549,4.915388634,3.978877547,2.007283653,4.425577048,4.133238124,4.32199779,4.157770924,4.448665907,5.176775961,4.43996022,2.87727794,3.995093225,1.096191498,4.445835392,4.663084308,2.814649316,2.862099205,4.932417685,5.120742871,2.901625029,4.393873158,2.825297885,1.77582459,3.778290668,2.487873322,4.458885039,3.304536195
HLA-DMA,5.786775173,6.715338914,7.044447892,6.210175539,7.181132334,7.107422345,7.225786028,7.26774245,6.828403865,6.992400225,6.430585418,6.275689383,6.686179157,6.03949805,6.334204907,6.983513953,6.798862178,6.706182637,7.165655691,6.699522979,6.057744711,7.211661944,6.736961894,6.654560399,7.118963671,6.753137718,7.077410555,7.343727784,6.638483962,6.298464223,6.950850236,6.037653812,6.909687421,6.901067351,6.868530116,6.869274979,5.483411075,6.784339177,6.912947672,6.957665253,6.767557931,7.452218446,6.185103933,6.854676112,6.660775947,6.685160726,6.766330404,6.632598672,5.973220032,6.431361129
SP5,0.657018143,3.207125916,6.080192817,0.820969229,5.244104209,4.803192069,6.409291435,3.342172374,2.567532,3.202441092,1.484110857,4.783792519,4.305769981,6.035672078,1.659835266,6.106678211,1.499087527,2.73926458,5.154000426,0.93229209,5.340829638,5.491628995,1.134240656,2.318090439,4.839583063,1.504977305,4.10264529,6.325562603,5.756481344,4.684102827,4.675638868,5.384916408,2.903697308,5.071869875,1.344430419,1.645593925,5.654601145,4.788190221,5.115870795,3.346675049,3.970774012,6.492129448,6.116093832,5.395163902,2.015777627,4.650235514,1.760457198,1.276536628,2.791210552,0.484970161
SLC44A4,3.939174335,5.779572307,6.647280317,4.157543336,6.68275291,6.687642624,5.742415406,6.685112186,5.715708356,7.124894331,5.284307994,5.529089123,2.434822004,6.188449623,3.99444783,6.466903678,5.511259424,5.855665236,7.116175511,4.333682734,4.583181271,7.006378563,6.010305049,6.717685806,7.03870045,5.275115951,6.705436781,7.050368032,7.052956331,5.37147669,6.975026739,7.081690703,6.355083543,6.524868793,5.313331006,6.103027321,5.741756351,7.048608166,6.629600409,4.92619504,6.985049828,7.215029251,3.8786701,6.97702214,6.16664669,5.922362921,6.292345005,3.246755902,5.384793088,4.894901603
VWA7,5.234044784,4.460207554,4.117531129,4.439358661,4.289651892,5.126527091,4.394142922,3.566914645,4.384224854,5.503670669,3.566740525,5.107402085,5.371570911,3.722997072,2.675793414,5.151799008,4.550198263,4.524683845,5.610180243,3.843302447,4.785970938,5.467212833,4.102177086,4.636860991,4.905449124,3.926634805,5.673930414,5.850054239,5.775464317,4.027259463,3.963778827,5.867972139,4.346563199,4.36592865,4.125871709,4.639671745,5.100198263,5.01990284,3.618461892,4.11451046,5.645074882,5.062192656,3.067990979,5.395448822,4.658337794,4.104608909,4.502657638,3.404361326,3.899894872,4.199905795
LY6G6C,6.442143653,1.345366328,3.564357336,5.167571028,1.937315549,0,0,0.535102763,0.55687224,2.766847598,6.298874678,2.090734692,5.839759807,3.591013521,4.463771167,1.30963061,4.972541944,1.969340255,1.754250933,1.179798694,4.959966581,0.834944958,0,1.67432527,2.077998558,5.126232257,3.248542042,0.947881483,0.850132633,5.17005092,3.030587177,4.164573888,3.280989664,0.48518636,5.802306063,6.456183017,4.804225217,1.539368592,0.582536023,1.827025335,1.229414068,0.425550165,3.50026103,2.06385648,2.161533467,5.612045271,2.413816737,5.008953382,0,1.9545752
MUC21,0,4.481743087,5.591360241,0.701347889,6.684735584,7.141302485,4.612588768,4.804819412,1.523590575,6.768314975,3.520252132,3.184497113,0.677344737,2.887137639,1.031007354,7.158890627,2.867186011,5.054697931,4.762114183,0.989476974,2.868321188,6.42728484,1.384785822,5.265372091,4.872447346,4.081245949,6.205461233,6.648361605,5.417099365,3.305429272,5.463788598,5.373821815,2.598735023,5.794975811,4.395666139,3.418159464,2.78343855,4.110195766,4.680740178,0.207547752,5.782580467,5.913675926,0.363531512,7.47373067,3.869979844,4.743672504,2.670783587,0.336297974,4.281590509,0.284029716
MAMDC2-AS1,0.969258456,1.608683467,0.539313557,1.91968789,1.13146952,1.465949233,0.320831771,1.5653565,0.878173153,1.950931817,0.595768537,1.439022493,1.307166724,0.967015469,0.548523522,1.218108487,1.418893373,1.097803841,2.461487622,1.89634686,1.155491137,2.681260228,1.001230105,1.217933017,1.338369742,0.942788371,2.588467307,2.251994431,2.822829838,0.773327634,1.703701806,1.430517096,1.505261405,2.189314907,1.346675294,0.61067405,1.596731273,0.900929841,0.531527167,1.116830779,3.287952652,2.466628699,1.061480313,1.664707674,0.328720706,0.643331042,0.330714165,0.587680684,5.140019293,0.994718944
IGFL4,4.864448694,0.159558138,0.485797919,3.386301698,0.368116915,0,2.358804547,1.429470724,0.63894319,1.752081551,3.034163069,1.100114115,6.045992866,3.556867279,1.408519504,0.735988187,4.508425884,1.708403771,0.786085177,3.524155369,2.379932799,0.763243644,2.348111863,1.399090397,0.583900606,4.380189317,2.142196512,2.186655592,0.777436003,4.606491121,0,0.483754236,1.125579291,2.685891136,2.648288401,3.597020155,1.171700929,0.195553225,0.373497185,3.398430605,0.266582034,0,3.041467144,0.479627444,3.218093669,4.099756646,5.50072506,2.327136673,1.974393697,2.476491363
TRIQK,5.24572226,5.734214614,5.553564929,5.851014707,5.871601745,6.076392546,6.182516352,5.852209545,5.297813485,5.82215128,5.205168951,6.209973685,4.897925889,5.326940091,5.775089542,5.862168417,5.820991471,5.514423585,6.003783001,5.865015266,5.894979137,5.714393713,5.276258748,5.835873761,6.463712786,5.136020702,5.768699748,6.038197299,6.085338468,5.783333031,5.964426324,6.100207756,5.687505166,6.025579215,5.283895015,5.49404713,6.324831277,5.752574839,6.161365647,5.375826177,6.134862634,5.240311034,5.718403769,6.333129558,5.313663863,5.498084233,5.388186288,5.600042248,5.562799097,5.620847948
LINC00654,3.438350252,5.002204259,4.346045282,3.179036794,4.414129179,4.446095756,4.433353482,4.353677236,2.004045194,4.641501256,3.271028212,5.15820919,2.656183601,4.422244149,3.075449968,4.431201312,3.893077955,2.479887331,3.30647525,3.672563307,4.271046026,4.363172915,3.524429682,5.200060882,4.437221603,3.005446689,5.171240683,4.710898236,3.45652692,3.476917972,4.444665366,4.465618558,2.972855206,5.121786467,2.766526391,2.021563674,4.872920976,3.825821809,2.118869346,3.326393179,5.165221645,4.815641072,1.737108799,3.346949096,2.80450442,2.875442507,3.235916356,2.058676449,5.15867424,2.78594745
CFI,5.164699477,5.965316408,6.217710722,5.618305387,6.603654946,6.35852541,6.531130653,7.077375907,6.619417376,6.710627236,5.855490492,5.750465647,5.156360206,6.162911312,5.898370896,6.941618634,6.4406742,6.420858259,6.728524092,6.229672719,4.451596436,6.675570602,5.74110187,6.477230512,5.91083667,5.918672304,6.646820502,6.867056162,6.66341908,5.45094616,6.107063838,5.871055486,6.611953214,6.314891838,6.390898353,5.620635467,5.396486993,6.322962833,6.517746946,5.514893419,6.58318655,6.830682134,5.876314594,6.146880578,5.553665179,5.903807144,6.464110113,5.335166982,5.793350593,5.944302826
KRT6A,7.78931643,3.785100572,5.864763757,7.819616701,4.382937463,4.292923291,3.002718949,4.429328009,7.759438504,6.222691138,7.797172063,2.929678491,7.658518836,5.816570776,8.118789727,5.320022119,7.606986264,7.635405107,5.781384125,7.773091564,0.378205442,2.441349321,7.405223562,4.362110794,2.619045297,7.488871604,4.980347865,0.436558377,2.160042815,7.119585207,6.892336963,1.002900233,7.358494491,6.161403355,7.733762755,7.825323292,6.875832979,6.511052035,8.068809158,6.74402963,1.896006245,0.923673868,7.311601515,5.582911057,7.724142947,7.674886603,7.778525761,7.59818761,0,7.923049957
CCDC85C,5.68562686,5.066564562,4.30896703,5.375224571,4.180340616,4.089149847,4.461875464,5.014520213,5.896121856,4.524773344,5.417219331,4.24146299,4.470849166,5.436022284,5.283333669,4.142919351,4.820647227,5.424780612,4.402091349,5.069062032,5.562944422,4.846555729,5.177979177,5.017705953,4.659308886,5.494698078,4.718064431,5.371191473,4.346782729,4.810802984,3.956265979,4.084152567,4.715327804,4.523487168,5.525148253,5.15561097,5.160749615,4.452472777,5.685685434,4.52583685,4.819710692,5.708851921,4.985164988,4.549006914,5.899080634,5.819979482,5.223052468,3.780103139,4.604464302,5.088385576
RGL3,3.545581836,5.98399371,5.858419967,4.768784105,4.922844771,5.529289622,4.896958702,5.781406176,3.045884713,6.154527816,4.178267198,5.812912972,2.397622404,5.600282025,1.964568588,6.095252834,4.234933442,4.827112054,6.112017006,3.414377241,5.886405156,6.104859697,4.546037715,5.933532426,5.756283658,4.459138288,6.200759276,6.558382233,6.221452971,3.012146575,5.817516067,6.09497577,5.928609662,5.41433182,3.804830528,3.430097832,6.377578673,5.867290741,2.769050337,4.501389971,6.219939043,6.12987439,3.56779159,6.086332029,2.956935278,4.212475959,4.655910156,3.054612633,5.003235503,3.839428116
DNAJC19,6.174471493,5.594275191,6.089135202,6.23450588,5.831344306,5.824010371,5.912992068,5.877897852,6.023387008,5.765498988,6.476333753,6.336676252,6.310612489,6.154310737,5.689993388,5.466775435,6.186571343,6.00561547,5.911623804,5.499114147,6.065176575,5.885868081,6.085575346,5.803701723,5.586984235,6.574979156,5.839517851,5.943959118,5.793525044,6.034227216,5.866479571,5.688099204,6.091048048,5.976419772,6.263101273,6.502999469,5.972377502,5.615554366,6.709981167,6.139836139,5.791283728,6.212947557,6.321675266,5.570021178,6.067555139,6.423139075,5.665933634,6.72788755,5.590343522,6.258541016
SERPINB4,6.465879798,3.781456827,3.051087369,5.91670907,0,0,3.540467614,3.997965304,6.900142915,6.821712846,4.913425341,1.36495874,4.521605169,1.001072649,5.929476804,2.117873685,4.392579988,5.620253321,1.076714234,4.910443839,0,4.645397902,4.09274045,0.497935959,0,5.196667099,2.060924321,0,0.528534024,5.760595843,2.731189863,0.452874675,6.729091935,1.198325173,7.060403212,6.518009313,2.752195678,0,6.568451569,1.918608223,0,0,4.732155446,4.103418667,7.196694385,6.770528069,4.391327315,3.819122822,0.500217364,5.91147173
SERPINB5,7.185775802,3.548706753,5.046012353,6.885126109,2.291572777,0.689865173,1.155574347,1.6233311,7.205193641,4.385575017,6.955407522,5.156891448,6.602463197,5.977377622,7.073598528,3.456428022,6.562087566,7.080125234,3.138284723,6.906934857,0,3.563708028,6.531368749,3.936224391,2.890598303,6.841565204,0.477923539,1.820507649,0.924196392,6.605482859,4.964228845,1.827453509,6.792669715,3.750024134,6.938015087,6.984901474,5.555295381,6.874627757,7.212348023,5.547259499,0.652806624,1.982374465,6.274284549,4.5341903,7.224370405,7.006666932,6.366468101,6.70544425,0.706369217,7.112889349
CFAP99,0.209297873,0.923831421,0.826797644,0,1.549836392,2.314887454,0,2.260333663,0.184372029,2.466244167,0.92516961,2.032716503,0.200973232,1.762152163,0.532613629,1.25427082,1.083094962,0.761568421,0.16177426,0.79439465,0.542896131,2.391347976,0.720976064,1.189539852,2.57437628,0.244809465,2.299245503,2.738399019,0.550596115,0.223350838,0.545769533,3.103242121,1.1040282,1.017807347,0.419877151,0.706461586,1.915014402,0.764995825,0,1.139059289,1.17616885,0.669251854,0.510429263,2.921421443,0.608413281,0.609964408,0.526877521,0,3.012797175,0.715499561
LOC642484,3.21884986,1.271634355,0,4.557423028,1.271044096,0.343544584,0,0.411032548,0.755206004,1.247876917,5.11948069,4.376859101,5.289127678,4.419165856,4.423403381,0.632205367,4.378733457,2.826221697,4.160668987,3.666794411,2.024171055,0.656551539,3.986302871,0.499116234,0.208101249,1.252747736,0.425262143,0.229387376,0,5.514104264,1.109366658,2.904028725,2.772768445,0.371178107,3.518075424,5.41492773,3.580589731,0,0.930350858,4.732192953,1.440097692,0,3.428982364,0.315621037,4.10099347,4.346069244,2.840912448,5.520391584,0,4.356165073
ATP10A,4.59749595,4.720130962,4.931120818,5.164091869,5.471062195,4.764849939,5.305426588,5.554999648,3.790980636,5.936028916,4.356122319,3.414824533,4.183134392,5.59368293,4.386004764,6.477807244,4.982813186,4.458361412,5.331884697,5.105294879,2.276748226,5.702093335,4.143022708,5.629962543,5.469759002,4.160034737,6.016263329,4.933401746,5.473774331,4.327918149,4.62144168,1.957715861,5.435373005,5.649030834,4.39772561,3.82406064,2.494314484,4.617427977,3.264603961,4.979977677,4.959003328,3.182955419,5.004404833,6.10558194,4.067641374,4.568751771,4.513287817,2.750252793,4.623584705,4.618870288
ZCWPW2,2.288026644,3.320556952,2.589968797,2.599696354,3.414368945,3.796043945,3.268123528,3.168515783,1.37108619,3.168494073,2.14534907,2.329708712,2.879782946,1.608152638,2.578611769,3.032037771,3.017179621,2.241490962,3.969082066,1.816767599,2.321953909,3.879995067,2.536416759,2.679941955,2.693632255,2.38359635,3.633691868,4.016036706,3.897019648,2.249358466,3.182131372,3.564447174,2.899437365,3.154858039,2.200156813,1.826024962,2.93194124,3.308998738,2.405910303,2.907023591,3.86364404,3.247865278,3.303817283,3.67192587,2.925676982,2.345206747,2.734439368,2.671186542,4.338993176,2.002662512
ZNF254,3.982486168,6.116665143,4.181977223,5.093398905,4.944594686,5.419383842,5.566616964,5.421322526,4.590674324,5.730488493,4.859498972,4.065766127,4.020714545,4.948658635,3.841124802,5.48353316,5.040375799,4.333484452,5.083894337,4.235109236,5.814776882,5.70476141,4.907150733,5.060782674,5.868761686,4.701831587,5.408601508,5.690339101,5.943981276,4.671727242,4.747258086,5.780083055,5.122968813,5.402628755,3.990400239,3.50238541,5.205828666,4.676975209,4.922422753,5.259618433,5.790538072,4.837945703,5.062007048,5.356507043,4.083801743,4.856994662,4.223328663,5.080187163,5.883687129,4.33716827
DYNLT2B,6.1454445,4.69454324,5.518658094,5.419859508,4.941039158,5.000415496,5.10157928,5.304512786,6.233056292,5.079949427,5.832862479,6.029070769,5.685456087,5.039792498,5.479814727,4.548413416,5.525264227,4.904246257,4.411746055,5.54402597,5.561011848,4.725372987,6.106171156,4.745835499,4.469875436,6.239466151,5.148349158,5.030864191,4.855233075,5.72868563,5.588803422,5.849216227,6.053111576,4.063421013,5.86623815,6.009998586,5.850269466,4.824684754,6.317297607,5.544884903,4.306867845,3.288122708,6.259593864,4.846607968,5.495548944,5.687001405,5.630858397,6.117014962,4.589590231,6.168458399
CRIP1,3.201233254,4.273033258,5.480727389,3.458023277,5.912037811,4.521816894,5.718728706,5.388062884,4.270445971,5.482359326,3.282864338,5.584790567,4.477847647,4.378068711,4.241464329,4.038585515,3.990712939,4.702344306,5.365297801,3.880307033,4.571203387,5.703967572,4.23266874,5.995929086,5.763171178,4.342186258,5.516497023,5.294064915,5.774473765,3.555442145,5.156808965,3.301965282,5.7724494,5.507263907,4.912091543,5.107474974,4.376979021,4.596090472,5.95668223,5.311052486,5.529835039,4.701789482,3.972663759,5.769939112,5.244788576,4.941416378,5.022715793,4.974642326,2.388680951,3.358984541
LINGO4,0.436121407,1.255205415,1.448033156,0.305465058,2.123977316,1.910780297,0.783601081,2.286167348,0.938156252,3.284060496,0.801809169,1.965588633,1.490460853,0.679052347,0,2.536016794,1.90280319,0.986435698,2.646705568,0.638477614,0,1.698121327,1.486955175,1.065401793,2.140096595,1.093939935,4.730730147,1.689433497,0.836937167,0.809126143,3.213557128,4.60096727,1.905501637,0.930369834,1.2133419,0.597218731,1.706513846,2.956009486,0.854598543,1.806344151,3.159659195,2.238149388,0.845723185,1.053059532,0.201170518,1.024911168,1.441511557,0.372418445,2.540572526,0.315165086
MLLT11,6.463209713,6.74519992,5.935755467,5.585574711,4.894103772,4.908814208,4.742492128,5.409943245,5.713073668,5.252564716,6.434339866,6.318541002,5.411889452,6.088135107,6.693536672,4.707990666,5.743294291,6.000356497,5.013032707,6.253854164,5.593751347,5.201585175,5.241733499,5.259016978,4.931022701,6.211721878,5.171564493,4.317758161,5.006012351,6.415495446,4.760995237,5.625852338,5.633986235,5.118961799,6.329040663,4.81459914,5.37551602,5.708887275,5.292797943,5.317773948,5.385438915,5.23719503,6.462026583,4.329947501,5.0493826,5.885774346,6.27509176,5.57392341,5.030395179,5.841238265
LTB4R,6.627542032,4.298376837,5.13315778,6.680737476,4.366024307,4.692521523,4.567527335,5.138541754,6.246733652,5.322025253,5.609636215,5.363625844,6.388276294,5.900581648,6.691229193,5.013209753,5.945681351,5.856491915,4.523335394,5.716401186,5.257456394,5.106694276,4.936208252,5.258968356,4.219664589,6.100968164,6.199985857,5.363101845,4.360826098,5.399748812,4.538215344,4.47809754,6.151780409,4.756747683,6.582951917,6.314343661,4.455328773,4.507876261,6.026779214,5.696448805,5.207674415,3.949816659,5.452813303,5.018849626,5.793491873,6.531598728,5.682653763,6.073481718,4.854269451,4.723896945
TSPAN4,5.449837677,5.958542956,6.368936342,5.588612458,6.442549639,6.131968615,6.581167535,6.24433089,4.967950643,6.132907446,5.59745539,5.473370032,5.422889031,5.803262263,5.879182057,6.343761297,5.84163162,5.72738486,5.917290576,6.385464386,6.133566597,5.856256638,5.902341178,6.181765612,6.222663155,5.557651796,6.564608478,6.408351652,6.138809736,5.973051098,6.255848083,6.061161889,6.413950537,6.173838734,5.206598598,5.490986189,4.964065852,6.344848115,5.866567945,6.126733818,6.597718969,6.22751281,5.713745871,6.589927674,5.575376144,5.673209159,6.218741173,5.556841166,4.654380552,6.140275818
SDHAP4,6.286543995,5.573139784,5.117896575,6.085306765,4.433456551,5.433678985,4.52514415,5.50232205,5.86999695,5.470723459,6.089195611,5.155003216,6.343866599,5.816376368,5.289532068,5.057715763,5.947003942,5.802683087,5.85589783,5.274831225,5.182110723,5.366401937,5.986183446,5.353883022,5.156265583,5.877233374,5.613419905,5.07609396,5.666174051,5.966293751,5.43335472,5.509588392,5.975937737,5.186412048,5.926466,5.766042972,6.173252154,5.418053311,5.57311057,5.843237509,5.536466422,5.725786645,6.033917493,5.00921445,5.420055133,5.902974837,5.343426843,5.971530488,5.429104541,5.73475992
ALG3,6.630854623,6.182337653,6.867936266,6.825732227,6.463172706,6.46602655,6.342747448,6.218661701,6.661406927,6.433458746,6.985080167,6.446046212,6.694145284,6.664322018,6.714303306,6.2171177,6.541387706,6.90426121,6.280262702,6.622683348,6.422846004,6.2001329,6.608913575,6.480936425,6.110324088,6.925205902,6.41474826,6.481990594,6.374452139,6.523311436,6.563866029,6.796190324,6.394821082,6.486418177,6.312673925,6.90758689,6.646816752,6.445131016,6.938703436,6.580042897,6.324859937,6.54408815,6.889505578,6.452385218,6.837756154,6.777432171,6.677764559,6.873450377,4.455719181,6.818965572
ANG,4.683763982,5.654135037,5.711165546,5.936554304,6.024116647,5.779495659,5.911197279,6.015269411,5.088319618,5.619852574,4.954245021,4.723410618,5.071682906,5.579375048,6.377684859,5.747151235,5.468477311,4.877585827,5.687099285,5.530980106,3.61915532,6.240917222,4.6025581,5.316556133,5.785821794,4.651360346,5.581658169,6.658616548,6.529273786,4.064281246,6.44042211,6.870518809,5.485967288,5.981839653,4.770443004,5.398938253,5.525057256,6.085632597,5.852871855,4.943128723,6.084753039,5.977734694,5.862520814,5.495510744,5.659714115,5.713187378,5.257526517,5.423514546,4.46551051,5.450609249
SEC14L6,3.011783263,4.493810337,2.734380055,2.911639291,4.632686741,5.975122297,2.795601058,4.518591015,2.29639583,5.496110894,3.695164553,3.695312743,1.402653681,5.479235467,1.114181998,5.096108893,4.497097697,3.616644846,4.936232486,3.557794215,2.74286092,6.049640838,3.422948961,2.530738225,5.865645266,3.551346083,5.67436208,6.384736696,4.299785877,2.138472096,4.461651915,2.689314548,3.301873714,3.795515126,3.655553976,3.468487388,4.200532961,4.576182635,3.840106467,3.161952186,6.076356011,5.478378593,4.560128255,2.899877474,3.274370434,4.663841909,3.743670611,1.109021936,5.08426345,3.341133004
SPINK13,0,1.803870947,0.707353556,0.742989766,0,2.857381786,0,2.763347084,0.528858969,3.418766687,1.045482442,0.934194204,0.972079838,0,0,2.770029665,1.14728673,0.64941117,5.603309466,1.131109203,0,3.945076811,1.616628593,0.768419154,1.353784832,0.379854879,4.202790674,1.982694764,3.421221383,1.378845946,4.179089208,5.0974834,5.958136867,4.319965018,1.388690837,1.592232523,4.349424268,3.872929186,0.55345718,3.140846193,1.668980652,1.530066144,2.031032764,0,0.888781826,1.183363118,1.273585588,0.879785631,5.150790471,1.252023888
KRT42P,6.321917711,0.690533176,0.908125833,3.920420111,0.329579943,0,1.102447276,1.184828348,3.941846285,0.501017373,6.267211759,0.710419937,5.015625629,1.275985661,4.07946967,1.795536731,3.792112839,4.34376409,1.622311265,3.027048691,0,2.614482189,3.213130858,1.176379904,1.65207353,4.220081278,0.450659366,1.142845934,0.508088635,3.529943455,1.399903652,1.759156268,3.592110177,0.503583503,4.198132034,3.844144351,0.4582464,1.393165986,4.241948556,2.938693223,1.316005705,0.124334842,2.441595624,2.720333339,2.067620147,5.240908556,3.221107417,4.363361408,0.98077775,3.984113623
GTF2IRD2P1,5.189906638,1.065241089,1.032780683,3.77347265,0.386060898,1.867273892,0.54848055,1.986547227,0.667220467,1.122534827,2.265148444,1.322128515,2.564103418,4.74151647,4.939828705,0.665697483,4.291223125,3.820533795,1.889212967,3.58545604,0.320716582,1.758340249,2.993008971,1.186086947,1.20148025,1.77178541,1.198516626,2.855051552,1.783006586,3.228890027,2.796344933,0.70368194,1.936827581,1.439197424,1.061350543,4.547606373,1.566120795,0.685788015,3.255189344,0.865397281,1.573259418,1.246254888,2.577531563,1.597982298,3.732427748,4.797412519,0.778379052,2.078755701,2.711378865,3.29635344
LOC105371730,2.070689837,3.648184947,2.044323648,1.553720098,4.848526456,3.999737683,3.122672654,4.328392547,1.932116558,5.082460084,1.721018169,4.965812701,2.567286733,1.788240606,1.267131574,4.265263555,3.605678433,3.336890878,3.855490751,1.450763175,2.487999206,4.612862072,2.745592817,4.392031896,4.277880865,3.463790323,5.187145112,5.234392187,5.591412138,2.772096503,3.846717626,5.102293505,3.479705359,3.757583571,2.711979939,2.545169736,3.467887827,3.56079846,3.598482738,2.350688607,5.685471398,5.428620061,2.080576432,4.585411272,2.577302944,2.751482674,2.863332504,1.154314367,4.24485707,2.744477045
RAD51AP2,3.132759601,1.246868265,0.485907971,4.308490688,0.368203765,0,0.524434012,1.126082903,2.941828439,0.249693998,2.482446727,2.062386343,1.622834483,1.05734507,0.93562135,0.153091691,2.587864822,1.371555992,2.187062919,1.574138523,2.321413139,0.945830893,3.203833695,0.995043459,0.17059049,1.597859236,0.867603199,0,0,2.194803463,0,0,4.37401182,1.038467351,3.221301394,2.071286417,0.70748943,2.063983529,0.667755001,2.273102188,0.769405042,0.14012167,2.486144561,0.260478754,0.742544605,1.511200674,2.399775925,1.733632064,3.55410132,2.063423357
LOC284685,3.372918439,3.038493104,1.96723842,3.771597992,2.491224006,2.285432744,2.818840669,2.508148213,2.249128535,2.644591495,3.846813427,3.346888506,2.98890787,3.610913419,3.056503908,2.724969361,4.026773333,2.955835718,3.6138625,2.914474197,3.531217006,3.33510909,2.011118328,2.684509408,3.096643039,3.272655995,2.234912048,2.707937477,2.276402728,3.281576275,1.46122502,2.393357052,2.557354677,3.918531553,2.04761986,3.462903145,2.259340571,2.897227824,2.574296997,2.682003991,1.909943554,2.319928234,3.647347383,2.69772613,2.819627329,3.077737684,2.711911542,2.885580767,2.77485782,2.072503297
ATAD3C,3.934232026,4.026864345,4.9715343,3.961689306,4.418046525,5.368295773,4.892598781,5.877136997,4.398892905,6.029040765,3.25213516,5.333146876,4.854512383,5.174642473,2.576141776,5.646091416,3.801679179,4.577027744,4.235656845,3.561305189,2.989344578,4.98308591,5.066264603,4.839220434,5.347462547,3.865332103,5.792515408,6.420994524,3.624615768,3.709546934,4.99503405,5.263751547,6.008048837,4.984522021,3.932927182,3.842911438,6.178103526,4.891366482,4.103344045,2.777108698,5.627239796,6.254661935,2.507079544,5.818820505,4.293217983,4.798380519,4.734575588,4.966101962,3.74694569,2.858478619
LOC100288175,4.12417574,3.922210192,5.34204293,3.257237311,3.577168794,5.284366834,5.366776732,5.735068089,3.688644871,5.787936777,3.405924263,5.278164275,3.668409034,5.642118126,3.828698752,5.251495075,2.81339854,4.74592024,5.799970921,3.513440751,5.774218985,4.835132085,5.508720674,5.730376484,4.920715991,3.458989164,6.335680106,4.910223743,3.470877332,3.808454252,4.390227102,6.294841415,5.876032423,4.977783019,4.593648809,3.966812782,5.064525765,4.245629661,4.728382631,5.943219008,5.30031737,3.572870164,4.603624869,6.017312552,5.655964368,3.766671454,5.089595117,3.232611001,3.950005197,5.841139629
FANCG,6.210938273,5.990464956,6.014660636,6.389754544,5.511082859,5.639455401,5.897918145,5.246579194,5.887188241,5.819659024,5.952819063,6.368951419,6.408796282,6.549328287,5.945735175,5.613691815,5.938473189,5.813762667,6.160082235,5.742064645,6.572097181,5.388852851,6.452184619,6.145256929,5.588948406,5.998765258,5.676949461,5.314231693,5.511696763,5.960201386,5.580605697,6.208215181,5.900089712,5.343179413,6.253777251,5.830324977,6.102039741,6.014706249,6.070286929,6.074192055,5.429104839,5.628833724,6.225082364,5.756665352,5.957843755,6.163796917,5.773766026,6.447357735,4.23224851,5.639391707
MYBPHL,0.415151586,3.051169201,1.928760132,1.452141045,5.36587057,5.079989998,2.022173047,1.656934484,0.899814177,1.446501212,1.613895421,2.999217373,0,1.963460956,0.710076387,2.110306121,2.462503743,2.473542314,1.314639588,2.5085012,3.944692819,3.884710284,1.246102848,5.65255024,5.454658867,1.718427351,4.064409875,5.292961043,2.786866135,0,0.983217042,5.491528505,2.295392454,2.368327384,1.635289994,1.78179158,2.123980801,1.854037334,1.9846639,0.978082367,3.535424233,6.499382369,1.614597941,6.319694439,1.67238149,3.11496341,0.55765782,0.635903082,4.14478508,0.545642195
PPT2,5.527424981,5.312060516,5.537055971,5.31444421,4.980391255,5.071837772,4.813110371,4.833219229,5.275600011,4.85451801,5.559499554,5.016169842,5.331934985,5.59919447,5.474463756,4.28475205,4.89530901,5.401282287,4.950450454,5.99261391,6.10613585,4.617917253,5.498283703,5.512758886,4.296412046,5.739090483,4.530953384,4.028216488,4.557377844,5.411674112,5.225991166,6.169985283,5.10210493,5.178458567,5.421834918,5.320199205,5.691456004,5.38084168,5.611496822,5.125750925,4.641398351,3.42660714,5.637306724,5.503838746,5.840853508,5.705339513,5.420887977,6.174712153,3.756864917,5.216761027
LINC01124,0.358415015,2.564574401,4.192878566,0,5.07089431,4.203316139,4.797054823,3.67594018,2.367939532,3.489488369,0.80033713,3.796478964,3.289232386,4.907278226,0.344978719,4.389465059,0.92850099,2.516962501,4.230421172,1.071486018,2.495790752,4.999192889,0.666609958,1.344282262,3.045731096,2.009208249,4.837003835,5.689462764,5.621985521,2.814461307,3.675143716,4.713085229,2.927758219,4.109963091,1.621914189,0.859488539,4.304165439,4.013984199,4.164944538,2.975863218,4.25590543,5.39691818,4.528173981,4.688155384,1.120688227,3.093966565,2.023710852,0,3.357881852,0
TINCR,6.044007985,3.101189013,5.806988087,5.78313525,1.652487521,3.622192543,1.852334914,2.48391101,5.70408933,3.702270844,6.064488413,1.706185861,5.828615193,4.283128277,6.281208437,2.563220173,4.772212835,3.127076254,1.591813468,5.232194043,4.178192081,2.884703287,6.030787801,1.103489892,4.081939366,6.010034355,5.31080856,1.872732528,1.355632156,6.134680293,4.744138005,4.196165743,4.174508844,2.142997264,5.688494191,6.336019753,6.583152541,2.253964506,5.928127692,4.080365601,3.205466152,1.572328567,4.933021539,3.007305126,6.067587518,6.21212822,4.463604677,6.219562538,0.708326865,5.311781809
SLC44A3-AS1,2.804170768,4.34662926,4.791449592,3.629838062,3.847134511,4.882722892,4.86092058,4.072965569,2.888584436,4.606218325,2.993798143,3.5294922,2.281787583,4.163464776,3.138153926,4.356162796,3.923343532,3.211804293,4.710320878,5.006267228,4.297540205,5.501877865,5.036976752,5.000724351,4.40769515,3.148638859,4.640142666,4.776129083,5.105097423,3.545469775,5.238851097,4.923791955,4.60323301,5.492799507,4.168213011,2.997243347,5.11523465,5.058335731,4.257556646,3.50107398,5.098568041,5.15755458,4.564600916,5.463113416,2.850888574,3.72460267,4.42965966,3.57672347,5.042604096,3.777744971
LOC100129175,0,2.039940856,0,0.841899907,2.042515778,4.744681501,1.383289414,3.021007057,0,4.122712735,0.397701882,3.714822759,0,2.515483277,0.652260333,3.207438691,0.784316889,1.216907427,0.926127638,0,0,3.060597783,1.502867401,0.273768835,3.018971268,0.613946978,4.918939289,4.274684249,3.675328479,0,4.685319464,4.975463717,2.282327864,3.388823355,0.719371707,0.605809072,4.222828507,2.344241263,0.35203209,0.371702977,4.465052138,2.204750173,0,3.231669172,0,0.812364431,1.4139645,0,2.543046796,0
LINC01133,4.575942921,1.23088999,5.396356434,4.359690913,2.092512773,1.520503414,2.031841121,3.00213535,6.261286366,2.223830145,6.493446904,0,5.105118227,2.183477384,5.952996622,2.047898157,6.421748565,6.048227764,5.10502927,0.456789035,0.756114765,5.549962156,6.342916384,1.382220513,1.290054279,5.964092843,1.140686885,2.476596903,2.121011344,5.183512632,5.504593582,4.616489357,5.083435038,6.20042479,3.545615027,6.932195128,3.34303349,2.430052113,7.145221852,2.992777625,0.37640574,2.052051906,4.234731465,3.044454702,2.838509292,6.928819997,2.43176271,7.215958662,3.100078583,3.471506587
PRR29,3.766610502,3.930650377,3.968337878,2.360425928,4.451766464,3.718650245,4.24395785,5.610660894,2.297380581,5.413128467,3.709573406,3.910509821,4.305639506,4.406854087,2.892250825,5.126335085,2.748530485,3.876339107,4.127136881,2.818725524,2.608932014,5.670481834,4.062764411,4.317646397,4.934930098,3.993542345,5.131773418,5.01968138,2.623553637,2.960012678,4.509439366,3.540103042,5.143683017,4.649109224,3.180665493,4.638246465,2.531449866,4.459300406,2.780386367,4.530062419,4.768943613,4.000415378,3.489823734,5.642137245,4.31107161,4.448560369,4.167094667,3.788142215,3.775109988,3.39389509
LINC00885,6.12433261,1.812932959,3.54687088,4.977609966,3.291925391,1.83165424,2.379176121,4.416337474,3.559943545,4.292841463,4.655797779,4.255369042,6.283549619,3.907060048,4.46588638,2.642145949,5.597437458,5.410965755,2.099579643,4.781042426,0.963700689,4.373742985,5.1236625,1.858369451,2.343006981,6.272923105,3.605437469,5.160990363,4.157311409,5.69205284,1.920968092,1.374798985,4.744741895,4.086801237,5.673125959,5.287119819,4.183147084,1.589760961,4.111145663,4.316188553,3.917980327,2.782699787,3.5153217,3.721931392,5.638467074,5.316764553,5.653266358,5.254072685,5.007283427,5.616610286
TMEM72-AS1,0.781119459,1.868556112,1.76850332,1.129414198,1.196631311,1.93480305,0.98611651,1.60721421,0.211938715,1.750659178,0.467580846,0.723276114,0.754988029,0.69181519,0.89452632,0.905745876,1.198419523,0.852822301,0.963503597,0.514334557,0.340367197,1.4862689,0.462678912,1.506906629,3.248130451,1.243280268,3.139505144,2.881236618,2.118332217,0.472426524,0,0.741261155,1.763125517,0.735641029,0.665342511,0.276298892,0,0.574246877,0,1.035646739,1.863258042,1.30155035,1.467754987,0.735373575,0.384773396,0.385964877,0.329583694,0,2.096193785,0.583141553
TMEM233,1.96590238,3.161874097,3.496385979,2.709752375,3.774880066,3.959308032,3.432441651,6.54428381,2.378111211,2.574492474,2.847650714,2.192988471,3.036058756,4.234289925,1.561014938,3.920675344,3.466096495,2.91813319,2.589237983,3.225840106,1.662802919,4.479142825,2.615029345,3.458489597,3.574453016,3.029396083,3.953771152,3.633712883,3.59522431,1.478347314,3.087855414,3.637391089,2.84569903,4.162788652,2.995246529,1.87063894,1.958900337,5.308586901,2.008795518,2.22522727,4.38236893,2.345872677,3.169239893,1.379878687,2.45718911,2.972878247,3.187119193,2.440819511,3.971185748,2.168725104
SFTA1P,5.111259553,5.8324054,6.686218564,5.076454969,6.462997491,6.67843555,6.045632274,6.203342412,3.973187903,6.697593824,5.479364639,1.592382894,2.155229904,4.641269369,4.857133075,6.531799575,5.857530821,5.98581469,6.421558442,3.505241681,3.294399541,6.760474841,4.516681732,5.642673624,5.811006127,5.721809652,6.265374972,7.102546902,7.077837543,4.177745242,6.958042247,5.830235058,6.244127432,6.255403334,5.135314127,4.830119974,5.961547305,5.724779518,6.318243721,4.515237965,7.258391043,6.546934002,3.95926855,6.306317301,5.358825199,6.066642771,5.1036654,4.122746635,6.151748748,3.94753538
LINC00626,5.51096132,0.539512183,3.724512531,5.476697624,0,2.688880127,1.799678854,1.994254369,1.054938727,4.314900477,5.719702166,4.387351369,3.613323334,2.319369287,6.462689549,0.520325767,4.155162333,0.763405965,0,1.763264557,0,0,2.234795483,0.52030957,0.974961941,5.333933386,0,3.418158176,1.497083563,3.35129506,0,0.825694409,1.705629264,2.031748973,2.439364142,3.772435878,0,0,4.249100539,2.715716484,0,0.481225202,4.324977757,1.327992518,1.031148086,5.45946285,2.897258182,4.839783019,1.798632399,0
CCT8P1,3.323866325,4.565236684,5.217036737,3.983816325,5.200090694,5.171019933,3.561403229,5.229736602,3.321866778,4.478701817,3.647680699,5.18078287,2.900951633,4.146522408,2.617486073,5.979904905,3.823715776,4.127335967,4.849488289,3.596325435,4.301752338,5.859105431,3.615200548,4.307640872,5.968791784,4.782431512,4.866006378,5.837661243,6.938390931,2.660321315,6.386053428,5.773008082,3.826223043,4.843094048,3.76629245,3.733507378,4.655928479,4.510515528,3.52797709,4.107893875,6.577481426,5.181313768,4.240134087,5.41087542,3.909666576,4.180441104,3.805919263,3.683430133,5.466618134,3.780170441
RPL17P6,6.906903265,6.155989191,6.050581096,6.559957233,6.711547153,6.280220234,6.795654874,6.698619426,6.782670132,6.656439778,7.039073545,6.736730985,6.546752446,6.516107802,7.143606137,6.345225731,6.4775279,7.084792787,6.458210355,6.69912781,6.023520694,6.165294593,6.54767236,6.16583398,6.721412008,6.84591316,6.282693618,6.39563422,6.345141781,6.848433897,6.505277048,6.376726025,6.854859862,6.429800816,6.91146079,6.93003215,6.374791803,6.968100286,7.334593812,6.638972797,6.34375433,6.943749224,6.960488252,6.640992853,6.847959673,6.908783519,6.363080977,7.096445096,4.973424534,6.739017204
BAIAP2-DT,5.81312025,5.164959196,6.056051185,5.522729236,6.351030049,6.139163222,5.896546372,6.269985136,5.460642586,6.448666925,5.962172556,5.837447107,6.053161399,5.961878591,4.67562171,6.805907571,5.467267812,5.880911628,5.643149558,5.8813419,5.683131387,6.469090666,5.132096915,6.356935391,6.528923664,5.636084973,6.417170488,6.757539199,6.636194782,6.297667364,5.768638852,6.293169686,5.307322376,6.488924985,5.078922405,5.436369714,5.160805807,6.468260552,5.069819055,5.458229868,6.695274006,6.609460176,5.629823393,6.6546111,5.6685148,5.602724769,5.968237462,5.300746301,5.079587635,5.557382017
SLC16A1-AS1,3.325513201,2.46261505,2.626610973,3.200790739,2.457841553,3.627350584,2.127882057,2.517267611,3.269043879,2.22653329,4.459901516,3.147164464,3.080722949,4.031222756,3.381426617,2.131179338,3.701567661,4.72445154,3.08009797,3.445150877,3.876660688,2.742741825,4.072995578,2.619076844,1.373039839,3.425538793,2.232680453,1.879194261,2.269169589,4.157497101,2.978391701,0.766999581,3.771382111,2.840722049,4.04691109,3.516009084,4.000451293,2.328826593,2.59381238,4.098016408,1.962789415,0.744804818,3.672446673,1.766226596,2.880430589,3.307020809,3.484557218,3.803125454,4.438209027,3.012448831
LINC01748,4.149068179,1.130237264,0.86699841,5.005806787,0,0,0,0.632295473,4.628848384,0.257806133,5.025063764,0.67616234,4.68216622,3.10179453,5.065060923,0,4.755698751,6.445903323,5.141635775,4.460178056,4.495225763,0,5.35474992,1.097621136,1.704614188,4.511398025,0,0.365181678,0,5.600780749,4.579265502,5.651580516,4.674625554,4.318010046,4.500288312,5.208203154,5.790909596,0,4.951978896,4.567381562,1.287634076,1.784135606,3.120401572,1.75407835,4.152447813,5.198876014,4.75955065,5.526289679,1.237083242,4.717372858
ERVMER34-1,5.177581152,6.115955265,3.387646483,3.098211288,3.099444028,5.293785527,3.284284424,3.680848132,4.770956706,4.602676656,5.53547551,5.827818454,5.091947899,5.898960638,5.355353863,4.617018297,5.440764402,6.096500343,3.654723386,5.913537308,5.850203002,4.164028715,5.316452598,5.244757124,3.945619128,6.028311218,5.168116574,2.869144814,4.683595574,5.642053037,4.578042346,4.827968908,3.849138327,3.328851751,5.396612023,4.706660042,3.818190263,3.72200087,5.393486741,3.387084506,2.594152514,3.628138222,4.961669234,3.673826705,6.145804076,5.287063791,5.159772915,5.387545842,3.966269692,4.36424042
LOC117779438,0,1.197681519,5.305427554,0.922662091,3.555506812,4.584971956,1.151727745,5.575937541,0.834818706,5.969387516,0.674687472,4.612889032,1.047885034,1.180732461,0.518401592,6.430904158,2.259122283,1.170654353,5.622445367,2.193711994,0.414000535,3.630386458,0.953720022,6.53162553,5.116246107,1.432911643,6.616160615,5.547568583,2.941112765,0.313628951,3.208871584,5.22808623,4.198890297,5.665989656,3.584962625,0.337682022,1.303562103,2.480216252,1.398221848,2.604960273,2.801491851,4.655184647,0.496722605,4.736562164,0.814628131,1.213040774,5.362575325,1.081406356,4.306892973,2.697701728
MIR663AHG,0.155739601,2.265666713,0.361185686,0.539489123,4.513537826,3.207390561,3.185049539,0.1307409,0.136877616,1.085013286,0.379675953,6.145092786,0.284339995,4.677936968,0.407503561,0.480355026,0.864278975,0.593416825,0.60001632,0.124551894,3.357522264,3.205351393,0.308155574,1.30738025,4.588115143,2.429210429,4.636190698,3.150737485,4.426217125,0,0.418067208,0,0,0.665278277,0,0.548216077,2.311621462,0.495799354,2.340053818,1.33703302,5.125210162,4.001476149,0.142487511,4.108124596,0.738340151,3.493518032,0.215982209,0.250735857,3.939701286,0.210745161
SLC2A1-DT,4.946566087,2.798256702,3.565370871,4.70981168,2.388142954,2.456858795,1.534218278,3.742757897,4.069960513,2.380070197,5.155854378,2.526288461,2.936152046,2.963529005,4.363262782,2.977385296,2.80168629,3.447382766,4.31688702,3.503323766,3.271835563,2.639002522,4.096095258,3.54679022,2.526773442,2.002653397,2.94838743,1.815826761,1.726626241,2.303639508,4.630103251,4.825324532,3.810101221,3.059642997,1.914206674,2.619581719,4.678133945,4.881187212,4.51796855,3.845173123,1.96300129,3.97491413,3.251686677,3.007401032,3.483121989,3.334531669,2.395726384,3.928360217,3.298416689,2.901562599
SOX21-AS1,5.947152962,2.311331999,4.738311708,6.011424211,2.413497445,2.23982997,5.10003713,2.736428392,5.79867004,0.885210168,5.902207891,4.357223529,5.638622957,5.630531131,4.288168335,2.888644714,4.998912941,4.80832136,0.752399983,0.364342049,1.621228346,3.685187839,1.511930393,1.383432324,2.954743568,4.712247577,3.614173484,0.395040607,0.623913185,4.99366358,4.72194184,5.233148671,4.818837137,1.04359707,5.30958426,5.594122923,0.779162136,5.467114067,5.734481398,5.254784278,0.752265035,0.299427687,5.702366023,3.510761312,4.703262654,5.986185943,4.914707857,5.796352854,2.359046202,5.423260859
DNMBP-AS1,1.323504248,2.323494252,3.233784753,2.89316364,3.91609312,3.201895405,2.627254427,4.134874331,2.319740045,2.953252711,1.799734369,2.860317512,2.009454303,2.903484391,0.9776187,4.266851058,1.985588145,3.035491908,3.579933126,1.135059829,3.338881002,4.208203824,1.040034282,3.614240801,4.490223383,2.275184998,2.769621246,4.01890335,4.518641999,2.933870163,4.072693963,3.151981408,3.012793055,3.908160333,1.655081911,3.108929233,3.08719581,4.470277887,2.897040409,1.438353123,4.555107248,4.094245912,1.10176075,4.709438441,2.339503934,2.704232816,2.66989613,0.511070213,4.139576554,1.033422932
RPL7AP19,1.526821284,0,1.131887772,5.760079898,0,0,0,1.735885751,5.556664275,1.41500226,4.234491355,0,5.497782405,3.934205258,4.088614744,0,4.11463707,4.879341926,3.116446347,4.136045849,4.636881003,0,0,0.738552177,0,1.684132876,0.870374131,0,2.657621444,5.103773361,4.423465717,4.992481457,4.163243217,3.273824098,1.025052557,3.854257913,4.983723594,0.899190809,4.90516275,4.46365351,1.478520018,0,4.24114655,0,3.975859273,2.920892484,1.231393421,5.289788997,1.82738061,4.261317272
PSPC1P1,6.486241992,3.242977366,2.075672861,5.854512455,2.798031896,2.922228819,2.17154033,1.665311535,4.581866952,2.664247717,5.621454956,2.034947917,4.907543885,3.917288669,4.408432705,1.772145183,5.212122687,1.964389413,2.584790871,2.64754392,4.675627175,1.816565736,1.501504535,3.203850864,3.333559229,6.251173554,2.866078617,2.225651929,3.203788556,3.434312009,0,2.379022129,2.06864936,2.564262309,3.616348371,5.641494405,4.167828734,3.152271524,3.967439396,3.225482908,2.247018801,3.374025111,2.791751451,3.594902608,3.563891484,4.461436492,2.524861608,6.165949493,3.048275037,2.496746607
MELTF-AS1,5.958572963,4.80078622,5.306793547,5.607906363,4.354498749,3.869987716,4.563849935,4.787837929,5.705045646,5.342156916,6.025056599,5.167456129,6.233299528,5.816174457,5.504209912,4.23936614,5.544651226,4.874458117,4.521284925,4.379317023,4.050988843,4.406615287,5.653489967,4.696728619,4.273508166,4.931677367,5.399029607,5.205878839,4.81535123,6.022162018,3.973087806,5.133043426,5.707114664,4.139455789,5.662044303,4.723638157,5.998276498,4.510679479,4.953640353,5.785298412,4.385688885,4.550279007,6.030454347,4.513784855,4.71817952,6.10932959,5.015194612,6.140598295,3.210588534,5.249635721
SNHG26,5.679248128,3.311392985,3.022718366,5.889193329,4.361176741,4.247689187,4.238876816,3.968192587,4.916013673,2.775428678,4.971633823,4.973841411,5.083525697,4.467923364,5.466298912,3.822528172,5.345412919,4.987378624,3.884529757,3.167905629,4.365925569,3.686267658,4.916389504,3.325298849,2.832439642,4.847636804,3.767189609,2.682728528,3.402245607,0.973810244,2.435258534,4.905188131,5.080319993,3.423240372,4.042034866,4.196299318,3.893311672,1.383364326,4.041547311,5.234609153,3.294455841,5.553143239,5.407081071,4.035509398,3.967367825,4.236396339,4.330639026,3.65256996,4.899411232,3.630608476
KRT8P12,5.837408288,5.310773285,5.907139077,6.325867857,5.025105307,4.995730065,5.11397531,5.590139574,6.082360137,5.869748445,6.141153638,5.613219076,6.132453649,6.160534036,5.651450493,4.989611302,5.714540226,5.903910499,5.614151502,5.453468313,4.512814003,5.714297455,5.486297618,5.68906528,4.438843994,5.452035187,5.549943442,5.501904564,5.217105584,5.624751826,5.174366828,6.005144674,5.80405665,5.437368597,5.279537705,5.697755327,5.408665036,5.125827724,5.599995431,5.775542744,5.177985385,5.10917368,6.005200248,5.129490916,6.019376704,5.774316568,5.587099362,5.491324819,4.366783817,5.771927841
SFTA3,1.325315789,6.059469252,5.563368813,4.127093908,6.740785397,6.782382904,6.458396568,6.350320542,3.898532579,6.623979096,5.226505609,6.501163739,0,4.651173008,2.17242933,6.41641047,5.737670663,5.728850141,2.602607465,3.692498257,6.9837385,6.833001214,4.141673458,6.471943371,6.897904013,5.582380695,6.835710258,7.103410326,7.128432884,3.082646367,5.73630735,5.251743368,0,5.528056031,4.992349595,4.747764864,3.782909243,5.329352066,5.845631459,4.567592112,7.135634978,7.4256531,0.432268844,7.13670135,4.81415917,5.735284743,5.701330803,2.930596385,6.243687924,0
RPL7AP21,1.965251951,0,3.22173883,4.514413444,0,0,1.019658478,0,3.841853994,1.455620207,2.148761696,0,4.660195158,3.997322198,3.46446914,0,1.974693299,3.482608252,2.529204908,1.126861835,0,1.653290787,3.392587472,1.0310116,1.451820325,0,0.724466295,0,3.164487795,4.092345791,0,3.746015912,4.015779827,1.885709868,1.383903996,3.190104512,4.393239167,1.231499142,0.761461325,4.733261914,1.520068273,0.565422986,3.057346857,0,1.177572759,3.061542477,2.032755011,2.75918421,1.03023671,1.025708509
PPIAP39,1.730282222,4.024753194,4.973032959,4.502382482,4.925328651,4.951077958,5.102272165,4.684695711,2.306157788,4.769603297,2.872040575,4.166863509,2.84453916,1.227049206,3.905743475,3.999856141,3.98859418,1.216907427,4.804876339,3.75995366,1.445096372,5.217281356,4.456621173,5.22157767,5.223464621,3.336671102,3.190211755,5.80996775,5.350424344,2.215581607,5.262472194,2.380665459,4.208434923,5.528485819,2.992391293,3.16538612,3.015122408,3.478816248,3.152541331,3.323926622,5.695309559,4.19494026,2.041665357,4.493995172,1.967920457,4.663225056,3.767533108,3.924737902,5.033695344,3.74159521
TPI1P2,4.625069031,4.145510528,4.355063888,4.46273216,3.443990979,3.108226897,2.798257868,3.587255238,3.934005887,3.253019162,5.182884278,4.474775239,4.71920901,4.088127015,4.584652676,3.498383703,4.746412326,4.03187124,4.440906794,5.083471352,4.401072104,3.801075166,3.443473988,3.723096755,3.57260228,4.390616802,4.549070622,4.13532001,3.980198463,4.497721903,3.838232185,3.475632667,4.06347329,4.591802683,4.149170941,4.714515736,3.918852918,3.931018937,4.392379262,4.50692064,3.276405638,3.58882894,3.82812446,3.547147754,5.280356843,5.010382005,4.28873737,4.55273951,2.918620549,3.395543131
PSMG3-AS1,4.522034195,4.272024177,3.820856337,4.249270316,4.82903819,5.112566186,4.827308205,5.144634644,3.459335036,4.556591077,4.739560536,3.534769448,4.63159084,3.446143789,2.664718459,5.558125116,4.322288273,3.39932155,4.429630045,4.207947693,2.990519824,4.887789488,2.974995231,4.448351395,4.733082841,3.770750737,5.814866251,6.051301461,4.290822019,4.745159301,3.816581479,4.248811453,5.19337275,5.257899469,4.007520964,4.034663904,4.493678231,4.427626156,2.888448911,4.142815846,6.18457935,4.342625314,4.709122595,3.939190859,3.185236106,4.016803282,4.72685905,3.837963384,4.786031009,4.092251154
LOC442041,2.401050698,0.970860674,2.864335657,2.618800255,2.10420223,3.131800224,0.33516001,1.587384752,3.09489426,3.852032386,0.38192412,4.842007776,2.990980549,1.051071411,1.058802194,2.983492781,1.816956034,2.855331779,4.233309816,0.537487447,3.824925257,4.110393296,2.017827411,3.865316676,2.48012956,1.520397425,5.047838762,3.371256191,5.039526168,1.143174637,2.931500662,2.062167039,4.487380931,3.623261783,2.393617737,2.162448926,3.168533484,1.80568271,0.434425335,1.074471184,4.503279628,2.994385759,1.515422378,4.272139567,0.714598738,0.849063612,1.049000494,0.958806008,5.244360456,2.248126452
DPP4-DT,0,1.222012816,0,1.765027035,4.069718177,4.859512672,2.212359699,4.00659747,0,3.752734872,1.760142928,0,0.91324172,2.555749687,1.844126296,5.07569834,2.385570529,1.025239698,0,0.793135366,0,3.894738188,2.229214314,3.770823165,3.449045624,2.359540164,5.883016435,4.57174632,3.749469201,0,0,2.873527898,1.700608805,3.515751126,3.391170284,1.636448853,1.147950409,0.876310587,0.889790405,3.453270346,4.470249419,2.572882126,1.410679939,3.434117635,0,1.717665808,2.567481461,1.335563776,2.733206969,0
MIR205HG,6.243350885,1.655773826,4.122058166,7.011105308,0.936867934,2.561641712,3.280493994,6.148738395,6.815305071,1.917646854,6.76559192,1.924541572,6.357133964,4.457896589,6.648191173,3.126791006,6.315676174,6.773503067,1.256529319,6.552667165,2.49902899,5.218291464,7.256279714,0.437356145,4.122544952,6.658349439,1.109150358,3.610768692,1.002359191,6.519307051,1.563857991,0,7.232876785,5.225951477,6.687814781,6.408846288,1.759937052,0.206247959,6.823610849,6.458458697,1.042025817,0.515703798,5.543952687,4.414468952,6.574371351,6.272832182,6.639284484,6.471621375,4.540734945,6.558275794
LINC02541,6.151402831,3.663095711,3.208513828,6.712669449,4.438465813,3.651659339,4.452395277,4.730148858,5.975012309,4.534619037,6.737386197,3.085952093,5.821258327,2.560897109,6.758265724,4.395903094,6.106396184,5.444413271,4.668658796,5.805954072,0,5.360603964,6.144285029,3.393149977,2.525788891,5.446001524,2.634031619,3.244809187,3.078624923,5.374146835,3.649796879,4.522756428,5.316966946,4.444626876,5.587083394,5.674369211,1.15160076,1.788467812,6.71711901,4.994056936,2.791011108,3.154712177,4.34559645,4.535002468,6.048483194,5.814284504,4.627945198,6.069351882,4.084848707,5.525538958
SCTR-AS1,0,2.809813304,0.774320251,2.303086599,3.4325929,3.147028403,4.71877701,1.393840728,1.668101227,1.402766648,2.498055839,0.599620434,0,2.388870677,1.230960373,3.380109323,2.996416329,2.460396896,2.579053881,1.855368246,0.874304826,5.750290252,0.673677595,0,4.747932536,2.546865364,3.62814626,5.900951074,5.683451448,0.686849597,1.78729093,1.453548079,1.262821112,3.217229605,2.26210568,0.582845087,2.298247867,1.89998253,0,1.881320044,3.434731839,5.663128408,1.188243152,4.045660527,1.130898659,2.281437976,1.372514657,0,5.454147061,0
SPRY4-AS1,3.143382923,2.552531689,0.862373254,2.55362875,2.142546196,3.60557771,2.981729962,3.650620385,0.364857791,2.838376649,2.306349073,3.798617255,2.950792694,2.881403281,1.655342788,3.153370538,2.386967114,3.28305595,1.768845777,2.435220337,0.568696688,2.97471005,2.291914245,3.029392237,3.559917013,2.115213763,3.414199708,2.32962013,4.071678494,2.825129542,1.930474791,3.217591609,1.757180841,3.784346754,2.837058349,0.653971485,2.638383704,3.890440809,1.137187402,1.801509748,5.041359928,3.357661058,3.07293785,1.900155543,0.870590452,2.613668772,2.722649107,2.486292913,4.919259291,2.507565482
TRIM31-AS1,1.636877076,1.349239934,5.891135635,2.343061263,2.690076567,4.074875375,0,3.368097937,3.516519092,4.319491711,2.264756932,0,1.593430789,4.316905155,3.447912412,5.309172539,2.723791027,2.725062454,5.279821531,0,0,4.271187344,2.394766253,4.993519093,1.790141149,3.299917005,5.395900887,4.761088305,2.036674338,2.420872379,4.986397512,5.304628112,4.107958286,5.105794094,3.338289139,3.139031836,5.219157329,4.86457974,4.125504848,2.318834996,5.216125356,2.101350998,1.941589164,3.487876546,3.709293268,2.602163309,1.985780704,0,2.895539738,2.711118671
EHBP1-AS1,4.29786112,2.231516247,3.161513377,4.122129924,1.495458358,2.108966966,0.765130398,2.526413274,3.649489972,1.909287189,3.875195906,1.373989023,4.94367234,4.821157924,2.946071962,2.461543547,4.018235265,3.949459448,3.797990862,3.02438771,2.563169802,3.504761576,3.604383153,1.158921446,2.457369117,5.325546674,3.017383615,2.196378834,3.031856403,4.718918636,2.400624171,3.69198866,4.032374546,0.956155425,3.548204462,4.697559495,4.078557458,2.871636557,5.284200046,4.915332326,2.700232691,3.651719695,3.780245411,3.057571988,2.794147326,5.768462008,2.743891121,4.210115796,3.580392738,2.23476227
CD109-AS1,4.632638244,0.904285354,1.679495398,3.71212386,1.38551629,1.582346938,0.865803043,1.565075109,1.610652003,2.183122909,4.287760152,1.382270709,4.806134684,4.514322424,2.554007909,2.008269821,3.61500711,3.342474608,1.233910771,2.612292036,0,0.906863192,1.784021811,2.682243894,0.556962178,2.7123029,2.488533702,1.48109079,2.148734098,2.729255379,1.459411634,1.081028538,1.081998476,2.320845222,3.049071424,1.352549521,2.257162095,0.858787422,3.359789958,3.013919787,1.211768664,0.65383639,3.054213823,1.073161061,1.889183745,2.51948318,3.866715231,1.566930537,0.508666817,2.30873604
LINC-PINT,4.778903425,4.649096401,3.726635981,4.995072219,4.787581533,5.023352053,4.511801746,5.298366789,3.383843184,4.485944604,4.202629006,5.248293074,4.97444137,3.746248599,4.497923845,4.989514694,5.246584419,4.697155748,5.570274711,4.174232665,2.115462905,4.886011578,5.665888695,4.763906232,3.94446904,5.053573084,5.14670867,5.236950197,6.057904306,4.002442144,5.593083667,5.506188962,5.387089397,4.633593089,5.497218321,4.15240279,5.477471012,5.113353636,3.761110607,5.503916331,5.358039368,5.684969214,3.345009952,5.24353743,3.975641785,4.016587614,4.565137128,4.747509533,6.121281365,5.020188155
KRT17P3,6.671283509,0.751532903,1.451639606,4.615365698,0,0,1.808527803,0.478021501,3.063473327,1.069358462,5.727073521,0,4.712914004,3.492703742,4.015345362,0.983513497,2.645875564,3.294140666,3.045824411,4.169600155,0,0.753775319,5.22508332,0.726721531,0,1.539596328,0,1.381607236,0,2.512911058,0,0,5.061587852,3.209537988,6.239553971,4.648187418,2.188821582,1.797811654,1.97670135,3.907931112,0.377450222,0,3.394250682,0.660184599,3.183482297,6.319790117,3.563128417,0.833713673,0,4.557947474
CT69,3.960820107,0.323163925,3.055983435,5.948058162,0,1.886263786,1.71755573,1.908584707,3.918535932,1.372253699,3.568374238,0,4.086292529,0,5.341265385,1.522323788,3.697764412,3.101972295,1.908194683,4.013285692,0,0.996538655,2.657072644,1.126509647,1.504895413,4.681374122,0.376719916,1.844094163,1.013805136,1.805272368,1.006539272,0,3.807894831,2.056966425,2.887723317,3.18547869,1.230128806,1.337940605,6.608511927,1.964845217,1.970828853,0.285740991,2.853170891,1.791348953,0.900078151,3.742195653,2.364298969,4.433386723,1.267732121,2.209138064
RPS6KA2-IT1,2.288026644,5.198916145,4.012444693,2.285730353,4.534516133,5.842829689,4.035520694,1.799759703,3.456864248,2.916967025,1.380653955,2.792669815,1.544296829,3.317772682,1.549760372,4.393705519,4.021855548,3.556492071,3.092131265,2.044355589,1.314620905,3.916225351,4.460043402,4.045504124,3.80716137,3.007955748,4.216844528,3.028504286,5.438753251,0,5.091161742,3.670842193,4.174683468,3.346969637,3.977152538,1.732417781,4.789515474,1.883677713,2.20778523,2.503254816,4.833575406,3.336255891,4.14968916,5.455910689,0,2.543647156,3.139261923,2.094893764,4.943947906,1.904907101
RAD17P1,0,1.868976122,0,0.826404971,1.614903706,4.701972643,0,1.925913592,1.322897467,3.529677762,0.692655113,0,0,0,0,3.128032387,2.125090982,3.227966766,2.729259153,0.547202392,1.626927438,3.504925704,1.750357989,0.491982905,1.088144745,0.893372438,2.880718463,3.288674388,3.969155824,0.393364452,1.428880227,3.304440749,0,2.283790168,0,1.323322343,1.98631514,2.317340675,1.371084252,1.090622808,2.410279483,1.660667451,0,2.907445523,0,0.79727545,1.15452411,0.571265494,5.794619008,0
HDAC1P2,1.723492841,1.722113514,0.456163514,3.664047373,0,0.848150053,0,1.14990916,1.59511098,0.432799772,1.780464568,1.044989247,0.361592703,2.075100701,0.885967196,0,2.973930598,1.211275464,1.079306608,1.978055953,0.900820312,0,1.767741948,0,0,1.031447258,0,0.331482161,2.474265507,2.587095132,0,1.295787102,0,0.728233938,0.403529217,1.338400591,2.524987664,0,0,1.436716985,0.460249822,0.807210677,0.345965265,0,1.872483832,1.565184509,0,1.298633342,3.540147644,2.177420822
LOC730338,0,4.291475335,4.600086353,1.262543974,2.51206891,3.261202154,2.285108811,3.473106087,2.861704791,4.277258833,0.924182746,3.40053665,0,0.315203842,1.145648565,1.457144123,0.755106908,0.564582063,3.788626725,1.319109005,0,2.423226796,3.890533793,4.945237679,1.773794384,0.326090239,3.554936734,4.260217019,3.816235678,0.751671773,3.548063744,5.382578638,2.450355115,4.671433711,2.826231225,1.666248695,0.359671623,3.682714012,2.768287681,0.504427993,2.338998071,0.854127472,2.838183082,3.541387229,1.979255266,0.446056697,0.681429576,0,3.070265843,1.835605391
HNRNPA1P27,3.524656427,1.677668634,3.209106289,3.934088309,4.983871259,5.094066159,5.205989296,5.315618604,1.380091304,3.086224902,3.645758227,1.410517551,2.89139991,2.879258743,2.708633919,5.395803241,2.956579485,3.911447748,1.508633368,3.156772463,3.56526973,5.396215493,1.816059511,3.415518203,4.401712497,4.966462773,5.881740609,4.194076173,4.68919247,2.26051917,5.023028588,2.879429706,3.701286515,6.132705057,2.272336756,4.529320146,2.811115211,2.390044838,1.917526301,4.1437102,6.244751802,3.829361326,3.567340618,5.717954605,3.715915863,2.928267772,3.533101593,3.203236798,3.233526608,0.892210237
MACC1-DT,4.552074418,6.193334488,5.721694004,5.063155332,5.194219343,5.729677123,6.070541768,6.354350071,4.998585397,6.293903332,3.809787665,5.381534592,5.166323673,3.04991379,3.379503016,5.315168268,3.75198122,5.096730889,5.812712721,3.398548098,0,6.022881429,2.612385905,5.942067597,5.21177933,5.42626986,5.61007406,6.271507515,5.891216959,3.6639413,4.577076062,5.853650859,5.147626239,6.514437567,4.792191932,5.201753629,2.726665112,5.211474655,5.687750414,3.913851033,5.68360594,5.479759223,3.078529196,5.729524442,4.136699278,5.610682418,4.096810028,5.208513975,5.639858855,4.022246347
LINC01503,6.036096759,3.876292862,5.874687679,6.551364693,5.3407187,5.342920739,5.581096727,5.580541346,6.740291562,5.924180341,6.143528613,5.659006271,6.011125723,5.497451405,6.04875861,5.118551257,6.228494437,5.986999331,6.44656536,5.905936738,3.76615314,4.84893253,6.710267901,5.595996806,5.40418,5.624365537,5.222809626,5.519399119,5.136344328,6.1530865,5.756270698,5.666059388,6.696310075,5.277671583,6.183625136,5.926912305,4.131689729,5.075615197,6.390888166,5.425511893,5.199000737,3.986172715,6.167388487,5.020264245,6.381591173,6.081296217,6.060685049,5.989323906,3.924017893,6.430088796
KRTAP5-AS1,1.665118428,2.787269855,4.496164463,2.586034284,2.882553995,3.856540721,3.632071818,4.001996185,1.695971976,3.971979797,2.09994217,0.632818841,1.33640159,1.242635757,0.974988803,2.912447139,1.758545822,1.947005515,2.804244351,0.215864304,0,3.176455938,0.511331812,3.330820762,2.617906383,1.957065522,5.381753038,1.688604119,5.20597684,1.972874483,2.461678521,2.339373144,2.269991996,4.02038509,2.123014207,1.900804504,1.045942031,3.067816699,0.642574589,2.014737774,3.874740974,1.102683711,1.186512505,4.67599822,0.229511782,3.119596606,1.430949388,1.223443167,1.972960824,1.546693767
DEPDC1-AS1,1.268860355,1.022486475,0,1.517994108,0.895756642,0.718303525,0,0.839914541,1.398255797,1.252833469,2.514780698,2.627558732,0.542809719,2.341807647,1.235120948,1.395598929,1.101144578,1.044216537,0.783524522,0,0,0,0.993090903,1.208703061,0,0.360268237,1.152401116,0.866486507,1.266458555,0.596063816,0,0,1.122300678,1.257682817,1.807952657,2.373234833,0.704972016,1.632988996,2.254851028,0.55384286,0,0.927906239,1.433632283,0,0.489331369,2.031266511,1.577584504,1.357859524,1.205639509,0.729024345
ERICH2-DT,0.227729662,2.065594035,3.521670469,1.472311151,2.345531678,3.440991185,1.380310971,3.076022222,1.896006896,2.502444326,1.635206568,2.412746006,1.375986902,2.501286396,0.856746969,5.106226643,1.917114677,2.363879921,4.824298515,1.442197603,1.442045134,4.569791358,0.440232109,0.956530697,2.513093241,1.133792318,3.452885691,4.093305475,3.691012916,1.722670049,3.40136288,3.875497942,3.114703703,2.508300513,0.795082572,1.300256468,3.721815552,2.129714602,1.95512953,1.10671408,2.665889952,5.576716038,3.028860855,1.935492364,1.428507012,1.632816935,2.083694327,0.647508872,4.819561782,0.30553531
EPCAM-DT,0.997567085,2.159895392,1.509041184,1.342303627,2.475083368,2.770317719,2.234619718,2.34220465,0.904638915,2.742136939,1.580931546,4.11862631,1.179181418,1.763873923,1.922961332,1.554400453,1.140726826,1.082561866,3.06738792,0.731989443,0.577858,2.474088337,2.87810872,2.218333759,2.801837407,0.988248162,3.056986639,3.372773385,3.386593126,2.722518386,2.252497244,2.863302534,2.24826564,2.924589521,0.627377197,0.829518525,2.571153098,1.968258342,1.637784634,1.546306029,2.346279388,1.987501062,0.385059033,2.813368266,0.511096724,2.20877747,1.516793951,0.356416842,3.448586082,0.548941178
EIF3EP1,4.918197288,4.600795779,3.3660686,4.91039846,3.062675364,3.664954156,3.89747039,3.838897527,4.05669163,4.654638983,5.292210296,4.988969152,5.139574501,5.240641025,4.044897636,3.831004621,5.040815371,4.660475661,4.740829411,4.73438279,4.594991216,4.624659283,5.004328927,4.611594268,4.5833631,5.216349076,4.845653639,4.808160508,5.193976614,5.601943873,4.583788111,2.744176469,5.472650908,4.757463183,5.136937923,5.354932596,4.69927861,3.262765224,5.005535467,4.563554912,3.673187421,4.304246975,5.319578852,4.602764251,5.172841371,4.730003302,5.027618554,5.753281553,5.199394171,4.717083703
LOC105373958,0,5.081718305,4.783916178,3.279026275,3.468234708,4.470304602,4.504679999,4.405542622,3.694268005,4.506163721,1.604739528,5.245309386,4.031726133,3.684120872,1.741767974,3.904374892,2.274113298,4.688857324,4.622402212,2.948600699,3.870798544,4.365345785,2.706452461,4.044402692,2.924715953,0.884467278,5.402170004,5.430364662,4.701119093,1.527190078,3.560571618,5.221245436,4.296036526,4.153556701,3.521581139,1.779049316,5.053559707,4.457578166,5.203272369,1.611111372,4.190069585,4.968932927,1.543261314,4.17346336,0.683600542,2.06726878,4.25689982,0,3.911258457,0.581415312
SMIM1,3.408181881,3.974282681,5.75665954,4.224093893,5.220744398,5.386856065,6.03398264,5.599041136,3.830795497,5.392529699,4.453768329,4.186526218,4.879927205,5.391407526,3.98920675,5.239008866,3.951738603,3.666546131,4.653215763,4.675219826,5.765592055,5.549521869,4.539252467,4.686458961,5.046489244,4.385665659,5.727081783,6.233183699,5.283913259,4.701107669,5.110196166,4.460421015,4.283488967,5.038166392,3.555045771,3.773579875,4.30106369,4.792843757,5.559999161,4.857599717,5.924671925,6.317796034,4.533496917,6.493528406,5.209439616,4.738187576,5.196148337,4.6749213,2.932765236,5.250785738
RNF148,0.542530634,3.46789196,1.687798311,1.477621071,3.073074541,3.034856244,2.192540997,3.628645382,1.558591193,2.113983357,1.134158666,0.864942419,0.900926955,0,0.523535772,2.45063305,2.170388143,2.145753979,3.187945123,0.445395976,3.94592728,2.568353701,1.519434742,0.708406588,1.45704227,1.221403148,2.344366887,3.218647588,3.868278802,1.753029178,2.841195465,4.108343625,2.252052818,1.969791911,2.105414314,1.359964369,4.830702681,2.947376028,1.168975251,3.726071294,1.430851358,2.021288091,0.501673734,2.633114664,0.821917515,2.658679257,0.718683617,2.970751408,5.101187462,0.704025558
LINC02889,1.834289626,4.540059829,4.002562197,3.95245964,5.495701964,6.802586586,2.925109956,6.372704139,5.167676486,6.640254018,4.899545852,1.466930882,2.202706364,4.066525971,4.599555177,6.633773866,5.185301027,5.155267451,6.531373387,3.975543082,4.707522123,6.004302052,4.985912437,5.550282219,4.951852993,4.63906167,7.090522827,5.913222696,5.831791665,3.490211673,5.60668813,5.466151969,5.13144152,6.37870825,5.706636544,3.841846093,4.641148756,6.090480597,5.075737242,3.709188749,6.533547643,4.821594704,3.728624376,3.054853111,3.412066439,4.817023469,5.091907914,2.368995326,6.365002256,4.646027857
CLEC2L,1.506790483,4.58049065,3.217880736,4.670513756,0,1.360768441,3.62557475,0.666009664,0.497359971,0.972486146,2.322731612,4.933074515,0.536937511,5.556126821,5.988467518,0.410128462,5.325750561,5.374481322,0,1.586323143,5.656093437,0,4.776885499,0,1.065208275,0.504825984,0.268705856,0,1.760482425,2.845590828,4.642984731,5.221630252,0.666123711,3.268987085,1.176826265,2.735234837,0.392386455,0.512035015,6.477627075,2.029962804,0.377057859,0.675048977,5.922352182,2.918764619,5.994283428,6.068959001,3.255471307,2.683220164,1.195288794,4.535961879
RNF217-AS1,4.456601383,1.327287269,0.580714323,4.463819913,1.127317189,0.442252978,1.053543326,1.444579652,2.206685246,1.79904332,4.448613876,0.310300261,4.210194999,0.923232703,2.436916684,1.238641383,3.121182463,2.481908114,1.251155833,2.390248443,0,1.848651183,2.611893211,0.633243469,1.764745822,3.049338201,1.013364903,2.197391194,0.836705359,2.581431222,2.001327043,0,2.409600913,1.394659779,1.628041406,2.717563791,0.901728619,2.943493719,1.539979196,1.592081346,1.839265696,2.435944111,2.508613016,1.461212574,1.800823784,2.661994645,2.674618787,1.203509657,4.218849344,2.450507819
ARHGEF38,1.062265057,4.493183242,4.280061704,1.736468735,4.649303337,5.469782728,4.252152046,5.733429002,2.606237792,5.995691104,3.346690518,3.798670287,0.976841435,2.434923629,1.082559361,5.59279556,3.58861179,3.450205072,4.703777244,1.372025683,1.371969537,5.461627314,3.583404249,4.3843053,5.601311519,3.574686095,5.849128571,5.269349628,5.684739237,1.784185591,4.95370611,4.847695623,4.36369989,4.695547558,3.317867359,2.477721461,5.146139794,5.150995906,3.485379561,2.778801165,5.716796119,4.209693916,0.441594166,4.988235836,2.102935291,3.597004454,3.542141929,1.769375986,5.756072098,1.257638152
LOC101927189,4.146893536,0.182628739,1.597545319,5.17031124,0.737357539,0.32302013,0.811469294,1.980247633,3.418137724,4.211703286,5.139810109,2.463825185,6.426732404,0.506913294,5.264631418,0,2.544817128,3.303798549,0.506309708,3.730774101,0.347180453,0,2.322626639,0.330874008,0,4.507675046,0.564307916,1.667470044,0,2.134046705,0,2.030381148,4.129263473,3.858404601,5.714785946,4.757727834,0.316183065,1.483049746,4.798221519,1.051953878,0,0,2.018012724,0.540819365,4.31623038,4.246130332,2.441420053,3.861397879,1.17856924,2.867619008
MKLN1-AS,3.358376743,3.71648941,3.025143308,4.229887997,4.261198031,4.738157907,4.791750921,4.110781534,3.717242759,3.457792942,3.366839271,3.947974765,4.252702679,3.770944127,4.046794318,4.883244782,4.08021743,3.998391668,5.2546459,3.819111719,3.513411828,4.825201657,4.072846927,3.531558656,3.686182388,3.32602888,4.632021044,5.110574906,4.708713921,3.056710051,4.697944459,4.604576639,4.630686417,4.821419773,4.224879583,3.993369622,4.848686845,4.968442319,4.631960877,4.027396875,4.163498879,5.592645953,3.642307402,4.548569719,4.258084294,4.278349897,3.419592828,3.221309905,4.514469736,3.293215571
LINC00857,2.546261202,4.149246585,5.506786943,4.284129256,4.845860159,4.888017386,4.3374442,4.324795017,5.194009917,4.71257376,2.314922058,5.232436162,2.002479614,4.08387041,2.721810405,5.876637919,3.077861215,4.302011274,5.624523259,4.337452237,1.743120223,4.696902547,5.217423105,5.399182032,5.157487633,2.504559363,4.995813869,5.022673462,5.352234486,2.209183176,5.551946456,5.670829863,5.028151924,4.823518675,5.342658681,1.732529555,5.20240759,5.697606992,5.192415821,1.938595513,4.929829868,4.188598509,4.297758296,5.376649443,5.444514037,3.210926751,4.621092067,1.687126834,3.998893362,5.016462244
KIFC1,6.133163756,6.537350525,6.358245182,6.330480181,5.555339269,5.529425718,6.09400532,5.550723696,6.071956879,5.431542554,6.409035456,6.395426482,6.434034225,6.588738129,6.067317095,6.260313988,5.786804168,6.219786992,5.94015465,5.943671018,6.981953183,4.932316672,6.478078968,6.476893834,5.356050132,6.260013494,6.202677821,5.350306377,6.156401043,6.585435388,5.960510229,6.394163303,5.92017938,5.852643537,6.385775838,6.141808575,6.496199966,6.321117197,6.2472637,6.248758092,4.73463015,6.17223981,6.582813404,5.970324104,6.045921904,6.283302267,6.194696887,6.603913785,3.412597737,6.190034346
LOC101927851,0.441389504,3.163441068,3.409574726,0,2.398600399,3.621627461,3.819386504,2.800337873,2.355161243,2.599546291,1.511212538,4.148171933,1.728839949,0.493482695,2.86343324,2.551519971,2.341830723,2.853168039,3.829128228,2.802658214,0,1.342847631,3.923358131,4.150635489,4.198577317,2.260856818,3.706979908,4.390978205,5.128467307,4.032413594,1.61455733,4.340577457,4.096037617,4.230290789,2.870004224,2.404563883,2.058731524,4.23949694,3.204191371,2.473460099,3.767593905,4.102555214,3.280576468,3.475045537,1.613331231,1.740984995,3.12169251,1.122626337,3.07567471,3.093661737
LINC02257,3.722708043,2.541246194,3.932101024,3.468466684,4.192380662,6.39761842,2.936377256,3.37761849,0.604288708,5.584225632,3.181505227,2.196176333,1.08941779,1.225432588,4.267957174,3.41067579,4.905284541,1.567022439,5.685985288,3.947575793,0,0.899199822,1.772639886,5.425495313,5.374525057,2.224450403,6.403066952,4.806222973,5.976212083,2.379426769,1.449078586,5.344355082,5.606279339,4.57562691,3.163471917,1.599953547,2.761699283,4.300231428,3.076480877,3.258162211,6.334887538,4.080753476,1.376940618,6.113997535,2.396033389,3.219901277,3.561226059,1.951110133,5.936646086,4.511262231
LINC01410,4.38184955,2.890022716,4.796182891,4.634413237,2.842022051,2.569322114,3.700100718,3.07069519,3.836110645,3.068100931,4.382576763,3.60645138,5.293008641,5.671703095,3.783956398,3.572766721,5.237581126,4.806751633,3.760199257,3.851474256,4.076141873,3.022135906,4.238248767,2.84832089,2.444229582,5.153002927,3.289522219,3.023180363,2.430044882,4.149508486,3.127466293,0.97688906,4.077677722,3.339963915,4.799814397,4.102168219,2.155723691,2.494941858,3.699902417,4.005489003,4.575712735,1.865387046,4.642374667,2.517988999,4.901551498,4.601693791,3.728263065,4.369532218,4.69944595,4.549743195
ERRFI1-DT,0.66110413,2.080199472,3.222956224,1.704325438,1.613982494,2.531147545,1.560195248,4.359212219,1.577618703,3.345966709,0.548829185,2.009876996,1.398897717,1.699687365,1.248717816,2.793471223,1.807873169,0.980708593,4.786395796,1.877287043,1.181668566,2.608150808,4.165331693,2.642826492,2.599169156,0.601284295,3.458879709,3.96456168,3.992650671,2.273650858,4.323675551,3.857876193,1.789604117,3.164098927,2.199912068,1.413183846,3.143814215,1.351695377,0.344094712,1.265285131,3.705771088,2.006625424,2.562310261,2.787800542,0.795009371,0.796683836,2.889110979,0,3.359105203,3.773153741
RPL13P5,5.279619177,5.542123765,5.264838881,4.220303379,5.304693294,5.082881083,4.962784546,5.151049049,4.310335627,4.92320567,4.907429946,4.946120557,4.872723007,4.715566463,4.097578473,5.604190794,4.565549278,4.412693758,4.875492493,4.754379538,5.595739697,5.49395227,5.313672081,5.169271295,4.633661231,4.379366006,4.744429843,5.438553531,5.983322967,5.006850093,5.810516543,5.639545477,4.336251979,5.455922969,4.695701834,4.568617135,5.679197482,5.469999479,3.869995906,5.396878982,5.64782228,5.343811304,4.538825096,5.863447931,5.422330959,3.531911607,5.644068282,3.950371627,4.178791675,5.027010478
PNMA2,3.497265813,4.66278065,4.427043316,3.640568445,5.770024384,6.374524112,5.25943107,6.166094607,2.510134362,6.319920614,3.932719308,2.192607753,1.974293174,5.076690497,3.669804861,6.828202814,5.187076311,4.221083333,5.526916938,4.141246861,4.811328204,6.091812937,3.67535632,5.177844484,5.482623191,4.367194667,4.763803253,5.18635738,6.232776837,2.456646894,5.409846743,5.862862635,2.510128388,5.282687655,3.553927796,3.48132702,2.637047519,4.358292483,3.311512969,4.349076818,6.149317172,5.55315744,4.426490062,5.558447653,3.407263247,4.859218846,4.241203663,2.235141384,5.213405324,3.562965923
PEDS1,6.499294286,6.015567902,6.151808037,6.375698583,5.829264201,5.731641307,5.815610965,5.627816127,6.483987298,5.935496285,6.526990247,6.038828472,6.424627153,5.849705557,6.476698059,5.947592698,5.726214915,6.429994092,5.7209667,6.301964638,6.301408165,5.516976614,6.186187041,6.074221997,5.701333003,6.323765953,5.842076872,5.825576555,5.963877158,6.457639868,5.858218481,6.22788342,5.988805222,5.766504402,6.292471123,6.555164978,5.726160832,5.78289028,6.389400829,5.965589916,5.712259248,5.880149476,5.977274199,5.981844477,6.587077636,6.079182292,6.285924802,6.447266285,4.832317903,7.019744528
PLCXD2,5.326452524,3.983576858,1.174083969,4.419218566,2.884098847,1.653437289,3.003105495,2.838845384,5.535778163,2.959531662,5.030355892,1.065295118,5.121575563,3.026814274,4.043946383,2.493264573,4.001506081,4.011158361,3.6236615,3.933235065,3.4289234,2.793808286,4.390307445,2.934398595,1.66103457,4.120992054,1.610655558,1.533293176,2.537542371,3.499497255,1.738662987,4.353815942,3.137095438,3.103646023,4.824767962,4.864026446,3.000140393,3.375844515,6.627881919,3.192393248,1.331032236,2.226830486,2.063070769,0.80614127,4.56024833,4.5110143,3.81076646,5.151250624,4.161447117,4.823319464
HOXA11-AS,4.415580418,0.200698264,1.460058554,4.394673411,0.45493206,0.86797017,0.6402257,0.422449017,3.593491991,0.444475449,2.137355369,2.223908243,3.684455837,5.92298487,2.293190433,0.192636001,3.364606819,3.003775529,2.517383422,3.39875199,2.057155356,0,3.590924095,0.772048616,0,4.340508807,0.768351371,0,0,2.764858453,3.498533112,0,2.571057626,2.890376695,2.851485179,1.121020232,3.779333687,0.794587187,2.999921439,2.494972643,0,0.176526222,6.050576061,0.324690316,1.018170863,3.973649235,1.278685677,0,0,3.176268421
SUCLG2-DT,2.822608118,3.058472107,2.022719593,1.603165981,2.650985945,3.531676049,2.835277023,3.605835874,1.802583996,3.038563344,1.962791512,3.07173099,2.588635913,1.663800604,1.413064827,3.85080427,3.269689825,3.199697761,3.903221697,3.354815525,2.869214419,3.063708361,0.861601941,3.213851139,2.078429408,2.27382295,4.02026113,2.662446538,3.747105708,2.682520314,4.462630549,2.423846861,2.165326562,2.91646401,2.377625025,1.82425167,3.572863951,3.125913562,2.260614369,2.79181619,3.549641159,3.692223405,2.374994577,2.520171542,2.700396375,2.455988038,1.981520878,2.325194381,4.453941937,0.855536952
HNF1A-AS1,0.69192648,0.641620341,0.255639734,0.270933779,1.985413119,1.025668402,0,0.919853446,0,0,0.219406479,0.356223397,0.374151806,0.234903415,0.199695769,0.403810791,0.459548908,0,5.505694215,0.166918458,0.539749743,4.052740414,0,0.281795349,4.854268403,0.350533463,0.342362551,5.482978893,5.588028771,0.221906387,1.233022916,5.361958351,4.373253669,2.752841418,0,0.345389556,3.561659256,4.996496056,0,3.719412341,1.170647525,5.916834066,0.358051665,4.912281893,0.335214417,0.606512358,0.523806406,1.181976586,1.939299905,0.512388493
CD302,4.739079888,5.710848141,4.338757649,3.852632716,6.011287684,5.914939798,5.734475648,5.590364951,3.829559815,5.506413435,4.610764324,5.66240387,4.301013267,4.901996066,4.512585289,5.441322001,5.727713333,5.061824326,5.291864824,4.967077427,5.908314827,6.175271799,4.789819784,4.833683536,5.826985297,4.756076816,4.93021539,5.256692982,5.760788079,5.108016908,5.11845498,5.443690708,4.185299032,5.533328655,4.452592843,3.775515937,5.541385855,4.497379554,5.222438967,4.465443349,6.148800556,5.545156775,5.284225775,5.710283227,4.388407931,5.001915827,5.268752015,3.822324646,6.031427144,4.237071384
ADAMTS9-AS2,1.297067748,1.23619253,0.692887879,1.327153494,2.004526758,2.431147389,1.768034599,1.889566045,0.837002512,1.554637599,1.437828731,0.533137441,1.009900853,1.819027201,0.835753499,1.714456562,3.090309874,1.005931248,3.295715338,1.541648466,1.967173421,3.092968405,1.131895959,1.666036624,1.331335203,0.866874917,2.494120203,0.714325279,3.216630003,1.40293463,1.538522601,0.777885998,0.86145938,2.614035348,0.532733717,0.469021022,0.626684601,1.382434505,0.872266646,0.911566263,2.487351053,1.649406006,2.227717134,2.702151763,0.816773285,1.504920326,1.029643046,0.751590484,4.705356734,1.47698215
SPRR2A,7.504466901,0.686314791,4.294489338,4.374127388,6.540883115,3.629420728,0,0.761931664,6.187869871,1.297337955,7.116005228,0,6.817434482,4.729094093,7.532215228,1.108570274,6.608236543,3.936953051,0,7.220415961,0,0,4.954018037,3.053650231,2.048731477,7.120169281,5.684137779,0,1.163259678,6.866221797,0,0,5.963643861,3.337557012,7.220752205,7.698786935,0,0.811727806,8.036879075,1.759343976,0,0,6.382384162,0,4.803692835,7.406874478,5.30674636,7.199518219,0,6.193748732
LINC01206,4.255454962,0.244355197,0.074516805,4.386508392,0,0.080563001,0,0.098241091,0.151648014,1.393555508,3.49452684,0.751033677,6.387482784,0.254484386,2.587708765,0.041961511,2.752080717,0.06704936,0.468741516,0.26368903,0,0.086630383,0.838742307,0.041963332,0.04697371,1.72977469,0,0,0,1.467974663,0.17020953,0,0.212166304,0.750667863,1.14873564,3.473705572,0,0.054213192,0.551616284,2.901323662,0,0,1.989412731,0,0.050759294,2.163369654,0.238587988,2.41716017,0.373869209,0.302564238
MBL1P,1.682688676,3.812781049,1.90509111,2.868256772,3.228259387,4.729991425,2.275023763,2.714608146,2.451123593,3.923987494,3.253143747,4.357911332,2.496193119,4.04425061,1.546048218,3.992556811,3.322648599,3.649290582,4.115409829,1.467358638,4.157375193,5.884394832,3.598817076,1.588943744,4.633637038,3.544038927,5.067926053,4.60661539,4.898679729,1.64871837,3.134782468,4.287403737,3.799827785,2.511452444,3.614872541,2.619770385,3.272704054,4.339608476,1.78481093,3.020164036,5.004802591,2.384004099,3.43686857,2.572719319,2.320107729,3.40800832,2.952180619,2.784514261,5.688184175,1.509617737
SOX2-OT,4.942163537,2.198352823,0.586481071,5.210098102,0.62755794,0.625748072,1.151826039,1.823250504,1.396233871,1.79971581,5.46106561,4.066854396,5.295062393,2.638221976,2.834825116,1.002610582,4.575901131,2.028509066,0.29784555,1.66203477,0.909807544,2.182233973,2.84644189,1.097163606,0.799495079,6.060550173,0.604061474,2.83223013,2.100767471,2.064881311,0.671120222,1.532091459,2.398226309,2.078077163,2.991917794,4.129282162,0.340593427,0.746173952,3.552743073,3.064363155,1.336582089,1.911462799,5.158284472,1.492269877,1.634057518,5.406679633,1.134492884,5.011775617,2.292621131,1.021501321
MICAL3,5.56429776,4.558023959,3.479596131,5.512853959,4.487116738,3.586499148,3.419256044,4.26499597,5.344885382,3.941642904,5.077317893,4.615549234,5.173301785,5.220295409,5.7389139,5.076920372,5.257907714,5.566491658,4.246795963,5.367428292,5.313011298,4.181996753,5.431701004,3.655672667,3.509709663,4.594849996,2.993571578,3.620950668,3.059436213,5.368463424,3.525542257,3.584333697,3.465977565,5.029464811,4.778140411,4.728265178,5.114690606,4.463786972,3.866693765,4.350190046,3.554901854,4.171422769,3.838010597,4.578302011,4.762947572,4.253960992,4.983747258,4.454949261,4.753871702,4.848897831
PCDHAC2,0.250092011,1.982643899,0.953193741,1.16324139,4.20072283,0.916824635,3.277211118,3.638604856,2.000116725,1.030837581,1.753001025,2.034865962,3.423404382,4.234467275,1.052006942,4.422786692,2.859677917,2.322732957,2.733946915,1.901755492,0.353778347,4.61001947,1.637141047,4.692756305,4.784084204,1.109654197,1.844860833,2.322778364,4.539132134,0.382916771,2.626015654,2.378935715,0.666081917,4.630349437,1.581175266,1.167525718,2.256414406,4.454138564,1.083235296,2.746208687,3.171094571,1.707902729,3.891628805,3.874301798,1.557430561,2.251624642,1.501978474,0.556969904,3.967318407,2.085921104
RPL32P20,3.582368271,0,2.605059371,4.737771732,0,1.551427406,0,1.13689768,1.174761714,0.889799944,3.649239997,3.583865363,2.3024466,0,5.846667431,0,3.741032052,1.383729558,1.066835897,3.75070112,1.62785266,0,1.974680976,0,1.088880105,1.428580842,0,4.33110535,1.642693186,0,2.343925261,3.383556874,2.594376051,1.632567353,0,0.883392549,4.005678352,1.828141764,3.740419643,4.515824287,0.937678206,2.946841255,2.812439863,0,5.133299839,3.383473438,3.076128954,4.511096116,0,4.628487882
RPL10AP11,0,4.638434819,4.093607706,2.729321817,0,5.033261434,2.767577864,1.696040524,1.370192618,2.477639282,1.75405269,2.068273283,1.448384703,3.200008028,0,4.696159087,1.304489333,3.436828613,1.606407332,2.534248758,3.51171493,3.603354002,0,5.044063318,3.292009562,1.384083022,4.281464635,4.610559087,5.178048681,2.248249647,4.006774998,5.455679702,2.102111889,2.956002705,0.995621598,1.370582271,3.795867201,3.080644314,2.859213608,1.470093441,0.662864265,2.979813677,3.530428725,4.28109589,2.234069919,2.74387024,0,1.984484964,3.343561899,1.798159857
ASAH1-AS1,1.189513528,3.990610987,2.47580733,1.189162435,2.893089331,3.136211829,2.898941041,3.003180567,2.251312035,3.29155151,1.737545338,3.013718667,1.881746109,1.656121565,1.643320574,3.396608476,2.84196193,3.268753492,2.961885683,1.465988479,2.453019187,3.502969008,1.856486692,2.948764773,2.76577223,2.158789686,2.380783648,2.514887257,4.704194401,1.435448446,2.836016044,3.251526929,2.635794243,1.828139815,2.121796018,3.279835008,3.314018094,2.564532068,3.009715775,2.580989457,3.544239791,4.218685748,2.366209655,2.023886621,2.053310268,3.398256658,0.546343553,1.050640352,3.859329177,1.464157271
KLRK1-AS1,4.885695633,4.234023423,3.016558225,5.015580359,3.401726888,1.559864453,3.19244152,4.42180695,4.866727705,4.642442207,5.258906439,2.354281027,5.655025977,2.332560619,5.533805513,3.387491082,5.319167578,4.516987211,3.865653912,5.675981651,0.941994474,2.545137814,4.813060137,4.254178303,2.198100842,5.87506604,2.827440458,3.549139296,4.154166045,5.709011018,1.99652827,3.520527669,5.123518721,4.719659994,3.605580596,5.966211089,4.575487799,4.190911011,6.423265816,4.796533833,1.883441715,4.065758784,4.351454228,3.202646538,4.765925503,4.834750964,5.907320244,5.670234134,5.408958521,4.956243137
DRAIC,1.295123768,6.74426167,4.05514311,1.254359142,2.50102577,2.535512133,1.278030603,3.013880198,0.453376174,3.325989043,1.344225222,5.291340738,1.8198648,5.104622105,4.051715482,2.081691854,1.418493219,1.986994659,0.965847307,0.87236208,2.853220724,5.795901104,0.528213378,2.034759388,3.408966249,2.255874162,2.919039476,4.850200364,6.486351453,1.9370015,1.77545948,6.512216873,1.200874203,3.020720991,1.092651159,1.294130025,1.666277158,1.976456788,0.975676429,2.05496136,5.50792929,5.529342043,2.57886251,2.702252591,1.842351898,2.373930627,2.057133125,1.445700761,5.28338151,0.902888941
LINC02481,1.543270064,3.56709417,3.886712033,2.547559694,3.89290657,4.406944213,3.817250761,3.190701342,3.248985359,4.199316781,2.387231838,3.344759874,2.741571308,1.300672471,2.005589337,3.998549503,2.443150551,2.612625792,5.075223185,2.230736086,2.836313957,3.865714341,1.231689734,3.664554328,3.275177817,3.064451663,4.750399928,4.219076245,4.014167351,2.218504613,3.903869499,5.190313678,4.599936722,3.346178036,3.415912889,3.244575843,4.14691347,4.040350778,2.926543856,3.760056399,4.749338937,4.01862574,1.840549122,3.144392264,3.06931113,3.198214223,2.041488089,3.051407136,4.062362195,1.85720334
FBXO38-DT,1.109531011,2.521056599,1.482093648,1.996290781,2.327119678,2.836602763,1.365683649,4.053617619,1.177471247,4.001989375,1.939155996,1.614960523,2.375685013,1.559969547,0.877255799,2.10747601,1.981314294,1.695391826,3.632125073,1.702463051,0,4.283933745,1.144429475,2.167122629,1.866845361,1.431609425,2.565632441,2.931855405,3.998400513,2.279448323,3.123182034,2.446054978,3.295138549,3.640577423,0.960021966,2.19007937,1.990858213,1.492121301,1.854380112,2.095696402,3.232585839,1.742162759,1.209885073,0.781408295,1.552315943,2.104808995,1.396119571,1.287483946,4.6228045,1.137598987
UBL7-DT,5.389516028,4.845312534,4.4733273,4.788329617,4.424209626,4.15394135,4.503847684,4.404539178,4.628606463,4.652954528,4.815496306,5.012956047,5.193345519,5.215882769,4.665213329,4.426626319,4.834905787,4.757004235,4.68316953,4.464355231,3.800864684,4.274515812,4.830957703,4.223915505,3.990937512,5.479773099,4.536697171,4.258972666,4.734007041,5.042960221,4.470882155,4.516120728,4.111367572,4.483030244,4.164478739,5.12136768,4.906149991,4.869206198,5.779317698,4.705248238,4.271495366,4.474316973,5.083197713,4.308578224,4.394640096,4.954660122,4.829821587,5.336984121,4.526356818,4.800579666
LINC00504,1.755553718,1.578205624,1.367283935,4.670655289,0.278302764,0.838174176,0.965951157,1.041712091,2.801000327,1.151798334,3.817638308,3.369737283,1.27993404,0.485562878,4.646729925,1.845413061,3.352191617,0.17874405,0.236707366,5.507934889,0,1.502186789,3.280235719,0.649415484,0.629188562,1.655471754,0.26673854,1.662971222,0.607609239,2.529905653,1.020188935,3.169121881,0,2.203989204,0.327033522,5.180129292,1.050848253,0.277431555,3.222329986,4.177351901,1.294493948,1.339788097,0.51162938,0.195039008,4.816158544,3.085670731,1.557884694,3.20286801,2.066966074,4.207106466
PCDHAC1,0.229332342,1.770135369,1.247708816,1.421810701,3.935760384,1.177607848,2.408088249,4.444283953,0.535239687,0.588913957,1.228513112,0.82527909,2.120428792,1.171442932,1.429637253,4.57485349,2.495565246,1.814459561,3.405901186,1.907594137,0.809797937,4.377774964,0.239154159,4.757929823,3.438833327,1.139650959,3.072815526,1.72561262,4.720014095,0.244614879,4.121371997,2.971867115,1.364225898,5.212557713,2.639069931,1.061872759,3.634177171,4.863398308,0.773220357,2.793859545,2.33075311,1.259487118,2.970716119,2.689406139,1.278954066,2.064588403,1.537788869,0.193699489,3.73378655,0.956621238
ABHD14A,5.197300565,5.049567271,6.070741086,5.291305884,5.866252625,5.639345598,5.945010866,6.079670383,5.417149636,5.601284857,5.187115665,6.188522746,5.455970001,5.123770318,5.407577386,5.951853241,5.196101455,5.407005902,5.872456235,5.46819433,5.931366263,6.064950408,5.195224324,5.513935568,5.770293024,5.502446565,5.939971592,6.11142018,5.929124368,4.600084452,6.185462525,6.358983367,5.46204236,5.577481793,5.151264483,5.597625484,4.88318367,5.475396434,5.920266491,5.4349794,6.120651009,6.541671131,5.304181305,6.047886845,5.709407374,5.7831017,5.644641942,5.800962839,3.810569398,5.491782859
DSTNP2,5.93672731,6.115603784,6.29408206,5.439374083,6.038487898,5.971239468,5.743577974,5.984538959,4.935425096,5.760245617,5.566114809,5.685594495,5.663038659,5.210963308,5.052186675,6.102945493,5.504333724,5.193055337,5.635569172,5.284402475,6.315460113,6.107137788,6.019865097,5.958008663,5.544602963,5.444615279,5.414205337,6.236098047,6.620428487,5.606575753,6.427516041,6.422033756,5.54791654,6.1913977,5.859932787,5.567781912,6.45479898,6.095351611,5.044222611,5.970169965,6.255657908,6.172371503,5.400978324,6.419415568,6.064431846,4.670677348,6.298531107,4.977586311,5.184739086,5.904395536
LOC645433,0,2.353677954,2.573488809,1.260389371,3.90353525,4.195110225,0.973913743,4.202753621,0,5.130738664,1.199789411,2.02473025,0.422215116,1.369406579,0,3.644437215,1.909090658,2.776010656,0.620618114,1.54628214,0,5.094840723,0,0.984941919,4.795019461,1.605463765,6.259306568,4.653571338,4.151106742,0.812945467,3.087089773,1.832865285,0,2.309516036,2.317420738,1.681272571,0.949619218,2.599148296,2.151127972,1.023061254,4.4070282,4.926801662,0.716704439,3.785205439,1.12732113,2.852657182,1.965968811,0,4.02640284,0
LOC105370027,1.935355393,3.200603337,3.394576878,1.712846564,3.950006177,3.552577525,4.013676692,5.824723727,1.98431191,2.541380998,2.271707769,3.225183512,3.146745444,2.422002497,2.24886077,3.512051338,2.890613779,3.022134293,1.660863241,3.318234462,1.811101124,4.521309209,1.14710254,3.711815562,4.487039741,2.108067536,3.736910642,3.710340602,4.254480364,2.006585524,2.11233172,1.64980262,2.162892253,3.000466974,2.209319964,2.669017634,1.33834427,4.908056325,3.595014091,2.262091456,3.867436187,3.252518009,3.678683441,2.797732973,2.697817008,2.780016428,1.399131836,2.236580621,3.468778662,0.854067379
FLJ46284,0.732556918,1.449723634,1.128354582,2.097001984,1.502505001,1.813062374,1.136798239,0.842598581,0.658471804,1.164991709,0.554710954,1.530743358,0.644823014,1.446260476,0.57952122,0.976683666,1.459787075,0.929711468,2.702218134,1.318259148,1.052456622,2.192401632,1.244029159,1.489818258,2.031842611,0.72525206,1.864639741,2.08264583,1.830384723,1.958141257,1.644403526,2.575153969,2.316295327,1.019476476,0.965227006,0.558392674,2.030412666,0.945894799,1.008709595,1.696463609,2.642485667,0.765038837,0.848738845,2.802316227,0.641613237,0.80452114,0.873576596,0.794504284,4.312773155,0.774468495
FMN1,2.379627242,4.520148169,4.191762223,3.340132936,4.556734219,4.506679351,4.036350555,5.081320926,4.296471324,5.43174302,3.079092706,3.503976005,2.858379431,2.988389291,3.507272726,5.117462121,4.849953043,4.133281893,3.73889825,4.680421002,2.396421615,5.315474847,4.251251536,4.298216853,5.198335834,3.325673164,4.788861114,5.385543197,4.96093318,4.733485702,4.754021464,1.163223579,3.666413467,4.600480795,4.465745945,3.853200057,1.853103092,5.038063539,2.327553127,3.531469139,4.868648718,4.738962525,2.727070505,5.355390418,2.448443191,2.741684714,4.203652386,1.838569802,5.857490253,3.66180964
LOC105374618,5.522444292,4.872687957,0,5.479441274,2.163240586,1.86047575,2.1699446,3.774962226,5.551768816,2.008500537,5.39399221,0,6.002863671,5.369319397,3.580561258,1.250859145,4.817312715,0,0,3.852061114,0,0.978494994,1.252061023,0.946020733,1.819767437,5.382468294,0,0,0,4.89921486,0,0,4.385111105,0,5.158202267,3.5941034,3.144698184,0.682130518,1.494703996,1.198490344,1.412174188,0,4.35433567,2.057262923,2.086870091,5.238688288,3.692263254,1.074376613,3.718143946,3.738236745
CASC9,5.902416339,5.134863234,5.028150582,6.725761645,0,0.629586311,2.995783966,5.180625069,6.148336905,0.308779594,5.738345432,6.168601534,5.8730449,5.524874854,6.689893026,0,6.15150918,5.035919679,5.96503091,6.352723006,0.671766296,0,6.029781142,0,0.396542132,5.341401303,1.438700223,0.764154611,5.148881105,5.626467252,5.231644906,6.642669074,5.945569201,5.899641384,5.086432014,6.382061354,6.568041736,4.876283074,5.699601395,5.870565603,1.889830376,3.34444295,6.009724541,2.603577897,6.509666378,5.856310435,4.878299579,6.53951005,1.078444494,6.315153882
LINC01234,5.566760529,0.822463172,4.495559068,5.41000083,0.312259412,0.239770482,1.282901615,0,0,0.393101825,3.568863361,3.759684616,1.319748714,5.342389618,3.960938648,0.128298293,4.028241343,2.552712869,2.260487655,1.609149081,2.520849017,0.256742559,3.879147891,0.245777497,0.143106934,5.782048248,0.157759806,2.030310317,0.262361199,1.79801154,5.423504262,3.092472877,3.973981962,4.243138728,0.655419538,0.10815028,2.853333812,4.677291091,4.134776384,1.65380443,0.116987584,0,1.877660792,0.219620438,5.370288243,2.03960789,4.158695302,2.061393891,0,2.652094967
SRD5A3-AS1,2.442520047,2.450859069,5.087051023,2.93409171,3.795136902,4.545664606,2.114283876,3.503577934,3.069219369,5.03439227,2.507191614,2.101221749,2.33453821,3.12097732,2.067523063,3.762020043,2.605591926,2.653863172,3.39944933,3.635647526,1.324894216,3.868107388,3.397733548,3.993010561,3.118947194,2.511864434,4.611227921,3.653931963,3.718323356,3.194391765,4.150198758,3.565556124,2.81092908,3.134105353,3.027652672,2.51229957,3.357123687,2.43665907,3.508549431,2.540673461,4.067555449,2.36586957,1.56025491,4.475123626,2.716320632,2.761951883,2.245983058,2.416233521,3.821142842,1.735475294
ARHGEF38-IT1,0,1.512716735,2.046277835,0,2.445706177,3.142387827,1.460860902,4.902075048,0,2.980591788,1.240642966,0,0,1.943790536,1.161173246,4.552102118,1.611023424,1.935572842,3.622018328,0,0,1.516355068,1.861958806,2.397267437,4.009878337,1.332475557,4.456124436,4.056416724,4.113104403,0,3.772946528,3.829487172,1.37709207,2.220639937,1.259548557,0.813029348,3.320169984,3.352070857,2.468236162,0,2.808730437,2.299534243,0,4.170217616,0,0,2.180582794,0,5.915989933,0
TMEM158,6.800327876,4.589319755,6.284602641,6.049166235,4.813606152,5.993797042,5.769803355,6.160539204,5.002881207,5.133697664,6.537738045,5.321534168,6.380139376,5.310040719,5.911102953,4.286940724,6.230713312,5.936699614,5.382189117,6.453802403,4.208093127,3.708793483,5.166549156,6.411185954,4.206349019,6.00598048,4.355811488,2.893764391,3.54988456,6.128888226,5.038101148,1.910688754,5.665480916,6.356854762,5.751419825,5.424609758,2.7198567,5.210109544,4.587952892,5.657420901,3.939065241,3.33398899,6.318961346,3.38021953,5.602994492,5.993273228,5.994314577,5.196814324,2.366562139,6.52980764
ESAM-AS1,2.222995567,3.978789536,2.353544914,2.638083491,4.111971985,4.832472743,4.237018854,2.89020475,2.442521774,3.115054313,1.982782326,4.8298943,2.534231219,3.848519526,1.66417711,5.072138791,2.994980652,2.875001637,4.125518787,1.981452783,2.943390507,4.815281195,3.147519858,3.471020768,4.702523049,2.990560085,4.082850362,5.327791587,5.128383312,1.769916921,1.093208895,3.73648743,2.344744856,2.593646338,3.76255149,2.759946942,1.981962891,3.219645185,3.612290765,2.197340037,4.501523444,6.01710266,2.121267666,5.358575393,1.93825529,2.614636365,2.611590845,1.18485086,4.698026824,2.030038694
MGC32805,0.337618656,2.61051571,2.560507093,1.250813621,4.378562023,4.540119861,3.979824366,5.555010868,3.157370912,5.649191676,2.825444086,2.856913103,0.997318431,4.401739559,1.314963591,4.585400653,3.520652729,3.631139012,4.321745913,2.930500928,0,4.425178926,3.26616447,4.301851963,3.619855936,3.095766432,5.462136445,4.836180123,4.277062677,3.260590994,5.195989686,2.91358144,3.597970012,2.993542144,2.800505418,2.076240131,4.320333202,3.50036666,4.299665,2.581246688,5.198848803,5.801393811,2.861428809,3.920578251,1.33803456,3.584925983,4.345961457,0.903386121,5.366371072,0
LOC101928978,3.881707905,2.21757942,0.868431834,3.912491155,0,0,0,0,3.629328176,0,3.544144842,4.52962934,4.486261459,4.160964258,3.841692205,0,3.166873604,3.412906056,3.909185841,1.825267612,0.315918327,0,3.820546271,0,0.176663211,3.980067702,0,0,2.739853806,4.412637088,3.264922254,4.151210771,4.16965529,2.792877589,2.196649167,3.396015468,3.550664278,0,2.764486486,3.470066798,0,0,1.739425225,0,3.869243013,3.693315572,1.616704007,4.445476284,1.481552852,2.828387881
SNHG21,4.924215136,4.585094489,3.91819026,5.496750262,3.841441652,3.810050561,3.593195496,4.125112259,5.028395142,4.184824387,4.518156314,4.965185237,5.235389969,5.107762111,4.013961061,3.350338338,4.313842884,4.744631443,4.561169547,4.655809886,4.174442869,3.349358096,4.93167955,3.959824748,3.435126925,5.324030074,4.418352894,4.381925004,4.522134585,4.757437746,4.057574257,3.825097363,4.700455619,3.635607386,4.877010597,4.648412272,3.97158438,4.349063054,4.062428043,4.616185506,4.253844449,5.023676671,4.7322949,4.252828647,3.942656397,4.725606254,4.06658643,5.155775028,2.703644104,4.756533798
TMEM92-AS1,3.396171033,2.948012738,4.095496591,5.282728978,2.662859015,4.876916602,3.672230609,5.165478696,4.953258001,5.712312914,3.290254618,2.142427931,2.197988183,3.253525353,4.756018579,3.979880262,3.78981579,4.082423917,4.462213938,3.605972057,2.118968939,4.365195265,5.486439317,4.45614648,4.188340606,2.950671767,5.932041673,4.287991208,3.068312747,3.86399318,1.714741433,4.559888856,5.303550824,4.9219993,4.191059633,0.939544707,2.932775897,5.662513556,2.366814335,3.188401102,4.605173261,3.45397494,3.013738583,4.871333282,2.712268838,2.263171801,3.172193158,1.830374654,4.220226361,4.818839983
LINC00958,3.699350843,3.356719076,5.305601939,6.452271734,1.756764574,1.062341184,2.178594698,3.454751756,6.558896945,1.268575044,5.964303803,5.391447139,5.782191343,5.954227004,6.236281532,1.676439442,5.962227784,6.353814871,2.044968262,6.488147627,2.841023058,3.827203868,7.388991899,2.194211486,1.94199095,5.685981119,1.968446566,4.160581823,4.587622573,5.71783907,3.239331138,3.701383347,2.175577107,4.370331553,5.850358435,5.750622029,4.782422978,0.977807862,6.77744325,6.108923769,3.651111187,3.410899412,5.705076383,3.387283686,6.510051328,5.782476808,5.702974551,3.72094922,3.78907489,6.057019598
FOXD1,5.353562047,2.820070439,3.17616038,5.488765226,1.650598644,1.198847883,3.026283576,2.154207769,2.206843139,0.193136367,5.49637471,2.242120093,5.07259458,4.670657487,6.008865608,1.40829816,4.860025734,5.527243902,1.181474224,4.690278945,2.900334228,2.125048538,5.263506058,1.647538686,2.028516211,5.951938628,1.693722503,0.506366469,0.783543787,5.122691926,2.143852636,2.394802172,3.903646668,5.061515949,5.493594789,4.853774769,3.23549956,1.548212066,5.25370572,4.511920849,1.75363458,0.387448728,6.081728747,1.952187995,5.5637882,5.302760245,5.807336973,2.268596774,0,6.027349086
HOXA10,5.171538079,0.662492121,3.666683198,5.641843644,2.782878782,1.542700136,5.582034641,4.11243421,5.767188031,0.558107557,4.950274889,2.797230991,5.338991512,5.898260321,3.95724602,2.107542707,5.102126481,4.918877876,1.645364403,4.516959566,4.381003294,1.253830153,5.238416118,1.28142334,4.708376055,5.575501575,5.743611074,5.342515599,1.405072208,4.615804158,5.071974059,0,5.070925951,5.633872826,5.334429162,5.12112537,5.769688253,4.920027292,5.431090475,5.272846828,0.68497457,2.308901838,6.334388229,0.986457261,4.963851279,5.495632073,5.867743569,2.732662036,1.073561073,5.275346454
C1orf210,4.727029581,6.443804417,6.169597835,5.640513202,6.272054128,6.256098748,6.149535276,6.22800328,5.977159964,6.495615648,5.515773837,6.797943016,5.832944892,5.910555103,4.477436458,6.062363915,5.088914797,5.841039598,6.167115172,5.165692943,6.409879243,6.562658005,5.691894366,5.951962543,6.239517403,5.858854571,6.537589777,6.783020039,6.708102573,5.260094718,6.462715464,6.869286892,5.724075996,5.961738539,5.656347854,6.211624361,6.334523286,6.296181793,6.595777217,5.075332261,6.712776395,6.880499732,4.666697409,6.452710722,5.92217127,6.144707466,6.091399167,5.478210549,4.740443268,5.508609856
NKX2-1-AS1,2.770465677,5.585645993,5.561666341,0.916724288,5.756842137,5.830613133,4.958623128,5.74996032,0.905012263,5.397386608,2.678765026,6.072956069,1.797258566,3.722775941,3.662777945,6.343755646,3.000694438,2.907277925,0.815255622,1.036937392,5.400951171,5.461833936,1.889311845,5.861657694,5.652773851,3.553246276,6.194646932,6.27758309,6.193975563,0.779343762,5.198192215,5.090586068,0,4.568895644,1.925068049,2.383945152,0.91204325,3.176663507,3.89528557,2.740138965,6.259647516,6.656321611,2.773119671,6.428988003,2.461965751,3.226715979,3.487904228,0,4.151867332,0
MTUS1-DT,3.898503097,4.396619338,5.403317749,5.50734143,4.0284543,6.36534224,2.994862556,5.313726147,4.826640487,5.655363658,2.997635472,5.046082885,5.268264216,2.525193192,2.895276743,4.844327069,3.372736908,3.069014825,4.936699717,2.49017988,2.67295371,5.064774507,2.131111329,4.761658077,4.91988396,4.047220056,5.987735935,5.185058395,6.120819438,1.743918555,6.142901508,6.348982088,3.973746156,3.94861652,4.271584854,4.517942049,5.873304511,4.785003609,3.802053034,4.683981355,5.913087477,6.403577032,3.97652288,5.598709998,2.654557449,2.968274607,3.765772835,1.896653385,6.326081317,1.71362275
CLDN23,4.084399926,5.425128928,5.893891568,4.32744757,6.17588143,6.197989581,6.092321978,6.172464692,5.264139166,6.244452914,4.661313426,6.033384823,5.578373771,4.731714413,4.950659457,5.716551861,4.9800634,5.546988047,5.265487375,4.964297532,5.451667173,5.583265563,4.802376164,5.967106465,5.996116963,4.137230965,5.745122748,6.132550909,6.279437679,5.127499357,5.534582278,6.202972545,5.272142169,5.140690377,5.803553538,5.307982028,5.370506003,5.833115343,6.035555592,5.282932118,6.46097807,6.532802806,6.444492404,6.040251234,5.77219445,5.264894017,5.295020989,3.998777595,4.703868011,5.379722837
RBPMS-AS1,3.783192239,4.372846104,3.554821607,3.040085392,5.179778628,5.292722575,4.165474262,5.610738155,3.743165897,5.435255385,2.63858198,4.179802413,4.948943561,1.100758287,2.36447016,6.246912101,4.206318337,3.958180837,4.837538516,3.298761161,4.744753627,4.949757786,3.866292526,3.419708014,4.780008861,4.065022949,4.519526097,4.028032248,5.495991729,2.350845727,4.956179967,4.658907508,2.367794517,3.207151555,3.996100318,4.697565743,4.299679411,4.968577559,5.232684443,2.491043734,5.41718821,4.762476598,2.702212233,4.04727019,4.865816962,4.583038938,3.906516144,3.74879278,5.542236373,3.098523024
MIR2052HG,0.689724787,1.301103603,1.585399169,3.88599962,0,0,0,0,3.551523138,0.165052746,3.25340234,4.491370484,3.285763957,3.237262061,3.340794038,0,3.012932407,2.032227419,4.022871891,2.827253247,0.380709951,0,2.332864936,0.363021476,0.215068123,0.314542887,0,0,0.386466128,1.981655696,2.159631846,4.64887413,0,2.359428787,0.290614556,3.1674716,3.764424847,0,4.042848673,2.40824258,0,0,1.815188724,3.172724341,3.858073832,2.464005253,1.28182387,4.167257345,0.652365435,1.260182068
BBOX1-AS1,5.460512024,4.702414533,4.330693689,6.283799747,0.862739304,2.937595924,2.854089844,4.271897818,5.97862592,3.888010364,5.905264633,4.950656939,5.50559966,5.011966103,5.957092566,1.168567957,5.230955937,2.139279577,5.614747572,5.814465006,4.829723742,0.73148276,6.358550978,4.541713758,5.971591777,5.827556467,0.478231491,3.211770483,4.056736565,4.692037816,3.722984355,5.768927847,4.154608566,4.997001059,4.67475359,5.425570258,5.137447432,4.856733798,6.4305681,5.704975691,1.093914206,0.894052945,5.026205064,4.188724274,6.096576593,5.74494515,5.553999599,5.93873976,3.529335127,5.742161505
NECTIN1-DT,6.098664502,4.724636418,4.047530053,5.62541756,3.528952439,4.198469778,3.208822179,4.371244107,4.557814295,4.39300011,6.540478658,4.29559662,5.223512551,5.128630193,5.191119957,4.949274049,4.721600935,4.412719727,1.427434958,2.76762969,0,2.060382919,4.319916141,4.411109433,3.673745939,5.678146249,4.676949184,4.123256395,3.095374441,3.868115225,3.297348668,0,3.411965281,3.288150782,5.390403766,4.944110923,1.311230789,3.968527882,6.194934657,5.072366659,2.787112895,2.152598275,5.286067409,2.314066888,4.984428964,5.292722974,4.818852943,5.420593289,2.710704003,5.428346528
ABCC6P2,3.444967612,2.363091022,2.468455235,2.532373377,3.668750439,4.132357405,5.261006295,4.501090627,2.464313399,4.565874805,1.444224762,4.497086063,1.826485285,3.119637103,1.357780994,4.144613145,1.998020083,3.127551463,4.743853748,2.651312941,2.476680004,5.497058471,4.335407118,3.322874851,2.227796553,2.951841064,4.379365137,5.358136052,3.936590278,1.118767075,1.382150301,4.43900563,1.870073731,3.207485759,2.904545431,2.782153543,4.240568203,3.030539523,3.373827743,0,4.441502416,4.736624327,3.481459111,4.391578063,3.085571382,4.116101013,3.997950115,2.411659411,4.136464417,0.815688687
HCAR3,4.79407085,2.916087023,5.102319549,4.106977471,2.401159093,2.563915883,2.726818234,1.961151947,5.287131996,2.047957881,4.339443544,2.265847776,3.797213565,2.199792297,3.623592793,1.533698415,4.767337628,4.402541676,1.513599908,4.763119275,1.584275391,2.376313707,5.449394357,3.683228046,3.578609086,5.244716232,0.312587757,3.613035969,1.397398194,5.325865519,4.59351189,4.470768436,5.085563184,4.355726305,5.763476258,5.422758641,1.939776488,3.473980305,4.98908108,4.663968493,3.710478091,1.536622873,1.881187386,3.236006511,6.121104227,4.044228707,5.548389718,5.330271279,1.331162729,6.173662333
LOC100507144,4.884845468,1.041904539,1.14576464,4.902836923,0.913538544,1.558994488,1.569604462,2.798150629,2.095169107,2.542836059,4.01575559,0.529975739,4.139436008,2.718929501,2.733918313,0.424532139,3.064650098,2.8172628,2.457435137,2.230736086,0,2.137953296,5.278892398,2.091050451,0.817309682,4.100350916,2.68755109,2.770682095,2.165259546,2.75842325,1.280527612,3.024099729,2.328822633,1.640319969,4.387206924,2.804593004,2.037970467,2.132056234,3.341018308,2.451682907,1.334924423,2.273951425,4.808621138,1.472333959,3.06931113,3.873016323,1.602655251,4.636370376,2.553284231,2.730682215
B3GAT1-DT,0,0.874867349,0.346582472,0.566189317,2.892815147,3.965405711,2.748282949,1.606646319,0,0.632980964,0.157391966,0.259020303,0.187512848,0.861442597,0,3.82702876,0.082397475,0,1.899368947,0.080515267,0.146180581,3.981903127,0,0.138849237,4.300807303,0.42487072,4.829513973,5.673057936,5.183028633,0.108148085,2.620380061,0.239252159,0.986366833,3.414414505,0.629390954,0.588651199,2.493692631,3.122437866,0.093414692,0.191836102,6.039800967,6.033468205,0.260401476,5.007100714,0.685232437,0.631698112,0.495125486,0,3.923324015,0
AGAP2-AS1,6.254312767,5.846429419,5.975323247,6.516583885,5.723312331,6.135832077,6.119866956,6.030493725,6.097244306,6.0679592,6.199863474,4.713382869,6.240301625,5.967875835,6.705404339,6.264689828,5.970469591,6.356940239,4.795375364,6.391706447,3.871344331,5.348401684,5.824549335,5.86075358,5.344615961,6.223626135,5.565286527,6.236525198,4.482658304,5.702545683,5.478427015,4.190640259,5.985656053,5.720069111,6.121684331,6.020347066,3.889460111,5.45665394,6.623758102,6.295531917,5.074284256,4.104705159,6.194754469,5.527346541,5.895275814,6.19131823,6.238246684,5.770875608,2.193472049,6.20722584
DNAAF4,2.681368791,2.951179255,3.012822343,1.221891135,3.09802824,3.269310938,2.959263219,3.70752959,2.864723471,3.572415965,1.80535716,3.401054724,2.46196661,3.085937797,2.478069885,3.252858035,2.711546655,3.54148119,2.6367008,2.502776948,3.796941992,4.311623661,1.947134742,2.743935256,3.503367661,2.583226046,3.980181062,4.102515523,3.989971664,2.796298661,3.903807614,3.614645117,3.712917042,2.586109273,2.360331063,2.164720389,4.169965091,3.334230906,2.676041384,3.614035778,3.372261572,3.561513915,2.844451639,4.121534002,2.2443922,2.373104773,2.546801102,2.893035258,4.77644112,2.24346511
ABCC6P1,1.022322649,3.047618811,2.042936644,0.548614194,3.259212522,3.153721437,3.926818782,3.783174535,0.927814614,4.44767219,1.34225283,3.395831267,1.102893406,3.177838024,0.414727469,4.016892173,2.477570661,2.121490131,4.677168981,1.459439731,1.89051254,4.80892871,1.473231341,2.818710295,2.412176942,1.675181236,4.843779508,4.834918106,3.399653624,0.63912262,3.521012144,3.73399708,1.890121836,2.144034452,1.310468005,1.475126583,3.291261341,2.728459285,2.028171362,0.883408698,4.311957139,4.226625205,2.153400711,3.954801679,1.288703536,2.852657182,2.544204791,0.896908199,4.583116591,0
CYP2B7P,3.995841481,5.926855419,6.932217187,4.150330519,6.650514325,6.989780037,4.813652193,6.674752795,3.322749943,6.755691945,5.131376568,4.027322588,2.647470853,3.917259982,3.242402274,6.357770331,5.413648994,5.800227736,3.523500183,3.949403635,4.785281914,6.777299249,4.457353702,6.660870823,6.600879024,5.742749691,6.434078327,6.451385674,7.520249471,3.333247281,6.481143108,6.337747682,1.285663489,5.229219768,5.018355147,4.838229565,4.923567768,5.796514598,5.032840923,4.757462363,7.12355787,6.492911816,1.431186848,7.274957672,4.750753279,5.439702455,5.937544759,3.307092554,6.251866305,2.762877354
LOC100130111,1.896779764,4.647776615,3.229364767,2.416674383,3.478072776,4.405284996,5.374844773,4.065881775,1.208874489,4.668143457,2.825803486,1.237291945,2.973397331,4.790921201,3.587481158,5.93463619,1.82623566,4.338007515,3.288183512,2.049777839,3.91384084,3.902879137,2.158528209,4.120289864,3.506417329,2.924114854,3.862283036,4.401340064,5.500621296,1.799532851,4.67376543,2.648584225,3.563569392,3.736621353,3.152265211,2.012814846,3.320169984,2.954336817,1.894232382,5.122830236,4.240697325,4.483612982,2.190733624,3.694146434,1.872283468,2.529928954,4.099930754,2.859047267,3.691911298,1.610846122
CAPNS2,5.500811627,1.948727413,6.05146447,7.084807794,3.103070217,1.727657669,2.633819734,4.22838359,7.003175412,4.735093345,5.443345421,0,6.621139131,3.57672919,7.171736247,2.479676233,4.716457293,4.508732065,0.530972975,6.543245072,0,4.176904967,6.657245396,0.494019379,0.932412137,3.386383649,0,1.972845079,3.009461627,6.033386674,2.548590535,0,6.794870628,6.06166749,6.166796863,6.721847334,0.825041254,1.83205553,6.331250464,2.096209556,1.296954449,0.799369249,3.286172855,2.150148774,6.918901558,6.846860797,6.648042888,6.840173915,3.52716664,6.631250459
TMPO-AS1,4.720062787,4.95723325,4.232005437,4.345221924,3.246752896,3.178345644,3.921152793,4.083688666,4.710645234,3.380391882,4.872613899,4.543737767,5.003056566,5.234262949,4.442803362,4.457855516,4.147426275,3.59486421,3.957044455,3.81173261,3.668744618,3.720107673,4.353741897,3.960988464,2.972761313,4.971248469,4.159166313,3.994534521,3.927569208,4.861939478,4.181743366,3.583981747,4.917013269,3.923293082,5.213477469,4.773053848,4.726346096,5.065958004,4.88441298,5.050887159,3.357731243,3.916153844,5.340024421,2.841157466,4.275587217,5.449879899,3.717451052,5.083308532,3.673010341,3.868336026
KRT7-AS,2.483768031,5.449903915,5.53129178,2.799689097,4.26015572,4.448246571,3.696680804,5.080090279,6.292210177,5.699698448,3.222155777,3.362347184,0,2.253431011,0.741225768,5.587224867,4.048737326,4.738069808,6.232064205,1.663887776,0.600827933,5.807412079,6.398897115,6.08237988,4.669254353,4.11832729,6.254247459,4.803019571,6.579444591,1.827262349,6.163522781,5.906421414,6.343125276,5.407222354,5.913875837,2.69186585,6.833157825,5.818984265,3.338348911,3.901443395,6.107917364,3.100244516,2.714281556,5.714159815,1.947783229,3.766101354,5.836637073,2.285991289,5.991719402,1.748657667
TRIM34,1.450643896,2.83111568,3.074009455,2.211278097,3.037934,3.335382059,3.472848177,2.319979932,2.704263376,3.49238699,1.558404236,2.87495312,2.961737096,2.790410765,1.618340485,3.858438418,2.976243383,2.3207749,3.045247776,2.223042131,1.192014966,3.49903909,3.191204589,3.486068188,3.045379281,2.943100271,4.912278718,3.356912848,3.856212289,2.061479768,2.242063788,2.719691986,2.362376383,3.311176765,3.733280851,2.222163365,4.353269981,3.350111133,2.487020607,3.309801168,2.873524217,2.994319849,1.133183465,3.692230378,2.384342893,2.380441491,3.015283723,1.940185638,3.504241347,2.257175182
RNASE4,2.730958772,3.369172551,3.806423624,4.69908856,4.192707417,4.096370445,3.905346023,4.114475107,3.34250515,3.45035245,2.641905247,2.841542179,3.111822345,3.724877707,4.646821933,3.838911954,3.469759996,2.414800481,3.284191976,3.773763008,0.99746562,4.750514558,2.066609149,3.278947957,4.281269297,2.686620119,3.825679122,4.866493848,4.704356477,2.528484656,4.529736853,5.508476311,2.93120106,4.314729923,2.641129911,2.56695496,2.39190913,3.932661383,3.684113116,2.61587857,4.390813489,3.990325292,4.045335841,3.517833185,2.803086961,3.516017435,3.177411844,3.306908093,3.718769834,2.97368801
LINC00519,6.105429693,1.515375448,3.759055605,6.752613815,4.001303875,2.893776014,4.54419465,4.37614115,5.937655644,3.308037821,6.465157642,4.061461789,6.470314748,0.989593789,6.86176049,2.326305095,5.223564731,3.719842397,3.095838126,6.386028963,0,2.766025644,5.258846645,3.175369623,2.089251561,5.61321609,3.332658867,2.395073722,1.193878346,4.279887301,3.322497322,0,4.114406045,4.223288865,5.999433831,6.315038953,1.697715484,4.229356582,6.693203252,4.336929385,2.220053701,1.658800912,4.830836488,1.629944835,6.565957661,5.950102263,5.35212495,6.245042343,2.858931411,6.033108539
SMIM6,1.060028932,3.539876802,5.928397211,1.928769925,4.944594686,4.943078419,4.691149893,5.091409483,2.657251423,5.111313109,2.421494562,3.320010424,2.304421099,2.736741951,1.029479471,5.563009139,3.5852853,3.677865814,5.007911298,1.192120771,0.849349227,5.502250352,2.652836725,4.656730695,6.156128735,2.538927897,4.300702969,6.373582685,5.759946288,2.679292158,2.47491151,6.711578028,4.637685379,5.115060649,2.574350496,3.151414279,6.180225426,6.155001245,3.839533387,3.024270194,5.063503048,5.827439046,0,5.422065906,3.532820401,4.10753073,3.606966867,1.865609368,4.584159854,2.205060314
MIR4713HG,2.942713439,3.183610918,0,3.854680699,0,0,0,0.908196639,2.178407885,0,3.785027876,4.302524423,4.91149223,4.148684196,3.423312978,1.658403114,4.010323841,3.777622261,4.512663923,4.345873992,2.431667073,0,4.830396601,3.317738006,3.447047169,4.772741629,0.934304181,1.87222138,1.355195849,5.211712301,4.520748596,4.444660248,4.963152696,2.434899109,2.409211547,4.93840756,3.858986276,4.583743485,1.543870842,4.156119697,1.215643374,2.440588883,3.524764525,0,4.591644862,3.25272991,3.857812312,4.517954995,2.334304966,4.567953612
SLC22A31,1.863698613,5.893265532,6.426003327,5.244282441,6.799154058,6.777293806,5.94800465,6.057666568,4.136087638,6.834015088,5.573047666,4.439489697,2.399614433,6.135500533,3.441476732,7.126720327,5.616653937,6.078430901,5.788037352,4.572196278,5.091580798,6.85946489,4.653605926,6.820537581,6.919400631,5.690017255,7.188716965,7.202287809,7.003502072,4.204280086,6.799733898,6.170850498,3.839421163,5.890855037,5.387551124,5.027272294,4.214682938,5.317334585,5.814589356,5.601524783,7.404766576,6.818750707,4.61627085,7.010274692,5.051953665,5.746765978,5.971901311,3.566073629,4.764613813,5.625555979
LINC00261,0.281318927,3.881481215,0,0.99397809,4.496909524,4.774990786,5.012074053,4.774331808,1.589120965,6.004891518,2.526547627,1.663558534,0,2.75555475,0.27046732,4.580056737,3.332069512,3.727882361,0.721513654,1.858739597,3.587151909,6.144787947,0,5.394528542,5.706779686,2.399419765,4.978517018,5.819207385,5.930665253,1.018104381,2.016444442,6.836441691,0.846634778,3.876784436,2.851426556,2.096848934,0.511972704,4.219800362,3.657251786,2.279633037,6.109663503,2.693836602,3.553114424,4.654590645,2.303978976,3.124139376,3.410041268,1.044020714,5.808179435,0.375128554
FRRS1L,5.147921085,2.061148072,0.627196158,2.050671466,0.728301044,0.479490074,0,0.165428856,0.327038034,0.712869885,3.422287302,1.116979396,5.522737969,4.127912312,1.364060698,0.383182265,4.758554389,0.11376388,0.151809111,2.206299324,5.464591724,0.960906177,0.683977337,0.139784047,0.155841217,4.221488666,0,0.39590005,0.625168044,4.142172837,0.516118383,0.446021737,0.348052867,1.396955703,0.896017184,1.668682473,0.740335163,0.092275097,0.182180975,2.150857387,1.263639721,0.353073516,4.444737734,0.776671206,0.244812425,3.804682778,0.142170081,4.629588372,1.7702625,0.678679561
LOC105378231,5.581894891,1.065712679,0.560999878,5.57884171,0,0.598911831,0,0,3.48262265,3.09398924,4.77882813,0,4.841973747,1.808094147,4.632617948,1.204648869,5.193788099,3.883925292,0.894434467,3.609146905,0.639473208,1.657520801,2.449172562,0.339583731,0.67090894,4.773032103,1.199024598,0.411721592,0.648203693,2.645701034,0,0,3.583738113,1.546037439,5.110663207,5.417182138,0,0,5.901872762,2.990553527,0.965556002,0,3.014584623,0.94813138,4.866808392,4.819157482,4.512889793,4.149802344,1.60338094,3.507559025
CCPG1,4.80525148,4.978537516,5.506907197,4.728682861,5.631088236,5.610831421,5.587378484,5.911211397,5.312531338,6.144461978,4.271685424,4.973914828,4.970407248,5.063402203,4.935930274,5.395794183,5.400828801,4.923816374,5.560911154,5.563208568,5.677539312,5.87372604,5.494474189,5.366564214,5.439178463,5.007331986,5.287784192,5.5516598,5.867082871,5.111595611,5.829794965,5.283323725,5.678206747,5.701857777,5.152728804,4.729925776,5.849531124,5.87410575,5.109861228,4.682927077,5.569321357,5.237660788,4.785744504,5.507013422,5.006026793,4.939406217,5.553442835,5.159253472,5.51587205,5.826445802
RNF126P1,0,4.025375777,2.08357327,1.466703986,1.382442191,4.08548999,3.03603202,1.822748817,0,4.020577595,0.563396822,5.631006627,1.186322797,5.389807853,0,5.7766401,0.449540662,1.003178457,3.362890641,1.626984338,0.73209109,4.081667639,1.897869498,5.312080038,4.629618277,1.040916912,2.117573412,4.012741145,0.741726459,0.970374482,5.084783639,4.409461313,0.64333025,2.258839533,1.289061787,0.608778247,3.227728181,3.108117713,1.930581116,2.24779415,3.970774012,0.651992916,1.584303302,0.636929282,1.091526558,1.322532289,0.711872269,0,2.978159948,0
TTC39A-AS1,0.572321723,4.653042502,3.507093906,0,1.833916756,4.135411443,3.032749346,4.499103052,0.511480829,2.902367186,2.293317717,4.234106234,1.495405108,1.656637943,2.049548295,3.44214848,2.341595122,2.359137888,2.808718036,0.821483049,0.776916304,4.585336386,1.007462635,2.52114451,3.351216146,1.098072877,2.414819787,3.800645646,3.894323642,1.601842935,3.983576096,4.714329997,0,2.510370672,1.033288716,2.171965463,2.784859239,2.250532824,4.108192527,1.906816514,1.875895433,4.648730728,0.529619995,3.81803589,3.441446221,2.484735575,2.106928349,1.748909017,4.098553728,1.572214283
LINC02861,2.776329704,4.928946834,4.891766277,1.682514354,4.143165168,4.669499226,4.973131079,3.977666478,1.075102903,4.10950138,2.217059971,6.172824072,1.578997681,3.283145372,1.759476154,4.426529245,2.961920234,2.56480573,2.93495275,2.083782863,1.163776797,4.82026478,2.749697855,4.19903367,3.803707397,2.960471432,2.366299794,5.22308728,4.860258843,2.16407401,2.203752302,2.456627281,2.323728679,4.803826633,2.788153631,2.439140621,1.412812092,1.9878315,2.35180093,1.929502492,4.604386199,3.584244231,3.043779455,4.480676571,2.039415313,2.585043985,3.38950481,3.002963976,4.817944615,2.133297872
LOC101927911,1.500003147,1.578751752,4.04512603,0.946962765,1.414090736,1.906097061,0,1.440805659,0,2.217944214,0,2.836167669,0.533614474,0.615898979,0,2.320822075,0.251125033,1.720815414,2.016751362,0,2.381082851,1.010497224,0,2.767707407,0.930816468,0.353773603,3.655869781,2.754279442,3.079509619,0,3.756352136,2.970311722,0.370397193,2.297807128,0.813337339,0,3.490649502,1.296309998,1.187996146,0.544495572,4.494393602,0.671056888,0,3.596283921,0.261146286,0.262036414,1.207595733,0,3.056093655,0.40452447
ANXA8L1,4.565693127,2.26601046,2.544815805,5.996051111,1.03097593,0.419999417,2.254456558,1.872123061,6.065587663,1.201087994,3.660633144,0.37961191,5.316680636,1.79049055,5.350883046,1.489502947,4.794180137,4.468286736,2.226020143,4.135181524,0,2.317612183,6.017806636,0.300815996,1.565011731,5.355259451,2.780546744,1.187234452,0.799674574,3.682030103,3.662556825,0,5.546950034,2.37983082,5.714875452,5.669324062,3.350002889,0.975614185,5.66936838,4.203765563,1.228343053,0.917273039,3.967003436,1.208143926,5.878934717,4.101896327,5.741967967,4.079615091,2.476972052,5.816431688
ANXA8,5.624789606,1.914324701,1.796905428,6.506376919,1.056029453,0.855793799,1.471814435,1.812256429,6.697415369,2.817525754,5.58869166,0.284927834,6.148017433,2.348946335,6.332950479,1.711315808,5.445064632,5.953456652,2.663116847,4.573004066,0,2.589969585,6.23690027,0.806859582,1.590857587,6.140123359,2.86507459,0.787677566,0.621428853,4.972271305,4.408434797,0,6.517265598,3.597357386,6.358002939,6.497679943,4.607681726,0.812717833,6.295295098,5.03135348,1.715144745,0.106600469,5.231168831,3.525344497,6.203548307,4.650664243,6.213911547,4.946096609,0.419452044,6.572601403
RARA-AS1,4.001387134,4.548065494,5.598466146,4.177476754,4.958386463,4.712736984,4.959267348,5.233670191,4.984766446,5.194260061,4.075742779,5.075134851,4.157026766,4.423259883,4.126596449,5.407641104,4.404478865,4.896980958,4.885419357,4.210957274,4.105436606,5.164187761,5.122637897,5.286218419,5.161911496,4.416149668,5.581113416,5.433236341,4.703221018,4.252580283,4.583656149,5.298561636,4.524088617,4.783095227,3.469323787,4.239176827,4.429143131,5.242654287,4.688827549,4.44747075,5.695727708,4.500236027,4.264731052,5.47683351,4.999543346,4.557467484,4.728787566,4.399779396,4.672744431,4.607142564
ZNF488,5.030751928,4.679607041,2.951844418,5.981685071,0.941136459,0.938515408,2.313309226,0.511156826,4.572900936,0.486608701,4.70071271,1.148683394,4.472142308,4.71674312,3.290278903,1.513418224,3.390983327,4.3623944,1.898362116,2.819786009,0,1.155074272,4.574570938,3.413406901,1.429831714,4.738087288,2.124751566,0.374335522,0,5.847233553,2.127154373,0.510253294,4.436414718,0.90757499,5.701648879,3.526969802,2.720016665,1.242010847,3.932094309,4.661286829,1.185424586,1.049816862,5.224672999,0.703041265,5.780357871,3.741782395,5.052655042,4.049517258,0.562146803,4.849814441
LINC00668,5.643943991,1.540398533,0.20644729,5.428692821,0.290124487,0,2.266924432,0,0,0.100901986,5.919758056,4.607403988,3.358880861,5.251077312,5.351073908,0,5.419839094,2.989345106,0,4.823175422,3.733712292,0.238217576,4.023758601,0,0,5.744885952,0.146001928,3.62583168,0,4.861347871,2.668457653,0.205480449,1.14132592,0.446460386,4.466062956,2.417113613,3.836978657,0.414011173,1.224402055,2.969617145,0.302090966,0,1.2120557,0,4.408260072,5.900016976,3.909481978,4.510815813,1.958587987,1.411377925
KC6,4.057841278,0.116557122,0,4.473658027,0,0.392156529,0.558238862,2.495183949,0.264817219,0.684445417,4.492336323,2.243998935,5.2592025,4.70505239,4.006477523,0.401463832,4.350586567,0.716774227,0.686178913,4.228641626,1.721418756,0.874800756,0.966657528,0.215171102,0.12471165,4.346606682,0.137574675,0,2.605809807,5.544367684,0.746700624,4.040926782,1.093670513,0.511405069,4.136918363,4.879107963,0.205240549,0.392137261,3.945616449,4.410888304,0.660016479,0,3.783341101,0.646745718,4.363200553,3.778218509,2.747112911,5.423044972,0.403691311,3.096741187
EDDM13,5.847244505,2.844485396,1.000231623,6.117302013,1.53926883,2.04903716,1.939854996,1.924613656,4.63978408,2.644654292,5.496843198,1.138132785,6.02026471,3.006214288,5.616507886,2.290796892,5.611277,3.70338496,3.637805588,4.262197344,2.616605964,3.106004967,2.924756607,2.017464681,1.606462511,4.976759912,2.110452013,1.105843254,2.708039022,4.37165499,0,1.962752033,2.428359466,1.950386413,5.367910955,4.247938677,2.328992834,2.472312084,3.584676741,4.712121078,2.723253903,2.414932636,2.886424713,0.413548019,5.287821404,4.842161119,3.236531475,3.360239078,5.501952738,3.377848432
SMIM22,3.131758637,6.108488277,7.060209688,5.645543046,6.354828202,6.413526472,6.611486612,5.601461694,6.581370973,6.674488719,4.38351342,6.707641347,1.185425133,4.840332625,2.233196733,5.028128439,4.259967914,6.031894497,6.749632606,2.878107612,1.768964144,6.269067581,6.068073365,6.643616641,6.768494819,4.608700207,6.378894183,6.773404118,6.709283491,5.160401032,6.827572747,6.083755798,6.601258937,6.424911903,5.933660517,4.889990221,6.184209958,6.852585021,7.181571469,4.869338238,6.603039572,6.992132747,3.746989901,6.587552669,5.197348157,4.996886464,5.964393637,3.930021811,4.530197809,3.597277991
GABRQ,3.281246017,3.174917841,1.585889841,4.134472664,0,1.113311644,2.214895949,1.946186666,4.610593043,1.554885283,4.677206021,1.026642913,5.05827585,4.705194559,4.472396821,0.094365169,4.058710399,3.866069984,1.97761003,0.29831068,5.857205921,0.359055075,3.117954914,0.488893026,0.203395455,5.009947017,0.223730873,0.664001444,0.195380239,3.357718264,1.561530655,2.686379033,2.509107918,2.701319394,4.07086844,4.965655383,2.061428931,0.121268161,6.003252254,4.888940132,0.976289137,0.167415693,5.247572574,0,4.603065132,5.692735682,3.435558977,2.63231699,0,3.765909212
IGFL2-AS1,4.729790074,0,4.094889134,6.258483375,0,1.240320619,1.249517545,1.994156379,2.376102946,3.054476595,5.25496849,0,4.135987165,3.495713581,5.474433406,0,4.65427002,0.467065185,0.332307599,5.600517548,0.584587112,0.988434589,1.903046715,3.160272702,0.613901593,2.150614619,1.290313945,1.114899756,0.592743133,3.579349617,1.568081557,0,1.614994858,3.337971232,5.876511958,2.300136188,5.836613366,0,0.951669504,1.396110919,1.424622438,0.893426881,3.686378848,2.962015184,6.071286926,4.096861097,5.263202873,3.017797628,2.40291447,3.78834159
MAGIX,3.404007969,3.782959639,5.294684523,4.652902597,4.634950352,4.250519166,3.678210766,5.167586309,4.057146381,5.193033389,4.195239587,5.029847621,3.450123079,4.409427642,4.520210746,4.521857179,3.203385122,3.802102458,4.654037903,3.696411449,2.290972983,4.73798632,4.148880714,4.499215665,4.536161533,3.394301461,5.287141994,5.738864323,4.541565917,3.660413068,4.475399076,6.327111482,3.206953858,3.946617639,4.534959604,4.398273075,5.022227629,4.908685938,4.86051415,4.051742776,5.083681588,5.285895251,3.628282975,5.815700333,4.777017703,4.518173758,4.046361337,3.622499517,4.052158247,4.197023389
LINC02893,2.937986044,1.425058566,3.803370115,5.910774932,2.584124435,3.524906325,1.374640664,1.294442503,1.185679585,1.942729611,5.81924827,5.946082463,6.098677483,6.184185955,5.841284291,1.388304282,5.501664372,0,3.963135117,5.523307278,0.898847984,2.625610456,6.367459668,1.014896916,2.662167798,2.657426495,1.17778041,0.330602512,0.909919369,6.204126207,6.042979058,4.048877099,6.081816393,2.507944827,1.180579314,5.512452146,3.954170254,0,1.864824798,6.213912052,1.819219548,0,5.873665225,1.477375116,3.991806115,5.560709595,1.166105426,4.84388542,3.134838349,6.184541671
NCBP2AS2,6.609158341,5.767822962,6.653278186,6.607382313,6.221772859,6.104961361,6.599527782,6.212809667,6.75162571,6.32640106,6.804813202,6.801054908,6.72032816,6.643632151,6.568580976,5.982539525,6.59892738,6.832958047,6.39170413,6.400466136,6.50138052,5.937398902,6.622879217,6.558800404,6.21075571,6.634678441,6.333415637,6.420149506,6.269188155,6.590488142,6.388558353,6.492798689,6.526396676,6.084106976,6.141658962,6.75870506,6.000807381,6.121423008,6.993351081,6.609646171,6.342367042,6.184933398,6.726503723,6.169309882,6.639364643,6.909498632,6.514830819,7.063399157,5.101408823,6.714702211
LYRM4-AS1,4.771144786,5.408835147,4.852054205,5.123481927,4.308200078,4.75726488,4.147444799,3.383631886,4.947300533,4.134724192,5.212065013,4.611175762,4.433617229,4.98397669,5.438817918,4.338534414,4.438473036,5.401828623,4.441072331,4.403669557,5.754808659,4.049376967,4.811495186,4.278896279,3.442253874,4.190061874,3.914470381,3.816881541,4.08586105,5.05355385,3.767749031,4.127080219,3.911348449,3.733254142,4.799946872,4.333291596,4.20296245,4.137173383,5.076328066,4.324554593,4.876147206,5.44021766,5.333691726,4.41472056,5.149524404,4.923521089,4.647609977,5.099911012,4.276028871,5.088068459
AFAP1-AS1,1.607752541,3.12552627,1.599960139,6.398110187,6.204897771,6.454206589,5.499171431,6.715617103,4.368620798,3.846558026,1.898335475,4.231314049,1.163440155,4.920761554,4.49883674,5.757282429,2.635344929,6.741312364,6.203166037,6.591265795,0.922626458,5.942809071,6.509225589,6.389368722,6.557101621,1.847733951,2.239747191,6.434710268,3.693741612,3.136137098,6.028472796,6.666516953,6.326929137,6.278926089,2.800505418,4.951779717,1.548155686,6.56236398,0.91323577,6.486965814,2.008334143,6.936958555,1.593706245,6.430382231,1.454356144,0.968662356,6.351263865,1.285237738,5.763317508,2.526966234
JMJD1C-AS1,2.747500161,3.275417522,3.657436258,3.753280726,4.648502759,3.696129729,4.63521101,4.328877439,2.9998398,4.142466921,2.263376421,2.914945415,3.794192735,3.942060147,3.415613119,3.988367199,2.145616327,3.626493534,3.674019542,2.231058047,3.532145755,3.617574738,3.576176532,4.002371215,3.436385504,2.37963693,4.681154649,3.863680545,5.335608296,2.82464324,5.283476971,3.926724035,2.614877595,3.405093192,3.393828645,1.995905995,4.217372203,2.638279392,3.281142862,2.111481423,4.987024372,2.698146672,5.151985231,5.157824925,3.491976071,2.834995012,3.612447582,0.799093337,4.684267084,4.208687862
FRMD6-AS1,5.035521662,1.621652199,2.263320712,4.026013472,0.9718709,1.638964686,1.799383106,3.278756853,3.478042639,2.103460798,2.770970864,3.343085499,4.325928912,4.181752119,3.662813167,2.975143438,2.890413108,3.373613594,2.671133458,2.773911348,0.478333461,2.330717385,3.078866917,2.762964751,1.690940954,4.195575435,3.094921024,2.360723542,2.701008344,2.900066674,0,0,2.162702838,3.38984693,3.078787119,1.941550334,1.616225265,2.519208802,3.250168097,2.489031089,1.969253219,1.856544387,3.152647283,0.727938225,2.495069888,3.97587903,3.273997285,4.043198946,3.546002398,3.154952699
ADRA2B,5.527719472,0.33092386,1.989780909,3.475750347,3.279215852,2.144311971,2.716145944,2.433792456,1.761783332,2.156811058,4.881699671,0.400970927,5.75145168,6.019784532,1.724550051,1.546732821,3.315790935,4.078511508,1.434845983,1.404206855,4.468432673,2.585246257,3.465358068,1.65662189,3.008380999,4.938193529,2.571288867,1.691708016,1.489419139,5.758881482,2.004157832,0.525994425,1.650933416,2.124309235,4.25388067,3.503876184,2.251769677,1.271895905,3.596911789,3.477576179,2.576238037,1.889393233,4.490168409,3.281825793,2.806592965,5.02126751,2.759390486,6.023534396,0.795826511,2.685103221
HNF1B,0.263693092,4.068141889,5.269434617,1.834911094,5.981305164,5.69204238,5.457198711,5.312688209,1.785861262,5.114094937,2.988321391,2.569895233,1.940088983,4.741134981,0.46784379,6.068423585,3.587309016,3.134844319,5.523667875,1.905743239,5.653528741,6.173096869,1.6924089,5.116206502,6.41156158,3.050166778,5.778521925,6.62165251,6.556259639,1.421559167,5.835265619,4.49992978,5.651895992,5.839738058,2.565168421,2.634528158,6.088511559,6.295112529,3.224522495,2.61507159,6.086460472,6.259540671,0,6.356118791,2.62222274,3.420561024,3.37490297,0.992848641,5.040984261,1.463931792
H2BC9,5.72918458,4.25547082,5.358012777,5.396821948,3.429087088,3.549282328,4.122881388,4.262934259,5.054433199,4.33883915,6.253221778,4.22519528,5.344778534,6.226749274,6.395774508,5.09210341,6.345313823,6.080497757,6.485235933,5.594774728,4.610434077,0,5.912227991,3.123018806,4.479148668,5.520507792,3.488734743,3.980416809,5.368066053,5.312903879,5.055278206,5.627426765,2.991295651,4.928809849,5.976174487,5.882921093,1.592574006,5.592514425,6.027701094,6.281940558,0,0,6.267032984,2.662558037,5.620576678,6.893811796,6.174610926,7.367687435,5.359471456,6.019274028
ARHGAP23,6.553681497,5.40359893,5.750940952,6.590291229,5.669897516,5.672923905,5.664508244,5.940346691,6.798216074,5.815497527,5.917785915,5.102553647,6.199525577,5.989865985,6.308020919,5.442562111,6.201298185,6.430800263,6.221499611,6.370099718,4.630407283,5.76562365,6.498925715,6.147605158,6.249743244,6.09213731,5.842667206,5.649133757,5.408537488,6.23979169,5.456167465,4.630953194,6.569571929,5.883459085,6.467849179,6.169423681,3.675761578,5.551552902,5.761034014,5.790737842,6.100098368,4.704857258,5.943894624,5.711501058,6.790199884,6.138583077,6.658829302,5.763892431,4.793932404,6.590873851
DUSP14,6.515768255,5.906136215,6.550987316,6.487014154,5.870382301,5.951340375,6.091803705,6.1504214,6.354003484,6.145166637,6.299417361,6.557530878,6.46276726,5.912754511,6.774572205,6.357197119,6.393513988,6.286836782,5.421920464,6.566652814,6.411759836,5.641924987,6.16964922,6.365153759,6.247885167,6.717068368,5.963858452,5.616935334,5.711626635,6.306195279,5.896812955,5.693313689,5.975364393,6.160684621,5.940331392,6.483176056,6.238568887,5.70977966,6.570564265,6.047788211,5.558352492,5.491837954,5.968940614,6.304307574,6.508575099,6.304593714,6.207132722,6.590335659,4.725453832,6.261856364
LOC101929494,5.907086811,2.205052818,2.996734297,6.542588037,3.653335226,2.788665517,3.099540341,2.618089822,6.317726082,2.076119671,4.357481316,0.517929834,5.792979889,4.861559432,5.929734115,2.342322822,4.17582239,4.422422893,4.977776429,4.616717322,0.764485183,2.865312996,5.75175752,3.448753597,2.697111527,2.924114854,2.39192553,1.766720929,2.64687201,4.538214565,3.672731609,0.671494543,6.501013885,3.447024736,6.308978663,3.338520482,0,2.630783035,6.65849874,2.042709539,3.235352529,1.315734837,3.734191963,2.435033536,6.20897603,5.791954548,5.326734126,5.920743072,3.037258531,4.251106107
YWHAEP7,0,0.19576179,0.990080812,0,0,2.339758708,0.857951998,1.699033096,0,2.153184775,0.14520113,2.816484267,0.252222171,2.671279508,0,1.067393552,0.216184184,0,4.191780126,0.557279437,0.66285804,1.102304316,0.869270771,0.353391614,1.248402624,0.436982576,3.247741676,3.368161112,1.456955643,0.711453541,3.575412275,0,2.177949102,3.471790858,0.717874701,0.43078019,3.540724239,0.621137321,0,0.257903581,0.997096673,0.325354179,0.924113173,1.143833947,0.224913449,0.225700976,0,0,4.598908557,0.630629062
MARCKS,7.073651836,6.891249924,7.14580005,7.108966802,6.98867812,6.962416837,7.109082951,6.829830909,7.018275828,6.822481016,7.077435614,6.455880546,6.886974399,6.705283784,7.286302432,6.894961954,6.952820578,7.109192638,6.707447264,7.191030905,7.02147841,6.655409074,6.903994333,7.090704537,6.801923199,6.718739192,6.544049941,6.596382542,6.526906524,6.955865827,6.909508576,6.943012843,6.94128397,6.947782732,7.02131174,6.970808318,6.621802896,6.70250968,7.20385455,6.767682892,6.533674382,6.526511174,7.097601637,6.291199387,6.897950239,6.982762943,7.127121867,6.993943197,6.24169254,7.166106083
NEFL,5.669948794,2.99140838,0.230048988,3.682361441,1.30637646,1.075079246,2.347376137,3.980338567,0.16440221,4.711497508,6.890695509,0.696502705,5.902868788,6.290560768,7.160187784,0.365236075,5.027740995,5.705393392,0.144130925,1.126773089,0.266678191,2.544943313,3.18468165,0.132684076,2.362821858,5.848605978,0.163089618,0,2.874075478,2.036749911,0.492978539,0,4.679135956,3.767548394,1.950236982,1.486486004,1.174754196,5.59344295,0.9124781,4.961540417,1.138865935,0.336368978,6.66677485,0,5.343466739,5.52315946,2.181321622,1.690004326,2.233330773,3.497896913
VWA8-AS1,3.991153747,1.255309225,0,4.53176787,0.99723157,1.080090729,1.835211106,2.784764194,2.800714126,0.722124013,4.316096741,1.309029239,2.890751267,1.896737452,0.841458634,2.16582392,2.66501665,0.391428476,1.165561002,2.122475314,0,3.032520076,2.868238039,0.255384855,1.634499996,3.374551272,1.126242992,1.2738951,0.500253344,1.120186419,1.383762545,0.428028242,1.42827441,0.689816775,1.46628902,2.726839259,1.799687124,0.323175643,1.983125841,1.052408199,0.902484447,0.765657938,2.122828831,2.284548731,3.81519321,2.186327093,0.47831465,2.786782308,2.745933656,1.845231619
LINC01451,5.635758328,1.738718697,1.058518824,5.821027812,0.398083604,1.393595877,0.964049344,1.577712234,4.315810336,1.677175069,5.056799226,0.397388337,5.939754958,2.397066252,4.669273265,0.975106579,4.938134287,1.545249615,0.483856425,1.716601239,0,1.975877114,4.443548824,1.929842099,0.85935739,5.450921475,1.613082524,2.627145982,0,2.513363522,0,2.642474008,4.952923013,1.18634267,4.05860631,4.598955848,0,1.351862947,3.813053671,4.673262031,3.375949527,4.507830685,2.616440285,2.710700099,3.004810877,4.046755878,2.034078355,3.720010375,3.611695497,2.806405602
CCDC28A-AS1,2.932237917,3.013464533,1.668724524,3.468837438,1.051099723,1.219861114,3.756745112,1.949451994,2.16133399,1.500967669,4.1043755,2.507934687,3.252950895,3.397213738,2.985636028,1.39554071,3.025613725,3.007480789,2.27243736,2.583398957,3.98075509,2.546413797,3.32212558,1.715875193,1.570425731,2.763397716,2.244189288,0.892954165,2.636046767,3.474676591,1.113930097,1.43301821,3.828919642,1.653529506,2.708921754,3.361266692,3.050248787,2.248417394,4.041989547,4.340918035,1.240249852,1.968972694,3.809798264,2.169433669,3.038913444,2.577986169,2.642205014,3.345257577,3.297456525,2.953199804
SH3PXD2A-AS1,5.384104045,1.341132796,4.265852452,5.863729692,2.582214652,2.354348541,2.171380632,1.56617003,3.924758745,2.918235652,4.160179261,0.314870786,5.753513175,1.622669376,3.142813292,2.592610473,4.287874459,3.010735705,1.665817612,3.586288515,0.480521707,2.43096699,4.485447265,2.552628372,2.072801763,4.122101092,1.601433786,1.704775182,1.564828116,2.186891012,3.687365403,2.988176619,5.403411917,2.801454409,6.229052387,5.02920181,2.496421358,4.245048095,5.381401421,3.5235095,1.916556027,2.192250282,2.674206383,1.555029766,5.781069134,3.429863335,4.113871785,5.011859543,4.663767651,4.029117656
