,TCGA.DV.5575.01A,TCGA.DV.5576.01A,TCGA.DV.A4VX.01A,TCGA.DV.A4VZ.01A,TCGA.DV.A4W0.01A,TCGA.DV.A4W0.05A,TCGA.EU.5904.01A,TCGA.EU.5905.01A,TCGA.EU.5906.01A,TCGA.EU.5907.01A,TCGA.G6.A5PC.01A,TCGA.G6.A8L6.01A,TCGA.G6.A8L7.01A,TCGA.G6.A8L8.01A,TCGA.GK.A6C7.01A,TCGA.MM.A563.01A,TCGA.MM.A564.01A,TCGA.MM.A84U.01A,TCGA.MW.A4EC.01A,TCGA.T7.A92I.01A
SMIM43,0.628176566,0.211596068,0.321209706,0.093462884,0.216148675,0.103193375,0.670278821,0.143249718,0.472075264,0.176573581,0.312888412,0.273500685,0.188329023,0.040284365,0.546147642,0.607807787,0.650520523,0.073219878,0.222141177,0.020593633
PPIAP45,0.892834631,0.04747161,0.20578987,0,0.063011613,0,0.094497951,0.077605732,0.101713096,0.072717271,0.496004211,0.445369078,0.45324298,0,0.04611858,0.53992416,0.071733465,0.066605396,0.057518677,0
IGHV1-24,4.840456235,0.512145116,0.438431091,0.577667224,2.661198359,0.116274521,0.956648099,0.468878603,0.537242634,0.163167304,0.439776068,1.493164871,0.329403875,0.209462658,1.545303327,5.359960645,0.235265275,3.185690261,0.885907319,2.061218573
WNT1,0.09601079,0,0.051190221,0.042715131,0.044817283,0,0.017153327,0.055277661,0.048818631,0.02611746,0.025913224,0.030407534,0.209795489,0.110313487,0,0.169608336,0.171339143,0.09327339,0.060905463,0.133336206
GRAMD1C,1.316094593,2.112920424,3.1625608,1.211492467,1.023916756,2.822192036,1.597782272,1.091641081,2.198324838,0.957233651,0.830207392,1.721845995,0.499502066,1.561007606,1.221389065,2.166716425,0.751203019,1.013575823,1.360871846,1.188824984
FCGR2B,1.248597049,0.130226735,0.899878167,0.204495508,0.691516086,0.114179708,1.311887603,1.256617632,1.451935565,0.450737969,1.012464566,1.284788016,0.10603876,0.565716625,0.579611739,1.899272612,0.296578064,1.633343701,0.957019561,1.044839848
EPB41L2,3.405912863,3.09550077,1.866714854,2.036648026,3.343376063,3.188752662,3.470687453,2.829845023,3.671482186,3.05190238,1.824594771,2.100046721,2.0912706,1.909026779,3.512248253,3.526811521,2.680571432,3.081467854,3.015312297,3.181504502
XCL1,0.869672296,0.033224375,0.617170393,0.062696921,0.208460409,0.07103474,0.385629324,0.85458593,0.326945562,0.536073494,0.716259282,0.990214507,0.269805869,0.601013001,0.26735297,2.302667742,0.51200281,0.685939824,0.496442425,0.159129084
IGLC7,0.944725418,0.100593138,0,0.40190852,1.261490759,0.51624102,0.963372101,0.562876288,0.424017378,0.078334501,0.827831244,0.176478433,0.213333182,0.068385425,0.506639831,5.740815097,0.077276714,1.11968233,0.975156337,0.046646423
IGHV3-74,2.53615888,2.08921837,0.804015688,1.291667545,2.150299176,1.569826025,2.251015171,2.642315636,2.187145444,1.034218468,0.169627684,3.006936096,0.377752256,0.285477581,2.092974948,5.567337603,0.412196596,1.96788072,1.558754276,2.233638203
TRAV5,0.275799277,0,0.500449694,0,0.312066113,0,0.350068798,0.200965659,0.641314186,0.097484891,0.353233118,0.651294918,0,0.085174588,0.062020014,1.606902205,0.096177015,0.173496938,0.220340369,0.270049757
ASB2,0.570979505,0.277006184,0.440604898,0.457813319,1.198137649,0.202359249,0.279977132,0.555575645,0.502057517,0.191042903,0.862835897,0.686283825,1.828554714,0.356519427,0.543113316,1.859665521,0.424213378,1.062703253,0.373835106,0.652781108
OGDHL,3.979279548,4.59779466,2.180040278,1.718619056,3.636724476,4.44650429,3.53500425,2.590528687,4.023892944,3.247123202,5.990612319,0.88527947,3.489764929,3.533590503,3.356293233,4.208898424,3.135474546,4.947026629,3.819710802,6.607826038
VNN2,1.550499591,1.111787076,1.082650771,6.227333846,0.739747021,4.499361387,1.733436999,1.344040206,1.444204927,0.923859369,0.792840302,1.27298715,0.371401902,0.557347929,0.981723078,2.003147112,0.812059921,2.497432349,1.046990113,0.658015562
KBTBD8,0.585962619,0.37766017,0.329782938,0.19032879,0.456726674,0.393090969,0.451434183,0.334640516,0.637399063,0.333181124,0.161642164,0.255638609,0.190266244,0.177705271,0.421736881,0.448855491,0.120488648,0.429396716,0.543853344,0.48314772
BTLA,0.351397356,0.042853688,0.152975943,0.061839225,0.14204128,0.033267386,0.120561385,0.270650513,0.225632939,0.03790774,0.127565101,0.118186164,0.204239297,0.073291024,0.093448456,1.013971069,0.073833019,0.21940765,0.150528289,0.077076607
IGLC3,4.218438339,2.048373514,3.494112693,3.600161734,4.816816859,1.712526332,4.543399267,3.245504676,2.368603415,1.786621761,5.670603221,5.885794324,6.256472026,2.597086088,4.676116272,8.495387578,2.349601849,6.055829808,3.323367621,2.97626997
DOCK10,1.915641323,1.377045814,0.893295965,0.969712855,1.485186354,1.212371257,1.67284782,1.620819828,2.387286256,1.368026407,0.536142512,1.444546442,0.758997109,1.327142913,1.809626966,2.335820062,1.401946713,1.364725299,1.469363764,1.519857945
KCNJ5,1.36625332,3.018878589,0.437657276,2.972315002,1.086498667,1.977882605,0.693429167,1.5096142,1.550639936,1.741705823,0.622453573,1.231396107,0.119398372,0.300157019,1.184668061,1.970746557,0.566211479,1.77659572,0.980362939,0.793281036
KCNJ11,0.720748649,0.936924444,1.086573949,0.430204161,0.817820461,0.892152729,0.294288211,0.462241497,0.190397465,0.508334398,0.823400881,0.497669523,1.177124334,0.957602814,0.306224627,0.53560677,0.570182692,0.556124178,0.218042595,2.111000079
CRYBB1,0.523448728,0.176379618,0.878796881,0.150812343,0.277533227,0.044468554,0.337035203,0.894814064,0.804657298,0.660442682,0.754249019,0.392245229,0.252564827,0.107960102,0.463450231,1.047831559,0.150688659,1.085764996,0.489631232,0.410081979
TRBV5-5,0.277233076,0,0.353905824,0,0,0,0.186621416,0,0.261455585,0.098023444,0,0.219033585,0,0.243048599,0.179552137,0.425398835,0,0.174430754,0.15138374,0.168918507
LYZ,6.304938589,2.563296084,4.112728402,3.012139863,6.633578948,3.919239395,6.908179168,4.160383981,7.472044175,4.424790701,2.693012706,5.10197543,1.283490986,2.029436188,6.132730252,8.708544012,3.496923815,5.525384931,5.470982018,3.82049128
CRB3,3.663124631,3.670430174,3.767825229,4.323268932,4.269578144,3.911880846,3.905534957,3.107283486,3.985234453,4.460819075,4.11277299,3.944859408,2.370648197,4.493665987,4.237338246,3.605692824,2.46649338,3.508890521,4.225508864,4.309232505
WAS,2.998527002,0.982869789,2.713252249,0.805721696,2.096095148,1.035895742,2.325546438,2.567446486,2.649991747,1.894545944,3.55905276,3.880229979,2.799581218,2.296025653,2.666987229,4.096051174,2.142132404,3.230819786,2.366020528,2.512179677
SPI1,3.855593097,1.688929034,3.702239478,1.359029941,2.8569352,1.80429798,3.316542093,3.58166506,3.758218356,2.950763048,4.614275192,4.920683384,3.059536086,3.152915602,3.76393265,5.114697378,3.508372134,4.895450212,3.780848139,3.600478809
TRAV16,1.844790314,0,0.373800345,0,0,0.073718435,0.37163677,0.400355574,0.472499277,0.104059788,0.374971869,0.335286737,0,0.176495607,0.248521492,1.11601066,0.198510379,0.269133195,0.08249548,0.179057549
SLA,2.717713864,1.044992515,2.227200695,0.52599021,2.23206503,0.988921283,2.194687671,3.178465152,2.6349475,1.484359066,2.007501859,1.996583357,1.458629863,1.233332173,2.130636631,3.09440323,1.087328959,1.972460189,1.697601747,1.888363452
IL10RA,3.033071283,0.925813286,2.790383104,0.743136183,2.022765871,1.274874876,2.520144242,2.489556473,3.45602726,2.481483143,2.100429178,3.050069048,1.152869177,1.899118373,2.865575505,3.977187288,1.756661454,2.968067709,2.845698339,2.761452249
LOC374443,1.127597936,1.1969756,1.709357908,0.900521515,0.907740123,1.489564956,1.039516434,1.480649652,1.372425861,0.526465593,0.987737613,1.281234089,1.73807939,1.04295472,1.185815029,1.556329376,1.600198391,0.988948266,1.276881927,0.889229231
IGHV3-21,3.012656793,0.736867891,0.84158846,0.556478837,2.618164923,0.357025492,2.152842428,2.021077955,1.59527913,0.363035846,0.226906845,2.397917973,0.795336289,0.483647914,2.44859363,5.332813331,0.293640105,2.252750685,1.176779394,1.563015441
DPYSL3,3.019893693,3.046787093,1.077499801,2.279007996,3.880787049,2.498016253,4.30519156,3.150581264,2.919674683,2.947683974,1.39819171,4.899566259,2.648007559,3.563179353,4.525566301,4.614713927,4.212747425,2.859971697,1.314056232,0.643723443
ANTXR2,3.115697082,2.320581694,1.694579267,1.170952683,2.363168911,2.531228806,2.765175195,2.664284614,3.113739897,2.024464207,1.976473155,2.303206584,1.470157636,2.480061192,3.068824618,3.206834146,2.888206348,2.599747462,2.690327869,0.681516689
EOMES,1.357144504,0.149108751,1.055140177,0.07014554,0.550903373,0.27211958,0.720535935,0.763794844,0.792694528,0.374229459,1.441547146,0.750834932,0.783132603,0.402772283,0.942588825,1.312643806,0.504008356,0.600981184,0.514955085,0.489863165
FCRL1,0.085758193,0.011628922,0.008891368,0.072357464,0.038439083,0.012592256,0.085988433,0,0.041879205,0,0,0.031217845,0.012826134,0.068962402,0.022499211,0.363710001,0.017684437,0.040651104,0.02113941,0.021097584
GBP5,2.299423475,0.243440356,1.462885183,0.216056754,1.005282518,0.549791476,1.009350324,1.037843008,1.475383092,1.227564084,1.028793362,1.17722519,1.165309668,0.907220897,1.569091548,2.818710913,0.727347868,1.08874491,1.52641945,1.335364254
NCF1B,0.628375116,0.181356208,0.960847341,0.06013554,0.440982941,0.17243296,0.518033217,0.383252192,0.524808002,0.512922265,1.215398116,1.091790194,0.472984326,0.292902738,0.612031816,1.748554501,0.298242438,0.951708456,0.450436903,0.51265932
PI4K2A,2.861266795,2.551327913,2.881763893,2.847752456,2.329964428,2.236937935,2.36346459,2.809376011,2.747644805,2.371997744,2.83526798,2.519263591,2.341545444,2.156949651,2.747140677,3.326485924,2.20078812,3.198869523,2.752824498,4.780798591
SIPA1,3.690698587,3.414386884,3.70301335,3.578142076,2.983939467,3.350663418,3.603624133,3.656647081,3.539680208,2.46074626,3.834176963,4.554424583,4.532211196,3.817515809,4.554252136,4.204502792,4.466024021,4.125245571,3.857722004,3.131210611
GPR171,1.129416593,0.180228335,0.734710166,0.479885646,1.004535216,0.354632229,1.115580813,0.864491041,0.729967731,0.349562497,0.422247599,0.768341737,0.85010616,0.798602565,0.584588224,2.069135016,0.329816213,0.633484484,0.846528469,0.947437205
LIMD2,2.16133319,1.507073768,2.42300207,2.094748275,1.163854762,1.601981273,1.826413051,1.732458418,1.789624322,0.883857685,3.078063139,3.399702104,4.483663136,2.26264933,2.311057695,3.71613037,3.156469981,3.089624146,2.309724368,2.042033654
LRRC32,5.862212924,5.9402607,3.409204696,4.751916923,5.879833132,5.042584386,6.0733445,4.80504645,5.695096022,3.169340123,4.299910279,5.303245494,4.191123634,3.521703271,6.010583573,5.726347429,5.39735645,5.332064659,4.860433118,2.744272892
CALHM2,2.938964448,3.232214939,1.556356938,2.428282002,2.448367627,3.021497476,2.579278774,2.554661219,3.20752201,1.382513746,1.571227992,3.142154707,1.644117825,2.042704437,3.568671418,3.593166221,3.751534554,2.946388883,3.342663492,1.265127814
UQCRC1,4.957479051,5.961080621,4.888809602,5.652571248,5.196334164,5.736744985,4.772015886,5.110930098,4.951508305,5.049633521,6.448373664,5.232009878,5.919812904,5.227170765,5.146176301,5.346290881,5.174886797,5.417611929,5.456283447,6.067658712
ZDHHC20,3.383892809,3.136366904,2.20862249,2.713480067,2.917166414,3.211322414,3.729757526,3.60369241,3.851237034,3.123793356,1.587818997,2.683788989,1.541106829,2.346631792,3.452888251,3.336319371,2.818765654,2.662245081,2.920628571,2.694383904
TRBV6-5,1.838871889,0.054969506,1.089037546,0,0.07290264,0,0.804559985,0.401421052,0.722620384,0.506014632,0.08344328,0.575178179,0.118634229,0.334641806,0.294282053,2.036757335,0,0.681145667,0.412026447,0.19078349
STAT1,5.981578796,4.59471188,4.764639439,3.143636295,4.974128252,6.450876295,4.554372894,4.861712031,4.994557014,6.026595371,3.77190903,4.102489762,3.573182782,3.968301983,5.128430199,5.806746164,3.733279044,5.389710397,4.472498725,5.827284034
IL18BP,3.631084161,2.495964329,2.87945842,2.287217927,2.80677142,2.78011078,3.020508357,3.231352134,2.732541547,3.284385432,2.932721647,2.954170359,2.239664572,2.601885346,2.981754794,3.60163977,2.514776175,3.089591627,2.764538962,1.677656779
CDH11,2.048936155,1.357526256,0.343761511,0.874520776,1.636461086,0.553759459,2.323602704,3.333240929,2.290835691,2.350746765,0.636574031,1.176836411,0.936499447,1.303716564,2.388508928,2.739446139,2.497249001,1.935622162,1.442265109,0.42928302
ATP2A3,2.747989753,3.458554038,1.65500788,2.860537226,2.383343789,2.022461678,3.545003017,3.388498778,3.066047201,1.212434236,2.072189223,2.46042525,1.785333997,2.457825599,3.660152371,3.181553301,2.835826238,2.293479277,2.52488632,1.733461631
CMTM3,3.983378869,3.65694702,5.160084714,4.856420699,2.765124851,3.756468334,3.20014999,5.247047548,4.026978382,2.310298745,3.604149333,4.150835067,2.921605373,3.286559949,3.995819124,4.453983208,4.188309228,4.814245535,4.06393976,2.472381443
CASP4,2.975927375,2.957915711,3.661858573,3.71025595,2.616829554,3.453230393,2.707299968,3.425135491,2.769562627,3.233212134,3.088523117,2.964440782,2.273675179,1.901075214,2.721091725,3.365966488,2.810711364,3.022549401,3.218626385,2.331240573
RAC2,3.728626736,1.42513546,3.200891357,0.853854785,2.233039665,1.758819746,3.293722969,3.770200265,3.276198913,1.990536573,3.77794576,4.182390881,3.074651909,3.153266849,3.764681591,4.89786773,3.140824676,4.087261292,3.176983047,2.652710507
TNFAIP3,4.473165904,2.869502997,3.311670169,3.677216973,3.935092421,3.510278189,5.352221559,3.156455114,4.373745644,3.029686399,2.30566964,3.060878257,2.324009426,2.722180545,4.392234105,4.214599282,3.202500137,2.830584578,3.156911735,3.407942401
ECM1,2.970129786,2.850580022,1.24829174,2.478157679,2.350026159,1.929012378,2.50098496,2.439231059,2.670686686,1.856719349,2.223179033,3.045855981,4.080439578,2.783875536,2.855084428,3.40437653,2.724973944,3.476066379,2.676587361,0.978512664
CD96,1.669651367,0.165549973,1.015562988,0.207330809,0.815363285,0.288669029,1.360988735,1.016258692,1.211325576,0.652838782,1.196765756,1.01492492,0.959971193,0.761073954,1.031300555,2.362126026,0.657143063,1.07089172,0.767454955,0.909010638
LY86,3.441029657,1.237980119,2.702508374,0.965127167,2.656309479,1.080050182,2.335441049,3.354772721,3.610128458,2.898389878,3.544548245,3.628949085,1.437945134,1.932343214,2.491553649,4.446857038,2.521287004,4.079684143,3.279146203,2.811659027
HLA-DRB6,4.431601466,2.765553934,4.816086495,4.0688581,4.152129879,2.882392679,4.730077601,5.228950723,5.124638534,4.763727838,5.716145456,5.272395958,2.259897437,4.223264172,5.511031538,6.835711271,4.242911434,5.599168692,4.4437848,3.822479001
FUT7,0.238002251,0.060926826,0.202421268,0.077006575,0.058135854,0.05665246,0.087258536,0.139868234,0.153329792,0.053933661,0.191204052,0.438630823,0.331567723,0.081328488,0.230854376,0.62183921,0.225317777,0.393240182,0.327399746,0.231256325
ACAP1,1.284759463,0.815228911,1.332127145,1.337579222,1.013951287,0.90605034,1.264522897,1.140939939,0.919749445,1.146401981,1.889140797,1.995903248,2.159029671,2.159433846,1.454056003,2.734346276,1.504711727,1.886481389,1.494894409,1.585745996
EPB41L4B,0.053314866,0.589996143,0.119621695,0.384800406,0.038395754,0.615374748,0.032090967,0.684961119,0.054148748,0.022354523,0.044023151,0.051602696,0.038098302,0.019467104,0.02247371,0.051806538,0.086235284,0.076197924,0.017617591,0.200357237
IGLV2-14,5.269940052,1.516857883,1.919766154,3.096241791,3.565202555,0.639485318,4.073013052,3.177748119,3.176941521,2.261569861,2.69278227,5.408291533,0.764938276,1.5706188,3.830990125,7.822921549,0.883683492,3.746346068,2.41536638,3.318499566
P2RY12,0.885687332,0.259430467,0.32034499,0,0.242327402,0.052572497,0.66841474,1.130050828,1.730864969,0.68606644,0.161166425,0.623109733,0,0.096387165,0.387081019,1.482830873,0.542863745,0.787349673,1.272861411,1.436806962
FPR3,3.985514358,1.367195181,2.009933178,1.091999291,3.634894624,1.85581664,3.452898985,3.72395483,4.816893225,3.938053239,2.218750313,3.250741874,0.916374131,1.411630325,3.360443526,4.622052472,1.603911826,2.895725077,3.40173171,1.94456512
RN7SL138P,1.815234101,1.443569909,1.336681688,0.709002746,0.67115923,0.880778874,1.540342138,1.718739764,2.199795969,1.652361839,2.245725505,1.722181695,1.153402888,1.133193053,1.387498746,1.418403784,1.55809707,1.873584486,1.190133017,0.932736469
LRP1,4.089386572,4.459428851,3.174197782,3.35492451,3.810693882,3.639625454,3.976114491,5.004646911,4.605675637,4.575278594,2.613131164,3.747247585,2.968572197,3.700160157,4.978560637,4.507898617,3.347404428,4.522463633,3.401450492,2.940486355
ADAM8,1.141540822,0.695643645,2.496041439,1.849589832,1.686353978,0.868939212,1.274406108,0.692767657,1.230026434,0.476374532,1.170753562,1.643800886,1.256657135,1.930738583,1.753206756,2.40023853,1.169174251,2.139653192,1.285637501,1.288722584
ATP8B2,2.745135485,2.957387614,1.125826522,1.717203539,1.970387494,2.503837453,2.642172635,2.300355583,2.678449223,2.377243567,0.669038049,1.796744352,2.099512168,1.446027916,2.792854454,2.955324625,2.202281571,2.140733474,2.430346576,2.474284607
IFITM1,6.999097794,7.138410264,4.998696648,7.340297855,6.109388877,7.931623016,6.106857415,6.397932482,5.400954007,7.960971982,5.289515956,7.326957589,5.794391295,6.597489126,6.466269999,6.418024975,6.37481684,6.347778518,6.516463819,4.544826806
COL8A2,1.08639275,2.339403949,2.538036234,2.596678944,0.905880274,2.645165447,0.405221706,1.526786971,0.794618811,0.52868355,0.864521706,0.723559,0.230282771,0.156525991,0.35775469,2.353997079,0.32723874,2.007068787,0.708682282,1.240186789
S100A3,2.003193645,1.148718312,0.976701804,2.485122491,1.094134819,1.604484522,1.379996349,2.917605525,0.942873883,0.984867797,2.129071511,2.49998569,2.325014457,1.27035393,1.876354528,2.398714282,1.48751705,1.467955352,0.904388707,0.105508179
L3MBTL4-AS1,0.456131279,0.118615584,0.236976861,0.04223115,0.234798038,0.071255145,0.230703979,0.416428997,0.353712796,0.31124069,0.266688596,0.616744231,0.048770829,0.102070278,0.286140883,0.698188533,0.146454274,0.692594274,0.473377952,0.39171992
TRAV1-1,0.130382832,0,0.246312473,0,0,0,0,0,0.235603977,0,0,0,0,0.149546532,0.161349021,0.575234467,0,0.156719085,0.069551322,0.10291037
PSTPIP1,0.938825029,0.155804694,1.597118584,0.299852561,0.51405303,0.318534047,1.077663127,0.640928335,0.757032338,0.338402663,1.920910509,1.950114218,1.693135923,1.157916343,1.236686747,2.478279909,1.158883353,1.622434737,0.936829726,0.89492876
HECW2-AS1,0.272201819,0.014224828,0,0.088102921,0.074361773,0.045721494,0.202115322,0.113499185,0.256685887,0.085764365,0.043181102,0.099520446,0.061753084,0.093027778,0.027498658,0.689277418,0.042924747,0.153110486,0.067902492,0.076022038
RNF125,1.307754207,1.059282808,0.500709581,0.417775387,1.20954937,0.778694278,1.994781861,2.244577742,1.655960108,1.004150202,0.543643831,1.354042858,0.275697182,1.46972202,1.48466712,1.314143182,1.028771103,0.746184962,1.119111138,0.918925619
PLEKHO2,4.548708125,4.162038514,3.055244544,3.652515654,4.384963775,4.203149815,4.592950579,3.846606159,5.062449237,3.794054432,3.724605627,4.397466146,3.341784066,4.007855409,4.856671815,4.842868884,3.934998866,4.361998549,4.430024909,3.312923038
IGKV3-20,6.233555309,2.38395469,2.942938275,2.460267271,4.591563062,1.468805847,4.281493176,3.450303307,3.136576087,1.444931637,2.571343617,5.178686329,3.251169869,2.566491799,4.486392801,8.168984931,1.776772444,6.423690113,3.662774548,4.0129199
LINC02072,0.342339937,0.03641043,0.033410045,0.018626439,0.452479106,0.10028109,0.036834632,0.059666995,0.204829742,0.472049414,0.033527583,0.151249065,0,0.009880746,0.26725286,0.309065107,0.149337552,0.01037908,0.112099935,0.006696232
TMEM273,1.617451337,1.505045136,1.044065538,0.668171524,2.873678493,0.860572497,1.948742419,3.445721202,2.573648853,0.926915699,1.426282327,2.20747777,1.087473372,2.044631762,1.703819897,2.442737876,1.957502279,2.04272888,2.512287835,1.101547091
CTSC,4.136737374,3.18680402,4.543888788,2.144090086,4.06179949,2.843633058,3.907236793,4.370458481,4.518906888,4.005815266,2.946288446,3.766196662,3.177236998,4.102627081,3.559660858,4.757285979,3.409358595,4.687468738,3.975572397,4.85742377
CASS4,0.969523462,0.241468232,0.707944247,0.05093262,0.666227628,0.144676006,0.649778226,1.737832683,1.611424663,1.346934417,0.311278271,0.4638712,0.360895934,0.281409696,0.724885534,0.859625664,0.223483019,0.850467817,0.684638026,1.592411268
COTL1,4.654085731,3.700452491,4.070722652,4.29357789,3.910563344,3.711570339,5.102405303,4.56586515,4.79550974,3.537924107,4.172894929,4.825978568,3.960825129,3.731894072,4.5581124,5.2968091,3.988648314,4.932097957,4.474850394,4.904863639
IGLV3-21,4.341812405,1.414884835,0.683597105,1.9602491,2.553705992,0.456771011,3.728715003,1.095013988,1.870608403,0.652838782,1.578746743,3.957597654,0.232801618,0.775012597,2.587001584,5.106723114,0.752961689,3.657527678,1.797596283,2.249551489
KIF21B,0.57214331,0.585569827,0.454599044,0.689747704,0.6200702,0.306929706,0.598836921,0.926525,0.598519379,0.350992604,0.348532215,0.643422481,0.395331507,0.372105,0.953551309,0.988377177,0.551240912,0.54870719,0.698713906,0.682321147
IGHV2-5,2.132250969,0.171687012,0.174676243,0.214904784,1.161442007,0.241863647,1.266952359,0.762079407,0.634044615,0,0,0.75115529,0,0.079474359,0.536008305,2.902618831,0,1.446514066,1.017487847,1.025119883
TLR6,0.49106438,0.158457429,0.394414343,0.093657817,0.272324953,0.203482247,0.469286345,0.74845829,0.77448391,0.574623209,0.294586024,0.664275729,0.260591875,0.248535908,0.4771559,1.010307611,0.249724796,0.730863092,0.55737893,0.623202714
CTDSPL,3.396203616,4.281548346,3.02341038,2.869154408,3.237123368,4.426909241,3.628003703,4.18671704,3.806311133,3.577308332,2.906731888,3.216716735,2.226535721,3.430815764,3.427764625,3.558413285,2.985599995,3.019506786,3.164603785,5.64993467
TNFRSF17,0.301172793,0.079934989,0.204531331,0.076297344,0.155809182,0.043841724,0.299327464,0.066343469,0.044184897,0,0.335752486,0.415354756,0.087953882,0.252752637,0.133314916,1.037131927,0.230987159,0.335164558,0.119804485,0.317631482
IFNG-AS1,0.061596457,0,0.095838415,0.027222729,0.042645575,0.011662709,0.174903614,0.035284449,0.007847318,0.049267581,0,0.165453513,0.069851958,0.056994136,0.020843609,0.063762296,0.228096489,0,0,0.038827609
SP110,1.442267707,1.109307384,1.373536269,0.731518085,1.086557876,1.687516919,1.236632875,1.435742683,1.270886422,1.951418566,1.211495528,1.355542224,1.115737372,1.234716574,1.218229127,1.241096976,1.286072207,1.052819387,1.004916769,0.925446978
MPC1,3.887714365,4.767292509,5.458527481,4.028280839,5.748707559,5.205621765,4.2165269,3.675236349,4.72651727,4.084437992,5.191628519,4.911700143,3.298914257,5.266686867,4.5736831,4.363214665,4.945164207,4.345819875,4.871106195,5.505323902
ABCD2,0.233078127,0.057750924,0.123922194,0.013974468,0.043568162,0.0586282,0.249190348,0.127998005,0.420243158,0.114818772,0.087622293,0.162967738,0.109513444,0.091128792,0.330884448,0.449528676,0.164258863,0.15752829,0.152811399,0.078275843
LINC02528,0.175573814,0.039544442,0.059984333,0,0,0,0,0.186157214,0.057213341,0.118876328,0,0,0.243641579,0.052916623,0.038414353,0.323511135,0,0.210393924,0.225205864,0.036033573
TYMP,5.106482475,3.099987451,5.559531962,6.040465751,4.826815279,3.941960559,4.201665015,4.638682848,3.918378915,4.999648354,6.25350898,5.365094189,6.954860652,5.320025984,5.534850057,6.07724781,3.651240995,5.329826978,4.739548024,3.603540449
PML,3.687393306,3.267765034,3.133612348,3.284210317,3.358176821,3.144900275,3.720600966,3.866560337,3.194460757,3.108843615,3.574024067,3.481163493,3.168799475,3.012229542,3.459620006,3.443568988,2.820108399,3.809566235,3.087714644,2.869624107
RAP1GAP,3.460549718,4.371171867,3.443968573,2.240089874,3.589407822,2.968514293,1.922617094,1.813141494,2.893448282,3.313962414,2.293571228,2.077472156,2.92145503,2.618407982,2.423104721,3.770564985,1.684214965,2.292850791,4.106196336,0.711129374
NRROS,2.273548651,1.692666121,0.679775233,0.737842238,0.9190881,1.877019418,1.855491241,1.778943908,2.652883271,1.590981378,0.943229102,3.003628344,0.855238769,2.511157232,3.347894638,2.861880715,2.46238855,1.988361946,2.715625155,1.338487101
ATP2B4,4.432068487,4.577231021,3.227003931,3.408549059,3.9049476,4.244178789,4.571092127,4.37536895,4.521607108,4.487377218,2.501080464,3.825043429,2.767447103,4.081926203,4.404182062,4.141547546,3.934604177,3.52114621,3.375561621,5.082128332
MOCS2,3.127004917,3.352964252,3.867507701,2.918387899,2.989307642,3.396952744,2.888351324,4.030484497,3.223520172,3.284139287,3.220818801,3.499159377,3.241012471,3.266555859,3.366070821,3.352613298,3.416581185,3.06818436,4.033514471,3.717568685
IGKV2D-29,0.838254525,0.35462877,0.241776687,0.729242853,3.040052992,0.175506085,1.219814468,0.259781169,0.081272153,0,0.166156082,2.306009682,0,0.146702596,1.730885298,4.565946014,0,0.535870437,0.787463394,1.181441249
CMTM4,2.796452078,4.016291445,4.312658738,3.291570805,2.684776933,4.202882896,2.005401773,3.238179728,2.997584691,3.323338562,1.918025428,1.765586505,0.996897679,1.859741285,2.718804404,2.296538974,1.59212519,1.977126151,2.853092307,5.260072608
TFCP2L1,0.272259167,4.427544686,0.805330469,5.172753084,1.650985673,5.227768253,0.102886531,2.793059803,0.253002194,0.516618884,0.29469416,0.094035827,0.053103456,0.150092101,0.10331879,1.200795149,0.302204332,0.790385159,0.225766405,3.299809143
CXCL9,6.160561427,2.549057236,2.496544848,0.857993935,3.720739124,2.894022872,3.203877791,2.811413734,3.518091073,2.669362652,3.180053815,3.116964018,3.151727816,2.432597924,4.160610258,6.725715837,2.28396356,3.557966407,3.80459822,1.836103148
PET117,2.070654845,1.974770022,2.53000426,2.384503138,2.17633627,2.072011166,2.105718825,2.540669775,1.785777006,2.188539271,1.860654102,2.824848381,2.675708201,2.541464119,1.978431443,2.333304177,2.131419754,2.114781762,2.5153152,2.694683009
MACROD1,2.224650029,2.929082385,3.219482405,2.67726733,3.626749363,2.553705154,2.390061949,1.724421194,2.660080752,2.549202389,5.326892809,3.68095629,4.387723495,4.010353225,2.944580114,2.807075015,3.559649143,4.007519064,3.098072628,3.291224145
FTH1P22,1.145437396,0.043514728,0.844213665,0,0.113344683,0,0.723026811,0.437358757,0.699624926,0.130460191,0.600677274,0.220986272,0.419950473,0.410712987,0.986409779,1.412487798,0.356133489,0.282449286,0.569515074,0.738856237
ADAP2,2.656377207,1.833781283,2.035906927,0.918781446,1.873187863,1.63531976,2.381386764,3.06570547,3.091319009,3.124883668,2.151812329,2.467147021,2.218634771,2.094584335,2.452516321,2.879079275,2.327235682,2.743660855,2.61877383,2.506842943
IFI16,4.4077845,4.082726785,4.61141659,4.372890215,4.39825033,4.356590452,4.321211276,4.67369097,4.486715523,3.394972801,3.691598637,4.860045131,5.105754101,4.096089358,4.149044325,4.445062816,4.709020503,4.303325988,4.16422132,3.657983262
LINC00924,2.024678309,0.905158109,0.709217463,1.831138926,1.409252871,1.139211282,1.535183579,1.472659558,1.255308824,0.308649647,0.485953444,0.647996914,0.350659023,0.767570999,0.964396805,3.517847686,1.893091693,2.877367968,1.99065394,0.706811277
TRBV7-6,0.19140622,0,0.246312473,0,0.217394944,0,0.496715971,0.093705995,0.271385201,0.170625777,0,0.197094369,0.123854302,0.218881766,0.161349021,0.985383241,0.245749024,0.298069714,0.069551322,0.10291037
HTR7,0.320403582,0.029053754,0.138819543,0.009295688,0.1309577,0.069811092,0.219911012,0.224086649,0.684444479,0.160775508,0.033358216,0.329510153,0.032025079,0.076829402,0.525584453,0.814800253,0.107690534,0.238275532,0.512653061,0.544208794
EHBP1L1,3.165290509,3.181427698,2.566408076,3.808979226,3.640017045,3.237623142,3.183962809,3.116719995,2.736506241,2.923642023,1.505235556,3.280464143,2.139643722,4.41511722,3.869600258,4.167289392,3.035330556,3.647569111,3.005091587,2.298856112
IRF8,2.64563689,0.551678369,1.361371294,1.210051951,1.690264117,0.579682528,3.251998905,2.708056686,2.668396797,1.546507528,1.147597409,1.691031007,1.167197532,0.694136859,1.828653766,3.269136903,0.862313137,2.149803225,2.251545654,1.473570923
FAM72B,0.150586578,0.088141488,0.143089609,0.038003138,0.107113593,0.140598609,0.117683189,0.119998222,0.080412075,0.046075453,0.023039887,0.053583506,0.173055324,0.069574074,0.085663211,0.241283707,0.07861574,0.052522838,0.097904548,0.073900354
ELN,3.955549196,2.378812459,2.347763295,2.380575314,3.24064632,1.211398483,3.899346137,4.130172116,3.682960771,1.149712152,0.864715444,1.135746719,0.935940752,0.327960948,3.191810897,6.243770642,3.659879711,4.055906538,1.34925969,1.156676614
IL9R,0.072894481,0.018232833,0.055001321,0.068321503,0.161969441,0.019739501,0.174640463,0.249873244,0.046002675,0.02808005,0,0,0.097836097,0.012281507,0.043869117,0.298763909,0.027694342,0.075726714,0.054723636,0.049247054
NAGK,2.504158388,2.262222117,2.951201899,2.769489832,2.30171462,2.745740261,2.470232154,3.136467989,2.649338827,2.636454752,2.885054705,3.102239879,2.821434463,3.261945074,2.969106687,3.393928648,2.669915748,2.743036128,3.082529083,3.342806272
SERPINF1,3.213436124,1.803407548,3.513911721,1.590422019,3.679516968,0.925403222,2.362318437,6.068885473,2.627044768,2.986869788,3.63954734,3.408719385,4.771454064,2.333055218,2.423051499,5.329843553,3.082684944,4.019144937,2.673829145,4.768661118
ZAP70,0.783924003,0.185335305,1.149559542,0.647328775,0.819700188,0.626042776,0.828186517,0.689292079,0.668660468,0.254088152,1.227871669,1.787937873,2.018860555,1.709357144,1.428206456,2.586629751,1.660032838,1.728856633,1.37351048,1.087910309
MSI2,2.445149071,2.670513188,2.539383992,1.795982757,2.3869587,2.998247763,2.121227465,1.724101715,2.340818138,2.541227225,1.645631001,1.454471659,1.769700275,2.119949026,2.022051285,2.013961483,1.374592001,2.16402479,1.971372365,3.292592219
ARHGEF2,3.162727756,3.148099915,1.935621975,2.936498413,2.52012525,3.321758929,3.058283806,2.521057149,3.415552217,2.393246989,1.889292551,3.253994831,2.083699868,2.908824407,3.699576327,3.503793643,3.386348978,2.849857451,2.859706174,2.923180038
EPB41L5,2.346196479,2.904715915,1.921758655,2.651142679,2.866781719,2.953122562,2.32730424,1.796785065,2.3756569,2.303706862,1.011026124,1.102277479,0.794538228,2.092918535,2.410501782,1.9785408,1.33886737,1.720227616,2.098088394,2.884856216
HLA-DPB2,0.721457591,0.937785575,1.342329242,0.638373827,0.908112183,0.175506085,0.164571878,2.447744689,0.64617884,0.187026724,0.085468758,2.04272926,0.062017529,0.784500107,0.794477893,2.661372119,0.382195125,2.007986773,1.858312808,1.429604712
GBP2,5.047973727,3.770055067,4.916597318,4.645855403,3.298291333,4.245504105,4.1989997,4.215634657,4.034641478,3.120449841,4.730575974,4.567552953,4.489722042,3.341215433,5.218335944,4.790760299,3.608941775,4.534080592,4.293163,3.03800982
CCL4L2,1.720605431,0.309596897,2.429791126,0.08127146,1.077549194,0.183723493,4.374615934,0.400668358,2.265454422,1.991612077,2.982352524,2.16058406,2.102702436,0.619489111,2.073731406,3.041675363,1.600407059,3.876219428,2.697808002,3.743767967
RALGPS1,0.64742547,1.131703632,0.36929589,1.353028832,0.533042079,1.977017666,0.456920724,0.462635865,0.615121035,0.456673732,0.406307491,0.281821032,0.185385404,0.57630007,0.484193281,0.58311416,0.43899791,0.518426861,0.550264471,1.52602885
SSTR3,0.046566807,0.025185173,0.045840679,0.006444062,0.020201741,0,0.020419671,0,0.007378131,0,0.030829897,0,0.011170062,0,0.009834614,0.052651412,0.007722769,0.014283148,0,0.004617078
CCSAP,1.329158402,1.330723243,0.724681877,1.093739513,0.980978166,1.516861689,0.841818679,1.297187279,1.275743571,1.118248553,0.631908416,0.742810276,1.294644937,0.446058942,0.768593479,1.325598134,1.046478634,0.798887552,1.240787891,1.063389113
IGHV3-11,3.600618397,0.589729935,0.269894957,0.677207284,2.321504487,0.24162824,2.777912028,0.784927321,1.9783446,0.914105302,0.498663869,1.52628955,0.738655336,0.294303134,2.374134151,4.939714126,0.206525918,2.06550505,1.258035737,1.134144727
KRT36,0.042393067,0.024427274,0,0,0.064300345,0,0.012409445,0.098320123,0.061432992,0.037576693,0.037283999,0.225556626,0.575199103,0.016465553,0.058598205,0.107328043,0.018650113,0.017294006,0.014899738,0.044158521
LINC02611,0.318533408,0.174842271,0.366769361,0.132682799,0.325228928,0.058035592,0.385963799,0.868983187,0.67426066,0.219053211,0.702625086,0.715318881,0.2838363,0.192380041,0.287805541,0.928014191,1.355696562,0.989025355,0.591518686,0.359296769
SDC3,4.125837259,4.300886208,3.3709613,3.809626739,4.294436094,4.258068335,4.183220929,4.289830087,4.130934069,3.834542602,3.418640064,4.279481215,3.581234657,3.592468267,4.146071902,4.397981771,4.151661246,3.875314706,3.218673781,2.69811516
NUDT7,1.629373046,1.641180144,1.877049287,0.840588604,2.806069571,1.430458099,1.679527594,1.354914664,1.671932593,1.963242945,1.494827496,1.837908045,1.220375588,1.609687268,2.170597688,1.703534848,1.442790828,1.600335699,2.214288786,2.408334631
ARHGAP22,0.908673788,0.550712564,1.616241501,1.17768999,0.642279632,0.409283446,0.579224496,1.570540204,0.697743888,1.099460882,1.196664718,1.247769684,2.323245322,1.421695438,1.047414906,1.898667019,0.763499623,1.898740149,1.763322792,0.611373128
ZYX,5.656939308,5.764539455,4.927252392,6.451423662,5.915612302,5.843488985,5.428714332,5.533627033,5.619838157,4.730478917,5.193883583,5.599049337,4.901241772,5.79909104,6.070487925,6.032737546,5.224651583,5.890285927,5.7218531,4.584137145
GAL3ST4,2.436952039,1.266775535,1.469261733,0.596821432,1.311852872,0.87796233,1.718415718,3.20055518,2.984744154,2.767551874,1.860091024,2.168880862,1.02462677,0.941155296,2.111944339,2.883886194,1.697330743,2.741415324,1.951146379,1.440928442
NINL,1.534890692,2.743208168,2.580210732,1.930869566,1.64094287,2.806778936,1.707507928,2.14821065,1.764637437,1.901473631,1.919697257,1.391607473,1.732043439,2.376790771,1.844626555,2.345846938,1.922539834,2.138429119,2.069273947,3.742658379
LILRA5,1.185562767,0.85937809,2.233963626,0.476103211,1.730422616,1.382504732,1.776450382,0.377329209,1.769862591,0.627860496,0.687351294,2.853485383,0.622063326,1.453828715,2.114241025,3.243413164,1.662035089,1.006859285,0.984807988,0.793125062
PILRA,2.781906517,0.947645786,2.423754027,0.909016524,2.764401815,1.004317263,2.39415122,2.161938079,2.757105524,2.260155332,2.143969172,3.472220223,3.518261141,1.97625202,2.427096853,3.664473441,2.456242594,2.389030641,2.44863958,1.770994648
NAPSB,3.51670171,1.108213529,3.194619142,0.508679745,2.045909449,1.171173832,1.573899414,2.4428209,2.670923381,2.168357123,3.865614794,2.723238029,1.813077187,2.443064556,2.239461274,4.945920008,2.140329273,4.546069716,3.650297101,3.471846906
SMAP2,4.767535881,3.549010549,3.252270651,2.860988361,3.796304714,3.272681752,4.608360367,4.322173748,4.348979585,3.096988303,3.889158239,4.035698636,4.199393742,3.202701077,3.787551512,4.741902994,2.94040912,3.577586766,4.010953313,3.310946487
LTB,2.76234335,0.78755012,2.113714135,1.229510652,0.904715694,0.546657502,2.181770424,1.286622016,1.41612249,1.063563632,3.088614937,3.675344284,3.749900444,3.172969086,2.16519396,4.428556051,2.227542096,3.951977809,2.433478743,1.669412571
APOBEC3C,4.981417864,4.483516112,2.187954991,3.179235513,2.790711456,2.058105163,3.834879551,5.057424455,3.349988808,4.941301557,3.349320519,3.075978097,4.417888487,2.093068554,3.193464695,4.522217644,4.493068009,4.596051951,2.909428723,4.698906482
NLRC3,1.407379074,1.045838056,1.016063075,0.481864308,1.100449949,1.165705737,1.591915261,0.976653063,1.569252589,0.684608211,1.13355943,1.19641361,0.70547849,1.046980723,1.58404523,1.839143911,1.109537421,1.164315061,1.469523151,1.002555021
FYB1,3.134734448,0.996062756,2.270357964,0.517350113,1.955143055,0.685198937,2.384941424,2.597949517,3.144269963,2.370474142,1.42701477,2.483029357,0.758109188,1.044984882,2.170090801,3.502136631,1.24150958,2.239975898,2.034834744,1.869343248
CYBC1,3.032215967,2.980765596,3.509823624,2.934986823,3.401599816,3.161001898,2.832815483,3.759003901,3.045763384,3.071294227,3.483494497,3.10289512,3.660890068,3.588108259,3.314916162,3.609588186,3.034784532,3.793722902,3.180140757,3.267861754
LAIR1,2.407824709,0.750710613,1.911066217,0.554761595,2.563915806,0.929009868,1.596515735,2.510135232,2.531912139,2.268176558,2.084935312,2.354187097,1.63967532,1.058085477,1.827768673,2.937827678,1.202785411,2.671253013,2.265841295,1.805622577
COL6A2,6.243556063,6.987029936,4.324302399,5.77548856,5.863297554,5.278260063,5.820803008,7.284678852,5.788107983,4.308447774,4.548465418,6.231360322,6.518649658,6.159584833,6.5316628,6.963331379,6.664582648,7.394704199,5.569554681,2.870314721
NFAM1,1.753215454,0.811891587,2.350018956,0.625522572,1.990482734,0.960416312,1.34478985,1.744850512,1.741197582,1.723005517,1.502847761,2.100952066,1.863881496,0.990063725,1.782460784,2.747543907,0.973520708,1.830128901,1.393724275,2.086999168
BHLHE40-AS1,1.026529682,0.571850721,1.033897327,0.904224082,0.701068615,1.0293506,0.565898852,0.30143606,0.65615702,0.609083813,0.687954913,0.373713645,0.346643364,0.454505961,0.845367142,0.86528675,0.731968188,0.430465507,0.570034537,0.187359201
TRAV26-2,0.226604543,0,0,0,0,0,0.198881919,0.111628748,0.098806907,0.104673698,0,0.233256788,0,0.091484094,0.306172967,0.371449695,0,0,0.23587865,0.062560296
JAK2,2.430245771,1.459757297,1.28445718,1.210019035,1.766527454,1.598011721,2.223566605,2.095427865,2.641303458,2.107157171,1.087464475,1.831951708,0.788920303,1.836543306,2.508124178,2.441826127,1.743957034,1.597541163,2.135870675,2.814105408
TNFRSF13B,0.073437874,0.012884471,0.019637888,0.040549778,0.067485538,0.027769001,0.02595491,0.02122448,0.014061659,0,0.019707305,0.144136291,0.042217786,0.034385994,0.043328601,0.390738592,0.019589361,0.114181482,0.046453055,0.057723318
IGLV7-46,1.618488815,0.271180852,1.178688379,0.609461273,2.298349379,0.181930106,1.146371793,0.691491237,1.016882526,0.173548672,0.763423074,2.071950794,0.126010633,0.474278301,1.549788357,4.508513414,0.088179926,1.788078116,0.380429868,2.716085129
SIT1,1.913072993,0.194078267,1.58408414,0.279202847,0.534453115,0.125630645,1.352786492,0.873893979,1.158015814,0.705293757,2.577059318,1.747067765,1.689015581,0.853280312,1.552976313,3.035625469,0.880621405,1.576758967,1.436713543,0.810261995
IFNG,0.672286739,0,0.262702657,0,0.097325722,0.020286665,0.127755635,0.061010047,0.093032477,0.112115062,0.334070969,0.190727789,0.603412231,0.074131721,0.188579763,0.822662395,0.463132423,0.288753714,0.110334642,0.050597935
PAK4,3.00207865,3.223223973,2.97301147,2.416286693,3.161999043,3.147177034,3.288689329,3.020342536,2.887566849,3.163729935,3.293942092,3.014574873,2.570175786,4.056539549,3.259648722,3.050998778,2.974891373,3.275982941,3.027009609,3.488868365
EPHA1-AS1,0.029875191,0.02569794,0.032637406,0.032584946,0.039815549,0.059603431,0.059949946,0.042211546,0.015641933,0.019896362,0.032752256,0.02317274,0.028329425,0.011572783,0.029078492,0.183295151,0.101697111,0.077243206,0.061712972,0.057819112
IGLV2-11,4.144424848,1.708875956,1.64549854,2.048602882,3.121571114,0.380553455,3.172372864,2.584527886,2.313132788,0.847781915,1.110774974,3.673971645,0.121478611,1.257899243,3.481082966,7.268272135,0.838863749,3.87964765,2.270168563,2.504265745
EBI3,2.548730807,0.862736047,2.481526581,0.633837816,1.276989992,0.63297175,1.576532453,2.642670461,2.300578819,1.722348829,2.20555256,2.633791381,2.893620316,1.415343798,2.392557093,2.915273808,1.001174391,2.464455431,1.893034809,1.72353031
BTN3A2,4.600584964,2.970034026,3.259642316,1.908173962,4.288635485,3.075741046,3.940976739,2.949371819,4.170190868,3.946837048,4.768386917,3.767053554,2.865408044,3.650169307,4.444500535,3.922285037,3.366079109,3.617927731,3.416534963,2.725966885
PTCRA,0.088803715,0.131497711,0.345687156,0,0.284903,0.08279621,0.271313963,0.18286387,0.187669549,0.198461777,0.460718802,0.102584111,0.124666997,0.102070278,0.212702742,0.410178407,0.029665716,0.387465752,0.241642597,0.152723731
C3,6.200065539,7.514557951,9.342840402,6.850209719,4.941693397,3.781323213,6.141322126,9.591240693,7.052973668,8.904161364,5.859335483,6.323154868,9.495797534,5.408115652,7.79862973,6.134385809,5.536941297,8.051464408,6.344460809,6.607648494
TRIM22,4.668258656,3.879177295,3.491570511,3.628793698,4.118412038,4.863147298,4.007263702,4.862193072,4.276105229,4.430314982,3.272948858,3.060010124,2.445703963,3.154046435,4.377279027,4.560616861,2.51910111,3.867808244,4.346139531,3.81025546
DHCR7,2.382867355,2.932326382,2.027113497,2.68470925,2.043059454,2.609739677,2.615339692,2.639148196,2.860588171,3.167596773,3.146968923,2.2775608,2.705837401,2.570496762,2.987671097,2.544939357,2.633004071,2.742651215,2.565442689,3.035118692
IGHG4,5.5839848,1.474427903,0.902711275,1.622917688,3.906521913,0.70661164,3.469684178,2.077481293,3.037181542,0.50366977,3.536420202,3.909334811,2.906962042,0.342361325,2.538187393,7.797963263,1.474148506,6.386939739,2.638124165,2.678168621
RHOH,0.941250026,0.107165688,0.46381031,0.154873416,0.388162856,0.126122167,0.890130189,0.870299721,0.644334441,0.259861193,0.533094163,0.761045887,0.411101302,0.473788866,0.722897681,1.550436943,0.395949954,0.646156795,0.537255743,0.433911286
RELT,1.176911298,0.814041006,1.008627774,1.878271256,1.420793434,1.185294419,0.960114648,0.721702288,1.161871873,0.766055989,0.694081813,1.527792959,1.511427573,0.913635379,1.61436868,1.702902163,1.240378072,1.446474211,1.299128622,0.707232763
HDAC11,2.320441134,3.144948576,2.6881275,2.65803831,1.915528764,3.235212198,2.030099321,2.604292517,2.070335418,2.225395917,2.579843602,2.510855554,2.104462813,3.785894321,3.083189404,2.741299213,1.731376259,2.538093213,2.514672901,3.712885193
STX11,2.283745186,1.109328323,0.989270606,1.96746637,2.379561137,1.303741471,2.810337088,1.51478201,2.09546289,1.593905209,0.752299783,1.838832657,0.542131881,1.830427237,1.908287968,2.21785488,1.215930681,1.404099297,1.360746105,1.421112085
HEPH,2.6627647,2.516889107,0.590873726,1.744276012,2.24683973,1.928112268,2.468473841,2.531556368,2.576488168,1.257434619,1.186985097,1.812707938,1.492138169,1.343637815,2.429980521,2.801220044,2.59588128,2.445111719,1.665433146,0.68266166
TPM4,5.38604108,5.71967294,3.8086953,6.803421482,5.446782343,6.001925902,5.112245771,5.669944691,5.535778816,3.944657998,4.205443933,5.277330996,5.009460391,4.184288195,5.619444468,5.885913726,5.465121584,5.672916791,5.011376823,4.122920838
ECSIT,4.271983421,4.150808426,4.347557406,3.642224379,4.169246297,4.121938419,4.122426732,3.940345871,4.106118364,4.788256032,4.389774242,4.85385014,4.4658857,4.981964989,4.459500449,4.23397667,4.212491866,4.050742453,4.444010225,4.383969283
NRBP1,4.133285514,4.156605321,4.134343012,4.172920011,4.188321117,4.145501239,4.175002328,4.065851188,4.130445234,3.961840554,3.787527398,4.258040899,3.978568753,4.391024612,4.391522827,4.444675065,4.136567609,4.058135196,4.268634915,4.292843961
TRAV21,0.405217356,0.065466722,0.648354494,0,0.086722874,0.138253296,0.555533507,0.386014898,0.654835688,0.36397129,0.279203295,0.115898616,0.780004737,0.087343166,0.293246856,1.786428217,0.098616268,0.17777989,0.079219061,0.420079344
CD33,1.182053035,0.18723406,0.581791141,0.076143939,0.57609585,0.198144593,0.632333489,0.723867115,1.411664846,0.62246528,0.519139737,1.002605848,0.227189599,0.326973633,0.784081614,1.571781415,0.584512097,1.113116475,0.874022172,0.778624644
SCML4,0.316015109,0.038228246,0.109195552,0.08369314,0.166636993,0.034551597,0.272972065,0.240182614,0.193240601,0.029626745,0.141330077,0.154319663,0.406989567,0.167796573,0.16845362,0.619546096,0.09057006,0.130691068,0.120437655,0.161071842
NOD2,0.798009714,0.298621183,0.974601221,0.216606158,0.529793792,0.224125334,0.387774634,0.385911762,0.704179121,0.368665542,0.577984456,0.699606918,0.242978289,0.255436973,0.529997355,1.211511336,0.325779317,0.78247759,0.583610639,0.629653526
ATP5F1A,5.330088022,5.654690488,5.134086184,4.755094028,5.243765228,5.475312364,5.118857496,4.715966187,5.465364545,5.634844256,5.615107979,4.627483613,5.008259894,5.069359532,5.053416807,5.120447591,4.811127314,4.838781849,5.602152408,6.491140736
LOXL3,1.370100431,1.342830059,0.818735088,1.606776896,0.919399658,0.988674798,1.196880688,1.442746802,1.415895131,0.897560609,0.52811219,1.064638935,0.592065415,0.990022677,1.213089647,1.934563311,2.926338367,1.54988245,1.458587126,0.936152412
CLECL1,0.719240982,0.090536662,0.818271288,0.082430422,0.199341331,0.111267674,0.20136264,0.10625089,0.297453898,0.174640902,1.131963922,0.568982987,0.166727121,0.216243912,0.553052861,0.821456825,0.154192957,0.334990765,0.279467841,0.436869565
PLXNC1,1.78530901,0.620975113,1.977378208,0.386320231,1.474909458,0.687582056,1.725701327,2.270055455,2.254691574,2.219893502,0.795618511,1.412963071,0.60976567,2.059243959,1.740336366,2.533089974,0.840194433,1.316137799,1.377353082,2.84478108
SEPTIN1,1.900874127,1.072161214,2.121541064,1.416941779,1.360203982,0.799346857,1.625739279,1.712342511,1.240752883,0.968626381,2.600634381,2.878687472,2.584894842,2.295383526,1.777070841,2.900507876,1.944250256,2.088601997,1.85294919,1.558301688
DMTN,3.745100273,5.037353209,5.214010316,4.39381808,3.587036004,5.01996904,4.503094101,3.108012457,4.392022969,5.352303749,5.025634628,3.863319691,4.367363293,4.390687646,5.501278229,3.608889784,2.771127808,4.271083936,4.817831423,3.956446762
BAG1,3.119218402,3.646709372,2.916867496,4.346416214,2.662680361,4.218533398,3.142614265,2.442592746,2.914255171,3.008348912,3.282687777,3.963117024,2.13922013,3.561448909,3.379886277,3.082115295,3.31202848,3.018758532,3.677656428,3.993860553
LINC00426,0.313477167,0.051135161,0.294671189,0.050561596,0.194658082,0.024843969,0.290530052,0.136642829,0.113303963,0.095109719,0.266428941,0.230651699,0.501619478,0.216220577,0.18921079,0.756165631,0.166310094,0.198143275,0.178374174,0.191930322
IGLV2-18,2.409371634,0.226880773,0.176434698,0.217038656,1.205928362,0,0.472696558,0.577598967,0.319521586,0,0,1.911417684,0.129555224,0,0.45636726,3.010888269,0.256583228,1.016004529,0.332091169,1.435584598
CALHM6,3.928100832,1.287053864,2.612078796,1.048158826,1.437543637,1.038808456,2.065035597,3.565569481,2.813118042,2.339129017,3.451137111,3.723260139,2.557144738,1.614398549,2.100727641,4.340643686,4.156039809,3.566796676,3.163769021,2.176253713
MZB1,1.457002985,0.171330908,0.628371206,0.775959732,0.742557344,0.135728058,0.820083921,0.454542257,0.356647376,0.217091197,1.324037926,1.520141295,1.433256937,0.461238053,0.855589686,3.553476342,0.502180283,1.759003069,0.494523114,0.493688412
SLC2A4,1.073302729,1.145448542,1.364719941,0.799361495,1.367890398,0.985856149,1.058732571,0.184645634,1.278913985,0.523955928,0.4648071,1.598434822,0.252259383,1.377331106,2.307868409,0.628411498,1.11337674,1.012394948,0.835742646,3.192405549
RAB40B,1.921989523,2.834153029,2.899290478,2.277729746,2.246857323,3.040216297,1.945154279,1.414052576,1.83406032,1.715596308,2.085344595,2.513731694,1.872128351,3.028763923,1.993884891,2.618044234,2.081358188,1.785483343,2.546415331,4.60097321
IGKV4-1,5.433334735,1.591009857,2.837826829,2.811274905,4.13665961,0.84919074,3.953639708,3.969834582,2.988562516,1.716731145,1.538958009,5.323299079,2.373003916,1.080066157,3.809332115,8.432058814,1.149131895,5.086773811,2.602685376,3.743165656
KLRB1,2.021435193,0.632114889,0.74157471,0.811282668,1.57591217,0.974414442,1.463612841,2.195020533,2.14332808,0.791386218,2.266130523,2.484664676,2.136678246,2.298003384,1.854462338,3.39226734,1.119737285,2.464645143,2.064283318,1.44434983
FNBP1,3.453465697,2.938936047,2.181006728,2.764627571,3.122904804,3.075040072,3.183850971,3.112491556,3.448678854,2.22876988,3.085194369,2.758901762,1.745579118,3.156105807,3.380981818,3.906880742,2.615633618,3.256003892,3.209290176,2.833997186
EMILIN2,2.021301564,1.012216907,2.343462069,1.711029454,2.37867527,1.592457023,2.089081911,2.090221931,2.561791919,1.538204466,1.562570505,2.449741527,1.446566099,1.003358523,1.705334895,3.20393109,1.558657009,2.519123305,1.841761267,1.747547709
LILRB1,1.722735137,0.815595487,1.483590146,0.475140482,1.115969751,1.147108934,1.905026919,1.389815431,1.953256025,1.516766825,1.140660187,2.18432565,0.773042488,1.981731719,1.846225484,2.30549154,2.389438707,1.51774606,1.467033169,1.377089825
FGD2,1.016443748,0.22738659,0.621386937,0.198253807,0.751447714,0.369375804,0.801738275,0.666614688,1.094515076,0.519272838,0.915361671,1.214575042,0.586074085,0.674347331,0.973938049,1.619699918,0.659901849,0.9935214,1.047123929,0.951305306
DOCK2,1.78267577,0.299835667,1.119004049,0.174727365,1.080291045,0.39299288,1.500722304,2.896259445,2.219079559,1.352721067,0.613819304,1.18332162,0.443445255,0.622695063,1.64135675,2.453427517,0.754567027,1.434535892,1.278230563,1.296927071
PEBP1,8.154413396,7.882052523,9.115276406,7.601761383,8.965186237,7.861520206,8.191323687,7.132423036,8.324515051,7.863576,9.003895723,8.578423925,7.178078063,8.936353989,7.929390292,8.158771232,8.041253245,8.049170991,8.550511966,8.506128722
MFSD13A,0.983986716,0.890263021,1.091842115,0.770628698,0.88735678,0.701447189,0.997179108,1.138267836,1.135195089,1.217829818,1.099235169,1.497096404,3.12491637,1.018665008,1.272864485,1.795522713,1.171540528,1.276449434,1.229757466,1.158979889
SPIRE2,0.584754427,1.096320311,1.353701052,0.814595896,0.99560493,1.503953799,0.213622354,0.531378995,0.294800707,1.303759752,0.732240183,0.698135819,1.461360801,0.834965828,0.847030126,0.649772746,1.058812712,0.497478879,0.635538833,0.958362114
MACROH2A1,2.961453054,2.770648939,2.780805903,3.304653855,3.06502099,3.047355554,2.740292039,3.163998059,2.864734797,3.128355518,3.23233806,2.746151125,2.795317698,2.395317358,2.774992513,3.307977864,2.574632156,3.083493785,2.977911173,3.007915129
IGHV3-73,1.540522094,0.758997561,0.222805078,0.502658886,1.239762276,0.559375454,1.148367585,1.768881847,0.823046031,0.419922146,0.078425289,1.777909937,0.974481041,0.068996645,1.272199316,5.047945099,0.289377987,1.057134902,1.013640413,1.176422622
RUBCNL,0.651574972,0.153356297,0.429392143,0.221268224,0.423442511,0.090826925,0.442444195,0.418027841,0.659039102,0.509157151,0.28680629,0.489725063,0.345426672,0.107210216,0.464567989,0.824328373,0.376408804,0.58948379,0.705841013,0.245073567
PARP14,4.442125388,3.60217,4.521039116,3.248309949,4.260080624,4.544396528,3.687096744,3.910896875,4.164805517,4.241496435,3.73216772,3.769917639,2.848852827,3.422433672,3.668353622,4.165687125,2.680934537,3.92310592,3.002829563,3.620830849
MBNL1,4.287424437,3.659372485,4.154894027,3.171091049,3.874027737,3.601780635,4.398494955,4.419490479,4.465128851,3.979849225,3.322101134,4.093214955,2.917189824,3.899111163,4.207575089,4.414262619,3.676305526,3.815966196,3.847701405,4.156975293
CSF3R,1.126484557,0.245047593,1.476936371,0.267949471,0.920278738,0.426291066,1.482743513,1.293505961,1.911137205,0.905260922,1.210964505,1.848244132,0.685859379,0.731466787,1.105677156,2.164510467,1.283133579,1.982255982,1.245665302,1.782985331
MRPS35,4.935094777,4.799179845,5.272441692,4.389063433,4.959284565,4.990593113,4.798296006,4.837054049,5.108011168,5.493586558,4.884868393,4.335967794,4.271031957,4.907976549,4.630370875,4.522324664,4.401472472,4.618854256,5.25755722,4.794804168
MECR,2.52958668,2.56873066,2.693910099,2.235824734,2.168260848,2.70858384,2.01576243,2.340465985,2.413144961,1.750755021,2.881231921,2.281742916,3.088849581,2.432786362,1.872285291,2.595407813,2.73712411,2.838579086,2.892844497,1.992105588
LIMK1,2.309297657,2.015423821,3.027653357,2.153298539,1.798474134,2.03166286,1.673350205,2.4222978,1.976476843,2.238335011,2.820192627,1.995995029,3.544254496,1.582233864,2.023127699,2.808025412,2.154612433,3.286749094,2.148438098,2.742471262
CD300LB,0.653071133,0.174778171,0.981739041,0.133209334,0.820197382,0.251247705,0.935213701,0.266756488,1.130165078,0.206386383,0.646575172,1.314601813,0.286435329,0.42053496,0.622964495,1.517142016,0.575961133,0.926976313,0.454319641,1.282852705
IL24,1.099529277,0.205237197,0.317124957,0.452245933,0.609911005,0.274020821,1.16184798,0.688372645,0.675696401,0.978094335,0.693141894,1.130173239,0.66535404,0.964890229,0.554623358,1.614553359,0.893997318,0.517890769,0.648397881,0.354188051
LTBP1,3.553998107,3.383161517,1.032486707,4.127230073,3.41586932,2.720645772,4.203990805,3.228654291,3.115736416,2.610407256,0.897419839,2.963489386,1.360553699,3.610039875,3.627701563,4.947483039,3.691095259,3.447849721,1.278886137,0.907624454
HSF5,0.032299837,0.005600343,0,0.021239151,0,0.012105252,0.050212899,0.018422151,0.024299798,0,0.034007807,0.010075541,0.036678662,0.015009179,0.016254272,0.049884862,0,0,0.013581208,0.005097785
STING1,4.165482615,4.645324983,3.944854856,4.665405094,3.389944882,4.465447061,4.211118833,5.96504228,4.277959903,3.07718534,2.901917966,4.227802816,4.12038817,3.787164949,4.702021109,4.81403586,5.231954255,4.335167864,4.659877777,2.180941341
COQ7,2.920191153,3.255944599,3.37028469,2.526095014,3.001732307,3.064901206,2.874018966,2.47314228,2.974238492,3.025602096,2.73269934,2.672707397,2.214716893,3.109834408,2.900395154,2.755094005,2.536094347,2.632819465,2.864517426,3.167447704
RASSF3,3.648856359,3.053442852,2.105212642,3.208377963,3.59470355,3.596183344,3.595059428,3.449705761,3.821884402,3.371750405,2.095867296,3.616788589,2.322624842,2.967859895,3.517795954,4.233564734,3.14507304,3.196085722,3.342677839,2.719293646
TNFSF4,0.980743524,1.097007104,1.79684805,0.305881232,0.686310506,0.956595051,0.792089591,0.598219043,0.821613321,0.6774049,0.207675573,0.764462453,0.331718007,1.038105164,0.777263227,1.331340915,1.216287941,0.449057308,0.860210249,0.807318734
OR51E1,1.560352963,2.004930528,0.563560375,1.061039578,0.584777044,1.437536704,1.3613233,1.502995537,2.19098955,0.872378009,0.95528343,0.988737498,1.484805441,1.527896187,1.756504137,1.251957613,2.304907554,1.229109411,1.26197241,0.105930402
TLR2,2.627031219,1.085566448,2.734003009,1.793785834,2.6183861,0.85847694,2.15830192,3.630008955,2.714410338,1.892446725,2.627382238,2.543446562,1.722821397,0.950651565,1.753114462,3.398523664,1.545058733,2.749416711,2.9227184,2.292482572
HAMP,0.288916956,0.030209551,0.854542973,0.066354502,0.268722122,0.008243414,0.030562272,0.085665842,0.182398196,0.372177141,0.285682511,0.352118317,0.189149974,0.070092995,0.03658709,0.746667041,0.045788236,0.767545881,0.15805258,0.640146981
BIN2,2.16387461,0.56992596,1.807095288,0.392782124,1.396278777,0.94145975,1.910803588,1.746356055,2.115205111,1.258803695,1.798185546,2.503926105,1.351093215,1.655994702,1.908083275,3.229767553,1.917456586,2.205390587,1.987139005,1.547253741
CD69,2.733194591,0.265933636,1.78220359,0.354695442,1.608111044,0.512307149,2.824053698,1.166534175,2.735521673,0.895463121,1.418113103,1.523207313,0.739879586,1.168157817,1.516915232,2.46859454,1.240243991,1.367591289,1.508863063,1.831301793
PACC1,1.838571484,1.553062456,1.105704398,1.143072254,1.68241899,1.282384303,1.847422989,1.524931331,2.01389925,1.908002465,1.652932694,1.603201437,1.713315576,2.222133664,1.492981356,2.232336363,1.9157139,1.955643172,1.736426788,1.558026095
CD74,10.67084151,8.383758473,8.988890229,8.037462045,8.848179947,7.536127331,10.03198083,10.84152822,10.21403516,10.39756488,11.31612604,10.49883376,8.065030394,8.419143252,9.690766143,10.91912054,8.724073962,10.24219142,9.714649994,9.159622426
GKAP1,1.22858394,0.922066933,0.9418303,1.35072509,1.444759465,1.511889665,1.522418108,1.161641774,1.31484533,1.550253894,1.323019795,2.22743807,0.780004737,2.145813245,1.467419003,1.431338319,2.561198807,0.954530964,1.261376546,1.719464629
SYNE3,0.737672513,1.222411675,0.210007138,0.443499792,0.75824278,0.9722653,0.664853663,0.907813676,0.809247754,0.299012938,0.2356193,0.794532143,0.202758907,0.451761428,1.428374397,0.838097046,0.408498181,0.254788279,0.925709811,0.211598501
LINC00472,0.806061303,1.69734419,0.524122665,1.43547476,1.660035805,2.479949214,0.848137034,0.868034905,0.791174656,0.72903001,0.368170533,0.459434617,0.351136848,1.882060932,1.380310419,0.525330026,0.544102152,1.004306986,0.996621796,3.126319735
LOC100996318,0.037258694,0.012909814,0.029414907,0.008217805,0.017203356,0.02782334,0.013061461,0.05258881,0.03266353,0.009985288,0.039225337,0.057264413,0.028337343,0,0.012537568,0.019419057,0.019627802,0.045079193,0.054156679,0.029207348
CD244,0.68701296,0.115833811,0.528833844,0.05021622,0.308033349,0.305034163,0.414364309,0.46206694,1.021772316,0.351191448,0.758850988,1.545053272,0.646879017,0.743612105,1.061992401,1.362484012,1.124721019,0.772727384,0.705076964,0.658327293
SLC15A3,3.024652687,2.305978205,2.891519171,1.386312009,2.629589888,2.257002646,2.574160415,3.185110341,3.017770792,3.608296149,3.414008772,3.17283318,1.221759858,2.005651417,2.975090536,3.943213449,2.006429879,3.627746451,2.895088637,2.212688682
STAC3,1.218288143,0.511396991,1.741761658,0.753243571,1.578782642,0.656297547,0.828913462,1.204937811,0.960190416,1.218238666,1.837571057,2.076178019,1.887207114,1.374783103,1.119645505,2.145523741,1.132546993,1.946459636,1.303752001,1.074672704
IGHV1-67,0.447314442,0,0,0,0.083418395,0.068070792,0.239418549,0.198335863,0,0,0,0.111524719,0,0.163406867,0.119850676,0.682748372,0.094873327,0.088140955,0.217475634,0
WDFY4,1.161262888,0.140608881,0.450067755,0.072793065,0.808517019,0.166366347,0.731453685,1.301265369,1.476756581,0.66870982,0.579216951,0.73142855,0.190545861,0.385743667,0.806473507,1.889909014,0.269802768,0.829597125,0.859749349,0.922715116
IGLV6-57,2.591894684,0.23745688,0.43448106,1.241492278,1.789074437,0.187042426,2.619706322,0.373593819,1.055899799,0.59786146,0.896926968,2.124980016,1.199934175,0.663706236,3.294350895,5.08023626,0.553262626,2.385099597,1.124941455,1.629248565
TRBV2,0.911260718,0,0.081042889,0.067740214,0.203426251,0,0.252589445,0.169887094,0.381648085,0.433702433,0.857449866,0.347786947,0.115655472,0.384151221,0.794554264,1.857180783,0.080846809,0.458336658,0.756870758,0.141781945
RGS1,5.502288047,1.14946653,5.90615694,1.529936762,5.333667732,1.352925221,5.403024939,4.839080304,4.938321366,3.316932843,4.221794737,4.901447188,2.79859295,3.541494804,4.254257994,5.741834221,3.840019125,3.330985707,3.957108649,4.907455906
SIGLEC11,0.196688054,0.164065959,0.262233286,0.018288111,0.028699254,0.015600006,0.085330577,0.081386875,0.106626074,0.504649673,0.30860917,0.136805108,0.2353515,0.08504425,0.061924351,0.478628037,0.156673842,0.532622231,0.093722034,0.236488578
UBD,5.075146028,0.495864991,6.014011512,0.878029067,3.260380925,1.270358661,4.04339821,1.891609887,4.437218731,1.613544227,3.490739678,2.223104793,1.930725309,2.371588689,4.506851154,4.021340885,1.779589376,4.137009246,3.012769593,6.338986518
PDE4B,2.107426314,2.695647734,0.995253636,1.472373089,2.344410131,2.105795323,2.964727906,1.176275431,2.867208734,1.019822471,0.270435138,1.568039766,0.454106658,1.026922619,2.33519437,2.204007405,1.94040366,1.063638556,0.897108682,1.377245461
C10orf105,0.068801241,0.018504543,0.014156329,0.011787452,0.084469362,0.005034517,0.027991904,0.067617651,0.046681578,0,0.007120719,0.151193284,0,0.137228966,0.079167314,0.127558374,0.048831355,0.032512332,0.033573072,0.004231172
TMEM121B,0.402543241,0.170760678,0.169636883,0.03415408,0.059248273,0.201278663,0.097508306,0.080092785,0.302429822,0.068387886,0.224737519,0.267559234,0.494675784,0.150302998,0.170006194,0.267406181,0.21755561,0.350599153,0.422162445,0.765901466
APOO,3.206945667,3.649204513,3.450794106,3.292041966,2.595450792,3.379436388,2.748855881,3.281379189,2.951515062,3.639944119,4.442870348,2.634036113,3.854096938,3.308936876,2.563444179,3.564373153,3.372825215,3.661926422,3.475052173,4.289171971
CFH,2.97912423,2.814949643,2.386567902,2.657096515,2.328589114,1.491949651,2.292402966,3.68767255,2.916192914,2.800483416,0.840995754,1.512432976,3.914733008,1.170602697,2.446690549,3.893204776,2.517292697,4.096489027,1.75474321,0.773921509
ATP6V1D,4.201655355,4.002521861,3.33692817,3.802679245,4.085060223,3.925704394,4.04447622,3.577832086,4.222233908,4.509476074,3.691140101,3.718361364,3.944060437,3.902970057,3.980201192,3.770192857,3.468504525,3.529120766,4.482873598,5.300099797
PLXDC2,2.955915068,2.065367635,2.371665504,0.756417169,3.365579021,1.89806721,3.696558738,3.596766103,4.042905546,4.460995049,3.519154773,2.95483826,0.986565178,2.924223887,2.369746584,3.456691092,2.40287865,3.777937504,2.902415457,5.540778777
GIMAP7,5.452985203,5.289438268,2.897161681,4.806878738,4.948575737,5.522317206,4.81993598,4.803981894,5.196710682,2.861822982,3.651346013,6.064524491,2.993925639,3.735827105,5.644454899,5.414387762,5.614438565,4.898682764,5.798591684,2.678029164
RGS19,2.897963303,2.192989314,3.138964577,2.118769729,2.501562061,2.003874678,2.50770863,2.943605053,3.068593148,2.450274148,3.315600837,3.537408437,3.055213865,2.480585759,2.991566052,3.584584791,3.123946945,3.500017115,3.084867173,2.708858093
LINC02273,0.564977243,0.011378366,0.068170904,0.070830091,0.102954168,0.048665085,0.409767193,0.210356827,0.104234116,0.034881305,0.165297351,0.424835381,0.21071758,0.239968019,0.206362156,0.759043064,0.100842347,0.355690196,0.398031675,0.221251121
IGHV3-15,4.191074815,1.040324565,0.785482321,0.679943258,2.741904158,0.395889884,2.778616859,2.708885504,2.440731675,0.792455538,0.223539671,2.732585706,0.111580484,0.753447456,2.657035289,6.258027781,0.077965278,3.036556191,1.516409229,2.546376816
GNGT2,1.705340487,1.260197902,0.931591407,0.781545434,0.977314384,0.924978517,1.363962024,0.963532355,1.80927866,0.752530694,1.663624651,1.785006352,0.953247486,1.362689212,1.453844872,1.723573866,1.326845425,1.347474813,1.787883523,0.574407735
LAG3,2.031298439,0.108567563,2.223316174,0.489528652,0.676286849,0.402403552,0.539420816,0.43608835,0.714526771,0.957611852,2.647187126,1.611704307,2.51750757,0.54826871,0.855618081,2.150773817,0.709495579,1.376860261,0.841510399,0.468957084
FERMT3,3.358558139,1.758648696,3.076283267,2.029532099,2.557384678,2.544085753,2.904896391,3.185790332,3.185421894,2.596513991,3.222915809,3.564049238,2.954304189,2.604784146,3.254440552,4.598310603,2.794078713,3.655907974,3.182144021,2.392104735
AXL,4.731946137,4.27460891,2.822632001,3.470429996,3.350897762,3.852972073,3.875080682,5.305638454,4.442896994,3.462862295,2.884613021,4.587786961,3.409654125,2.801731817,6.578117353,4.484379507,4.506409817,4.961528952,3.083925773,3.374955989
TMEM150B,0.89977792,0.365313132,0.975022039,0.098810043,0.761036833,0.190254462,0.671318878,0.783893923,1.283557515,2.256400095,0.935159301,0.739830659,0.728080013,0.510856826,0.473144775,1.552838512,0.311290575,0.930499227,0.492505315,0.276791256
PREX1,4.280449314,3.837278147,2.445913704,2.128530074,3.636605825,3.343758046,4.485997065,4.253687014,4.924255184,2.82802714,2.937435788,3.613442047,2.434595218,3.127151061,4.395368929,3.860720423,3.343548241,3.544223291,4.206103961,2.804158332
OXCT1-AS1,0.630056894,0.309224183,0.145381421,0.121955528,0.747771282,0.379280153,0.357126168,0.64202793,0.616546747,1.402966359,0.130374905,0.761045887,0.914467722,1.529442406,0.466624608,0.713156092,1.520252996,0.134908265,0.545388452,1.235383536
STAB1,3.417880584,3.295551772,3.066109129,3.142961932,3.137403361,3.406189139,4.382697907,4.392524011,4.266206555,3.244961565,3.227302974,4.585034729,4.019712449,4.043284559,4.51455985,4.694466255,4.447813739,3.939259279,3.673509714,2.073683914
ITPRIPL1,0.708076094,0.248848484,0.223219226,0.165837481,0.380166565,0.328640068,0.566955642,0.294186395,0.592876025,0.138161823,0.274904253,0.554580043,0.422141814,0.387711295,0.99070402,1.011920421,0.476347242,0.388925873,0.63167791,0.639340079
CBLB,2.131080938,2.154106704,1.992464438,1.743595122,2.169890343,2.367514644,2.082645337,1.850474536,2.107895103,1.578629436,1.293713142,2.143019335,1.60497313,2.174675612,2.321937858,2.256196936,1.808351338,1.2743952,2.00669776,0.844450071
IRF2,4.132533431,3.530766369,3.435777667,3.134426134,3.722542113,3.844767847,3.811458214,3.330359379,3.919747451,3.189988873,2.983717654,3.816032072,2.776705326,3.930606131,3.636081752,4.223497575,3.662853321,3.459948906,3.591399021,3.811548985
OXSM,2.213842359,2.150420381,1.829434683,3.074639191,2.541301599,3.070892738,1.952694515,1.857693903,2.238907684,2.423616582,2.708977996,2.50736403,2.602760062,2.374346603,1.923199093,2.564416862,2.380451211,2.324182442,2.833732492,2.588145664
MS4A7,4.345041831,1.987822549,2.630409643,1.464413091,3.068640201,1.510239845,3.355803824,4.05708821,4.438283431,3.506912433,1.974861267,3.810049082,1.503129786,2.008276682,3.568086988,4.060058714,2.429377363,2.862841352,3.187940409,1.929678338
HTRA4,0.519639608,0.105685948,1.111808824,0.243123294,0.667504156,0.157382087,0.096548555,0.104793116,0.327094504,0.344998765,0.368851324,0.364688542,0.380636571,0.029186458,0.082762263,1.630847797,0.112472338,1.173799806,0.299875329,0.296629812
TTC39C,1.230377747,1.312792176,1.392024491,1.500896861,0.561674056,1.266723355,0.766854263,1.390265371,0.763989039,0.84060165,1.09152044,0.930624985,2.091102768,0.532795048,0.537773844,1.634145732,0.898577523,0.975881736,0.950062413,1.321919933
P2RY13,2.218899539,0.403390406,0.56097159,0.06203084,0.352511022,0.432376154,1.518662527,1.862486403,1.706794566,1.389729762,1.421248144,2.237637975,0.297297356,0.688724277,1.66216777,2.318037537,1.228496531,1.816594917,2.06596441,1.052990278
SERPING1,7.35286218,6.961499659,8.882247722,8.198334175,5.788983885,6.681120776,6.886998326,7.649389437,6.664636178,6.730223728,6.394457862,6.328594697,6.746250215,4.607617492,4.937393768,7.877155618,6.45470132,7.650436715,6.012418016,6.591221836
POU2F2,0.85433276,0.373070705,0.859373068,0.617506857,0.325400294,0.303830046,0.695007592,0.790627837,1.047882041,0.62713163,1.008513618,1.335910265,0.438532853,0.545236604,1.044658504,1.254563935,0.978421061,1.005728414,0.720758529,0.790128945
ARPC1B,4.798413195,4.166048294,6.317974743,5.004897536,4.73324323,4.096966538,4.516333603,4.868079983,4.496669711,4.878863336,5.305347699,5.14550018,4.768003435,4.698412521,5.130799869,5.59683779,4.945012903,5.680743552,4.939517984,5.217880165
NDC80,1.039604386,0.515048901,1.552178767,0.286001404,1.208177147,1.279623842,0.524646015,0.741809129,1.082128406,0.691693428,1.137703214,0.832733589,2.305519406,0.683956295,0.97554289,1.559324493,1.36207215,0.85771743,0.992450528,0.349063999
NECAP2,4.082415751,3.460135493,4.058096811,3.529485045,3.675143755,3.803237029,4.035207402,3.690521845,4.17296871,3.06449684,3.741527806,4.019313022,3.494670385,3.618614408,3.946121513,4.314193185,3.780048614,3.999083745,4.005999205,3.153631838
LILRB5,0.896289047,0.187037223,0.451518324,0.422605315,0.999558558,0.513691827,1.030258285,0.899952087,1.50421876,0.422403574,0.256806126,0.507066741,0.251320583,0.622917913,0.840816482,1.62134865,0.292522711,0.46614975,0.679419897,0.11451316
FBN1,3.063339569,2.733039041,0.650434557,1.532035148,2.35013583,2.070380616,2.990289628,3.933986981,3.330167169,2.094346097,0.64249415,1.475871638,1.015782143,1.524641656,3.081310536,3.376144517,2.41691053,2.304958742,1.970100473,2.264275504
ICOS,0.387793431,0.051192142,0.451946924,0.116590893,0.41078045,0.05537067,0.370025598,0.35442796,0.341752845,0.1884629,0.255593801,0.394602179,0.16294208,0.185979751,0.261538787,0.875774859,0.114457899,0.184026836,0.337442079,0.298793806
HLA-B,10.53416102,8.439043901,9.51522873,8.833003072,10.16441615,9.369672706,10.04235436,9.3178898,9.775051484,10.05465131,10.53566832,10.11669114,9.13977307,10.11086355,10.55916698,10.39795336,9.50915378,9.872936377,10.1794269,8.725298119
TRAV8-3,0.984458976,0,0.584355284,0.083182083,0.169459546,0.071187183,0.603799497,0.207004501,0.748264977,0.100522474,0.099756117,0.224387137,0.388626909,0,0.787009666,1.088402177,0.279153605,0.092147234,0.595497727,0.173119541
TRAV8-6,0.702979479,0,0.119987057,0.05113084,0.053639514,0.043687768,0.264272249,0.066112288,0.498959966,0.337057813,0.061453947,0.328515846,0,0.251925839,0.287464435,1.107936793,0,0.163848833,0.390231912,0.107682849
TRAV12-2,2.044206713,0,0.285300671,0,0.416060914,0.054861952,0.445777229,0.306216646,0.723453208,0.288284965,0,0.537378603,0,0.194488878,0.353854273,1.754302983,0,0.933377361,0.176990989,0.370825548
LAP3,5.567935691,4.528707269,4.508962737,3.373355326,4.840234796,4.882603169,4.808860117,4.959536212,5.028876497,4.54220835,2.837293459,4.257943078,2.777822018,3.903444606,5.028528688,5.375573963,3.656546124,4.331955201,5.079545854,4.726221431
ADAM19,1.450257889,0.827883497,0.413108037,1.258430622,1.341225246,1.58569716,1.615454317,1.479884466,1.821693514,0.950594623,0.34048829,2.382913358,1.073009091,1.253265194,1.991467743,2.285806974,1.622392542,1.312107661,0.859370969,0.410545236
GPR65,1.575369017,0.334081664,0.97696607,0.343170168,0.847111543,0.536134738,0.916205253,0.957854154,1.842421985,0.890904795,1.168065847,1.562789993,0.559756661,0.670616828,0.973974114,2.061644274,1.051884567,1.459811236,1.547152595,1.171879507
RNASE2,1.073781144,0.116845772,1.614523727,0,0.419817468,0.064455559,0.534185085,1.380045938,1.105232064,0.833670142,1.990891678,1.397314156,0.406861462,0.079576773,0.430984406,1.812248619,1.518098634,1.62538395,0.823187441,0.508203059
ACAT1,4.820686647,3.94223011,3.371410129,2.936996231,5.595091974,3.485739749,4.753589723,3.611920204,5.361227303,5.129557857,4.598613825,3.596765857,2.707410029,5.035134554,4.811939898,4.102081688,3.928609036,3.640035568,5.195195717,5.179849305
VMO1,2.251902412,0.760466793,3.048001296,1.385748133,1.386428324,0.698579924,1.20422725,1.599850883,1.567037466,1.02990938,3.854811392,2.422008407,2.30405709,2.14155275,1.973362457,3.083020427,2.061083916,2.627974192,2.056069179,2.093059824
NSUN7,1.243930404,1.20584831,1.669731977,1.364734436,0.566499309,1.636257348,1.042478301,0.794469289,1.082584921,0.750003222,0.093729653,1.303680164,0.375501124,1.962648682,1.229036295,1.364012825,1.81767602,0.964501253,1.568315464,1.904297434
ARNTL2,1.080669363,0.479736857,0.797872786,1.061343432,0.702123822,1.234847394,0.789998541,1.128731815,0.866505219,0.461584387,0.483932474,0.767746402,0.202844336,0.415924443,0.99260096,1.309320557,0.377234117,0.831417673,0.864482331,0.095566385
GZMH,2.61514253,0.916411277,2.671691696,0.511606727,1.723162055,1.573814554,1.551541498,1.803042282,1.831605248,1.229895728,3.701987615,3.063767856,3.938915954,3.032237929,2.947642703,3.685289112,3.847594768,2.947947525,2.752986765,1.729552622
FCGR1B,0.456945856,0.079268248,0.517473794,0.059186359,0.113248014,0.078723205,0.067120704,0.49787198,0.290057439,0.318817591,0.702944753,0.577159883,0.698865924,0.079908576,0.120139611,0.81498612,0.371936085,0.658456138,0.425868937,0.141183072
FMO3,3.779838294,2.151851974,0.865431982,1.666349558,1.487550524,1.121306305,2.134736944,3.008889193,2.048232072,1.509690247,0.163298061,0.903002169,1.074534734,0.860753117,2.061629046,2.345691719,2.21963298,2.942879913,2.376598796,1.09077435
TNFAIP8,2.34493116,2.306850733,3.04908466,2.331308158,1.749285048,2.756286609,2.116962183,4.299555388,2.181767388,3.116673114,2.281365456,2.05106275,2.203263186,2.284015564,1.643023488,2.80055806,2.067092971,1.735922173,2.519989924,3.054343891
LOC101928228,0.522929637,0.113132273,0.404924474,0.029610802,0.0614947,0.145394693,0.580356744,1.128252976,1.057023669,1.192714,0.322081504,0.640205407,0,0.286096659,0.545402087,0.528806039,0.404045829,0.697938253,0.726503002,0.21826003
RCC2,4.74049177,4.536910364,4.605362915,4.125741789,4.600159023,4.640676803,4.063221613,3.943326452,4.640798803,3.735680046,4.697740911,4.544915227,5.137969637,3.991048985,4.418361025,4.950618188,4.630972267,4.817927486,4.177108399,3.546518262
CD3D,3.485061718,0.514505647,3.103298755,0.799682843,1.676255778,0.550070082,2.554152761,2.020843866,2.323301274,1.526384952,4.63886606,3.435806488,3.72850744,2.125759797,2.517739557,4.839141551,2.335902116,3.283878734,2.696238123,1.862467515
RFTN1,4.35106038,3.857589991,2.336084989,3.094031413,3.637895734,3.321352107,4.38562215,4.380511457,3.933929829,2.741592257,3.907445246,3.940914472,3.087012973,3.004267716,4.649408229,4.801218542,3.876532616,4.118439056,3.920263009,2.245278806
TIMP2,6.000458126,5.559357199,3.262119693,5.02233767,5.736125009,5.464417314,5.810234357,5.423046209,5.90421324,4.402381599,3.510591709,5.333498651,3.585462083,4.74786321,5.903368153,6.674620316,6.96000772,6.112266426,5.06864141,3.603484832
FCGR3A,5.518684603,2.965329735,4.692537693,1.615378103,3.857614977,2.839189285,4.14641677,5.59700661,5.478145031,5.008059956,4.808005059,5.980729639,2.584317865,3.413180926,4.775980476,5.552707679,5.048846083,5.164131287,5.15238772,3.647442165
REEP4,2.758668019,2.329549322,3.756752715,2.929474265,2.949357611,2.617741417,2.423713369,2.49959315,2.833398745,2.35185681,3.156816402,3.204387845,3.613866311,2.575254313,3.041406159,3.516734832,2.871473522,3.587020801,2.897398089,3.095330268
TMEM229B,1.49412308,1.053943745,0.539977932,0.25914937,0.549128614,0.839783352,1.048714052,1.344085614,1.317394045,0.747719747,0.729848586,1.221435268,0.91622521,0.758330218,1.246323593,1.417610639,1.041138183,1.063366205,0.994792053,0.805421176
ZNF267,2.057091981,1.38914069,2.202592199,1.470134229,2.726946079,1.713514699,2.272398607,1.512284174,2.662043254,1.985785413,1.287901443,1.550904796,1.278583502,1.465254815,2.369511479,2.291829735,1.577633031,1.512892094,1.822706418,1.289195169
ITGAM,2.005017589,0.76782605,2.316343504,0.425431423,1.641285093,0.814036294,2.070208199,2.199809003,2.728195669,1.740392717,1.70214187,1.706618643,0.797553066,1.229757679,1.95079625,3.027346126,1.253118966,2.328190121,2.062955588,2.095723502
IGLV3-27,2.540777021,0.419963243,0.403410865,0.975498327,0.079112105,0.126314356,1.135260393,0.763648887,0.206286761,0.177014351,0.775948024,1.290430381,0.128568878,0.295291434,0.763181916,3.089808794,0,0.237529617,0.269537834,0.725502402
IGHV4-61,0.950848519,0.097187238,0,0.28857557,0.301589256,0,0.64530099,0.488454129,0.266504981,0.075662591,0.075080856,0.3938726,0,0.066045149,0.420443687,3.098330724,0.074639959,0.528997968,0.671850927,0.289214814
CLEC2D,1.126403083,1.253824831,2.359823147,1.220012352,1.145783916,1.369736641,0.923126567,0.831018741,0.934540423,0.355496176,1.228969109,1.789941326,2.636373001,1.740565205,1.179266369,2.385990465,2.588736087,1.626864867,1.533657683,0.826040054
CDS1,3.067034137,3.388148092,2.770604616,2.812494627,2.545934903,3.622124908,2.727524654,1.866998517,2.787739799,2.530296932,2.718522638,2.012843949,0.437727326,3.276579315,2.52405591,2.598946107,1.718111425,1.951849884,2.660131775,2.693891631
NMI,3.196374664,2.308405604,3.196090934,2.269329861,2.921570055,2.882419007,2.919305664,3.311431038,2.78345143,3.403434775,2.167865512,2.816279076,2.411908288,2.835764726,2.646316415,3.289041904,2.632692167,2.860472849,3.077920701,1.784273626
OASL,1.885002754,1.178347166,3.40323655,2.293264707,2.829590637,1.618037472,1.125571323,1.791121187,1.286947606,3.62217407,1.678265794,2.193213106,0.925410332,0.917372617,1.495748666,1.971371923,1.320318277,1.126348354,1.162608827,1.409494692
HSD17B8,4.239505203,4.594390464,3.623146824,4.683595301,3.010662652,4.259013131,4.087552389,3.423209349,4.136552161,4.13757591,3.248834153,4.752087945,3.418550584,5.244495784,4.221412365,3.307021517,4.140782569,3.480297105,4.936799381,4.626393985
HCST,3.137912598,1.18448301,3.417236387,1.332709942,1.504533848,1.125492356,2.761738888,2.449708018,2.393448153,1.899046252,4.91037511,4.429461711,4.047437011,2.742503932,2.367902727,4.153831729,3.314161225,3.563583213,3.275841073,2.69176204
ASCL2,0.566064182,0.163975241,0.705305327,0.385143657,0.186111356,0.223592826,0.176947789,0.295450394,0.315065412,0.17997962,1.404763584,1.202486561,1.254047175,0.286432924,0.424710827,1.278487895,0.478273653,0.924982889,0.566462962,0.366837482
FITM2,2.533785195,2.320137112,2.822726847,0.960936094,2.326865267,2.06668262,2.843036705,3.469534569,3.096958812,3.835430092,1.466303283,1.509678268,1.347154082,2.593112677,2.923935162,1.985842426,1.551874991,1.949390604,2.83092982,3.838596723
ARPC5,3.813632273,3.433445238,3.770925823,3.730750246,3.94183642,3.663867265,3.692500923,3.585427504,3.925031359,3.712231517,3.868253614,4.068902711,3.542306991,3.708609871,3.82134062,4.375909559,4.089193865,3.805649365,3.903863371,3.969978481
LCP2,3.16044339,1.590379693,1.815004758,1.364999245,2.436958823,1.370585869,2.924081425,2.490368309,3.018601843,2.008357639,1.956588961,3.241270286,2.000968949,2.212526475,2.716105275,3.330596553,2.381473052,2.511112798,2.674794174,1.698924721
TRBV12-3,0.12519184,0,0.502171867,0.069680459,0,0,0.109404687,0.089929983,0.327732146,0,0.083641496,0.189416743,0.118912655,0.210415726,0.203161737,0.769208318,0,0.077229061,0.130502282,0
PRDM8,0.39524979,0.087423815,0.638517564,0.255920241,0.169999599,0.284566775,0.353226969,0.344242821,0.319115474,1.395317213,0.145900423,0.453087816,0.234081864,0.122543651,0.340550001,0.670166392,0.238573573,0.321936243,0.550103812,0.13476973
KCNMB1,1.325674173,1.123482375,0.745270869,1.486030297,1.301421766,0.676876217,0.742587543,1.251229045,1.0020626,0.786238829,0.866528383,1.494229727,1.172724033,0.536802421,1.254728158,2.504781375,1.555812465,2.08188116,1.102028378,0.517515583
APOC1,4.614305127,1.65408857,6.625567558,2.886667746,6.216931545,2.106581798,3.341317965,6.178702447,6.090424701,4.886796502,8.110430358,6.760871559,5.267122915,3.110074925,4.227707536,8.125886546,5.199218722,7.728448701,5.016199372,6.086641398
TM6SF1,1.775861565,0.698065891,0.622337814,0.223209574,1.385797044,0.520327237,1.164258564,1.657693883,1.810975079,1.045053147,0.077306126,0.517320832,0.056051207,0.366938838,1.057122955,1.726608649,0.577663597,0.816134367,1.300089783,1.288765642
KCTD12,5.106917687,4.660219198,2.521107917,4.112305888,3.776016484,4.78119763,4.884186097,5.278483853,5.042351514,3.911954937,2.786247414,3.381432686,2.557902469,1.853428187,3.449305713,4.808674235,2.833469777,4.075927637,3.898093056,5.368232678
SLFN11,2.965636738,3.6105116,1.069002084,1.731600318,3.297387566,3.898686304,3.572520816,3.688788328,3.836079458,3.47552533,1.508248423,3.142033652,1.204191271,2.680518962,2.715932915,2.775474654,3.252594416,2.50420612,3.460399735,1.140134731
CYBA,4.862009293,4.530646674,6.378454234,5.904106783,4.901650308,4.590664535,4.530757425,5.374142609,4.377806368,5.011474559,7.518700236,5.834598739,7.14632359,5.679659933,5.246855505,5.578831312,4.781710608,6.65609667,5.642006814,5.079492416
EMP3,5.450064922,3.925459512,6.443845929,5.263275228,3.923679973,3.701837482,4.442315434,5.522274224,4.736729939,5.834123569,5.726430751,6.284859673,6.456936579,5.388032089,5.540180793,6.056103108,5.143785448,5.192367222,5.372982921,5.651237379
IGHJ3,2.367846654,0.40595302,0.581550849,0.498804,1.663768685,0.768927665,1.723160516,2.077645276,0.773657282,0.587063806,0.58325329,2.350169282,1.283490986,0,1.682065741,4.463788673,0,2.702205088,1.573185885,0.373788504
CD180,0.835903685,0.97967781,0.655454742,0.137478801,0.501988689,0.987618157,0.34486791,0.908571095,1.318907779,1.161760558,0.903073749,1.012553401,0.176569057,0.221793029,0.712237798,1.746254287,0.539836539,0.726592374,0.64488419,0.556254334
MRC2,2.708678273,3.065978713,1.727733726,2.622946848,2.279058784,1.306482265,2.787000191,4.604240638,2.300051595,1.773012523,1.659996098,2.758655917,2.260199944,1.46467592,3.372415298,3.856665684,3.682499213,4.353911808,2.355506168,2.041965029
HLA-DRB1,9.832757841,8.408110311,8.254806752,7.689634619,8.203559236,6.975107397,8.913476585,9.545192026,9.200364787,8.704230551,9.585324391,9.489894573,6.043164036,8.298383732,8.529497885,9.715883688,8.384527059,9.234838987,9.056494681,8.098671726
FAM78A,1.859799715,0.89979596,1.47193545,0.53140879,1.176202498,1.150644552,1.400922338,1.686924847,1.961192675,1.271454763,1.7145393,2.313430319,1.333919834,1.526213787,2.062583066,2.648280655,1.723982576,2.209056315,1.524363032,1.555629098
OPRL1,0.81345835,0.512211372,0.604960542,0.140974151,0.417180753,0.214596496,0.57118136,0.756463607,0.92949515,0.674717709,0.396626707,0.948389534,0.708127854,0.723730617,0.859740405,1.20083184,0.912283826,1.394332079,0.702536642,0.924735642
CASP3,3.027820502,3.165967634,3.652097528,2.964741003,3.227110473,3.630830768,2.906253619,3.01236271,3.22214941,2.348030051,2.422815982,2.60576538,3.699105104,2.861821359,3.361832615,3.219390086,2.926809436,2.876989106,3.170061138,4.002853675
PRR5L,1.764928238,1.461811237,0.825500525,1.611511799,0.999230537,2.174491962,1.421067652,1.362095812,1.620195107,0.914719224,0.86035722,1.952677695,0.706682611,1.189875127,2.06618288,2.044088399,1.778932754,1.344803303,1.215819991,0.495293995
SLC25A4,3.676659812,4.106211403,3.351241068,3.405617995,4.0523634,4.090032403,3.713687892,3.005893554,3.749948066,3.521673245,3.713784831,3.309523477,3.309685399,3.983498782,3.780237826,3.678612419,3.335883041,3.397362289,4.939084904,4.017196535
GLUL,5.798116932,4.820017889,5.407535183,3.920890194,6.416882507,4.830039925,5.141610658,7.318402673,5.279415807,4.048142324,4.832055331,4.749000138,4.287392977,4.530372759,4.29944869,5.45189556,4.242454079,4.538187261,4.36179232,8.493765315
S100A4,5.328875074,6.653736266,5.681950587,7.316486532,5.163942506,6.553372914,5.259834837,5.368739811,5.521543283,4.312481401,7.290281594,6.764016256,5.483642564,5.247456131,5.610272801,7.437364066,5.981121601,6.179668883,5.712953462,4.611253147
IGHV2-26,2.333013812,0.059069,0.17338026,0.074670992,1.00285844,0.125044058,0.781459589,0.186615533,0.511855684,0.331524757,0,0.870561715,0.244229856,0.4191315,0.266534281,3.332443918,0.466903478,2.471289209,0.775200039,0.465046846
INSYN1,0.109656347,0.397638954,0.10798255,0.035107181,0.208123729,0.109323584,0.741232396,0.094961528,0.128893002,0.03204724,0.083282919,0.684146061,0.030525735,0.869665914,0.64359327,0.640426647,0.860666292,0.277562732,0.046003249,2.244658794
UBASH3A,0.888815227,0.093518613,0.445751423,0.401454509,0.203201162,0.41058586,0.615087991,0.288388934,0.550855378,0.308974617,0.865048264,0.87610679,0.720714621,0.811387908,0.632503247,1.608969879,0.258533781,0.745615563,0.511902332,0.577518695
IL21R,0.708507977,0.571827831,0.263317565,0.430811468,0.31150137,0.280405312,0.571677962,0.333239206,0.595429956,0.495279425,0.387495525,0.745897513,0.262139175,0.281389523,0.776290548,1.389737629,1.237694779,0.659982547,0.343860915,0.145391936
DNAJC19,2.725583476,2.869830092,4.062147209,2.832613863,3.224010003,3.191156844,2.829887291,3.099391839,2.903085488,3.086325877,3.571162568,3.374242251,2.693300925,3.843998157,3.186845065,3.180582686,2.829941412,2.920844376,3.497738156,3.518875879
PLIN5,0.187267992,0.505880414,1.651746228,0.572973519,0.179387033,0.193186506,0.13360929,0.360754043,0.311163944,0.021950902,0.071353438,0.237276914,1.173287072,1.217165189,0.08106992,0.182200832,0.782969354,0.453131347,0.357797606,0.558293052
TXNRD2,1.925011404,1.944779896,2.241134327,1.625730512,2.16085597,2.032587869,1.98658902,1.374780087,1.91003631,1.771741411,2.915688257,2.093125146,2.583013594,2.407153993,2.194447078,1.841346772,2.106098819,2.549762063,2.283230736,2.667857134
IL4R,3.801791606,3.912566111,3.238210848,6.188820411,4.779476777,4.39344505,4.52487254,3.652274855,3.558741492,3.400053044,3.300944476,4.018163002,3.594224761,4.336470445,4.489396841,4.109981045,3.435516092,3.976783637,3.466622924,2.833330118
KCNAB2,2.01753509,1.406052367,1.931437227,0.934096123,1.886357461,1.119226106,1.555796021,1.899800046,1.883245515,2.165723429,1.962965211,2.264211173,2.955300044,1.154432218,1.823633199,2.79699162,1.535413102,2.409970619,1.673161879,1.111892347
TBXAS1,2.555994672,1.090811004,2.020342512,1.687263612,2.103403219,1.198784303,2.12956643,2.525324081,2.5405914,2.281304562,2.405411577,2.953085338,2.011318735,1.771243771,2.318872985,3.035741692,1.718423669,2.629019327,2.465456818,1.818911852
SIGLEC7,1.506933135,0.247389248,0.596466991,0.08330077,0.873525137,0.354568547,0.960750001,1.092961246,1.784544916,1.124573948,0.309166197,1.265676729,0.164014281,0.394350073,1.07898164,1.66087064,0.37511087,0.877087193,0.717577552,5.318322591
GAB3,1.397873239,1.202741369,1.091188274,0.616937862,0.856149308,1.261223148,1.146149321,1.641855435,1.382418064,0.725481082,1.023356746,1.428978495,0.960866577,0.94241844,1.269458694,1.767336468,1.153377541,1.31053414,1.273547685,1.979655983
PCED1B-AS1,1.754575175,0.399760155,1.775344906,0.569856097,0.883895675,0.440431831,1.245120386,1.339943084,1.39331336,0.703727481,2.186813576,1.988923126,1.523651002,1.002809443,1.18597617,2.747226182,1.370324257,2.075551162,1.864893926,1.143531995
LILRA6,0.489134013,0.128930471,0.27294756,0.109980259,0.522715352,0.144672747,0.558688121,0.497576564,0.586713835,0.325171085,0.563401238,0.802373297,0.174965254,0.323493874,0.637842092,1.35066328,0.489172726,0.39955057,0.381956021,0.191307975
RUNX2,1.159199309,0.637761889,1.194576437,0.762735988,0.35339731,0.34665233,0.919081057,1.770458175,0.871116001,0.545554711,0.237326258,0.949830494,0.335323499,1.12163644,0.662867247,0.925726916,1.281380704,1.327689972,1.160958314,0.582164977
COL14A1,2.865971281,2.689058227,1.116038237,3.452219431,3.181599414,1.134101398,3.063121775,3.28757615,2.935371513,2.060101588,0.489265695,0.604969583,1.005631878,0.209101855,2.591315027,4.669293505,1.787719,2.941963654,0.643393778,0.665917359
ZDHHC18,2.887087754,2.268943474,2.829534788,3.272030059,2.619309499,2.458394342,2.569174658,2.272830248,2.59970078,2.019887382,2.375758283,2.730539332,2.714953968,2.699890419,2.649269718,3.090965555,2.745213809,2.643935374,2.369354749,1.988099249
FTL,11.46369799,10.1334312,12.85558029,9.827975377,11.65782911,9.631028051,10.90265408,11.24669686,11.44509553,11.75721543,12.32756448,11.87261077,12.35838242,10.82684679,10.62535552,12.43499416,10.9545399,11.85259978,11.62100709,10.92649479
CD302,1.748932681,1.077066343,0.527826406,0.744559382,1.255293699,1.002262632,1.933176885,2.073270996,2.269811475,0.934948624,0.357915599,0.866940849,0.291844165,0.47922936,1.214400907,1.614413105,0.762742901,1.300178755,1.1041899,1.280730928
IGLV10-54,2.579531831,0.335428054,0,0.077857454,0.949747279,0.066612744,1.661231086,0,1.600382691,0.18248077,1.588106923,2.926580938,0.254045208,0,1.84160137,4.183167049,0.180101623,0,2.064409678,1.840254263
HLA-DMA,6.101343994,4.481144483,4.997761757,4.437117984,4.855133175,3.411185619,5.512207329,5.842239576,5.727296612,5.167104876,5.97143692,5.861888767,4.165575691,4.850654717,5.218029446,6.510030569,4.755865098,5.584588357,5.379888983,5.002168531
C1orf216,2.552950617,2.490653657,1.79082336,2.226767358,2.345248371,2.300372214,2.214258507,2.163329524,2.228228477,2.294452738,1.50069793,2.079211412,2.932225712,2.053124013,2.471492247,2.733194416,2.519580182,2.360013482,1.701061764,2.725659071
CLEC12A,0.712696844,0.095711626,1.396016788,0.044236008,0.517579237,0.199874877,0.874065981,0.456632708,1.029506769,0.295303089,1.558525386,2.078035725,0.518523538,0.559984494,0.903528051,2.141613842,0.91152888,1.302812815,1.204536806,0.367187616
COL6A3,3.312585445,2.121962455,1.388579524,2.025002704,2.613465606,2.254709921,2.669642537,3.839009959,3.30457716,2.466528108,1.294907179,1.705227312,3.019558882,1.378276048,2.647271909,4.088358823,3.376566115,3.394068495,1.69050729,0.875646686
TASL,1.843337743,0.300729014,0.620748101,0.163519185,0.684514221,0.44639158,1.282774756,1.025194372,1.48513511,0.917450935,1.065112141,1.267551647,0.250273142,0.592419747,1.012149672,2.086871823,0.877512868,1.482547181,1.39979386,1.985813014
PTPN22,1.023856255,0.243521854,0.952029078,0.517506064,0.780159478,0.471827755,0.739036348,0.771357686,0.928598335,0.450093472,0.452765556,0.777058496,0.530875979,0.58873185,0.685061577,1.787565315,0.511687711,0.781760141,0.795124694,0.854220566
TRBV6-6,0.467004854,0.058024466,0.248644949,0.073357506,0.07692797,0,0.458079162,0.183453953,0.273933341,0,0,0.37383486,0,0,0.780153633,1.38330532,0.24807661,0.300843269,0.377841949,0.247016032
ZBTB2,2.562572052,2.534168292,2.31717249,2.819384661,2.901391898,2.475191614,2.674916188,1.939207155,2.910533985,2.269771387,2.026215234,2.801264641,1.607376327,2.344983095,3.067083501,2.57636732,2.842472886,2.382473972,2.703501312,2.640142241
PCCA,3.240408719,3.373871687,2.983753329,5.147312851,3.272645376,4.152515582,3.212717285,2.585050702,3.825495221,3.415460324,2.383270749,2.309379882,0.886319652,2.865097081,2.768822064,2.505850174,2.224261103,2.346417267,3.56174086,4.37453575
ADA2,4.724262108,3.434562036,2.228574601,2.917766178,3.298803906,3.546938179,3.730640913,3.826282834,4.158305331,3.25276178,3.124253783,3.538655417,1.925641734,2.267955081,3.542611076,5.015077614,2.46754666,3.488218704,3.453854117,6.90611124
CD40LG,1.146742014,0.03743904,0.28001975,0.152361437,0.421336893,0.105598779,1.076121307,0.577486695,0.799028909,0.586001669,0.38849263,1.208290305,0.323557068,1.075516019,0.778051657,1.961034503,0.214446802,0.909840834,0.636064834,0.500531866
PLD4,1.495903469,0.32746748,0.807558258,0.054189658,0.573809851,0.354472923,0.787909537,1.440666335,1.193126978,0.519188129,1.759839446,1.674160256,0.345889642,1.260133183,1.356738456,1.608799406,1.114321277,2.425249198,1.368993411,2.475096996
PRKCH,3.137381337,2.892946313,1.248077098,1.515364733,2.692972888,2.492807955,3.699387649,2.722966616,3.354879878,1.461664898,1.215332028,2.74274547,1.226709772,2.179062188,3.592566055,3.031767273,2.802167472,2.241893311,3.204768713,1.031851536
ACACB,1.512585793,2.500256551,2.307794877,1.208018133,2.471464859,2.349167435,1.86753611,2.065743375,2.005609954,1.950587314,1.754089162,1.710525814,2.489295458,2.177707564,2.51309927,2.156181718,1.861238544,1.860484318,2.201603185,3.08222502
TRAFD1,3.757080537,3.218027279,3.698679109,2.604144304,3.218173917,3.341448194,3.411161788,3.357165945,3.570961659,3.848899628,3.328611288,3.19702137,2.693133379,3.734644278,3.613004486,3.990144229,3.030142279,3.614169835,3.693867517,3.851984459
TRAV19,0.6003275,0.140504556,0.502561007,0,0.184615018,0,0.786163934,0.358004358,0.532793472,0.396325659,0.143461796,0.386472861,0.10466621,0.401499247,0.376273403,1.682756686,0.14263872,0.132669588,0.542050359,0.246335279
FCGR2A,3.972144549,1.640853509,2.522852171,1.091640314,3.188076134,1.559475735,3.419378562,3.768544227,3.67407504,3.18936806,2.483902461,3.987709736,0.661671452,1.787990719,3.010584641,4.109237375,2.014792797,2.814625108,2.879972911,2.766805386
ACTA2,7.256298681,6.884978602,4.471978904,6.942623096,7.945249751,6.664806039,6.367398335,7.490801015,6.928530522,5.671584386,5.324350141,6.954027995,6.390965256,5.761442183,7.419930826,8.682404381,7.197980514,8.146291116,5.637211511,4.58750273
SYNPO2,3.455928254,1.969369115,0.526350352,2.119133922,3.38232989,1.757808772,2.498983567,2.420721722,3.211178343,1.339543897,0.883953703,1.315197214,1.347611454,1.014700487,2.178821286,3.936295944,1.648654411,3.876858437,1.499047446,0.915320923
TRAV12-1,0.726220502,0,0.280534314,0,0.169929721,0,0.51245031,0.207571563,0.690277379,0,0.19358975,0.224998207,0,0.249612422,0.398719507,2.062561297,0,0.261167927,0,0.595957359
SNAI2,2.455315852,2.486795759,0.930631541,1.836735262,2.745974816,2.801379344,2.074622029,2.207801328,1.831787071,1.289799727,1.136311334,2.894806736,1.128092115,1.343960153,3.024104831,3.218874004,3.568948791,2.25244537,1.92913817,0.555752982
SYT11,3.536868807,3.928903411,1.366492969,1.71826762,2.77482333,3.84933227,3.751428608,3.341546503,3.798110591,2.862725005,1.195683439,1.841755752,0.89404094,1.309699612,3.361797619,3.75269358,2.504002462,2.681828145,3.035844259,3.466004289
TRAV17,0.65493032,0.091934667,0,0.115875438,0.121429913,0,0.262703343,0.076356342,0.2815718,0.204796223,0.58918848,0.236146348,0.195606286,0.235015754,0.564814395,0.957830405,0.202145995,0.188281881,0.214134948,0.08390565
ISCA2,2.923968512,2.816536006,2.199165564,2.555714552,2.785358198,2.800586025,2.755495341,2.667681186,2.75359079,3.313141083,2.118270055,2.860249933,2.456439389,2.73958162,2.734976292,2.51236161,2.786180283,2.411522699,3.306411621,3.669814511
IGLV2-8,2.810123093,0.418126278,0.95146449,0.891126438,2.455937748,0.220984255,2.0758885,2.457798802,1.822130665,0.69063837,0.409261016,3.057349066,0.094163927,0.364708766,2.217342566,5.021058401,0.188687936,2.433812846,1.605904927,0.960305594
TNFRSF1B,4.497015137,3.532892211,4.450066694,3.289241873,4.611506359,3.172311681,4.699064883,4.253815917,4.831855126,3.048300355,3.984761245,5.212350267,3.321187029,3.444281222,4.950388808,5.540363503,4.308502874,4.467100383,4.02357596,3.819074728
IGHV1-2,4.327110258,0.754745281,0.60883771,0.905834296,2.655332646,0.168753463,3.485407176,0.527663102,0.115542081,1.588006683,0.303549553,2.654898794,0.590345276,0.645886237,1.89017187,6.690685328,0.812695401,1.776974867,1.258746087,2.173128725
ACSL5,3.399678431,3.678024486,2.314406563,3.299219797,3.516609331,3.824578682,3.171514418,4.990220162,3.253064101,1.673561621,3.103651345,2.612086995,1.383676514,2.047281619,2.808286263,3.661901604,2.697749586,3.089645953,2.637882764,1.177846103
CCL19,3.040768732,0.863723364,2.445130833,0.604975993,1.69718033,0.062669625,0.246852315,0.59248641,0.488252684,0.396920214,0.39417967,0.453401614,2.178726225,0.441659181,0.261828503,6.049891936,0.584657922,4.10998728,1.015513419,0.246723819
ZNF831,0.438123891,0.043314155,0.148798992,0.042827018,0.130811256,0.039154969,0.290092445,0.21691582,0.312157701,0.077174618,0.231350503,0.126352969,0.138670608,0.11059579,0.338814452,0.718829101,0.097166056,0.150578782,0.168036338,0.265285983
KLRK1,0.150728149,0.088226142,0.590526635,0.047395659,0.308542457,0.133262771,0.200230204,0.096876478,0.111468665,0.034727749,0.225520287,0.306532583,0.327847898,0.243294648,0.230820386,0.473232901,0.234118501,0.103299111,0.276034729,0.067401532
CTLA4,0.985057204,0.073925367,1.199526434,0.156475074,0.849527277,0.123659164,0.366010795,0.152738442,0.239290482,0.097129133,0.512050346,0.505434837,0.896788686,0.646600528,0.319591362,1.872257111,0.310769953,0.375232665,0.458837817,1.389607415
IGHV6-1,1.051097323,0,0.233708267,0,0.206166807,0,0.551751051,0.397193019,0.386488241,0.161679515,0.082466129,0.186848063,0.117261437,0,0.376362077,2.810643897,0.081983083,0.076141445,0.065783193,0.097395043
STK10,2.878863228,2.651231147,1.904006569,2.567210385,2.569628411,2.540897294,3.131844696,3.183220151,3.175338029,2.560919577,1.820434306,3.405959985,2.059525281,2.730658573,3.673700097,3.291383239,2.553427513,2.571042511,2.822286157,2.507399439
MRPS9,3.731701695,3.810402877,4.444238515,3.735857089,3.666321084,3.934877764,3.599572881,3.659377144,3.638879399,3.801119835,4.257619188,3.969755654,4.031986624,4.210784072,3.90695462,3.884042025,4.094244576,3.779375549,4.075777844,4.157472027
FCRL3,0.768250876,0.061898946,0.057870934,0.08245248,0.241252258,0.151600757,0.116076924,0.079061097,0.344209076,0.02155767,0.273939176,0.38162133,0.367631597,0.28614429,0.432974157,1.206112814,0.190346206,0.254159782,0.172917506,0.037872185
PDHA1,3.94717834,4.610130205,3.631927911,4.74306599,4.441639946,4.805512309,3.785243006,4.304883766,3.959936377,4.14646201,5.43049841,3.993118852,4.597225129,4.06500498,3.831075171,3.980884425,4.020618237,4.651494736,4.152517544,4.538291395
TRBV11-2,0.58478183,0,0.441208398,0,0.073251085,0.117095701,0.396054644,0.826773443,0.22705431,0,0.163075444,0.189851748,0,0.274858238,0.105402638,1.082654397,0,1.145834529,0.605956404,0.146078217
CAB39L,1.676280675,2.930261566,1.945793342,2.199810057,1.549543065,2.789914355,1.837818135,1.38875409,1.758040662,2.29508955,1.584704945,1.473404967,0.411336401,1.653846005,2.209811673,1.841873127,1.708656698,1.45349329,1.887351469,4.529250897
TRBV5-4,0.459283799,0.041622383,0.342902656,0,0.348737275,0,0.58829856,0.25511215,0.22705431,0.124946636,0,0.707444601,0.255543092,0.109297968,0.328614459,1.578115299,0.440262381,0.620553302,0.146355636,0.370758757
HS3ST3B1,1.385758837,0.858318716,0.336729033,0.174041427,0.602831436,0.776901711,1.610364664,0.622146499,0.926391718,0.132620003,0.268664756,1.424376246,0.372541252,0.346225704,0.770477652,0.942171113,0.57804296,0.412570889,0.558337325,0.630530348
TMEM154,0.38646686,0.262148901,0.216185511,0.335718046,0.190574976,0.342489556,0.350846544,0.640158539,0.614608307,0.231607051,0.138988131,0.511881624,0.133623799,0.149264524,0.42397106,0.676947085,0.325849365,0.306620259,0.397776026,0.246533959
EVI2B,3.699238043,1.069666951,2.398776041,0.665458832,2.543649307,1.179703551,3.204586753,2.834348499,3.558147631,2.472102754,2.708781385,3.860857942,1.475462366,2.035450862,2.680378639,4.46129766,2.573833059,2.976545539,2.936025998,2.326140365
MYO9B,3.076477218,3.018290149,2.823078361,3.015082055,3.284733639,3.256731173,3.14301542,3.328229651,3.299762187,3.157106724,2.970302762,3.287200098,3.050271651,3.259655319,3.711855129,3.900019248,2.83634544,3.557951852,2.774944248,3.100402945
GSDMA,0.518321214,0.060521659,0.396545558,0.013034556,0.027237379,0.043957905,0.176380143,0.082679001,0.356884376,0.046985165,0.09178124,0.470916316,0.191334445,0.144824824,0.522880895,0.641344924,0.01561397,0.87743227,0.024836111,0.540919515
SAMHD1,4.539926548,3.26351849,3.086437091,2.045952698,3.885616099,3.183185688,3.97775657,4.378525459,4.869826384,4.041645655,3.448166079,4.166257169,3.234465083,3.078016972,4.267848806,5.005837026,3.348401905,3.808260406,3.66391447,3.603826569
CFD,2.71536945,1.011764946,2.975983455,3.299278244,3.237895311,1.685265417,3.199657204,2.304360188,3.45276395,3.97267808,4.71764782,4.797714926,4.217122154,5.023823269,3.6786746,5.595270703,5.324080267,4.916888981,2.818091561,2.436049527
STX6,3.184055719,2.968015616,2.495292943,2.120928466,2.900475758,2.944865318,2.85816536,2.730607267,3.16022276,2.884867643,2.810568545,2.928599184,2.726965053,2.761425078,2.974694926,3.274496718,3.112748097,2.84206995,2.726761066,2.865357261
PPARGC1A,2.702364236,3.669248826,1.054118118,0.892571303,4.355275995,3.691504192,2.252384338,2.31784613,2.192802394,1.563594268,2.370970272,1.125993185,2.109953182,1.630140327,1.405244385,1.723966228,1.48850892,1.781304661,1.856721778,2.996737152
ADAM12,0.957517754,0.403798234,0.346406412,0.384982033,0.324421912,0.391080129,0.499168782,2.503763945,0.477787089,0.802155479,0.165200726,0.128448724,0.409119773,0.111474127,0.308431843,1.523417716,0.935871972,1.365235079,0.147954484,0.070350471
KCTD20,4.117733304,4.071984779,3.17381789,3.563382343,4.13173584,3.823395156,4.130008357,3.755069284,4.450341283,3.451420602,2.610325918,3.273326338,2.253379385,3.382046378,4.597634353,3.759953175,3.173735294,3.585213312,3.744211192,3.534172413
NAV1,1.49091247,1.712142053,0.382238006,1.320322074,1.277631417,1.422658057,1.771696149,1.805999035,2.10417292,0.78519073,0.572508399,1.730889266,1.638210446,1.148329813,2.332317041,1.592341856,2.117884439,1.328573703,1.374426768,0.490245068
ARID5A,3.474340769,3.276778743,2.822336329,4.297249642,4.209083336,3.639979618,4.202272514,2.814766706,3.560328546,2.1564332,4.34420671,3.71641545,3.17052864,3.515563548,4.175620015,3.756827626,3.186940324,3.789945789,4.004889768,2.021821029
IL17RA,2.589841964,2.396302393,1.644691367,2.3116446,1.847479751,2.173838263,2.610343665,2.691230398,2.352858986,2.795370903,2.197839671,2.186863455,1.655597536,2.284254813,2.566750825,2.506852039,1.694654417,2.384432995,2.23802191,2.54324737
CD163,4.348886197,1.406952698,2.489507795,0.919387103,3.338235836,1.339736903,3.820578867,5.018409564,4.562785776,4.465559315,2.514017719,2.61316359,1.757764487,0.941604864,3.05982428,4.075725385,1.127985685,2.588396476,2.964919771,1.937176012
CSTA,1.564532069,0.245566723,1.784521492,0.216794034,1.357962283,0.500349913,1.096411694,1.091139714,2.010951191,1.065746024,2.11270039,2.680860013,1.252198649,1.042804686,1.205604453,3.252836398,2.299696702,1.901337174,2.1042318,1.160220983
CARMIL2,0.34993315,0.049853425,0.399584469,0.201434297,0.210800615,0.093842726,0.303779627,0.206340595,0.261486645,0.189831446,0.619071896,0.522080096,0.736710118,0.350805082,0.401993052,1.1316584,0.183363688,0.573230555,0.317818721,0.386054135
RASSF2,3.183172886,3.14786996,1.739905285,2.331835264,3.674388708,2.877616531,2.954289691,2.579895063,3.664787688,4.081064762,1.770637761,3.226501666,1.944668746,2.708983122,3.478811684,3.866408905,4.341773872,2.96332436,3.073182115,1.999826149
PALD1,3.512335174,3.069281513,2.37044385,2.077708629,3.1565718,3.631123115,2.610571516,3.459033254,3.282078621,1.947769625,2.445850416,3.910170707,2.9310745,2.796983546,3.8650618,3.727713258,3.476710059,3.269895199,3.161632694,2.706966404
ENC1,2.88977914,3.609011689,0.822318701,1.609865874,2.497481382,3.3156744,2.228163344,2.293482983,2.92568168,3.209450884,1.468323961,2.318140036,1.275998565,1.337725121,2.735317087,3.086653757,2.533202998,2.020097341,2.427389517,1.097909897
FCMR,2.651234915,1.359831958,0.919149982,0.77130661,1.802769581,0.956257004,2.322024498,1.769261668,1.998646523,1.809303034,1.26522204,2.091755096,1.452085282,2.38943321,2.119453022,3.093411743,1.526527195,1.688074121,1.671347675,1.139819978
WIPF1,3.915262678,2.148590175,3.221352672,1.635987584,3.0367227,2.221234127,3.75533427,3.382826448,3.948865933,3.159369291,2.987254216,3.820060487,2.551392579,3.427780756,3.276451205,4.093674082,2.994161933,3.100970922,3.107404552,3.747502864
CKLF,2.791608396,2.327263096,3.948282559,3.216894452,2.45533717,2.867705899,2.550144059,3.060269963,2.398532412,2.538839467,2.302216653,3.151123706,3.508617911,2.570841201,2.388216024,3.129925121,2.870276548,2.738979775,3.073970626,2.437943587
ELF4,3.394839358,3.45773445,3.016229111,2.961644431,3.217437547,3.763027242,3.079093777,3.619184153,3.169023637,3.46319313,2.133621661,2.727710291,2.613801685,2.678391373,3.734383477,3.217886418,2.291679613,2.646887584,2.686358555,2.535590648
LILRB2,2.028627563,0.671405271,2.089164549,0.710766486,1.836090726,1.30737739,1.551347536,1.337345571,1.997765906,1.27666769,1.712325334,3.218401921,1.336730012,2.086972457,2.312250515,3.233883589,2.040024653,1.920367998,1.708819655,1.541115834
LOC107985688,0.643184176,0.091934667,0.680894787,0.115875438,0.303537243,0.130971284,0.365682659,0.283811867,0.610532726,0.560243133,0.742035286,0.671571962,0.704184159,0.614246946,0.399952861,1.577233938,0.553789999,0.852363873,0.310354353,0.332845418
CD48,3.111724673,0.693916947,1.793612196,0.638173281,1.994844844,0.996886683,2.435402623,1.682392957,2.927756527,1.620302411,2.508482891,3.61602482,1.73975472,1.861972326,2.489047272,4.41993551,2.326864038,2.337146147,2.339882461,2.058255784
GZMA,4.199848207,1.156379853,3.51370679,0.561119558,1.86334401,1.172522153,3.158565113,2.861479627,3.11468588,2.203433918,5.126944692,4.274833525,3.92126592,3.110799544,3.445326026,5.009101109,3.718096304,4.026426311,3.089978558,2.816877069
ZEB2,2.698380325,2.264915614,1.284850226,1.92512325,2.365894972,2.668098369,2.521666146,2.061861426,3.054546616,2.495863096,0.951365507,1.958204028,1.616138734,1.970924397,2.458325808,2.647587097,2.354896453,2.633468051,2.14846212,2.122528521
IGLV1-51,4.428368546,1.133722795,1.187220266,2.100588912,3.464788569,0.86337014,3.381976414,2.94637544,2.853931939,0.797605671,1.676794384,4.368345215,1.753574164,1.321067368,3.266054684,7.230141957,1.58589251,3.445722167,2.777514085,3.176793225
FBLN2,4.234636598,2.975687721,0.925888669,2.457320276,2.524014117,1.715126427,4.171135823,4.18748618,4.336199031,2.290284865,0.877432679,1.313059973,0.46438664,1.533641757,3.157145451,4.752303727,3.207878462,3.21009524,2.428027106,1.215424227
CD28,0.67085593,0.126007142,0.61151268,0.23144492,0.430835844,0.103191807,0.827858761,0.380248842,0.860900099,0.911902213,0.427423951,0.561449134,1.050894814,0.26493667,0.594166619,1.479635763,0.110334919,0.47169837,0.44431219,0.479806543
ATG7,1.725328776,1.908629336,0.698140218,1.629588365,1.305890615,1.530193866,1.813628917,2.066823683,1.91904631,1.703327855,1.199273203,1.600941029,1.404350807,1.37960462,1.986805196,2.02348397,1.379403631,1.57084197,1.680344113,2.004400854
CCND2,2.956163997,3.611686191,1.697470065,2.095812891,2.288858769,2.138441069,3.330009796,2.540700127,2.946279514,2.012898472,2.671069638,3.506790217,2.57029145,2.692590435,3.591282963,3.510289464,3.440448589,4.157602531,2.322206222,1.430174616
PSMB10,4.314598829,3.028241876,4.886545416,3.572946144,3.728958306,3.52351592,3.760755858,4.760621515,3.747198747,4.188792081,5.725796604,4.373414278,3.81608105,3.41856351,4.068600463,4.539599452,3.669075508,4.728632077,4.173241772,3.420282518
GLRX5,3.520798402,4.05978488,2.709461478,3.826718078,3.623364469,4.309200981,3.362786201,3.05071724,3.358366378,3.823292592,3.310958143,3.471851574,3.566147298,3.400011203,3.384091631,3.527395924,3.674736446,3.33276326,4.231291438,4.070466598
MAFB,4.118474411,2.935446765,2.558183232,2.174198545,2.656456915,3.936387928,3.50781064,3.870088638,3.509838642,3.408247221,2.769948517,3.25154478,2.228641054,1.557408934,3.355743013,4.396788936,2.963716425,3.732925624,3.356703374,1.644779875
CD200R1,0.994363027,0.040602897,0.676300664,0.014877577,0.20460807,0.122127172,0.543951346,0.305421577,0.909606328,0.688171309,0.485540377,0.466829268,0.147936631,0.259848011,0.473046276,0.871776634,0.176954728,0.422028698,0.397597024,0.176179877
SIRPG,1.486756917,0.060204391,1.486019963,0.025814729,0.203708316,0.054453713,0.957076936,0.435097213,0.794165769,0.192423782,2.412213516,1.04417617,1.549828907,0.426252414,0.627446728,2.173778988,0.320699842,0.935742565,0.509081423,0.532068496
PTPRC,3.265925342,0.955819921,2.304680257,0.822808962,2.410927082,1.475205781,3.004486847,2.777727178,3.747146646,2.382761831,0.9661754,2.532276349,1.011398927,1.761748226,2.966395163,4.144426251,1.877977578,2.105015119,2.353964784,2.504861007
PTGIS,1.7222257,1.520779091,0.500020112,1.711309646,1.784672617,0.458470487,1.151563986,2.082242376,1.431504296,1.482922078,0.232703439,0.051023803,5.870354647,0.253209699,1.788908153,4.159960177,0.919643625,3.041281407,0.191920937,0.586240625
CD300LF,1.668563953,0.314010818,1.087938545,0.247698866,1.761110393,0.669600619,1.020658941,1.156715572,1.92586486,1.490837136,1.584761387,2.617827554,1.051870337,1.224864682,1.640574351,2.790975568,1.387900841,1.690295128,1.865121148,1.070247856
STAT2,3.603508788,3.571365346,3.97614344,3.511313829,3.878293017,3.850801985,3.539886108,3.977543158,3.647026115,3.961007527,3.843120268,3.851712995,3.647659501,4.618171711,3.91748171,4.451414278,4.10653581,4.401033133,3.585783058,4.135029987
CD7,1.981317327,0.551650617,1.652403396,0.742783525,1.204979589,0.55254953,1.38953837,1.85063215,1.210193297,0.481168119,3.567323678,2.112877292,3.07708549,1.920852491,1.834570229,2.878686772,1.220857568,2.406211773,1.314165164,0.839555225
P2RX7,1.496594804,0.528223658,1.158691843,0.24179774,1.686413626,0.390667832,1.793414784,2.016207887,2.329117887,2.655835778,1.200731847,2.095852214,1.380185638,1.839332848,1.907555614,2.278697556,2.45658086,1.250240303,1.639479997,2.150996626
PLEK,3.350005217,0.857596844,2.23254059,0.411193251,2.471545701,1.403079965,2.616776324,2.518787466,3.602402792,2.955487123,1.794027845,2.735996194,4.014611603,1.522707447,2.668167234,4.096791689,2.08284768,2.56235729,2.843016025,2.352237455
FCGR1CP,0.805455091,0.154884646,1.048031423,0.163552527,0.234450232,0.085942659,0.275279074,0.522937256,0.28685542,0.196543812,0.711153027,0.777993606,0.938887974,0.036178575,0.350640114,0.701764313,0.655995448,0.890442399,0.475536389,0.207538959
IGHM,4.733315688,2.051687591,4.033640144,2.395541177,4.611901062,1.345418847,2.717071537,3.861890548,2.165359519,1.319998557,4.015799564,3.344654844,6.110261911,1.628651086,4.330098668,6.772271272,1.602042343,5.401701165,2.806006367,3.02548249
P2RY10,1.37501917,0.122096447,0.344650739,0.167970891,0.591496703,0.193449726,1.15906779,0.60904586,1.188539125,0.378792822,0.282906063,0.483194435,0.108301326,0.43956376,0.768258325,1.627783271,0.199178822,0.595922523,0.343072531,0.598752618
TIFAB,0.108688879,0.011588834,0.046640323,0,0.010315279,0.024989512,0.068962016,0.025405206,0.119155655,0.023777707,0.023591619,0.048109257,0.05046201,0.051222588,0.180321536,0.637159729,0.029254191,0.05903573,0.064555831,0.095597136
TNFSF8,1.226305349,0.171241342,0.611057919,0.222989599,0.974729545,0.243663248,1.241135987,1.730059365,1.625691124,0.99941445,0.435988231,0.783039855,0.255166963,0.32246305,0.80314836,1.596415557,0.273523827,0.801561688,0.884501872,0.759729183
ETV7,2.800340985,0.888953549,1.83258695,0.690480538,1.334418477,1.038073338,1.106819294,2.716714296,1.346385865,2.235960985,2.823246918,1.959223364,1.418251311,3.049113032,1.658022075,2.48046387,0.804194421,2.122251833,1.845360055,0.482109682
HLA-DQB1,6.59586169,4.781289933,6.047809727,6.248648281,4.873088654,3.503399533,5.72693002,6.254789329,6.169475455,5.218715958,6.520687175,7.512405928,3.61553697,3.751845913,5.309783708,6.49881411,6.802982731,4.543850156,5.941382417,5.483155853
GPR18,0.347159095,0.159418791,0.298065029,0.074556567,0.263608485,0.183452231,0.286341337,0.168752692,0.348630723,0.107528418,0.508161858,0.444565532,0.413059472,0.26538334,0.332647639,0.911289267,0.267221043,0.741485022,0.242024176,0.48805217
CPVL,4.511800105,4.477178037,3.549241203,5.545395498,3.101659425,5.508417161,4.494890498,5.169670512,5.205474258,3.469704932,4.031817186,3.694793883,0.961162369,1.544188283,4.494148667,4.848048483,2.02616014,3.874755372,4.319950803,6.284552169
IGLV1-40,4.800846828,1.268100731,1.318606225,1.759971338,3.435096995,0.633125268,3.978674345,2.16680149,2.326320114,0.787029021,2.650415507,4.157735117,0.829479989,1.773783246,3.531235906,7.444384927,2.249791943,4.365784192,3.639737838,2.766349388
LHFPL6,5.773770195,5.397786879,3.533491121,5.805635497,5.208706936,5.158300146,5.520834872,4.91053862,5.835989723,3.254637856,3.591883156,5.211033965,4.050412997,4.821065298,5.538619372,6.502543677,6.523801435,5.991859954,5.772544493,2.712614656
NIBAN1,2.795161159,2.359257584,1.251083011,2.642910707,2.794328018,2.403091685,3.081470673,2.985902675,3.109023288,2.769697979,1.246984725,2.591581638,0.96242829,1.746314612,2.904243154,3.720680947,2.17035286,2.586768168,2.102805216,1.802877742
UBE2L6,6.076287298,5.063848891,5.441723573,4.236729905,4.982476564,5.470664225,5.292198936,6.263140802,5.160052311,6.584644238,5.197378376,5.535493797,5.248953278,5.392727008,5.497947229,5.87135679,4.813859618,5.060462431,5.567815589,5.119050381
PARP9,3.44759863,2.952902862,3.075565493,2.547953342,3.518394599,3.912292303,2.832897826,2.81002094,3.113026686,3.602886848,2.265295257,2.203183532,2.111736465,2.50649818,2.753097649,3.166657267,1.880619668,2.94409315,2.482863037,3.066473342
CHSY3,1.384047385,0.809074855,0.43521125,0.49687514,1.325137368,0.739956537,1.189377864,1.652746066,1.681385619,0.6779539,0.283301496,1.124537414,0.715869418,0.719746943,1.53623664,1.189135458,1.254863244,1.003729458,0.984315102,0.09750266
PRAM1,0.930910888,0.236001559,1.608471943,0.287490889,0.840455894,0.53524904,0.700522035,0.409870243,1.005159604,0.274119027,1.500553919,2.239053261,0.804926598,1.08067216,1.031170178,2.365427909,1.270368218,1.756502608,1.106013867,1.565706698
MAX,4.396839362,3.509877589,3.524856065,3.666786972,3.779384491,3.737935106,3.766860106,3.615751661,3.981160889,4.357330098,3.875571525,4.44647037,3.53869072,3.581862937,3.845128444,4.186282327,4.025741792,3.883970344,4.280220384,3.789727722
IFNGR2,5.313535588,4.750514535,5.401373387,5.521343022,6.041118209,4.931399748,4.605219096,4.971210312,5.616353551,5.616437862,5.509756778,5.471112777,5.545148817,5.89904809,5.176971713,5.309358121,5.8888526,5.321994339,5.391356479,4.42948206
SAMD9L,3.160732908,2.517718007,2.679734711,1.643672867,2.259567398,3.674170246,2.899225013,2.584838228,3.489347655,3.132598005,2.546347707,2.228825002,1.052168457,1.699213272,3.089343865,3.176525913,1.764549607,2.55184071,3.145271256,2.065839039
NFATC2,2.197373009,2.131021539,0.682378801,1.335801431,3.73391325,1.620749087,1.86643308,1.965296423,2.033036203,1.474495532,1.509607143,1.649147471,1.069276193,1.730071087,1.943956342,1.995302101,1.203639565,1.406158275,0.959015201,0.934480945
SLAMF1,0.641724717,0.073435746,0.289523956,0.111827052,0.194539589,0.095836953,0.557530236,0.366947928,0.525889688,0.299321767,0.24244669,0.57592405,0.563079094,0.517280178,0.457395351,1.777907821,0.205984918,0.441750857,0.407666086,0.242830003
TACC3,1.939979518,1.251324414,2.033148041,0.837932917,1.66506885,1.440828118,1.379473389,1.316731653,1.546477808,0.807458375,2.022488868,2.239623184,2.875991826,1.556476301,1.823390165,2.764596815,1.786443275,1.95487165,1.574447213,1.397189224
MILR1,1.652494679,0.346891377,0.872258798,0.486677797,0.685714225,0.361695419,1.391510792,1.773631204,1.67603365,1.493506173,1.081197255,1.510223206,0.888618308,0.721020808,1.121004178,2.308168501,1.182320558,1.882645284,1.28645561,1.317461667
PLAUR,2.346117259,1.764362038,2.731963579,4.258261012,3.040571398,1.832631775,2.784945524,2.063953847,2.707327875,2.103007982,1.533661051,2.377746338,1.777501965,3.419187286,1.783371389,2.916391693,2.157905318,2.303348713,2.168924399,2.279840506
CEACAM4,0.700615726,0.174295374,0.69973906,0.083182083,0.108220916,0.15549913,0.24973267,0.05460159,0.458250027,0.239280949,0.837955572,0.991789391,0.71725934,0.493705196,0.505308007,0.95068249,0.49485107,0.428963987,0.540242267,0.131747999
SLFN5,2.868827594,2.785668766,1.314921303,1.945560324,2.504160936,3.058578999,3.050944129,3.10397502,3.357583105,2.200396303,0.985688114,2.652170469,1.441553583,2.239439103,3.356632867,2.865944567,2.296016763,1.982894506,2.661734186,2.887418161
GABARAPL1,4.327898331,5.541263047,5.817425242,5.826397109,4.708234302,5.320107847,5.08541197,4.28230441,4.704596251,4.686593924,4.269692866,3.759293179,3.537597609,4.746010296,6.249117004,4.236404755,3.354575005,4.302820213,4.825994007,4.246001679
SLC2A11,1.260072963,1.654241301,1.751449311,1.126864476,1.54925498,1.818071307,1.337852431,0.909848853,1.361590586,1.836502422,1.618507273,1.236046892,1.902743376,1.946169403,1.493542931,1.888711894,1.780216021,1.849306536,2.170554764,1.792749963
CARD16,2.505523086,1.548126526,3.016210058,3.118618888,2.030110788,2.247934843,3.016419019,2.536043105,2.185807113,2.545916816,4.04726782,4.034109513,1.984065725,2.960676136,2.679064692,4.078929835,3.166460306,2.857768765,2.598882655,0.818917469
PRR11,1.028935474,0.703404742,0.894199717,0.18133773,0.878581246,0.819808455,0.833386666,1.507930842,1.276911433,0.74976684,0.610278938,0.617727924,1.699510136,0.32406198,0.714104179,0.991669542,1.615316807,0.774930116,0.718408735,0.270242906
IFIT2,4.034067952,3.572147585,4.154070371,1.980688419,3.625384582,4.036855662,3.488459363,4.076493082,3.401503166,5.177933722,2.701934547,3.538112644,1.843337546,2.749439462,2.883068058,3.937833821,3.540292856,3.438740583,2.384852097,3.209295222
LDHD,2.859067587,3.43038397,3.155333067,0.818503364,3.372902515,2.678809596,2.054950574,1.073130487,2.810172987,1.687884566,2.189036897,3.108697252,2.914439892,2.761412558,2.535531327,2.625176157,0.588841886,1.175361724,1.047501487,4.488379812
TRAV20,0.296670599,0,0,0.070183015,0,0,0.308122494,0,0.040607795,0.084892486,0.239265352,0,0.119755837,0.144639689,0.251470554,0.615561344,0.083748689,0.151589045,0,0.321764889
IFNGR1,5.405124468,4.809434069,5.212123366,5.381923582,5.667686618,5.24251094,5.658360028,5.784416252,5.498572954,4.321129634,4.75024553,5.585452397,4.037134411,4.761729941,5.547228584,5.530162706,4.986108543,4.962154782,5.276704959,4.471715916
ACTN1,4.109360119,4.472747666,1.863777776,4.280184532,5.069010112,4.571080676,3.461926382,5.13633184,3.910721602,4.722038078,2.889465046,4.583173004,3.972942186,3.16410441,4.65735473,4.624785274,3.827757315,4.436678373,2.954318165,3.030974771
DGKA,1.431283823,1.537696277,1.020613445,2.621842847,0.932897625,2.257179701,1.204357604,1.197098158,1.090906029,0.720716109,1.026603743,1.414470054,1.171311357,1.017767078,1.186513408,1.904018701,1.080054505,1.251261287,1.462100954,1.095155668
ZMYND15,1.387602354,0.919801616,1.621483586,2.427912581,1.358057228,1.822878092,1.020910911,1.662800524,1.132936934,1.137135827,1.586405469,1.641330423,0.730836068,1.207389536,1.517592551,2.323267428,1.164514781,1.76708365,1.718920527,1.513944426
C11orf71,2.841626127,2.444986319,2.806534415,2.395826433,2.976017056,2.48233243,2.647441332,2.946900562,2.597081216,3.338364495,2.576425211,2.742327631,2.318377209,3.473269937,2.515141175,3.374539829,3.102537405,2.368865232,3.365550283,3.637620348
PFKM,3.409121012,4.022749221,3.346364593,2.397980587,3.24415035,3.814655322,3.315214474,3.278005634,3.355014206,3.502591495,2.010721259,1.863601222,2.56459524,2.920575228,3.195991419,3.076414618,2.865853831,3.070069363,3.564874699,5.160083147
NCF4,2.341456044,0.785922646,2.476068482,1.025411111,2.045792627,1.115610971,3.110833497,2.362498823,2.538536145,1.750257982,3.011559465,3.6056556,2.793520059,1.839987377,2.64334712,4.173591486,2.473121327,3.576782722,2.6337156,2.186139667
DUSP2,3.065113283,0.918476631,2.434816477,0.81944394,2.375937162,0.449989607,2.893253219,1.118348678,2.163315394,0.55704692,3.321482761,2.185663121,1.919455059,1.639857374,2.065315816,3.242109067,1.108034451,1.481685098,1.203362747,1.519910124
IL26,0.048919991,0,0.063859648,0,0,0,0,0,0,0.032651509,0.032396749,0.111125322,0,0.02844714,0.020602964,0.152710537,0,0,0.025752045,0
GLIPR2,2.911377712,2.702498216,2.373084919,2.181958583,2.844766724,2.118473475,2.623619312,3.404975942,2.882370835,1.87107618,2.804337336,2.928240029,3.102918955,1.883933279,2.640001904,4.28464543,3.12442716,3.32352232,2.45433252,3.391219135
IGLV3-10,2.595229807,0.498270174,0.527222734,1.071136408,1.842983423,0.392634821,2.060786927,0.423045518,1.356910669,0.252472748,0.464120643,3.150416499,0,0,0.604777475,6.12611373,0.170860734,2.587583559,1.265691272,0.573438287
BATF,2.016356776,0.693704483,1.504310717,0.835745567,0.849854815,0.628168989,1.411660545,1.678584656,1.053962043,0.909831567,3.004493788,2.407021694,3.011458897,1.300743598,1.508928034,3.561048309,1.668562285,2.35276394,1.484295885,0.6569214
RTP5,0.079852762,0.00878836,0.07862156,0.054961835,0.057654744,0,0.026512492,0.014490277,0.025439745,0,0.129190507,0.077310913,0.182490786,0.058071294,0.025453818,0.175001764,0.039748507,0.060949415,0.021278983,0.031739233
FN1,6.787255053,6.276954705,4.318296608,5.115201605,6.429822985,5.879275926,6.298359861,7.309324052,6.523570648,5.906384439,3.679946255,4.537672638,3.795443935,3.22824535,6.439996187,6.96808266,5.875666044,5.32179214,3.90747772,2.94073591
GBP4,5.611492309,3.92082757,2.954124004,2.233565525,4.096519234,3.913591119,5.148547453,4.101761245,4.852896141,3.032972743,3.27414772,4.170577974,2.263770725,3.000958522,4.927073943,4.890673033,3.916411273,3.844146261,4.110770789,1.941349752
MSL3,2.224312227,2.118853397,1.868424948,2.195298061,2.152092923,2.711347773,1.86938651,2.363676392,2.349507436,1.859533222,1.56828265,2.28236492,2.255738057,2.139960442,2.293143196,2.494204299,2.127445099,2.027843311,2.320998716,2.162835999
CCDC170,0.496229128,0.129651029,0.193646826,0.093866979,0.129765803,0.097642516,0.286890548,0.817335943,0.575102146,0.262793404,0.250007059,0.30213306,0.064043661,0.083051499,0.296621784,0.639859528,0.221175767,0.440347832,0.421603797,1.457483894
TIMM44,2.45693782,2.779673113,3.1877861,3.00254107,3.560087087,3.106823712,2.466961481,2.329293669,2.360436746,2.63117098,4.360600573,3.605298436,3.859499008,3.551581589,3.038336791,3.124401442,3.273187869,3.34693709,3.023194947,3.191456942
CTSW,3.507750373,0.896439402,2.265061212,0.332303553,1.361768183,1.12032024,2.273009668,2.548714921,1.142008885,1.00146764,3.689427442,2.066257052,3.056273681,2.84585208,3.26289137,4.24588528,2.932561687,3.377689622,2.069933703,0.498851236
GBP1,4.859869042,1.822057431,3.371758512,1.613334531,3.47436861,2.817613666,4.41061239,3.355085589,4.476239769,3.862037072,2.34997989,3.165410967,2.351587035,2.858451296,4.222211803,4.509666465,2.686927486,2.869382816,4.30194818,2.282113298
ARHGAP45,2.88663819,1.955816002,2.707897836,1.450247992,2.746944043,2.262766709,2.55994992,2.544188124,2.749415942,1.774862935,3.439169927,3.652718677,2.140145624,2.577532082,3.352378227,4.034707441,2.645102482,3.672445639,3.355673427,2.8834967
GOLGA4-AS1,1.11885828,0.874327594,0.835168541,0.46595287,1.239376742,0.741091606,0.616137747,1.101103735,0.848388413,1.193785991,1.030215089,0.710639957,0.527339221,0.956711252,0.411515649,0.966884603,0.460293191,0.998497979,1.189329358,2.969081371
LOC107986115,0.008599083,0.007389096,0.01127334,0,0.009852822,0,0.01491358,0,0.005382075,0,0.022538585,0,0.016256295,0.009925201,0,0.065501117,0,0.010425769,0,0.013421571
ARHGAP25,2.851152519,1.747147496,1.595145707,1.172955622,2.9831018,2.603504904,3.716810285,1.9436554,2.701756854,2.10561736,1.995192721,4.113442593,1.614705567,3.809442156,3.084315434,3.626083752,3.353619697,2.288647961,2.53546392,1.366752314
ETV5,2.816660712,3.034422131,3.447247533,1.46731769,1.936423687,3.79411802,2.679530299,2.605766887,2.730149401,1.480142982,1.412529305,2.090470032,1.465940666,1.530617058,2.489468488,2.344721536,2.179474648,2.456507305,2.469430875,2.110856361
TMEM71,0.673849076,0.395508276,0.602513455,0.461106069,0.61892465,0.645459574,0.925513672,0.221315193,0.689032836,0.244433287,0.434761644,1.106934753,0.396580128,0.652420261,0.742325623,1.390148978,0.675526323,0.806731854,0.718069035,0.580934503
FES,2.840067558,2.739534075,2.302427948,2.982288541,2.472240351,2.879435621,3.291506593,2.531244669,2.465112415,1.509362228,2.025407302,3.267116809,2.524112087,2.811991201,3.084867077,3.489602347,2.909149633,2.715519755,2.50915874,1.86683281
PIK3CG,1.225288736,0.43484016,0.249389394,0.0952626,0.603709664,0.403655915,1.085474375,0.995444091,1.884139788,0.929497838,0.11415001,0.531204759,0.058635467,0.320877031,1.340945287,1.238914277,0.330901767,0.467868697,0.675798505,0.733157134
ITGBL1,0.892010988,0.336930016,0.033709571,0.433768799,1.015968794,0.386593327,0.703891147,0.862413035,0.440076577,0.783577928,0.028244922,0.103471304,0,0.024797136,0.79392576,2.227178363,0.461855326,1.751823332,0.210132617,0.407369056
RAP1A,4.197879951,3.966588541,3.38117566,3.973029931,4.111019112,4.069168143,4.255960111,4.057009344,4.272773203,3.185877634,2.961934179,4.331126442,2.946317853,3.282451645,3.885524503,4.273741527,3.920059512,3.76890216,4.225936041,3.083010325
IGHV1-69D,3.188882847,0.763299148,0.823299359,0.915621376,2.03642636,0.417627126,2.03449223,1.062186805,0.816717389,0.504975816,0.91913749,2.097970474,0,0.209462658,1.617833027,4.553816846,0.721986436,2.39734652,0.992222785,1.502591446
TRBJ2-1,1.689128491,0,1.558812051,0.490345058,0,1.024946586,0.975752962,1.037207265,0.549525409,0,0,0,1.266389314,1.651098558,0.694642967,1.76579185,0.570771315,0.925720913,0,1.110593032
IGLV3-9,2.36233096,0.229837855,0.074188572,0.568447806,0.677403083,0.104107053,1.597886726,0.935849049,0.725672928,0.617088987,0.61312197,1.580930605,0,0.065484899,1.097861237,2.83687709,0.144405285,2.15829848,0.628513655,0.910883082
GPR25,0.024419587,0,0.031959734,0,0,0,0.021245591,0.101205334,0.030469675,0,0,0.074285615,0,0.109491805,0.079907991,0.062411956,0.031881094,0.114818964,0.075167566,0.056628742
TMSB4X,9.609856577,9.247167334,7.944965953,9.281569605,8.781921233,9.035776948,9.097518331,8.838536052,9.276772574,8.245423805,9.301425924,10.09712821,9.255389275,8.962836915,9.221615306,10.33101866,9.859704291,9.585872868,9.351678382,7.632969356
CLIC2,3.198357184,2.362723414,2.219563441,2.08976094,2.941477251,2.217240385,3.60256478,3.442826338,3.518492397,1.915572361,2.202189886,2.888530968,1.185506546,2.147204406,3.096157745,3.71848589,2.674217139,2.584260837,3.497490479,0.889207637
LPAR5,1.673875343,0.408665623,1.603311581,0.545667786,0.605786232,0.320566827,0.711862586,1.768146396,1.601624922,1.238487312,1.421417539,1.141762012,0.319699132,0.552394944,1.186908271,1.769538174,0.612413176,1.679036805,1.187551601,1.755001722
DGKG,0.290315479,0.518272505,0.758190363,0.255292855,0.533221899,0.268134079,0.25191386,1.065365635,0.411916501,0.498184552,0.300154331,0.248750722,1.003665968,0.141891584,0.141194365,0.62099797,0.261755653,0.619895849,0.194864421,0.093998052
MNDA,3.114715939,0.97576565,1.961472497,0.328340479,1.776272148,1.257353349,2.814113176,2.635221743,3.382469309,2.319513223,1.404948455,3.340182821,0.529797003,1.593116423,2.356911451,3.700128985,2.33071978,2.756279679,3.12587419,2.812448834
FCRLA,0.094813414,0.055051848,0.031795651,0.052526018,0.055101847,0.037498796,0.128912464,0.034352869,0.108166035,0.042720689,0.042388513,0.109491522,0.160954302,0.04639726,0.046908344,0.618329729,0.03171741,0.194359445,0.042026169,0.068567283
CD68,0.789377013,0.205089998,1.222533824,2.104587656,1.483345916,0.412441163,0.758596164,1.200308814,1.008119801,1.395053804,3.678006308,1.947625749,2.200328083,1.158475228,0.593186532,1.583006577,0.735628012,3.429084056,1.313771093,0.674302854
MKI67,1.582408211,0.837558254,1.198765854,0.128607963,1.080690443,1.238107942,0.759713552,1.181008197,1.611700705,0.844347008,0.812925138,0.441964161,2.46225836,0.355180176,1.161886982,1.54661523,0.510375279,0.699043588,0.717215257,0.390862525
NKG7,4.683963931,2.188815555,4.292968461,0.965267479,3.562975077,2.887750318,3.393909455,3.651167465,3.825456995,2.259953811,5.593516598,4.821725821,5.533705415,4.318855804,4.8806943,5.730488704,5.029559893,4.793084305,3.993647381,2.784444314
GPR84,0.465832702,0.108277452,0.747352999,0.136277109,0.234904097,0.128118782,0.181499777,0.254768748,0.522886574,0.32531358,0.252407346,0.357135248,0.331132672,0.274490699,0.231520353,0.884424854,0.1152237,0.692863481,0.238857922,0.511572774
CCR4,1.055311794,0.086427648,0.200803286,0.25052365,0.771640394,0.166848317,1.767636135,0.586382086,0.864023661,0.491063959,0.140834108,0.620758256,0.095076677,0.304708123,0.659482887,1.99501924,0.140025388,0.326927265,0.413101369,0.388502033
TRGV3,0.815158225,0.083117211,0.06391781,0,0.161847163,0.470335562,0.124336436,0.477055414,0.332274537,0.297621881,0,0.075094388,0,0.262220033,0.040953398,0.921497599,0.396504684,0.116051608,0.324669902,0.182607068
ATG4D,2.93215837,3.091064157,3.403120198,2.898997596,3.434791238,3.117293717,2.71035547,2.231232913,2.852484429,2.582690788,4.116297301,3.02974859,2.893848865,3.375540244,3.285281525,3.253377618,2.988162647,3.692277293,3.430617506,3.011032571
MSR1,3.35323988,0.945150662,2.576956096,0.727234821,2.81926067,0.91821925,2.326366646,3.083900545,3.813411367,2.969991161,1.957703268,2.479309288,0.982657762,0.655777022,1.964803899,3.220103324,1.231496343,2.323284692,2.697022384,2.787187847
IGHV3-53,2.366178957,0.188315885,0.278598237,0.098810043,1.08167723,0.125148939,1.740667265,1.252243769,0.889482892,0.229439286,0.118372405,0.966962872,0,0.201587901,0.183194151,4.234644303,0.173116496,0.900371769,0.094660794,0.752963853
DOK3,1.582913667,0.884042756,1.76632347,0.869496966,1.371198876,1.617255073,1.152587087,1.586199269,1.615939218,1.38283813,1.922273523,2.713397484,2.097609403,1.39486232,2.066259699,2.375106273,2.099897779,2.346729272,2.193523373,1.18557025
TRGV7,1.107937666,0.395894271,0.633483649,0,0.733094675,0.665698896,0.672042803,0.921637713,1.147193841,0.876961302,0.186902543,0.492007634,0.136907779,0.628348469,0.907690161,1.062186216,0.632207527,0.653904401,0.349631302,0.269351908
HLA-DPA1,7.470700345,3.834848526,5.05523808,3.811314598,5.921864083,4.108677706,6.512032376,6.571086656,7.274174751,6.092125142,5.117284458,6.247533831,3.066751495,4.226812037,6.226626364,7.479256318,5.500685844,5.206314812,6.057326114,5.686343331
FCGR1A,1.692554943,0.290511613,1.072813921,0.28217541,0.760987516,0.358290894,0.86143252,1.690976041,1.447884631,1.534068156,2.203948894,1.708483495,1.231383269,0.386305761,0.801304147,2.682793833,1.025762082,2.119644185,1.108341248,0.690547091
KLHL6,1.259417246,0.516334674,0.768537221,0.191581464,1.54812312,0.417141369,0.709752171,0.985727523,1.17738041,0.645851076,0.478747804,0.805850779,0.378382395,0.412372742,0.913870123,1.662104907,0.387724261,0.775937232,0.901774088,1.020938985
BASP1,3.047285696,1.28053118,2.823516104,1.781338232,3.112545849,1.094822027,2.227867661,3.714438411,2.370669272,1.806258404,2.295475909,2.317900982,3.203256898,1.160896497,1.948405179,4.168206801,2.784212081,3.522260988,2.206470733,2.306888966
IGKV3D-15,0.767413641,0,0.086009623,0,0.568488212,0,0.53359443,0.262180537,0.041618593,0,0.387632321,1.334304752,0.122654947,0,0.159806241,1.898386895,0.166786022,0.700213585,0.19745547,0.242422339
PACRG,0.668197842,1.286111795,0.935614721,1.414635734,0.1128438,1.302145689,0.499030852,1.428668284,0.543037528,0.040208473,0.104030295,0.299452735,0.038304615,0.495477156,0.176619006,0.220865157,1.423049526,0.281270305,0.142442869,0.991007715
F13A1,3.392111913,1.846908808,0.314734373,0.650422316,1.137981053,1.261529611,4.980478269,4.1312731,4.282633665,3.996719059,0.672114848,2.530545843,0.873155103,0.647076653,2.520430678,4.566242166,0.861944014,3.073583328,2.80357382,4.585237304
AGAP2,1.227674002,0.640198633,0.688003429,0.352479048,0.502765089,0.482705646,0.679022031,0.611499077,1.068559993,0.988300314,0.863982282,0.929097411,1.459259738,1.708688771,0.910885817,1.445400362,1.035306835,1.056408105,1.692906784,0.580540405
ANKRD9,1.357393039,2.564892952,0.913316533,2.286733389,2.726125549,2.395068734,1.198583557,0.858434612,1.336894892,1.49458158,2.595744608,1.309951548,2.103409557,1.646320446,1.989235473,1.636669714,1.7488922,1.995053389,1.712920024,2.470764548
TMEM186,2.863832915,2.49901576,3.091982424,2.5659937,3.142741007,2.712509982,2.462685178,2.482410568,2.566080932,3.038337499,2.377502918,2.187086226,2.782471861,3.368650217,2.468291511,2.67824245,2.669268322,2.577466189,2.973007664,2.899555575
SFMBT2,1.827022636,1.439267369,0.899346496,0.629474238,1.642603128,1.552003706,1.679459049,2.441588391,2.001993784,1.739341408,1.072978041,1.375264004,2.274327715,0.996993935,1.754359483,1.77263144,1.308859405,1.547453715,1.865357832,1.242297476
IGHG3,4.460779026,1.519676257,3.452949309,2.787722835,4.582419895,1.249515562,3.114589774,3.142999357,1.450854782,1.024190321,5.278930991,5.912291349,6.000621096,1.815676455,3.254721411,8.095168,1.869922778,5.001645375,2.803209873,3.44652888
DAPP1,0.807369733,0.585601408,0.470005158,2.708390481,0.387788656,1.543588818,0.581056988,0.658475837,0.960107468,0.474626899,0.195261792,0.589470655,0.158202669,0.282760423,0.541581722,1.627717669,0.316647634,0.645013893,0.682122627,0.6569452
MAP4K1,1.500288713,0.389750307,1.602619929,0.474164869,0.940554388,0.403685605,1.333552443,0.862777355,1.215567692,0.647515528,1.838069312,1.744882215,2.162127715,1.415736129,1.54623447,2.931980889,1.232962334,1.84348137,1.357493934,1.439375219
GFI1,0.568497064,0.067965755,0.675293413,0.126930279,0.395549837,0.15020504,0.402858408,0.399190102,0.275800097,0.181649695,0.271518463,0.411742214,0.749569062,0.412228083,0.599553054,1.193587372,0.321854558,0.466284612,0.447464599,0.651422444
CD2,3.832855949,0.423755949,2.739748608,0.919921651,2.101228528,0.790246844,2.902473875,2.462663179,2.90340437,1.99100301,4.096812284,3.361649138,3.18246516,2.380592038,2.945651203,4.742259201,2.187556644,3.244776127,2.871672344,2.552869244
FGR,2.637909003,1.457505002,3.043957026,1.141402209,2.908532286,1.968790123,2.47236141,1.788032163,2.801546219,0.705232357,3.119008859,4.175638286,1.789920148,2.58584149,3.148051016,3.942348495,3.046909195,2.689555383,2.463156752,1.823930654
MAP3K7CL,2.409266862,2.946053581,4.104905004,2.147121257,2.911870162,3.070808236,1.717783061,3.677291111,2.472879233,2.95462885,1.46125507,2.903484057,2.920597913,1.840002645,1.99064315,3.396263109,3.743584243,3.310676511,2.828820843,1.426863293
LINC00324,1.360158826,1.253563437,0.815140555,0.899303688,1.530202641,1.538739829,1.344783049,1.112652883,1.631657652,0.773269938,1.187834094,1.833194518,0.895900115,2.094134146,1.80235757,1.699732033,2.072156073,1.30400964,1.886267353,1.413357862
BLM,0.521855,0.393476243,0.582646344,0.152145118,0.35864059,0.683080961,0.279723736,0.41499693,0.506979963,0.201946982,0.32585723,0.222101375,1.134993844,0.160455972,0.406772373,0.777851118,0.35367457,0.350107093,0.295802587,0.174156769
NLRC4,1.152247637,0.362440449,0.84163873,0.380258577,0.748639554,0.435303897,0.82301691,1.214821738,1.457432033,0.793542285,0.928038413,1.373706428,0.551320457,0.690941488,0.951872457,1.613589488,0.692445998,1.034798448,0.751748,0.489422619
IGLV1-36,1.15475482,0,0.389011774,0.207263797,1.094593906,0.061967225,1.790652524,0.416499795,0.468205486,0.46014639,0.168948834,0.962804738,0.123552269,0,0.669168617,4.679024047,0,0.652863468,0,0.372950371
C5orf58,0.195650498,0.035553841,0.064525078,0.009121453,0.119786639,0.061073562,0.16501048,0.023592893,0.096275797,0.054580517,0.054157842,0.182530276,0.077325896,0.181640463,0.17738129,0.293595985,0.17539818,0.059755697,0.117619542,0.045149677
LILRA1,0.68099812,0.349719936,0.60298571,0.077712366,0.393735817,0.446962163,0.531030831,0.348628278,1.089679988,0.389042137,0.485984212,1.058463808,0.132364737,0.670143915,1.168182594,0.800561345,0.907567979,0.771681807,0.676490935,0.987512605
IKZF2,1.037476906,0.949689483,0.756720442,2.03166646,0.470331752,0.962261659,0.990737909,0.825024273,0.988979141,0.212657162,0.348515475,0.543100995,0.267635466,0.496723711,0.439606723,0.974492205,0.317108075,0.410243436,0.608952037,0.486833796
CD247,1.814905846,0.631028406,1.14934315,0.34017152,1.298190599,1.021790508,1.416527518,1.232584583,1.303433827,0.488099119,1.730244565,1.977268446,1.582455551,1.683875311,1.956939068,2.435532753,1.880818994,1.831500625,1.390785736,0.846004573
IVD,4.136835061,4.016559751,3.904817467,2.783047148,3.538591999,3.819014153,3.597814488,3.199473433,4.269577666,4.484569805,3.494277292,3.321766282,3.024614943,3.538140834,4.155667307,3.991661408,3.385336593,3.894041015,3.904598212,4.502715144
MPZL1,4.178861601,4.062768514,4.497209687,4.013840001,3.620609671,4.020610795,4.137222821,4.435042274,4.200147797,4.492656291,3.588632046,3.291519677,4.014925404,3.926559273,4.192864866,4.24936779,3.643413803,4.726222093,4.046955863,3.471765332
ADAM28,1.193236524,1.261849258,2.066746582,1.954736133,1.53710981,0.726659578,1.121040984,1.22420841,1.972730771,1.030034407,0.727087682,2.003611066,1.641282173,0.586267365,1.102688467,1.920457958,1.603915825,1.398088677,2.125822184,1.925568529
CD80,0.442620813,0.035444123,0.34889688,0.027108991,0.339764321,0.030764548,0.190208109,0.199030378,0.296438474,0.244273124,0.195230095,0.111926998,0.10680934,0.15534848,0.189136924,0.782372333,0.053672428,0.233464423,0.269806631,0.251137886
FCHSD2,3.685210049,3.318239436,2.529414928,2.5032591,3.62408264,3.139060906,3.743168359,3.487648527,3.787161977,3.023052814,2.133588683,3.264669112,2.69891107,2.980949432,3.868423375,3.821845702,3.293866401,3.211451903,3.309679448,3.1207532
ARHGEF6,2.994047408,2.615393605,2.37972499,2.046110622,2.240506787,3.17154914,3.069442587,2.803572792,3.319806156,3.453556345,1.468935777,2.339858087,2.705234594,1.974996246,3.025856389,3.002615295,2.478929732,2.3236533,2.650323558,2.065180127
MEI1,0.369816305,0.054339305,0.370942936,0.257188609,0.140714055,0.098097608,0.295186335,0.127869988,0.343280088,0.179282925,0.377143833,0.387993419,1.832164097,0.24679038,0.218375557,1.023404513,0.375142719,0.397198911,0.566632914,0.161222878
LTA,0.606880434,0.02621107,0.800956729,0.218005046,0.102193948,0.042349337,0.374965171,0.145367864,0.386186549,0.243868791,0.388688691,0.429620723,0.216412429,0.440850225,0.279338918,1.102385616,0.490703321,0.376074802,0.290335256,0.05896066
IGHV3-13,1.825237317,0.245074333,0,0.809892332,0.758627959,0,1.231947322,0.166528789,0.374612219,0.080283657,0.079667365,1.553377277,0.113327386,0.070092995,1.348351195,3.074698964,0.154277977,0.504299094,0.12439577,0
FRMD4A,2.20619081,2.509902953,0.689812785,1.087721299,1.656466882,2.713661038,1.834983762,3.087997498,2.143684181,1.812332682,0.717696439,1.518018389,1.679936118,1.897878585,2.479527205,2.265048373,1.25938896,1.561868815,1.790049484,0.950234784
DNAJA3,3.158371269,3.043805479,3.545383435,2.423563833,3.710769214,3.157881795,2.866092878,2.885864092,3.06653815,3.413732214,2.674127013,2.844769435,2.906923601,3.41381648,3.124166202,3.098295684,2.773447667,3.07174272,3.393603345,3.623798744
TRBV10-3,0.539418832,0,0.261004786,0.077239436,0.080993592,0,0.728315313,0.280307074,0.462511148,0,0.261854287,0.209059226,0.131574057,0.232066109,0.224122119,1.564141921,0.092126061,0.242875829,0,0.161100403
MS4A4A,3.312754528,0.79088223,2.198123882,0.76043576,3.203274622,0.98299556,2.916929534,3.709650857,3.869756338,3.320093803,2.006316896,3.546597687,0.934114581,1.418447135,2.920675819,3.884970197,1.698080652,2.508447328,2.524898673,1.769569315
TRAV2,0.074877387,0,0.188789385,0,0.085513059,0.069789333,0.187627129,0.105131939,0.302329896,0.098567982,0,0.220201026,0,0.167396839,0.122821945,1.409032601,0,0.255665661,0.289881761,0.058861049
TRAT1,1.029504672,0.00905867,0.429128695,0.08956269,0.471635616,0,0.766415179,0.491424822,0.79373017,0.279939946,0.440750404,0.71977869,0.239645515,0.402489165,0.532558836,1.359999669,0.218074762,0.420158123,0.333873668,0.468925801
TRBV13,0.260956143,0,0,0.148257545,0.079729476,0.065045356,0.331667625,0,0.354910499,0,0.258007473,0.106638131,0,0.080301128,0.058444657,0.470015086,1.200152939,0,0.271508598,0
PDCD1,1.227566402,0.032237452,1.829693965,0.275750729,0.653502906,0.134756731,0.727196744,0.629966406,0.519160613,0.27443637,2.487421176,1.115845315,1.675433315,0.629311992,0.874845891,2.419337443,0.257176133,1.645147621,0.401134709,0.578766014
GPR132,1.026638977,2.132768287,1.14816601,3.014149164,0.907139403,2.081325751,1.167803653,1.38041376,0.946512509,0.566011358,1.05737816,1.14349662,0.570717807,1.185385955,1.019435026,1.686031016,2.088407074,1.205774217,0.969992064,1.271829384
BTG1,6.474100452,5.078156495,5.294756041,5.932510331,6.437791059,4.890346717,6.49344061,5.173795642,6.591566757,5.309784782,5.212424566,6.184003897,5.100783378,6.006946342,5.934744377,5.871895868,5.00875106,5.322090197,5.869789573,3.393544815
SUCLG1,4.198310632,4.656876178,5.287895492,4.056965878,4.175201064,4.655698083,3.854097377,4.057553536,4.251952883,4.342747105,4.501103236,4.054663117,4.06465289,4.424804994,3.859373463,4.215373034,4.322782849,4.197984733,4.676600711,6.711810843
MX2,1.088666748,0.867916352,1.238319241,0.587463007,1.689985783,1.060294945,0.744561037,1.204470569,0.828960201,1.243289602,1.01419821,1.097032818,0.74039708,0.510923741,1.042284327,1.415223675,0.761792174,1.060748788,0.76337127,0.856658083
EPN3,0.01147744,1.390947824,0.102143412,0.143575743,0.01967873,1.482673312,0.004998534,0.040310423,0.032060093,0.088971573,0.015095448,0.017725066,0.364749406,0.039376911,0.014344919,0.141994866,0.094853547,0.034533197,0.058951331,0.26279485
NFS1,2.665736145,2.550502388,3.091404056,2.232374586,2.821215435,2.294382223,2.392252367,2.644639671,2.577649007,2.745567441,2.665711962,2.33312713,2.703200661,3.005885088,2.482017146,2.479966483,2.551401986,2.651443448,3.059615798,2.734600564
BORA,0.645135594,0.545347623,0.631553071,0.59842985,0.67181121,0.786390744,0.420606566,0.429172286,0.763670706,1.029766796,0.342484128,0.639531132,0.570304909,0.549113639,0.60752754,0.876237966,0.608844911,0.585670786,0.743214,0.706339438
MFSD1,4.158880819,3.442375076,3.8281101,3.17835614,4.117355017,3.782399834,3.980554916,4.084391827,4.291769151,4.090873655,2.224927087,3.100962505,2.197989554,3.0993409,3.862927629,4.28636324,2.550801938,3.340787799,3.902032693,4.579580545
LGALS9,2.937485294,2.220002692,2.954592453,3.069653275,4.256107313,2.609133458,2.672229274,3.325315087,3.047830898,3.171530611,4.415575906,3.985778598,2.851479284,2.407266297,2.925474106,4.047930908,3.134923159,3.500355645,2.996998431,2.197291385
VIM,8.923367741,8.564397036,8.667054756,9.01181134,8.899026538,8.10078548,9.391777133,10.81453665,8.806399375,10.24432153,9.214944115,10.60112915,9.928194,9.44019056,9.126060028,9.184347468,9.860752149,9.086960027,8.966084367,7.132844299
IGLV1-44,3.703564049,0.750123694,1.624630229,1.848119166,2.761089086,0.491875045,2.712457097,1.994763997,2.201207367,0.706909037,1.973598706,3.493169174,1.188511687,0.90377841,3.365096924,6.663823495,0.913293574,3.559234007,2.598818316,1.958266259
STAT5A,2.885991597,2.409120326,2.970941467,2.713139412,3.142342631,1.950724144,2.393190905,2.900057169,2.659392604,3.142465634,2.840064555,2.614955767,1.682903459,2.3473075,2.40951078,3.535166119,2.557717834,3.17261629,2.866344724,3.19774721
TAGAP,1.874144871,0.386964114,1.062611348,0.248639245,1.727996708,0.618902675,1.707332652,1.10107838,1.886903282,1.178718369,0.774399407,1.306575925,0.42626313,0.730880558,1.399084159,2.162069984,0.709276267,1.326013329,1.425256645,1.76375459
RESF1,3.448423845,3.658481123,2.142434866,3.000205013,3.298351405,4.446835694,3.439228549,2.930186427,3.60275278,2.861640436,1.989766351,3.196619333,1.68499696,2.704363607,3.129994026,3.611078253,2.744844359,2.563243934,2.858315632,2.435370055
FCHO1,0.688931535,0.572006553,1.996605649,1.088657792,0.309007272,0.434436802,0.454874264,1.842858091,0.511385329,0.55260498,0.561606213,0.718077005,2.457527482,0.65555489,0.618196225,1.436956582,0.835232729,1.250064925,0.521283132,0.605727081
LST1,2.978903305,1.133378517,2.891459192,0.818087919,2.170871344,1.469584036,2.31924188,2.233281686,2.87102939,1.435353085,4.177303306,4.549369901,2.669270568,3.050116639,2.921300853,4.277730178,3.59261147,3.729654281,3.017194363,2.233873905
ADGRF1,0.040406364,1.460846364,0.728705946,3.176499281,0.055769431,3.129950647,0.007477865,0.021265255,0.004039413,0,0.033685249,0,0.012212303,0.04172844,0.008966149,0.207724609,0.014046491,0.134794019,0.006741422,0.025069896
FCRL5,0.061139971,0.005538682,0.016856881,0.023321841,0.072221276,0.007992539,0.044233383,0.027244737,0.024033955,0.002855742,0.022511573,0.07785512,0.059968023,0.007441319,0.028456799,0.362986649,0,0.105761306,0.02674026,0.041485004
TGM2,6.512435987,4.9557498,7.405104847,4.835056313,5.066887171,4.490062011,5.225831903,7.198841657,6.227461113,7.396714671,3.925652431,6.110435421,5.444652401,6.509660823,7.864476444,5.71403503,3.894551259,5.644844564,6.232773417,3.015319221
ZBED2,0.5901242,0.039223705,0.629818382,0.037414689,0.114711923,0.052857295,0.068740221,0.295912737,0.05675209,0.089344885,0.561078388,0.052758184,0.260230756,0.013302465,0.231379499,1.283037325,0.059356172,0.929854015,0.093589953,0.026888387
TRAV8-2,1.07971561,0.419641333,0.174966877,0,0.153981464,0,0.392991832,0.065541324,0.536549033,0.061396725,0.119375998,0.325918127,0.246411455,0.249882375,0.467232182,1.453625487,0.174556882,0.110327028,0.140935768,1.105795272
TRAV13-1,0.825734334,0.062441161,0.419934256,0,0,0.067516603,0.779091502,0.285957268,0.825926903,0.629310127,0,0,0,0.375537939,0.280661019,1.793808286,0.489985969,0.32181051,0.403467463,0.528876293
TLR7,1.543350631,0.283373842,0.45796782,0.060378625,0.666722152,0.229197408,0.909500368,1.649025483,2.227248185,2.013465568,0.744060756,1.404321647,0.121277302,0.25974149,1.125254553,1.817827191,0.703890005,1.393837894,1.132973977,1.001114007
DHRS11,1.182302951,1.652016864,0.544719276,1.85440718,0.927992268,1.266177464,0.980678017,0.994322289,0.968644129,0.990321713,2.723532922,0.863516662,2.047226594,1.126729459,0.86916694,1.137413992,1.243877973,1.78488451,1.395363449,3.062126475
NINJ2,0.990350472,0.293341547,1.023891652,0.211781646,0.7702685,0.285662154,0.917579764,0.895772401,0.955634367,0.431292218,0.737723312,1.185792713,0.839371396,0.322927765,0.773731432,1.620465578,0.387431851,0.999529935,1.11918832,0.524782403
FMNL3,3.080445898,3.246326486,1.70877013,2.451609154,2.744268612,3.065670931,3.200250231,2.737525325,3.389089451,1.768426113,1.681578926,3.38974814,1.756796119,2.585965471,3.850911951,3.256825811,3.248135662,2.546866746,2.924045915,2.073643519
DPYD,2.785676421,1.452803174,2.800226479,1.960914441,2.071282454,2.124217435,2.860249298,2.442029217,3.144839542,1.710360752,0.756690803,2.25992395,0.522371806,1.049536766,2.550815252,2.979881532,1.84596695,1.913858696,2.061168787,1.211510946
CXCR3,1.898853431,0.195236234,0.864279096,0.076111678,0.62859129,0.221817621,1.061240174,1.198870185,0.925741292,0.71850512,2.232212334,1.66253143,1.188511687,1.132142132,1.110249292,2.386272384,0.664085314,1.972962594,1.262562316,0.744108761
CLEC9A,1.11717029,0.101018646,0.432390951,0.089258385,0.209595724,0.187767547,0.293728438,0.423353821,0.470714192,0.072766965,0.195873112,0.64429953,0.135534185,0.353356529,0.376260509,1.166640426,0.298148029,1.527785901,0.758685546,1.652048521
ANOS1,0.970232414,1.206849751,0.296931845,0.502996077,0.622284372,0.466870412,1.519001577,1.586331237,1.230937808,1.00041141,0.27358055,0.622067444,0.06259619,0.104389678,1.672425663,1.230440276,0.748872319,0.680162616,1.009038845,0.436756311
LOC105369519,0.177420223,0.053064645,0.486117118,0.067117261,0.070391351,0.217025624,0.295665602,0.086644005,0.52239058,0.081202079,1.47545382,0.094250015,0.114609059,0.264812863,0.051555033,1.368251902,0.485090024,0.338678859,0.241499816,0.095177333
PTPN6,3.207659465,2.715079718,3.644448882,2.635125302,2.943855161,2.792764,2.828792726,3.149332805,3.106058767,2.819099107,3.855116997,4.138906275,3.36979839,3.626568795,3.284217345,4.037605327,3.104495892,3.683621446,3.261896083,2.898135263
MEFV,0.299616794,0.16214991,0.347771002,0.041802143,0.402626535,0.206524117,0.530722281,0.522768201,0.589828488,0.21834814,0.253998177,0.726770144,0.101541228,0.140349477,0.557444117,0.849621873,0.183908696,0.153170774,0.204979739,0.209609949
RASSF5,2.452706929,1.193740707,1.800065245,0.448896973,1.797049471,1.039137701,2.037054148,2.227931532,2.59848861,1.712827837,1.868934426,2.446245315,1.039978806,1.827016157,2.116656055,3.074638621,1.831901776,1.889098672,2.356172489,2.178941095
GZMM,1.372402332,0.743298786,1.021258434,0.37833144,0.873447128,0.487015297,1.389366731,1.702579446,1.480596211,0.832832334,2.062661115,2.055759803,2.030810327,1.635404868,2.027174308,3.141465038,2.159161974,2.300700842,1.683779174,1.287775026
IGKV3-11,6.084105885,1.451015227,1.647173534,2.141920048,3.925553734,1.054204311,3.35958167,2.625369573,2.081441838,1.892328805,2.511224468,4.249667111,1.447130258,1.711206244,3.036930767,6.89469583,2.945406145,4.644670483,2.563391029,2.684192058
IGHV3-66,1.029965826,0.246656993,0.361602627,0.361082595,0.845009338,0.112082495,0.986232614,0.244669875,0.600002221,0.157374763,0.156197875,0.798370107,0,0.20213855,0.724037239,3.503925136,0.227107959,0.610433001,0.063974867,0.560852807
CTSS,4.966796334,2.624601772,3.766195209,3.25396529,4.898939127,3.382348036,4.86837598,4.645531914,5.742081613,4.525370699,4.120411896,5.417571419,2.073174922,3.221720527,4.654657083,6.468929242,3.932978192,4.088002901,3.930790831,4.769368895
ISG20,1.621607302,1.141910935,2.191619345,3.055615967,2.090327906,1.526596533,1.09318547,0.801684615,0.888763505,2.16748253,2.168216022,2.039004638,2.344959405,3.094544378,1.873760006,2.302172482,1.906341241,1.583851992,1.399541175,0.614862356
CYRIA,2.372574908,2.155331359,1.370245203,1.413754958,2.764756837,1.994755649,2.715566207,2.420996475,2.695563717,1.326874976,0.993000909,2.593299463,0.947705317,1.702863613,2.443294998,2.848840088,2.117883252,1.668903422,1.669942979,2.673833207
ADAM23,0.369163459,0.272989293,0.268533402,0.167265813,0.056187579,0.068122566,0.27890782,0.727272294,0.278572,0.147051498,0.08001738,0.123492586,0.05423493,0.004801868,0.311276534,0.564183958,0.478227161,0.421976541,0.140803325,1.823364281
PELATON,0.662114756,0.426877845,1.274582398,0.338269008,1.168967229,0.457299289,1.027563939,0.330660515,1.324081518,0.671146728,1.843866301,2.339721717,0.501586375,0.938910634,1.263325092,2.440172478,1.423883344,1.032866202,0.734251726,0.138177908
LYN,2.971388116,2.712761403,2.139498475,2.747043156,2.332594376,2.780937412,2.598377881,3.003979251,3.414893635,2.302978159,1.840531847,3.006707726,1.373398994,1.822538361,3.25244249,3.436633775,2.476840634,2.579702616,3.126808325,2.067377727
GPR82,0.248787402,0.04723454,0.213879933,0.101004155,0.027205152,0.043906193,0.294081521,0.710395099,0.501099596,0.577527526,0.409291416,0.320139983,0.088081267,0.089391545,0.277840467,0.395498964,0.120283567,0.33561101,0.088945336,0.187096855
TESPA1,0.917706368,0.135183983,0.497220181,0.127813401,0.331094988,0.172488406,0.723215414,0.439341697,0.768484104,0.26983694,0.773415981,0.635850312,0.440039659,0.413910267,0.607006679,1.251353725,0.248938138,0.741029502,0.559649139,0.422561261
CELF2,2.073620759,1.357300392,1.417765134,1.761602612,1.686434403,2.572418707,1.484557745,2.089903828,1.954577316,1.027237071,1.370631991,1.682969776,0.827954319,0.866000545,1.314378437,2.489226049,1.029267661,2.369610875,1.755141083,1.511874584
BIRC3,5.00813974,3.320012891,5.070120697,5.252108802,3.870581419,4.005549131,4.07207782,4.809110422,4.666649163,5.244533101,4.656389817,2.771395742,4.350313893,2.757722402,4.13964755,4.859602609,2.141328912,3.317854148,4.120325732,2.508887868
LLGL2,2.345072177,3.345476513,2.790316002,3.55745203,3.052693692,3.805989332,2.885228029,2.68814842,2.465658308,2.32045189,3.524469955,2.918882727,2.735604996,3.754547864,3.015582409,3.30247465,2.539506874,2.693417155,3.104905521,3.642331691
FAM102B,1.713219014,1.475295568,1.15870669,1.386221076,2.213129091,1.298794307,1.549489197,1.594079051,2.075108299,1.532999102,0.393036254,1.332375858,1.160794499,0.877765099,1.520716515,1.941367656,1.432425081,1.312294042,1.310197434,1.051006497
IGKV1D-16,0.425787258,0.1166973,0.089980153,0.14676583,1.008583378,0,0.468424999,0.701628847,0.043570796,0,0.403729017,0.614786355,0,0,0.61519518,2.207880793,0,4.412059844,0.442053637,0.157062182
C16orf54,1.401787549,0.394132914,0.892479906,0.160198977,0.700241381,0.400836921,1.020320509,0.573832536,1.291722901,0.504716785,1.317400328,1.314589979,0.712730855,0.870372017,1.36016465,2.155310075,0.670289841,1.304737084,0.930744115,1.073411706
KIF11,1.627769298,1.147657543,1.539565403,0.257888468,1.465786633,1.270526583,0.924766843,1.609498087,1.581924171,1.005454584,0.562873304,0.762675593,2.302562219,0.65317236,1.230064664,1.55156608,0.898235594,0.724660547,0.895681318,0.781255827
COL4A4,1.755154334,2.92282924,1.804413579,2.456166148,1.944814147,3.117138758,2.446228093,2.843138503,1.526630972,3.109705799,0.552181647,1.145382236,0.065112261,2.32198766,2.139123238,1.780639394,0.420533586,0.667841103,1.335840646,3.072219388
KLRG1,0.542687249,0.385653774,0.32517307,0.237778455,0.297519038,0.277922073,0.802534633,0.448394776,0.839658123,0.692116371,0.202072044,0.505551307,0.824534197,0.539228022,0.747151352,1.203432527,0.858059411,0.313124404,0.727527899,0.559868716
ACOT11,0.881788741,1.434827645,1.069203042,0.619780384,0.95431215,0.973877108,0.557505239,0.867177711,0.498674924,0.767947104,0.094209821,0.318156135,1.046029339,0.746050941,0.495674518,1.117580994,0.658849942,0.699531921,0.477628046,2.552427734
ZNF438,2.091804269,1.713730173,1.623344569,1.227933746,1.725018988,1.715385154,2.010117771,1.996406937,2.020933056,1.997470564,1.766792039,1.886112396,1.919723268,1.920064604,1.944178352,2.39475212,2.078765272,1.795784071,1.976613944,1.409999122
DKK3,3.341865597,4.809263741,2.597834708,4.198384804,4.018458093,3.052429652,4.62495808,6.082171925,4.427784646,3.221447256,1.85034022,4.721359328,1.761036506,2.628450397,4.665998161,4.856876536,4.301663166,4.447235323,3.677068997,1.975742933
NPL,2.326820001,1.118650494,3.965800434,0.561666754,3.024611759,0.705743139,1.849473694,2.296572984,3.202067365,3.007792511,1.650538874,2.212053882,3.672793583,0.652871802,1.31179166,3.636456715,1.470175089,2.209658484,2.060635184,5.23023417
ARRB1,2.580469638,2.162000974,1.11129002,0.987525466,1.866794244,1.983166319,2.582508742,2.577650144,2.856489335,1.761191552,1.658686409,2.534835841,1.757721564,2.255810396,3.144017645,2.59004418,2.217708194,2.465416727,2.414668922,3.968864882
SGK2,1.966245659,2.513670911,4.088465364,1.308041976,1.700190005,2.692747884,1.340441405,1.577585248,1.725938128,2.830907435,1.705075749,1.546944257,4.15043248,1.829759104,2.288348685,2.173941785,2.078351834,2.037638679,1.921672251,4.659483473
TRAV36DV7,0.392258526,0,0.184807296,0,0.237659535,0,0.294288211,0.288868941,0.134443621,0,0.185424521,0.215604509,0,0.084244974,0.120173695,1.146518072,0,0.088381111,0.218042595,0.057564366
FBLIM1,3.501652711,4.218902996,3.584653303,4.319361074,3.294159993,3.35489697,3.213754568,3.881550922,3.684868226,2.013197098,2.886186162,3.387723534,3.4787758,1.998530737,3.960117536,4.83767848,3.549379731,4.144998221,2.763984198,1.001273027
COL5A2,4.021305221,3.300043578,1.918669442,2.533831294,3.59911189,3.020196198,3.852767859,4.669584664,3.91652795,3.324262812,2.008136755,3.029444467,3.742473473,2.243791018,4.165978704,4.293645716,4.116409438,3.116348181,2.65663434,0.900531637
PPM1M,2.682533086,2.258737329,3.407628112,2.27748145,2.260241436,2.304893976,2.522623735,2.657948334,2.461571544,2.109188778,2.763512638,3.107166943,2.1130401,3.081249292,2.809395973,3.598400718,3.090100971,2.989248705,2.79652184,3.372699696
CIITA,1.822682609,1.306163782,1.457562688,1.209671117,1.356234603,1.241855507,1.547920625,1.656512201,1.914161579,1.420174228,0.94716447,1.502217187,0.569674589,1.180213237,1.815807559,2.667172625,0.972269484,1.869484449,1.732481983,2.360351645
COL3A1,6.815007315,5.441551512,3.293907151,5.066709273,5.579523926,4.949764747,6.071600301,6.661178866,6.216670032,5.729879803,3.600861493,4.939709286,4.866390478,4.300435133,6.362925208,7.863639419,6.446444219,6.473888892,4.885835144,3.352930536
LINC02285,0.557598585,0.071291961,0.498505169,0.030636097,0.266416146,0.126250228,0.248455441,0.41657652,0.244107769,0.242037372,0.332147933,0.572228873,0.052782742,0.212766898,0.239231574,0.859673578,0.388235391,0.562675652,0.453715467,0.225330926
NME8,0.250987515,0.082371924,0.442610391,0.05864961,0.1547996,0.079394124,0.092283582,0.090466073,0.130983307,0.13867065,0.400867325,0.544770073,0.349071856,0.189581815,0.147660833,0.4164591,0.249788806,0.71041257,0.546372336,0.24390375
TMC8,1.618957056,0.482017242,2.050195468,0.549356591,1.079519374,0.706564214,1.684132766,1.466606693,1.844066034,1.019871817,2.270113563,2.314247065,2.102911361,1.811362829,1.930766729,2.928629849,1.585107217,2.643584231,1.954682859,1.776677118
THEMIS2,3.070001662,4.499476271,3.106381456,4.551837036,3.273987509,4.344271903,2.537146655,3.984558255,3.394496846,2.318598764,2.141710785,3.270404257,1.562824766,2.472284651,3.159222944,4.049996371,1.97459502,3.175615386,2.887096001,3.34266743
KCNA3,0.405698588,0.152596178,0.092592358,0.077444349,0.220873361,0.439184707,0.48683484,0.268791043,0.968233055,0.275873242,0.105709282,0.078394667,0.019599948,0.081790143,0.794340213,0.534596269,0.027000144,0.109417162,0.797898046,0.326360421
EPHB2,0.248668719,0.248887,0.407655978,1.489473977,0.217846346,0.380507639,0.297636457,0.790212136,0.441877453,0.390267649,0.524938026,0.37630611,0.149904044,0.079214856,0.377360902,0.804147383,0.11810277,0.773829031,0.350890971,0.289609605
SMOC2,3.509254822,5.775795688,1.705977665,3.509133301,3.522090916,2.004166009,2.810175785,4.534175199,3.75257021,1.96532573,1.618587912,1.972580052,3.543333838,1.47437366,1.821641949,5.095373754,3.908493135,4.585203823,2.754415705,0.843435071
IL13RA1,5.005753324,4.928023374,4.537146162,4.70800941,4.774207057,4.936772471,4.881937919,5.651197397,4.89224072,5.241960561,4.373512512,3.735314775,3.857469721,4.408176713,4.891858999,4.897220307,4.221956444,4.815933489,4.660231164,4.351962824
VAV1,1.761276435,0.422542361,1.454399627,0.662624445,0.983590651,0.473664752,1.309325409,1.705285434,2.083644888,1.675780646,1.628792532,2.09954345,0.942882904,1.038578332,1.827850959,2.780701794,1.318298377,2.092619954,1.594213729,1.521878395
TM7SF2,2.394866073,2.937855249,3.130771898,2.058427177,1.195820669,2.264810107,2.105839643,2.587273012,2.181702442,2.556059552,3.130600791,3.097651991,4.393954888,3.812796711,2.912409028,2.733205366,2.81953494,2.673223792,3.07566975,4.592393903
SAMD3,0.443464855,0.061883342,0.334314703,0.125504985,0.167535838,0.137431836,0.310799439,0.23302779,0.348998571,0.174188099,0.29435992,0.363781293,0.23654446,0.253712903,0.410630609,0.770582379,0.384964925,0.288715803,0.292048619,0.149475419
ZNF503-AS2,0.735055864,1.24183051,0.948631762,0.944785316,0.348155545,1.350880503,0.929553707,0.910747125,0.723181291,0.831130448,0.642904135,0.810770083,1.66089187,0.67323655,0.510844842,0.867565123,1.453906866,0.803775701,1.033296915,1.96830337
TRAC,4.30690575,0.887184097,3.356989957,1.005643187,1.874649951,0.592949415,3.242585531,2.46065941,3.03296867,2.166236949,4.634008879,3.850744668,3.567565416,2.830509889,2.94666907,5.248282147,2.029472324,3.419889335,2.981189179,2.635409171
TAP2,3.60554322,2.454289884,2.252497721,2.372302327,2.978928783,2.987615141,3.052528804,2.433185617,2.894394625,2.226953157,3.071097191,3.269554843,2.238003604,3.116327499,3.210409163,3.345236868,2.782092559,2.76786903,2.830724804,1.987828861
IGKV1-6,4.682879992,0.504907489,0.923138207,1.435276715,2.422763291,0.064040782,1.892761023,0.872414747,0.740716917,0.332303996,0.771202167,2.00726672,0,0.225280811,1.437743632,5.78667884,0.399759323,2.874392636,0.544534533,0.993887449
IGKV1-27,3.339658139,0.66318416,0,1.079031552,1.25746192,0.183271835,2.028154355,1.02358823,0.684200882,0.471447046,0.821220141,2.57464329,0.452020624,0.078664446,1.516987283,4.324915399,1.336030518,2.69499527,1.940452381,1.218956336
HECA,3.16799925,3.273197214,2.227491924,2.875341468,3.312271283,3.139120064,3.780214962,3.1169299,3.653271669,2.169210481,2.03734423,3.050127779,1.528095259,2.638743178,3.877685972,3.362249136,3.061440209,2.43264208,2.828671031,2.438793994
IGHV1-46,3.473031383,0.28545249,0.738561714,0.282493298,2.074480305,0.144479386,1.908766414,1.192315506,1.937785183,0.248341371,0.376483459,1.787869838,0.280473578,0.477360537,0.868859689,4.478578712,0,2.70670308,1.183344612,1.643389299
CYBB,3.80579854,1.487305573,2.596691425,0.652585482,2.557348959,1.638583587,3.534680986,4.346784914,4.986447513,4.215717154,2.392332312,2.949906881,1.37236861,1.376955054,3.413527402,4.837076157,2.353106814,3.292340274,3.359304293,3.262157135
PRELP,3.393630842,2.211757192,0.774944987,2.707645071,3.417913038,1.614401176,2.340541099,2.907751239,2.37088926,1.989692786,0.880563499,0.540342075,1.292264864,0.042363581,2.395527585,5.506309669,3.613520864,4.226228944,0.963493211,1.043768353
C6orf136,2.548206306,3.171002312,3.178136225,3.471298481,3.170984139,3.232048851,2.304599499,1.716043714,2.250778571,1.617308574,4.235949869,3.085988587,3.20359797,3.436201781,2.675283589,2.863780978,3.628227575,3.525155752,2.783856833,3.534173369
LINC02422,0.120398595,0,0.296800204,0,0.137199471,0,0.027026296,0,0.038726681,0.041076986,0.156545344,0.224509085,0.168297107,0,0.02594729,0.42020051,0.118284253,0.109952986,0.064121754,0.048261729
KCNN4,0.564723018,0.421042963,1.041011147,0.522962053,0.538318085,0.274728862,0.482102142,0.078593196,0.648325293,0.191753729,1.124457468,0.964118559,0.576729332,0.37060359,0.470401135,1.899092878,0.40558624,0.864401059,0.83423886,0.565859767
RORC,3.364727518,4.191879504,2.803444372,3.50164071,3.853162962,4.379323066,3.703904214,2.267610691,4.091257324,3.506919957,2.869880945,3.995435967,3.107948333,4.353175028,3.314292032,3.224428803,3.364961574,2.817388275,3.596784376,5.013305803
HAPLN3,2.189493067,1.453979165,1.182796272,2.503150926,1.881063286,1.245159766,1.656876658,1.859032013,1.413694962,0.646716517,1.108968968,1.669941203,1.832964718,0.90670432,2.164721305,3.162952061,1.879161062,1.749066366,1.608466664,0.346432523
LAT2,2.112461025,0.625772128,1.859174418,0.621821824,1.375390572,0.789630131,1.569182306,1.859068591,2.143100892,1.309206542,2.336291689,2.304282043,1.344015726,1.242401558,1.821502474,2.75868535,1.570511788,2.625541516,2.064228516,2.053199085
POU2F2-AS1,0.168646222,0.074854694,0.148581314,0.124661816,0.033779989,0.027477687,0.147654085,0.082231025,0.286474734,0.114097918,0.149083718,0.685037158,0,0.0997614,0.208065326,0.279888285,0.28263912,0.512224497,0.119471215,0.216061834
CSF2RA,2.413393841,0.551530917,1.662604197,0.481635676,1.761876251,0.589171072,1.625950048,2.032388618,2.193414568,0.992351614,1.564067095,1.832704941,0.666475411,0.975967803,1.645033935,3.058912818,1.041290715,2.738253818,1.910762593,2.38269715
GGT6,0.416073322,3.854492142,0.032929357,2.542917013,0.224125317,3.667857747,0.126633525,0.047243191,0.22485937,0.011187321,0.05466222,0.038759964,0.062766286,0.200367257,0.027955285,0.887976347,0,0.981683687,0.085763959,0.484248333
CD209,1.105035276,0.436811063,0.099849564,0.214769044,0.413882972,0.303936249,1.98313892,1.370526548,1.950600202,0.986509761,0.389341325,0.873588185,0.507948483,0.352198636,1.549456465,1.934811745,0.520446657,0.908118935,0.843255806,0.105047002
CD8A,3.628892618,0.346721671,3.194311743,0.531617029,1.789121457,0.628376927,2.269519655,1.760794695,2.09068996,1.063633664,3.801723574,2.372023474,2.417297659,0.839452541,2.318110596,3.566448261,1.190343957,1.948346172,1.845833907,2.082067482
PPP1R18,4.600674075,3.910041898,4.224046155,4.308710322,4.011099297,3.898954808,4.316955379,3.964823588,4.158636529,3.351667718,3.655201128,4.938820457,3.317623865,4.229786953,4.595824501,4.840175701,4.475591317,4.278532623,3.935532984,2.63722374
COQ6,1.337868309,1.241623074,1.182567919,1.181640427,1.764047123,1.333114735,1.466698111,0.999546204,1.60914827,1.544726047,1.794235931,1.91047567,1.768551067,1.618975338,1.566129057,1.424353961,1.80161757,1.485256869,1.878008548,1.809666182
CSGALNACT2,3.226464565,3.00250544,2.387545116,3.125427506,3.567898145,3.042891854,3.449101014,3.612089794,3.427595954,3.681289095,1.051988332,3.119720449,1.583622851,2.694927134,3.521496789,3.446054657,2.941340556,2.556813896,3.315248494,2.517125526
FXYD5,4.79127875,4.931756359,3.841737565,6.05097711,3.697983222,4.256878608,4.22572641,5.564093094,4.659701836,3.360914937,4.975312898,5.468032808,4.45506634,4.559508417,4.798706478,5.246390857,4.156336508,5.005960444,5.431951188,3.389626702
TAF5LP1,0.842697966,0.180110428,1.029353037,0.397140559,0.65694416,0.404986394,0.756609747,0.55268482,0.756680947,0.141097604,1.436896943,1.404487729,1.120198186,1.320292983,0.891744773,1.550657327,1.097501214,1.440320106,0.530685617,0.908716117
VOPP1,3.528275027,3.529843259,4.095514996,4.039767709,2.94174654,3.510835691,3.481178479,3.26628168,3.387952012,3.459518349,2.551084967,3.506691753,4.869943514,3.523073557,3.709701566,4.020175004,3.696611998,3.193274453,3.377365185,2.89178618
OAS3,3.527143512,3.158311555,3.03402112,1.60446482,3.640548232,4.272525272,2.792881833,3.106607752,3.278291018,5.595275332,2.314306301,2.373868526,1.791443,2.048500542,3.462310453,2.93894658,1.966655967,2.333332554,2.288596894,3.074534697
PIK3AP1,3.369609242,1.802148778,3.272055066,0.509141037,4.596701382,1.491799628,2.013513878,4.385083113,3.795069457,4.436059794,2.891760846,3.113231424,2.076206862,2.419110213,3.858027429,3.504285648,1.366053126,2.730216443,3.403749725,2.927520245
STAT4,1.039561867,0.497873572,1.629907634,0.828815774,0.948621316,0.873392416,0.707588708,1.251146969,0.883930278,0.577385451,0.741639389,0.984698431,1.362302004,0.96866654,0.899854185,1.905028716,0.901387725,1.117378029,1.46860636,0.801857302
CYP2S1,1.103110553,0.221831623,0.864760209,0.207801105,0.729508701,0.21665751,0.875989944,1.453705485,0.916249987,0.129852444,0.718592831,0.798059757,0.89209778,0.714205433,0.755860888,1.558861011,0.364090716,1.359028543,0.788729754,0.965699141
OAS2,3.532864995,2.924378255,3.034949898,1.539181346,3.762626096,3.800464777,3.098769519,3.152352732,3.687956213,5.068420029,2.859798088,2.894433689,1.817378879,1.883456135,3.525803122,3.427751591,2.770282501,2.765246567,2.872601694,1.833239929
SIGLEC9,1.145382451,0.337312847,1.367863224,0.262170477,0.966536699,0.554573532,1.055701121,1.676496181,2.001318823,1.230904588,1.282536874,1.317108158,0.673663874,0.549645342,1.196006078,1.925489981,0.705561193,1.395007261,1.218363448,3.002655431
RHCG,0.089497312,2.820714002,0.140965787,0.097435651,0.091139195,0.018964716,0.008888343,0.057086342,0.191896643,0.079474666,0.224730677,0.338152862,3.674364105,0.609313666,0,0.102545891,0.103616804,0.107880443,0.021270881,0.60646825
PLA2G2D,1.07000991,0.042219082,0.284238183,0.084598391,0.241604389,0.081204637,0.209445426,0.02803756,0.043010382,0.371510807,0.051613888,0.132665549,0.305590971,0.056478152,0.194316771,2.834628006,0.012999169,0.170994847,0.110279173,0.155118122
LINC02028,0.010881289,0.04009127,0.140984068,0.011875343,0.073231639,0.01012652,0.070998168,0.035718547,0.05799963,0.028708312,0.154443553,0.033419056,0.187415437,0.041441212,0.030051142,0.10455393,0.004757768,0.0435075,0.070493832,0.06401805
TRBV24-1,0.256563604,0,0.17338026,0.145666613,0.223209696,0.183723493,0.172307306,0.096323053,0.511855684,0.090292022,0.253660329,0.379872821,1.36059612,0.224733272,0.314403697,1.708535607,0,0.437426249,0.326630753,0.204322131
TRAV10,0.257803413,0,0,0,0,0,0.173164125,0.096814673,0.205272066,0,0,0.295267576,0,0.079270321,0.407490569,0.529454856,0,0,0.071878516,1.63367834
OSCAR,1.652530646,0.897937157,2.136461707,0.87593758,1.503586218,0.86343577,1.365746538,1.193799078,1.12000031,1.294159195,1.991128186,2.938015946,2.481911173,1.104663205,1.459948766,3.095095812,1.818328995,2.539356591,1.826006351,1.47156662
CLYBL,1.393041682,2.207210121,3.493958762,1.818044548,2.531361557,2.122074391,1.696190855,1.252899955,2.137468128,2.77458452,2.71893636,1.723626622,1.239665701,2.252433713,2.319082996,1.960962695,1.984810353,2.005609316,2.587934069,2.586659044
IGHV1-3,0.846279846,0.057016236,0.167578383,0,0.569677222,0.061660077,0,0.26278734,0.555298414,0,0,0.19569452,0,0,0.16018916,2.013905893,0,0.541525253,0.134917883,0.411635459
GCSH,1.668690269,1.813742818,3.47492203,1.410275381,3.146646976,1.93574155,1.643993312,1.956984581,1.930251618,2.530432483,1.985763562,1.8579819,1.762344336,1.677017116,1.468985515,1.492224255,1.553904491,1.772547856,2.278460775,3.44593725
SLC3A2,4.753340731,5.106374403,4.589848354,5.191153113,5.524610129,5.20118585,4.93557284,4.76981805,4.470111652,5.836985694,5.525997464,5.148128133,5.302253651,5.840476881,5.651565176,5.151160238,4.912245043,4.624818735,5.160366875,6.547120624
COL4A1,7.609002897,7.503868697,4.317378915,6.098130384,7.292095726,7.139620769,8.122540832,7.880377193,8.026834915,6.692155107,5.343126037,7.193571628,7.135030087,6.512684851,8.270913329,7.724264738,7.818694258,6.833594816,6.90171979,4.978270036
TRAV4,0.409830979,0.057016236,0.692300494,0.140747457,0.281189275,0,0.493520809,0.180397851,0.304202935,0.247185757,0.245392205,0.959243343,0.439192209,0.406181504,0.435416228,1.726588736,0.316991829,0.48395421,0.316233555,0.52632645
SIGLEC1,1.552065089,0.352337344,2.193845356,0.335458233,1.255672918,0.558198997,1.500030948,1.665219435,2.078792746,2.480441807,2.274623239,1.403009168,1.185488632,0.533969571,1.499462881,2.241555612,0.647252968,1.656842345,1.183801715,1.280778591
SCIMP,1.258307121,0.356164969,0.745345346,0.080952171,0.813531293,0.391233786,0.726574728,1.174118657,1.643194477,1.132860611,1.111239975,1.290131664,0.406729063,0.719038345,1.178881392,1.928575802,0.608583159,1.003471636,1.00878725,1.26402862
ADA,1.832309724,2.633087958,2.723327329,1.863888887,3.39336721,1.502053529,2.803713886,1.999182846,1.710037306,1.646679981,1.590524384,3.273806982,3.686781823,2.038263025,2.746061498,2.727427717,3.070781283,1.681708318,1.640635832,1.62686167
CALHM5,1.26772665,1.058158427,0.169049146,0.447918804,0.888628388,1.1436149,1.080523104,1.3558328,1.448017103,0.505902456,0.554929052,0.7207945,0.506105202,0.729952302,1.674432907,1.466831284,1.293307417,1.108533901,1.002358839,0.171078343
IGLC2,6.153428751,3.141392139,4.333870929,4.112397461,4.559769521,1.058434883,5.189835071,4.053246789,3.37955882,2.624436063,5.806210914,7.518348732,5.430860727,2.83114009,4.875149795,8.185367074,3.569536258,6.52180884,4.478240831,4.170021277
EMILIN1,3.563678722,3.181140274,1.929330004,2.841333641,2.478820313,2.027362183,2.77596474,3.355923312,2.121967711,1.859896921,1.814159519,2.355433916,3.455511916,2.252291857,3.293568738,5.231630286,3.469769359,4.018458757,2.07846298,2.876801069
ATP6V1B1,0.274568629,2.730281488,0.114399702,2.408776207,0.282464683,1.840376149,0.571262774,0.212445764,0.138132405,0.800758528,0.392722822,0.613464967,1.132296425,0.195654308,0.906292854,0.18361952,0.410641585,0.552143891,0.168721752,0.252397106
SELPLG,3.588675115,1.647296727,2.811100603,0.998669515,2.513982611,1.655728051,3.403282753,3.83162611,3.794179759,2.983052452,3.46636305,4.212892704,2.733346974,2.955167934,3.744100328,4.731476247,3.03733092,3.64984843,3.154252735,3.027318412
CSF1R,4.433247774,2.272978207,3.586552281,1.197041102,3.114553039,2.051104516,3.740961499,4.809764069,4.779538547,4.168161693,3.996184894,4.562302447,2.443889668,2.557628388,4.277599591,4.858448546,3.236201542,4.443724322,3.933856168,4.476070625
COA3,5.085286019,5.552453353,5.966647887,5.153895781,5.39678434,5.210999197,4.49567811,4.455557473,4.875788696,4.560536434,6.508081198,5.313549884,6.611338635,5.724674473,4.950027335,5.154724292,5.145326234,5.466835733,5.647827414,5.623102761
SLC1A4,2.57883915,2.014546687,1.47738015,1.277005059,2.622282631,2.384921277,3.554308132,3.357050116,3.153877531,2.494388167,1.504119099,2.833473478,2.265494588,2.719633338,3.28085155,3.080464109,3.02705158,1.852967226,1.740259378,2.193250977
LILRA4,0.45120669,0.051960294,0.265068149,0.01338715,1.114247145,0.045134027,0.171409292,0.101250353,0.534502434,0.637275414,0.579934703,0.708731873,0.023164417,0.148564691,0.823087076,1.211544898,0.078454621,1.054782565,0.43060874,0.400984075
FGL2,4.807837692,3.273481674,2.484347036,2.351587709,4.072492546,3.36995311,4.812635908,4.156701657,5.025901437,3.49931207,2.192009863,3.511394371,1.383015448,3.228046962,3.930402928,4.862762468,3.018191229,3.64706171,4.077282487,6.776977563
SRGN,7.254810225,5.708924793,5.695054881,5.851805562,7.284667227,5.227328423,8.028032877,6.768558036,7.106743242,5.60469971,5.039004126,6.705443576,4.146146362,6.140339698,6.222026648,7.118690001,5.644692639,6.14595766,6.131270613,6.033693056
CXCR6,1.355704228,0.065534646,1.15047493,0.402931931,0.914723562,0.114198243,0.718500443,1.086595375,1.071001121,0.606258191,1.140634231,1.030636983,0.708396939,0.648909698,0.688192494,1.597150493,0.315745436,0.685865443,0.824185709,1.352407886
CHST11,3.0095812,2.184810709,2.765654295,1.535345904,2.411651207,1.647740676,3.104573563,3.376384782,3.097428514,2.296213559,2.09731756,2.562115157,3.189755716,2.027349831,2.817532609,3.053013925,2.355881284,3.066208051,2.483549363,2.728467947
IGKV1-8,1.71127948,0.088169688,0.214702193,0.214377868,0.986395948,0.18463353,0.532417073,0.096814673,0.315735458,0.046090409,0.367218738,0.613464967,0,0.040179541,0.315893713,3.366120392,0,1.840524253,0.205709287,0.106313304
SLC37A2,1.745903108,0.381193536,1.632298664,0.274607757,1.516631737,0.505513008,1.263615688,1.984192323,2.552463594,2.038859086,1.605208691,1.777111982,0.442027282,0.67027803,1.387554702,2.329988695,0.527892017,2.281557688,1.505153751,1.684026503
IGHG2,7.551239157,3.161492438,3.948704594,4.792399548,5.992810041,2.400959537,5.584399925,5.782758673,3.029810689,2.935789958,3.983312939,6.948049249,3.759264486,3.160698667,5.152636559,9.464992429,2.644292274,7.85716477,3.296505294,4.748757879
PTGER4,2.083634122,1.247830824,0.946628445,0.363043664,1.481246365,0.982146234,2.107987318,1.721546569,2.040304181,1.434126357,0.921195385,1.283466725,0.529641996,0.697345776,1.52683378,2.29901366,0.963149146,1.80433128,2.307261289,1.334560523
APOBR,2.269952998,0.737831297,2.296682023,0.429668979,1.823196132,0.960583268,1.583468768,1.753844047,1.387841357,0.657677321,2.678409809,3.057328931,1.046617826,1.812372062,2.069291327,3.372505331,1.707227366,2.580663159,1.712447199,2.101133618
LINC01684,0.128625921,0.018371356,0.068941052,0.005863073,0.036545081,0.019889391,0.01396246,0.052486977,0.046348815,0.021271338,0.041905156,0.112129229,0.098559158,0.036811058,0.052879136,0.107397413,0.020978475,0.070084955,0.038814008,0.081771959
ICAM3,0.831265101,0.189464454,0.365824917,0.077086462,0.256403535,0.211465394,0.991689958,0.769325915,0.898670186,0.293038251,0.220963469,0.814454363,0.115542443,0.606425673,0.845342358,1.542182324,0.428121188,0.631270793,0.53235402,0.552559103
LINC02694,0,0.044290831,0.033954182,0,0,0,0.022576646,0.01845799,0,0.01727288,0,0.020120248,0,0,0.01087768,0.066263627,0.017034743,0,0,0
ITGAX,1.98598708,0.522743333,3.378761861,1.347645807,3.157799623,1.149985737,1.400433507,1.039923472,2.141696155,1.399656924,1.809615104,2.729820991,1.21804161,2.112961347,1.978941924,3.614269956,1.787707231,2.621466163,2.23191826,2.567772355
APOBEC3D,1.992503686,1.297370178,2.487280329,0.724303377,1.071895506,0.786733789,1.454643123,1.795107245,0.994787427,2.009468574,1.820659475,1.53306624,2.245431793,1.99497171,1.410669986,2.375203666,1.581475312,1.613098777,1.197405134,1.635458487
TMEM38A,1.335595196,2.061447228,1.441592289,0.659212607,1.416263807,2.027340628,1.179701794,1.2843268,1.286075908,1.715742064,0.831808586,1.126945109,1.808368733,1.449484105,1.493824624,0.928066086,1.469084352,1.085880402,1.739321651,1.587934178
HDAC9,0.590420224,0.421929655,0.152270492,0.493380538,0.574089753,0.927532812,0.455747439,0.482422574,0.88426346,0.163387332,0.130012784,0.340274161,0.079134196,0.250424953,0.634361432,0.709162238,0.715212847,0.433159305,0.627961547,0.654045479
PDCD1LG2,2.037072509,0.543827376,0.497167875,0.16325175,1.049122168,0.967456217,2.1834558,1.174353545,1.499758107,1.517246729,0.433994307,1.514085355,0.455707798,0.895233968,0.907718646,2.17703825,0.654969844,1.382483118,1.145088281,1.364458077
LAX1,0.756879098,0.083723224,0.251166216,0.044944203,0.238070577,0.236317413,0.583759345,0.383338298,0.692524797,0.272324862,0.054041491,0.215980196,0.192628821,0.164131321,0.451492771,1.113380936,0.115654021,0.333667447,0.29160522,0.41229476
IGLV1-50,0.297332558,0,0.084152962,0.321771938,0.073780044,0.060168912,0.162650448,0.176204727,0.080296201,0.085096035,0,0.191168853,0.120039563,0.144979465,0.384518603,2.110816363,0,0.353509145,0,0.147106933
ZBP1,0.545576591,0.054220901,0.740372693,0.153591483,0.296353226,0.15275404,0.181592578,0.291465899,0.174610696,0.662424814,0.356186425,0.433337874,0.461609382,0.312199492,0.327230353,0.950621725,0.227250504,0.445744795,0.351422473,0.348777158
C1orf162,4.109474332,1.767481817,2.895675751,1.484757325,2.920622068,1.773034389,2.688847445,3.666651026,3.180227657,2.204542366,4.144609503,4.060315538,2.755063476,2.356745825,2.642764025,4.442044317,2.924567899,4.019585165,3.717711879,2.411227748
IL10,0.56363584,0.034427736,0.229192559,0.029225495,0.403054697,0.108998859,0.87888326,0.092880128,0.984434462,0.457554697,0.069522085,0.266729035,0.074910632,0.105354632,0.209566543,0.535109042,0.102466385,0.295617031,0.292932197,0.465689838
RAB8B,3.563600472,3.361535858,2.732601416,3.35996325,3.204496152,3.63884968,3.523964934,3.879679851,3.877389142,3.792566612,1.674674337,3.03280732,2.412750316,2.202318948,3.159664416,3.348648053,2.808550539,2.719863883,2.857511594,2.641394043
SPIB,0.262070947,0.068125479,0.275304074,0.148915624,0.143057338,0.040124939,0.079225889,0.026353442,0.151859803,0.080630199,0.080011319,0.335007171,0.113811029,0.130944145,0.095754476,0.867354537,0.205446751,0.230658144,0.070042932,0.405963794
COL4A3,1.251961212,2.52717131,3.096937541,3.094190546,2.406490671,3.137473446,1.731294455,0.406864372,1.042237962,1.815152262,0.961396188,2.70740516,0.065180963,2.275253402,1.299126619,2.815776504,0.630284715,0.878220265,2.049078362,2.69132053
CNN1,3.898702042,3.095113426,1.246996629,4.406740711,5.821317005,3.715889299,2.296305778,3.714579791,3.055641976,2.106713272,2.042759226,2.508651697,1.869251538,0.737561436,2.918541419,5.683189992,3.192929397,5.394216071,0.914738223,1.491649086
INPP5D,2.939084142,2.509875967,1.986223709,1.961853471,3.097485995,2.564991994,2.626701414,3.109421742,2.948030085,1.653422141,2.887101084,3.006591465,1.713237956,2.265284016,2.806391073,3.282883933,2.235526048,3.476390946,2.275164274,2.316564835
C3orf18,1.289267067,2.563713895,1.179989592,1.233996827,1.114098516,2.137055553,1.538420593,1.686696482,1.143838365,2.400671635,0.719317188,1.312701782,2.018250049,2.188746048,1.690601639,1.836763513,1.74882286,1.351114819,2.150376527,3.276057111
PPM1E,0.083395918,0.178154998,0.108475473,0.061170546,0.068636511,0.109822398,0.089539849,0.164315308,0.173202238,0.016188528,0.068344036,0.043625289,0.133149429,0.143671652,0.21795323,0.036590127,0.161817789,0.043962083,0.202805123,1.194870536
TRBV15,0.481618976,0,0,0,0,0,0,0.087442773,0.15071531,0,0,0.095116617,0,0.071554861,0.243224685,0.597596652,0.080846809,0.146452949,0.064866427,0.096052182
GMFG,4.800878472,4.013800338,3.510954541,3.909916734,3.915618311,4.038317964,4.683500687,3.797632037,4.466191377,2.930255968,5.183544704,6.331772753,5.060929252,5.011819197,4.829719579,5.562916528,5.742492902,4.791928734,5.209189907,2.928599024
MIR155HG,1.827429664,0.523952124,2.046848375,3.883869853,1.337647572,1.381962346,1.356574868,0.798974589,0.705059492,0.532071806,1.04828334,1.833633848,1.562984901,0.527595807,0.794477893,2.728229701,2.913917566,1.24948382,1.978360345,0.262147157
LUM,4.741427559,3.339268406,1.872119299,3.560603633,2.444587029,1.887815573,2.764535291,4.05858315,2.248811863,4.144059979,0.564470746,0.581113393,0.925634876,0.089567312,2.597635815,6.216279511,3.181926124,4.78128133,2.397090567,3.358241817
LINGO3,0.25128354,0.060230702,0.176657001,0.025826146,0.092719696,0.065130495,0.2118391,0.409995574,0.162148698,0.062013504,0.271404073,0.140680894,0.340922413,0.144148305,0.25482374,0.425234427,0.134159557,0.557478963,0.096417756,0.432104194
TRBC2,3.986290784,0.673954746,3.505703587,2.155280632,2.063027235,0.906002853,3.218503544,2.569104689,2.82551073,1.689844013,4.766030289,3.968775964,4.36191449,2.728881538,2.91584165,5.35722804,3.025416355,3.846863489,2.83638211,2.036639833
SIRPG-AS1,0.017928864,0.007727116,0.219203035,0,0.020533233,0,0,0.025375479,0.016819935,0.058657307,0.011830108,0,0.033797209,0,0.014969014,0.023174371,0,0.021722593,0.018719177,0.034832828
PRSS23,4.74877759,3.941498782,2.243857065,4.139510035,4.302948596,2.919957952,5.761108325,5.842408826,4.003153233,4.422033551,1.895016266,4.574184271,1.909669177,4.387263456,4.824090634,4.871997903,4.423015343,4.803719568,4.114727269,1.483935265
C1orf127,0.072976899,0.006415149,0.104192171,0.01625223,0.091426522,0.041192521,0.076024828,0.052155144,0.133976486,0.114558394,0.176092815,0.132724671,0.055666491,0.075768913,0.084859923,0.366146873,0.0670056,0.179113442,0.162482338,0.290513521
F2R,4.878661093,4.767574019,2.177572436,3.404210252,4.963635214,4.130103497,5.698901604,5.669825348,5.368377895,3.586705378,1.823653919,5.101611739,3.046063548,3.071724743,5.743752374,4.975141042,5.778027249,4.438797313,4.720056275,2.295682797
DMAC2,3.470383295,3.203862087,3.603523259,3.1530141,2.882395082,3.347824581,3.204067537,3.207635262,3.358872258,3.653267473,3.40009784,3.485046469,3.102288364,3.714577166,3.447168455,3.385746224,3.326017986,3.56338802,3.443229031,3.804278343
ZNF165,1.002185182,1.534500983,1.1455332,1.98846168,1.020586899,1.47320454,0.96211431,1.128354285,0.972790568,0.620326111,1.598201112,0.772396984,1.000472836,1.0893408,1.095896361,0.836853269,0.687409923,0.576299194,1.476456477,0.737391898
CCL23,1.282044992,0.332180079,0.814049676,0.039031926,0.458732151,0.159444252,0.232226429,0.146571927,0.359167432,0.180621451,0.261205184,0.432853649,0.652029402,0.266696591,0.11610574,1.096598375,0.259764827,1.047285938,0.243231327,0.082579637
MSN,7.47585061,7.237843807,5.969316549,6.240845955,7.156270727,7.003988327,7.413308419,7.459485526,7.51018156,7.072425425,5.940760583,6.645542942,5.619337887,6.367180855,7.29850506,6.945580127,6.204707671,6.407995218,6.788909535,7.120260247
SLC29A3,1.638562,1.49940245,1.966939361,0.923974081,1.703319308,1.255845729,1.240376861,2.330062488,2.251316147,2.49075322,1.940306499,2.05434207,1.75821601,1.366937553,1.435739962,3.054389851,1.906292093,2.619429662,1.922813504,2.414206394
CYSLTR1,1.080501949,0.932755789,0.143783505,0.262807205,0.750861137,0.943074733,1.738424419,1.054234909,1.641529069,0.445932569,0.172593036,0.875257864,0.25002566,0.420241031,1.280577891,0.993562511,0.863050884,0.781240936,1.310622069,0.285116368
MGAT1,5.00427981,4.588372409,5.554504473,4.096400385,4.949429146,4.513930247,5.386955847,5.727852978,5.473511193,5.36322765,5.546366097,5.300805252,4.559906554,5.125512456,5.763162083,5.464497783,4.846910133,5.361010432,5.27872791,4.77006454
ACADS,4.353436835,4.019137868,4.928492343,3.836306079,4.484592747,3.872438263,4.234722354,4.086985466,4.36976578,4.369005953,5.589128177,4.8102248,4.424655744,5.427554087,4.511917229,4.189272929,4.242880892,5.047146782,4.932219669,4.44963502
PIK3CD,2.592826641,2.49238939,1.812518452,2.338030324,1.78796985,2.539338529,2.269537253,1.951066727,2.833534772,1.899936143,2.54181716,2.704664945,1.994815992,1.935970616,2.322583021,3.227624275,2.217895812,2.783572054,2.502320701,2.994807813
UCP2,4.584610132,3.870462879,3.716377411,6.421140885,2.857940768,3.123589983,3.507469579,4.397328142,3.825041515,3.905675506,4.227347782,4.720230512,5.910028443,2.783633077,3.91014457,5.399057678,2.861359345,5.681191042,4.134860735,3.388626066
ARPC2,5.051303703,4.925099932,5.264484814,5.549719819,4.540043179,5.247968272,4.735777962,5.098861831,5.005693994,4.740906778,4.098576368,4.326836943,4.206126573,4.524852549,4.951256694,5.322909665,4.557883484,4.969601953,5.276940351,4.436518541
MIAT,0.1583585,0.062520832,0.304161183,0.183270134,0.244531201,0.201531003,0.180191208,0.11411951,0.092868015,0.063385912,0.100501539,0.396949145,0.80090546,0.519583584,0.171630737,1.02794312,0.206603967,0.752068676,0.283430378,0.324144395
FOXP3,0.885522588,0.494732193,0.667366461,0.521878624,0.384128646,0.125948786,0.349246564,0.68367582,0.492835616,0.2232152,0.423574624,1.146663384,0.722893649,0.639721697,0.592826659,2.128863028,0.498280496,0.762758244,0.575369434,0.219393493
CMPK2,2.042613813,1.946261032,2.193378145,0.662994902,2.514117675,2.676386322,1.768948546,1.797649042,1.855465337,3.435014725,0.910420624,1.666408479,0.434277029,1.056457386,2.040032012,2.006798219,1.258958377,1.426877744,1.776419418,1.110232886
MYO1F,1.976657861,0.730555253,2.231403164,0.766105976,1.494091119,0.988740011,1.863176699,1.910675716,2.24489048,1.53723439,2.328590585,3.183337954,2.115410545,2.051281786,2.530088154,3.390186071,2.083481574,2.791585057,2.001771884,2.083162031
NDUFA10,3.496346191,3.486431097,3.663766339,3.528512319,3.656116227,3.714796224,3.128165574,3.239886515,2.384663869,3.479442904,3.778832948,3.087603915,3.445156105,3.537611113,3.321331104,3.210773482,3.522580463,3.465770925,3.656971183,3.968947715
TRBV27,1.13591353,0.058171417,0.32358405,0,0.07712153,0,0.321679754,0.09487771,0.377940962,0,0.250049426,0.289737356,0,0.077674982,0.35577876,1.203297898,0,0.158636505,0.070428334,0.292403716
GMIP,2.608942269,1.699545131,2.590095137,2.093746435,2.006166689,1.874053463,2.308753532,2.568194763,2.348720732,1.891703872,2.429348744,2.375375457,3.320719521,2.285419783,2.68721154,3.24670954,1.771298622,2.990173938,2.266059851,2.515894494
EPCAM,4.022261942,6.564905654,2.993278487,7.490385865,4.195963494,6.780736081,4.294597816,5.066498458,4.298009803,3.727902872,4.037314587,2.41982257,3.92078441,4.068789614,3.584180245,4.532797601,3.994669872,3.909450156,4.324679254,0.383949012
SNAP23,3.08910124,3.102972506,2.867920929,2.61872933,3.291072225,3.206689781,3.083029934,2.837647625,3.341213436,3.383814144,2.35065339,3.011850658,1.608252183,2.4724753,3.214341487,3.193748696,2.928555774,2.773190406,3.224687824,2.960990383
TRAV8-1,0.210106631,0,0.072352817,0.060446814,0,0,0.184275572,0.152159554,0.667284836,0.391922984,0,0,0,0.063859775,0.046406432,0.686194119,0,0.131060841,0.113520001,0
CD72,1.309328116,0.542167573,1.96174003,1.180899928,1.908880383,0.679049407,0.460369825,0.791020791,0.807046339,0.818088261,0.854009329,2.083024845,1.483045866,1.25755594,0.932612451,1.882460663,1.154114431,1.450823561,1.300882696,0.634230145
NCR3,0.498747283,0.144181919,0.547587522,0.11569169,0.21138815,0.099167788,0.413946197,0.5201426,0.591514715,0.139488578,0.626535738,0.851909213,0.520947323,0.97925861,0.881269409,1.302006943,0.848681139,0.96080553,0.726788391,0.323191947
CEACAM21,1.202969943,0.52515692,0.661944186,0.706474769,0.193752471,0.170740742,0.838308756,0.704516768,0.947595508,0.343533399,0.383878025,0.741373188,0.664530221,0.486424664,0.688318625,1.391613171,0.923261788,0.835131474,1.096456869,0.469404491
ST8SIA1,0.188428605,0.093649424,0.096080615,0.063113429,0.08228188,0.023855522,0.121520585,0.06907189,0.130179914,0.067050775,0.214292462,0.229407505,0.054946171,0.037882226,0.14076544,0.402243592,0.157829701,0.280127173,0.054872678,0.060775292
ISLR,3.558125082,2.328844637,1.248077726,3.230833417,2.562886305,1.522399412,1.927827894,2.825091409,1.840703466,1.375065992,0.578755851,0.267952844,1.298843943,0.06776015,2.377661675,5.226008127,2.422440478,3.982897402,2.281994634,1.49445589
PNPLA4,3.22007373,2.96989984,2.902213914,1.680616765,2.876262799,2.412998596,2.634867995,3.153357021,2.757674787,3.352008515,2.82955824,2.43587636,3.376412727,3.406752586,3.295168424,2.693667263,2.151003996,2.48579702,4.062097868,4.451028637
P2RY6,1.863554012,1.438327538,1.23397771,1.988283365,0.435897198,1.753994114,0.547882748,2.656781484,0.654672142,2.234857182,0.885442839,0.825493214,1.733085666,2.268237563,1.839279312,1.610148231,0.279302545,1.781575904,1.542851919,1.578420046
TRAF1,2.393540337,1.026461735,2.438538582,2.193629592,1.818606914,1.734154331,1.86913168,0.892675665,2.14875115,1.690792547,1.867849362,2.216677158,1.613375375,2.079472353,2.140576278,3.3581153,2.537298951,1.769711013,2.489114761,1.858739112
TRG-AS1,0.765741049,0.086359938,0.613640208,0.23440051,0.393823883,0.317768253,0.475188486,0.446854202,0.415706906,0.215206258,0.675386258,0.675778131,0.666374444,0.45754366,0.489887833,1.308245375,0.837797054,0.52171186,0.608850592,0.31686831
IL2RB,2.520340582,0.769507385,1.551188216,0.306658702,1.425720226,0.882881186,1.768241377,2.302976264,2.264538348,1.428188423,1.486665284,2.029577097,1.516850189,1.928168977,2.653816852,2.933567721,2.005458843,2.208660652,1.692736289,1.270337296
TRAV22,0.310016434,0.04867884,0.073720953,0,0,0,0.230954588,0.079558428,0.137391628,0.074550116,1.395632734,0.638327486,0,0.065070912,0.047291962,0.742078296,0,0.472771554,0.058976229,0.129213074
ANKRD44-AS1,0.217820971,0,0.61790593,0.180713404,0.065854443,0.053678347,0.191103042,0.157861208,0.036289163,0,0.515247283,0.462947017,0.388377302,0.066328885,0.183874589,1.111520515,0.214118297,0.428692117,0.173325568,0.466967729
FAP,0.899671566,0.589550203,0.305926537,0.902965716,0.570968521,0.294655182,0.532383771,1.128974202,0.524645701,0.656508245,0.024930061,0.435467833,0.263890396,0.178167055,1.136784013,1.506306813,0.837192841,0.678584966,0.668005442,0.12023719
HCK,2.927362523,1.164210594,2.387563726,0.771400861,2.140417859,1.269815305,2.580463266,3.294861034,3.509298319,2.62408943,2.194299635,3.342014599,1.477293815,1.945778649,3.09187249,4.125942279,2.532878414,3.047294824,2.542932408,2.189672903
LACC1,2.199629793,1.76881201,1.51089877,1.374307515,2.055624585,2.111274019,2.274512807,2.137365969,2.608725428,2.531272696,1.456166821,1.483975171,0.957697006,1.85060406,2.277042553,2.638901571,1.425071569,1.910048073,2.226728945,2.161838263
PAG1,2.502584324,1.748007522,1.709676808,1.33042122,1.759046368,2.00492505,3.018515695,2.840826414,2.778591019,3.332313725,1.11875334,2.294832172,3.269372215,3.855002212,2.21588013,2.066372299,1.29060742,1.82716994,2.262773013,2.098102735
CNPY3,5.486869525,4.989481874,5.891364972,5.470118808,4.432475088,4.820298943,5.185987932,5.273403312,5.02268781,4.615578679,6.268488733,6.264334783,6.015943791,6.238171545,5.275865592,5.966466235,5.595602262,5.897994974,5.433131108,5.802665673
C3AR1,3.523665027,1.255910971,2.457075908,0.715111981,2.517442913,0.986235407,3.315149906,3.690231908,3.850181974,3.553072611,2.682015365,3.390076723,1.417368212,1.473243561,2.85935793,4.106672649,2.105452238,2.85364245,3.131333797,2.646851334
ACER3,2.362224036,1.698026415,1.755875835,1.470768654,1.967146897,2.277761297,2.077090074,2.54272076,2.398485819,3.429802627,2.16964767,1.640340746,1.726909043,2.000863103,1.907985301,2.422812384,1.728534399,2.180362716,1.806334787,2.538538174
GBP1P1,2.194853768,0.655770245,1.441968836,0.35090579,0.799817305,1.013881923,1.353290844,0.533449398,1.315093804,0.869093645,1.467041094,1.085629717,1.104609395,0.703117899,1.699691545,2.106668988,1.33738809,1.063583579,1.561162736,0.222013069
DPH6,1.007014239,1.01846761,1.054988897,0.722228574,1.146864682,1.088058167,0.984955912,0.820226344,0.96807605,1.048985167,0.52495121,0.824273744,0.495561152,0.70280974,0.895600565,0.982706594,0.755415171,0.77601145,1.255867557,0.851872128
ACTG2,2.074008314,1.234958708,1.124918939,3.161048081,4.567519366,1.116147066,1.983693942,4.949011497,2.27351086,2.41482824,1.853443483,2.551772377,2.405120342,0.325127823,3.001231695,5.288995515,2.653345894,2.942319944,0.22360738,0.361989267
PLEKHJ1,2.823194719,3.015107222,3.67689336,3.908974013,3.420887466,3.218926474,2.593546772,2.915344036,2.487013862,2.925456968,4.27037421,3.043049184,3.801019184,3.556517522,2.937312139,3.507919071,3.30642889,3.454523497,3.672860351,2.901547952
SMIM5,0.115469032,1.041258337,0.073538354,1.613855989,0.40482663,1.012899678,0.171132436,0.147905928,0.076368177,0.061126522,0.405366037,0.285318884,0.245392944,0.706391195,0.333271628,0.399463601,0.161636421,0.457963885,0.486526905,1.032129626
HPSE,1.242773926,1.168613076,0.544583982,0.971069618,1.357242458,1.756346075,0.952382936,1.703426007,1.969584207,1.833674372,0.337686403,1.549209812,0.181393801,0.262453639,1.084138772,1.826827529,0.459661345,0.51956581,0.880264074,0.382827648
RNF43,0.820278635,1.799189796,0.184136874,0.549757335,0.233341797,1.833822174,0.719106566,0.730288997,1.077492109,0.488811232,0.059753458,0.284411143,0.787212128,0.478848985,0.220105975,0.915355008,0.103485241,0.132112142,0.634189392,1.391729832
IGLV9-49,1.062006327,0.256600701,0,0.375073084,0.699098711,0,0.519347128,0.174581621,0.294783991,0,0.728211047,1.928295406,1.906627241,0,0.294932784,6.163261318,0.083151761,0.778097107,0.81344097,0.915181861
SH3BGRL3,6.142174818,5.484350606,6.724224668,6.727803989,5.864023333,5.098452872,5.721407289,5.96190613,5.694676544,5.208969231,8.142112141,7.218291015,7.902703975,5.880027243,5.811818768,7.218011516,6.268135249,7.092747341,6.113091009,4.608393907
SLC9A9,2.495769814,2.144290382,3.519770019,1.26686634,1.511491036,1.817089339,2.259514044,2.636928836,2.637756021,1.473082828,2.541136187,2.287535819,3.875709974,1.081115496,1.920088836,3.48879998,1.481853824,2.961757258,1.865271327,2.306409976
SIGLEC8,1.846288319,0.170614662,0.484312544,0.045320939,1.586771684,0.10587973,0.917725653,2.245327678,1.74266594,1.810030698,2.020211824,1.709776575,0.235488459,0.434080564,1.16882187,1.800382014,0.280087104,1.252820779,0.857622937,0.821936639
BMP1,2.732305937,2.963283545,3.44865118,3.898808464,2.946726251,2.712520514,2.410690933,3.530609381,2.608270368,2.800095645,2.412284225,3.384020472,3.341823404,3.249473418,3.253873254,2.971032491,3.240515628,3.725885902,2.696214527,1.553783514
TMEM119,2.346736276,1.504614176,1.03751885,1.305907409,1.724933794,0.940703682,1.743826423,2.310209985,1.144213098,1.051413317,1.412085178,0.680602068,1.25604319,0.102780826,2.026444091,4.510512286,2.13043786,2.995493429,1.027275411,0.936142988
COL12A1,3.392754879,2.389422362,0.920427426,2.172325923,3.04108592,2.833685613,3.190988841,2.776312828,3.19560578,2.553304291,0.566745719,2.213121068,1.705230406,0.821048385,2.852052709,3.391485043,3.052533563,2.74759398,2.188079948,2.304067367
TIMM21,2.302575615,2.429602315,2.235343365,2.044205347,2.875157274,2.697711638,1.935231961,1.794936444,2.431689442,2.872213798,2.075767886,2.323423236,2.601027622,2.742649924,2.093821324,2.204518242,2.36889548,2.151163024,2.779530742,2.779997315
HLA-DQB2,4.530044598,0.587372897,0.529895637,2.06473019,2.57189641,0.901113147,3.403386995,3.996043627,3.524094508,2.007658326,1.02521606,1.662034318,0.096678881,3.544975876,4.593795861,4.705051996,1.952967523,4.545829366,3.922003722,1.350865545
JPT1,3.342604612,2.713608831,3.661896407,4.289059095,3.538424964,2.98115774,2.516986595,3.771884781,3.222035347,3.720391727,4.951094599,3.652206742,5.734610908,3.083104474,2.909339172,4.110299976,2.957279831,4.417039926,3.390623317,3.299566272
CD38,1.333342722,0.211578842,0.63890531,0.253274356,0.516925421,0.91508301,1.027734939,0.415612909,0.904910196,0.664587399,0.43949955,0.599147874,0.403755063,0.232514258,0.548334769,1.417079383,0.307045991,0.522422181,0.336472458,0.637837069
COQ9,4.278399634,4.308448998,5.277791395,3.560496321,5.39475797,4.366633418,3.622000831,3.428205613,4.013913519,4.399948927,5.899811587,3.830310479,4.982452342,3.487165474,3.950214053,4.524722481,3.706460914,4.788223259,4.436031721,5.099585474
DOK1,2.637582403,2.308416094,3.0995612,2.413574804,1.850667056,2.007488318,2.225802786,3.079711232,2.105447643,2.350452985,2.009562235,2.568269699,1.956520268,2.364420526,2.636512632,2.981325979,2.601613192,2.618566089,2.67749798,2.935346961
SPN,1.963682228,0.510896943,1.097743431,0.135797883,1.032080499,0.674287394,1.465330608,0.929902255,1.800018909,0.701929152,1.395280954,1.626288314,0.793328729,1.226364776,2.069121184,2.539262816,1.128733924,1.707857842,1.27434903,1.325224015
SDHAF4,3.053029548,3.00589573,3.572428589,3.034938215,3.220819292,3.022688389,3.002711759,2.495729718,2.935122563,2.439853434,3.391483739,2.815011944,2.38450388,3.637719567,3.152526054,2.811098143,3.311966507,3.005109759,2.99116028,3.570330907
LPXN,3.24205758,2.10374771,3.527476767,2.149726798,3.310929997,2.259845265,2.67384101,2.932165432,3.087139825,2.708376321,2.90909061,3.386178083,2.463443214,2.813694615,3.068578899,4.396779901,2.827501162,3.299123361,3.260883644,2.816520515
OLFML3,3.44107144,2.152689101,1.951070279,0.889827601,2.58278256,2.034976102,2.465240291,4.562249812,2.829452116,2.378099937,2.907429305,3.936470551,2.589260514,3.172261506,2.962496868,3.966748427,3.083443367,3.78087886,3.255148655,2.882497669
CD14,5.769540669,3.645708335,4.689502425,3.181080543,4.286334684,3.155538607,5.588062479,6.051661405,5.99810409,5.869059153,5.389908051,6.63338112,3.871697986,4.446632565,6.146194603,6.58772733,4.764630348,6.215597389,5.810345204,5.421619914
BLK,0.112440222,0.037764743,0.043189097,0.059546793,0.068559287,0.0103247,0.084579968,0.0157175,0.058001451,0.022005329,0.064532113,0.115875429,0.131076512,0.105369742,0.115966374,0.378387675,0.336530303,0.236267526,0.079203012,0.080422366
VGLL3,1.089241755,0.213614795,0.062312528,0.456769893,1.655366971,0.364703321,0.290095938,0.953395847,0.418424755,0.354469248,0.039027225,0.155792952,0.237721838,0.092999755,0.364265077,1.162377432,0.19756467,0.993523893,0.028673248,0.211341861
NLRP3,1.342245227,0.398345956,1.194515839,0.156880261,0.684857902,0.379558625,1.541102858,1.122933096,1.347494135,0.76411806,0.511930341,0.987783519,0.12253135,0.375190367,0.911388766,1.462665766,0.565111862,0.828130184,1.049916366,1.441022319
PTPN7,1.519873995,0.322779948,1.292701063,0.249114417,0.669113198,0.372911505,0.917854414,0.707074976,0.792427179,0.584939019,1.888837474,1.205909484,1.324987225,1.066708352,1.136886045,2.281388343,0.710918272,1.588270118,1.113538651,0.959540625
IGHV3-49,3.360258041,0.528383216,0.142686527,0.518492988,1.267611849,0,2.01058002,1.086919539,0.861757621,0.211308834,0.334365034,2.576740576,0,0.67323655,1.35209032,5.423175239,0.446733794,2.652212611,0.768318757,2.02345864
CD79A,1.670466556,0.351008316,0.422114286,0.503286286,0.829958591,0.171505792,1.172589441,0.316186517,0.740611791,0.238899478,0.98153837,1.452683305,1.398667224,0.811372756,0.866313874,2.869669645,0.368052279,1.664380044,0.599567701,0.440155834
HENMT1,1.220104529,1.031118636,0.66137322,0.528226709,0.979884937,1.086327506,0.85085048,1.118423271,1.177119155,0.712828663,0.672398454,1.2603664,2.498139314,0.778000126,1.136333714,1.8169306,1.713938571,1.211913061,1.236771539,0.733842405
PRRX1,0.970833497,0.43656433,0.263762452,0.863757694,1.761937505,0.281483384,1.011482429,1.485048159,0.440429016,0.953836362,0.871026244,0.471159917,1.430845172,0.256655576,0.688210312,1.991057983,0.972529097,1.043338337,0.287714499,0.078934788
CD3E,3.573541295,0.435873667,2.441153246,0.630370794,1.535013294,0.582370196,2.949403764,2.04165106,2.500304417,1.299970301,3.826300947,2.978269387,3.192576797,2.051844297,2.507533902,4.407085773,1.579193121,2.788143162,2.107193403,2.287715701
TRGV4,0.404190003,0.127734848,0.319047816,0.082477002,0.043886953,0.104617919,0.066033595,0.205321784,0.285697004,0.147044241,0.050305224,0.22257372,0.071865795,0.246944701,0.094130558,0.671902923,0.145104166,0.335164558,0.292932197,0.34917003
AIF1,4.847656367,2.728581888,4.142612442,2.077190855,3.741358346,2.585298815,4.188627285,4.534997647,4.754187453,4.056566124,4.399730155,5.637253987,3.140951919,3.410058326,4.389411039,6.037815259,4.376972913,5.219430739,4.927706057,4.000259054
C1R,5.229136808,3.735371156,7.182876773,3.858555743,4.223721986,2.73005617,3.422243008,5.811916016,4.018718378,6.047364211,4.503065811,4.896414199,6.92655802,4.121550379,3.839352666,6.582479832,3.388451954,6.270528625,3.578149331,2.487129689
IGHV5-51,4.137028599,1.03464038,1.277380208,1.596412401,2.942265349,0.224378463,3.542141531,2.405674045,2.746365703,1.356398659,0.777809829,3.72754328,1.968652232,1.103452517,2.86749636,7.028725735,0.774182491,4.438332351,1.938592606,2.999725585
ADCY7,0.683271344,0.577868394,0.553776971,0.236627185,0.694270194,0.763426398,0.631207638,1.158005654,1.381964351,0.699947053,0.161967234,0.347804852,0.0744143,0.384170761,1.070447205,1.077173104,0.231840189,0.68691059,0.703248179,1.036468988
RPL7AP64,0.116211108,0,0.051986491,0.085496606,0.045515978,0.037052082,0.165431781,0.212520251,0.688713549,0.199699751,0.412941723,0.176102566,0.07450686,0.090280281,0.218161044,0.723993796,0.101919256,0.421401837,0.081890669,0.232492946
ACAN,1.947446281,3.533619638,0.308739757,2.490099701,1.904203421,2.204751197,1.558370409,2.622583511,1.180490764,1.522246545,0.661659065,2.41259174,1.452261793,0.535474934,3.312242376,2.410862516,2.929865251,1.137507357,0.278570218,0.208442453
GPR174,0.902615521,0.053768535,0.568940651,0.023025735,0.225181,0.185368085,0.691295471,0.393600557,0.749981106,0.496483702,0.232237849,0.213692902,0.152808943,0.095003004,0.623683949,1.113731046,0.230944741,0.322269014,0.335294539,0.31256524
IGHA2,5.605485625,1.836772329,2.739508992,4.626278669,4.3268265,1.263697601,5.111704129,4.009512514,3.596017105,1.986914823,3.613262654,5.790681403,0.988633805,2.917642071,5.555809991,7.278310163,3.114056684,6.310165809,3.319691656,3.829837005
THEMIS,0.960882132,0.052351093,0.313542893,0.033489416,0.27746398,0.073184631,0.739218635,0.463107213,0.748894873,0.255998123,0.254146092,0.498590826,0.166489587,0.279323399,0.502071679,1.203920105,0.225204813,0.254741025,0.328962344,0.533362505
TRAF5,1.231404611,1.844354443,1.425036813,1.866746799,1.421918884,1.98459724,0.884754217,1.292280398,1.07544191,1.02990458,1.462656411,1.473911199,1.995441067,1.778095972,1.353972376,2.255720025,1.859083741,1.517117922,1.645612777,1.68123321
IGFLR1,0.698412438,0.203874547,1.837086583,0.905172545,0.809336456,0.229275102,0.345499481,0.336517106,0.435618643,0.316998619,1.1134191,1.002053271,1.589670108,0.756963644,0.590092379,1.355167953,0.833545472,1.205877596,0.707321073,0.664902189
NCF1C,0.952608419,0.236996517,1.389284111,0.173314711,0.700844856,0.367467944,1.135378404,0.433235927,1.251410773,0.711958734,2.28791353,1.961744405,1.351270319,0.87977562,1.274670538,2.551337304,1.026654048,2.053870298,1.088217634,1.032812708
NCAPH,0.85045584,0.417028582,0.718645658,0.078019299,0.651211629,0.634579683,0.538213392,0.453285358,0.894667202,0.528969662,0.31703564,0.44240467,1.747760494,0.562408991,0.915928369,1.203866885,0.469820958,0.395734775,0.511221655,0.618174905
COLGALT1,4.547817054,4.701131441,4.643496512,4.665490481,4.782858665,4.796353997,4.330295955,5.226595132,4.551037621,5.268977699,4.54105479,4.947258053,5.748454071,5.039493542,5.005109091,5.120590566,4.732172096,5.088709476,4.482867961,3.466696792
FBXL2,0.766792259,1.737814892,1.331834479,2.014195768,0.86452842,1.997547445,0.921000059,1.133886834,0.803684478,0.701411385,0.948705039,0.703938153,0.571447169,1.932954345,1.001943411,1.106141786,0.812888716,0.97488597,0.686003077,3.44083431
HPS5,2.34008056,2.059462346,1.991332663,1.183350387,2.047854178,1.898961728,2.004628152,2.496033316,2.578792373,2.838110031,1.53668687,1.846306284,1.882645452,1.673395693,2.679334745,2.413804747,1.672567376,1.992309021,2.046149179,2.321521802
C1DP5,0.068193885,0,0,0,0.077905614,0.124418449,0,0.350202107,0.084775549,0.174402291,0,0.10422062,0.126640596,0.078464542,0,0.087705882,0.088626536,0.160204591,0,0.105242508
TRAV38-1,0.275087941,0,0,0,0.239520514,0,0.349187981,0,0.29846135,0.188296061,0,0,0,0,0,0.183977655,0.185845872,0,0.077033742,0
TRAV41,0.732997499,0,0.195095534,0,0.088475305,0,0.364794976,0.209871279,0.312038352,0.197199891,0.101189711,0.329040388,0,0.173030476,0.18656956,1.652325036,0,0,0.428391028,0.119370398
TBC1D10C,1.151561833,0.413233917,1.302466478,0.503357654,0.727212005,0.503845746,1.114269633,0.766152432,0.816703511,0.464125694,2.021760207,1.947094486,2.090344368,1.58604036,1.577740481,2.734252446,1.808545258,1.970448091,1.673944726,1.317214624
MCCD1,0.324645159,1.536442592,1.168745063,0.251851673,1.048301953,0.148432827,0.161038901,0.114550294,0.149553479,0,0.29874031,0.084183647,0,0.06327096,0.045975989,0,0.036199875,0.77105585,0.028955636,0
PTDSS2,2.222326581,2.437697819,3.774681142,2.599851787,2.268128358,2.491725437,2.483139805,2.206268168,2.427018649,2.79104931,3.39023261,3.197900786,3.925850852,3.683754354,2.892809302,2.745453425,3.216050433,3.063220117,2.700046554,3.557027019
TRBV3-1,2.172667637,0,0.087076951,0,0.283800551,0.062277449,0.318726961,0.621276731,0.775187967,0.171037284,0.391972633,0.450911822,0.124157817,0.076901158,1.102191212,1.233105521,0.086866707,0.229666573,0.429338652,0.052504128
IGHG1,6.879776473,2.609810495,3.808456226,4.688446178,6.361746745,2.33008611,3.113922154,3.451252443,3.578602038,1.819145134,5.914496569,6.672853589,5.50440095,3.766793766,4.560917257,8.959303891,3.065629051,6.90471078,4.635985342,4.841715513
SH2D1A,1.531909109,0.125637724,0.683182221,0.114511396,0.707685491,0.242499726,1.434655353,0.852233977,1.126089822,0.412990666,1.114929363,1.259185611,0.917813068,0.624554813,1.047237593,2.384908212,0.541618066,1.133163043,0.678599936,0.788725339
TLR5,1.085728861,2.095052534,1.069060342,2.135907254,0.681791244,2.236684134,0.919581141,1.730219971,1.375537353,1.226731963,0.830903732,1.221864122,1.074328057,0.284924762,1.125077313,1.42649346,1.063550236,1.052263551,1.085307719,1.239856908
GPSM3,3.993564055,3.987161267,3.838420054,3.685508254,3.157087532,3.597886135,3.77476512,3.44676885,3.893907234,2.734236149,4.125953886,4.805220767,3.725192842,3.722977904,4.070019203,5.248159275,3.935988551,4.526193106,3.678115374,3.123482401
ZNF101,1.400031583,1.248711727,1.076408079,1.100719696,1.042148314,1.642390962,1.341972879,1.353842727,1.495586508,1.306948861,0.787173764,1.275884902,0.966050521,1.318804429,1.594535182,1.745466676,1.153410307,1.203403239,1.381585306,1.229804125
FMNL1,2.328512332,0.928861917,2.409349622,1.756001255,1.653435901,1.194463047,1.977815277,2.490103445,2.242700404,1.186803973,2.205492901,2.743290982,1.431684107,1.933579405,2.336640104,3.324995547,1.727946917,2.887623882,2.141329429,2.287231521
ARHGAP9,1.630962583,0.36954064,1.691551178,0.488154191,0.947438385,0.536846601,1.43633628,1.171172809,1.239325985,0.660601688,1.75126638,2.176332475,1.782396238,1.309229294,1.516398157,2.638172722,1.549084432,2.210337876,1.539541653,1.542795161
RSU1,4.629571188,4.395183807,3.830103867,4.462729091,4.366181114,4.136649715,5.289949589,5.002323399,5.173681997,5.475777827,3.604175988,4.713776376,4.095785571,4.22921192,4.759945357,4.88024422,4.75318368,4.370829624,4.725179237,4.451892972
GPR55,0.243715693,0.01659118,0.082568641,0.007052652,0.022099725,0.029815325,0.123961404,0.18111621,0.19297982,0.067177678,0.074779679,0.133906244,0.060105501,0.188971404,0.201325164,0.492501707,0.066267109,0.41379881,0.171940848,0.349019839
PRDM1,3.295654682,2.367424364,1.062506824,1.349116434,2.245992561,1.905367005,4.163750644,2.162778842,3.113357963,1.50933635,0.997548477,2.45480843,1.484725957,1.937382928,3.717333706,2.798903098,3.199102892,1.601233985,2.974713948,1.321619584
IL10RB,4.298430226,3.796493983,3.534911116,4.144396091,4.806256621,4.330942826,4.14875861,4.44400028,4.307369777,4.995553699,4.803052494,4.972945643,4.572642572,5.088105198,4.316076518,4.626685328,4.438981524,4.537651004,4.45270703,2.807707635
LHFPL2,2.522455682,1.573462361,2.839984755,1.611224975,3.028710147,1.449926898,2.632435669,3.513192842,2.596342236,4.436254103,1.470918626,2.055894512,2.866021668,1.019935338,2.450465197,2.868827578,1.989870811,2.034133616,2.037975912,2.338192289
FFAR4,0.424878829,0.028017271,0.20887279,0,0.48854494,0.04227738,0.162271539,0.439746346,0.903566747,0.101287594,0.71668025,0.335114786,0.03698192,0.037541958,0.301367898,0.722824891,0.06738337,1.037400908,0.314063647,0.10427973
DPEP2,1.265695451,0.59003435,1.107303411,0.454488539,1.641639664,0.778184473,1.374961664,0.815213108,1.432825466,0.838248643,1.20482688,2.63424569,0.625237924,1.488185249,1.414915351,2.618293649,1.671373656,2.026219733,1.5018432,1.333674147
SDC4,7.19502048,7.617735468,7.939099326,7.729155588,7.839248491,8.873733037,6.7035013,6.490341565,7.115104199,7.591665895,7.476650469,6.194349557,7.581540044,7.474148466,6.825358522,6.765320034,6.066485438,7.639693074,6.972413359,6.376067846
IGSF6,2.928539028,0.559118739,1.236843558,0.311117223,1.929696886,0.678662089,1.776821425,2.158114763,2.876380416,2.331659881,2.498694053,3.316163356,1.475532117,1.371820069,2.170621668,3.791379083,1.720137335,2.643166206,2.203792602,1.369471124
ITGB2,4.287239582,2.794666716,3.230444872,2.154158201,3.061833923,2.384758943,3.504173381,5.145322355,4.60720558,4.500705922,3.668597517,4.15145742,2.48440247,3.180953624,4.253162148,5.347891444,3.214528797,4.318336422,3.681730959,3.627827938
CDH16,6.085507868,7.047351087,5.632448881,5.325518017,7.498846724,6.450040763,6.260811062,5.864096348,6.167995928,6.321271264,6.287223323,4.896185231,6.759056406,5.669415042,7.16047778,5.845051628,3.881582085,4.746503031,6.257695612,8.053618255
SNAI3,0.933420622,0.659188129,1.076952871,0.553276297,0.50300274,0.553899158,0.715313837,0.990769626,0.739134854,0.376684202,1.172792971,1.479800382,0.721794473,0.908851146,1.236921585,1.782163136,0.742002179,1.347819122,1.383878127,1.140687625
CRTAM,1.023334198,0.058895902,0.53167338,0.04301405,0.44935675,0.098859646,0.867999539,0.416148125,0.587459941,0.412685504,0.680179213,0.45985948,0.3514734,0.153206153,0.441880557,1.623876635,0.347258166,0.581167511,0.445607642,0.282973247
TNC,5.049090461,3.402958615,1.168076532,6.265198854,4.284138601,4.304423044,2.927764787,3.076647909,2.851205146,3.068285168,0.596239155,2.405076535,3.712675118,0.348522448,3.505000835,4.950369878,3.650045172,3.877596442,2.379989209,2.010386089
CASP5,0.173885452,0.028574891,0.166385338,0,0.163673193,0.105462854,0.098743425,0.114527237,0.267650903,0.127950765,0.280584554,0.481811341,0.436335319,0.093876384,0.146441593,0.413314648,0.242338594,0.359012968,0.034670498,0.026029157
PEX7,2.436931437,3.028382653,2.721243113,2.388274667,2.353649756,3.120714188,2.773708545,2.309378062,2.736728495,2.237116112,1.923664649,2.520467296,1.31827412,2.457185464,2.443769187,2.349016052,2.584634876,2.352180982,2.351718261,3.200008859
TRAV3,0.402150947,0,0.066084595,0,0,0.092838704,0.246415084,0.204215115,0.290797196,0.130700508,0.248721766,0.352097558,0.094515162,0.114359425,0.56235086,1.388964146,0,0.282943459,0.103811574,0.223466104
TRBJ2-3,0.462928123,0,1.3157813,0.498804,0,0,0,1.05222502,0.558821539,0.587063806,1.803689845,1.740795788,0,1.208298249,2.055032434,1.786428217,0,1.249135631,0,1.309615673
TRDV1,1.047257719,0,0.093083691,0,0,0.066612744,0.122049955,0,0.592693198,0.094123622,0,0.109170512,0.254045208,0,0.172597246,1.366521212,0.092859405,1.984661657,0.339387123,0.353803066
CEP85L,1.030212183,0.796675049,0.583774808,0.910058217,1.030049044,1.138340245,1.290193192,0.817030122,1.342576272,0.425763014,0.363330217,1.06881019,0.553788072,0.73957527,1.237538237,0.953221025,0.785095268,0.706881808,0.913761597,0.612017155
SLC8A1,1.792540468,1.261539019,0.42772451,0.250066688,0.657866012,0.589879329,1.216366627,3.732827371,1.490703503,0.992791918,0.28087365,0.858200132,0.222440988,0.498830829,1.216104918,1.75075433,0.789397523,0.885522057,0.671394083,0.548024487
GRB14,1.755008422,4.183226639,4.089874851,3.543502004,2.328579994,4.250159686,1.544590582,1.995714976,1.019043163,1.108570557,0.604025546,2.47479591,0.928158269,2.636434762,0.987478082,1.265440209,1.906183864,3.669529042,1.601975608,3.859170598
SIRT5,2.289081867,2.262748987,2.000329971,1.837533176,2.575485124,2.548709958,1.909909834,1.749702284,2.216761191,1.658626685,2.347600729,2.111135774,1.168981841,2.459349051,2.120218034,1.628777766,2.170273272,2.120862622,2.110153782,2.762691963
LCP1,4.897703381,1.952106342,3.268663183,1.289035479,3.454147909,2.327133686,4.562396077,4.278398016,5.285207856,3.523832233,3.960931791,4.268424843,3.318692386,3.173094706,4.388675258,5.831926948,3.445120665,3.955079986,3.905923507,3.566408169
CARD17,0.162656682,0,0.209899597,0.061335781,0,0,0.186871831,0.225711398,0.169100616,0,0.07366719,0.08620028,0.104882845,0.064797816,0,0.946560715,0.073234385,0.068001529,0.115158942,0.087050764
ZNF385A,2.976283384,2.142758529,3.315144861,1.693602762,2.716997576,1.881932867,2.357647534,2.340001926,2.836576356,2.59062628,3.447115148,3.399023311,5.132971114,2.766526602,2.706045105,3.917781182,2.240311547,4.151727506,2.462809958,3.295854763
FGD3,1.300747424,0.631148267,1.215142863,0.350376848,0.891478378,0.534101237,1.214850178,1.038462599,1.22045716,0.822698954,1.650178953,1.641088273,1.238937251,1.038441951,1.429330832,2.26260813,1.078854025,1.533047341,1.296417981,1.145990925
PARVG,1.361689976,0.281227606,1.547094302,0.492456619,1.478843575,0.581265337,0.967042933,1.224778269,1.246372701,0.798360505,1.385840613,2.105925337,1.198497117,1.209904512,1.294106623,2.669853575,1.235127962,2.114704391,1.632395447,1.576397505
BTK,1.610902759,0.346506515,1.249242872,0.157069184,1.160633365,0.51199203,1.076757743,1.142414268,1.801250653,1.178856682,1.23269193,1.684290013,0.308133667,0.747156885,1.21082562,2.298563876,0.947256791,1.385407516,1.330571974,1.76328849
IGHV4-59,4.179139257,0.851362087,0.576708172,1.442148362,2.80947165,0.231706302,2.143233684,1.461398557,1.709816456,0.844290866,0.479802877,2.354847544,0.360596981,0.721333423,2.734182186,5.964532947,0.425624469,3.288233391,1.902234658,2.067336993
SERPINB9,3.397714382,3.173684354,2.802859132,4.229741332,3.131141258,3.012589414,2.810899329,2.872678807,3.161134462,2.409883742,1.898031912,2.893544684,1.450083261,2.871081192,2.86947556,3.293166004,2.5483476,2.585639745,2.811056905,2.91697907
IGLV5-45,2.029263878,0.311100063,0.316264176,0.385022018,0.342145228,0.120208629,0.791171528,1.610767419,0.464171399,0.086760264,0.847529775,1.412646208,0,0,0.862268283,4.325359734,0.08559204,1.980355245,0.832113611,0.962797055
CCR1,2.627460319,0.870217118,1.815912995,0.332713521,1.941166616,0.761049144,1.929067659,2.575487198,2.712655475,3.027539612,1.915006099,1.903834978,1.20941014,0.367403417,1.743990766,3.115210056,1.077699621,2.156675193,1.831573934,1.411917298
ST7,2.491147153,1.975758868,2.812636156,1.750831255,2.549433549,1.972375922,2.802514323,1.993135932,2.800885392,3.115746745,2.048170121,2.364376639,2.2151281,2.875331948,2.44604288,2.785859158,3.01236275,2.456848198,2.58141571,3.448881584
TRAV23DV6,0.446373762,0,0.307907532,0,0.142629143,0,0.395207592,0.174581621,0.391453504,0.163921525,0.083641496,0.189416743,0,0.210415726,0.15499001,0.61188123,0,0.150533181,0,0.145738504
LAMP3,1.193705501,0.769937105,1.503834275,0.818635782,1.060684061,1.056766752,0.755472794,1.499182491,1.040513138,1.709220152,0.414321255,1.37935062,0.582324528,1.695253928,1.656068542,1.814082147,1.061697284,0.65772663,0.667702804,1.010042338
C1orf54,3.533525899,2.89210122,2.749743598,3.495288247,3.132642482,3.139688245,3.069307836,2.896298084,3.39541754,2.1921773,3.495950933,3.666969209,3.857907245,3.870574806,3.289577604,4.420664339,4.610090925,3.388527398,4.095380273,2.724666556
IL33,2.980017513,1.735517824,1.677428678,1.60144976,1.975684529,1.111820923,3.258242337,3.348597284,3.686914882,1.202313729,0.49083386,0.984796772,0.581980807,1.009662327,1.874417022,3.269271249,2.273277724,2.09432468,1.405246311,0.509154399
DERL3,1.683611847,1.022833534,1.83842267,1.013176426,1.759077972,1.192750101,0.883310436,0.711547718,0.864985919,0.4190901,1.865221316,2.400014327,2.329642705,1.641742576,1.275941428,2.470058217,1.370351945,1.732291601,0.418593804,0.674056873
BATF2,2.567533861,1.611073625,2.075925429,0.810927051,1.607556546,1.97870445,1.79254471,1.623488985,2.114202381,3.452877566,1.79584999,2.340759535,2.275791153,2.014703965,2.304989459,2.602411865,1.824819426,2.09824771,1.842741961,1.254590915
APOL4,1.954515936,1.056906636,0.283036736,0.454087667,0.701596577,1.483838977,1.073311529,0.913406114,2.982924126,0.472916398,0.649763485,1.256824382,1.289885561,0.326910555,1.247425092,2.299093218,0.982389715,0.764536473,1.716714414,0.918868165
CTSZ,7.046253782,6.94272788,7.716829661,7.156571452,7.422198834,6.610549752,6.521927391,7.556443495,6.284491586,7.131248696,7.721767153,6.394845725,6.672252929,6.471519099,6.487864494,8.086674926,6.779405953,8.529752898,6.62591969,6.02577269
TRBV18,0.644396144,0,1.095416363,0,0.261355067,0,0.680130748,0.086054444,0.435133417,0.487952515,0.296496914,0.264369898,0.113836598,0.433086473,0.406142105,1.567113333,0.079560341,0.144173455,0.183591764,0.306863463
ZCCHC24,2.400407904,2.369492302,1.298244616,1.56530102,2.279116389,2.004263472,2.073418497,2.830731475,2.63644041,2.338611239,1.345862515,1.958160336,1.442743551,1.346368971,2.845324484,3.193170285,2.229466145,3.061263742,2.216954855,3.427310108
MRPS5,2.91227888,3.061603516,3.110315541,3.084460695,3.207243652,3.203919636,2.768158285,2.929166129,2.746240869,3.026596423,3.377456983,3.086496503,3.537478022,3.628532478,2.8575616,3.200468656,3.161723012,2.976135958,3.223735092,3.057011279
IGHV2-70,2.126287847,0.062782513,0,0.154540787,0.825110528,0,1.364633925,0.371753874,0.368903894,0.095904178,0.095171881,0.4011714,0.13508243,0.162975259,0.381096712,4.072553783,0.183408429,1.648925895,0.405432389,0.531347757
PRF1,3.428507562,2.084900099,2.408820257,0.76117328,2.420195842,2.475204188,2.721377662,2.74848487,3.158088158,1.448118571,2.528299149,3.253590648,3.70605162,3.342092785,4.233528392,3.657024035,3.586468269,2.885662071,2.647151822,1.756630439
GNG2,2.573403967,2.217830531,0.98277212,1.285260548,2.219652616,2.315395627,2.614007432,1.786424529,2.79935667,1.385400181,1.295307023,3.214912572,1.097806894,2.267732183,3.099679353,2.745270776,2.803997932,1.770457266,2.418535944,0.986532314
PIK3R6,0.559095509,0.158547379,0.445468376,0.191522962,0.685431485,0.177174321,0.551504455,0.747655643,1.085382264,0.39791297,0.285930277,1.965773465,0.625063916,0.726579869,1.824689962,1.474164298,1.498100973,0.733448635,0.670957182,0.650086775
TRBV20-1,1.41187798,0.206918412,0.557006572,0.37187068,0.693722536,0.05902693,1.242053295,1.144187475,1.55402942,0.562329344,0.615418035,1.452488392,0.226715654,0.871321146,0.836900316,3.057256621,0.612396158,1.10003679,0.459464376,0.642863848
CYLD,2.87066445,2.306196559,2.426404579,2.317774553,2.737214681,2.211311872,2.614795056,2.542270779,2.871716182,2.769836596,1.7651454,2.129453135,1.443511773,1.79104836,2.729070815,2.910276918,1.590651501,2.142452663,2.370142158,2.896902964
IGKV1-16,3.516808236,0.507159803,0.471065943,1.050222183,2.147089716,0.125994367,1.341640048,2.094535517,0.515271513,0.47569649,1.456166821,2.640946547,1.811461901,0.079474359,2.081167903,5.050288185,0.329734108,3.497410892,1.533624664,1.563276618
IL27,0.33656929,0.087720644,0.320785414,0,0.047490301,0.038664172,0.071410797,0.058562005,0.1499263,0.107691588,0.2063713,0.293865256,0.03937573,0.160910934,0.181323526,0.249777947,0.027305515,0.235228505,0.20470255,0.04856068
C1QA,7.564417481,4.744842278,6.014925198,3.802370418,6.279210811,4.124993004,6.541406147,7.292882261,7.049355635,6.983128693,7.858351462,7.868470675,7.155916435,5.036714402,7.090185208,8.12886799,5.835070529,7.505030184,7.155676648,5.499122908
NXPE3,1.658264592,1.575263505,0.585637131,1.074908811,1.011567353,1.431232474,1.481501564,1.728127508,1.590339629,1.258320176,0.616739441,1.206834712,1.061262105,0.683083503,1.278827348,1.752399971,0.938812568,1.212596695,1.435284754,1.813412362
CHCHD10,4.995576008,5.552844311,5.287094177,4.996572442,5.385903862,5.304381675,4.084826727,3.956659008,4.510398613,5.78444107,8.344899833,6.21142143,6.666210109,5.414997166,4.093900896,5.941077795,6.700014856,6.436803678,5.433286593,5.126306285
TMEM213,0.152768608,3.765706249,0.021711294,1.56128032,0.03150287,3.818173384,0.023946672,0.023464043,0,0,0.021787985,0,0.041528941,0.197585455,0.009239864,0.201172901,0,0.085082151,0.179826001,0.160181659
ARL4C,4.882562978,5.488164813,3.048633233,5.250344717,4.353293863,5.130776202,3.695087336,4.127086839,4.27219917,4.38655322,1.966393428,3.313872445,6.139014763,3.007467196,4.099638372,4.51239144,3.845545973,5.938576779,2.678864013,2.855305114
GFM2,2.780373141,2.504404979,3.081582786,1.800523429,3.540139854,2.775679886,2.915525418,2.971685382,3.223390647,3.218457536,1.90292159,2.513541251,2.31040616,2.771885575,3.531352244,2.549945648,3.087274267,2.313495922,3.562866528,2.979755538
SIRPB1,0.67219851,0.119381869,0.927975831,0.004785809,0.397787579,0.102490144,0.943455918,0.746797425,1.689031522,1.863171523,0.219499582,0.466291489,1.067729673,0.130790544,0.248352819,0.719281999,0.429319673,0.318918903,0.462843904,0.13740782
GOT1,5.993682362,5.34473195,4.927161647,4.703118336,6.493260043,4.928090847,4.837755549,5.055900986,5.670232895,4.68361196,6.716138318,4.551034078,6.845503065,5.353100599,6.081683267,5.321568821,4.604953777,5.111416802,6.034581031,6.325794014
MAN2B1,4.010768364,3.517717684,3.09753673,2.901867489,3.496365138,2.743500602,3.444577575,4.025251046,3.936577507,3.858759105,2.791564685,3.847555751,3.623546049,3.87844932,3.89135628,4.444099213,3.088248451,3.8354389,3.234000801,4.080055013
KIAA0930,3.065844126,2.611080308,3.951724302,2.205986136,2.713525685,2.553415762,2.742896502,2.983802076,3.130723499,3.655622543,3.082917105,3.103440255,4.052544415,3.428218764,3.259422017,3.702768373,2.631141301,3.490104123,2.826384259,3.379564343
CXCL11,2.824224876,0.3882268,1.686363706,0.186370014,1.182496199,0.683176433,1.394892207,0.756483512,1.367015512,2.100536699,0.702176934,1.676041984,0.841516049,0.600372712,1.730180682,3.572384289,0.452933715,1.243283436,1.986593756,0.503593522
GREM1,0.450812422,0.040324059,0.049596819,0.216762713,0.320533282,0.027004291,0.063813507,0.275870001,0.019331544,0.014510076,0.009613381,0,0.006925137,0.002112937,0.015192279,1.329831294,0.002394852,0.259542336,0.005725717,0.014243604
GZMK,3.825549212,0.266449176,2.509655092,0.239368133,1.51316425,0.19259616,3.198290413,1.713150461,2.183794932,1.595436762,3.083960264,2.62996842,0.816384174,0.784642853,1.720144153,4.146695858,1.131003132,2.409237882,1.077151021,1.701428673
SEC24D,2.651475438,2.454179448,1.548447537,1.779885646,2.509873861,2.446090893,2.508122192,2.728978764,2.740219786,2.527979062,0.764617756,1.677246011,1.400586188,1.485305459,2.561215071,2.797157374,1.866607895,2.024963955,2.145760662,2.201500827
RTN1,0.974085402,0.259989019,0.736429267,0.164279511,0.524150618,0.229256479,1.148583987,0.956479818,1.145001476,0.362156799,0.323819215,0.632175923,0.183743663,0.492456333,0.936537814,2.245681251,0.475933366,0.997206544,0.729394425,0.299907976
TLR1,2.032252243,1.57546194,1.282277596,0.421346523,0.791608041,1.151122681,1.743420395,1.913394874,2.442730374,1.713229739,0.636425809,1.199742753,0.168612324,0.740111413,1.394921509,1.771395334,0.845806385,1.3377065,1.628505699,1.816102162
CLEC2B,2.756063549,1.879716758,3.189692899,2.232034363,2.186662732,1.740157231,2.635906505,2.238657266,2.433575428,1.596536914,1.975860802,3.727572172,4.492669501,2.537061842,2.848247373,3.392386503,3.358083764,2.854453783,2.792881971,1.250272399
MMP19,1.438403164,1.172632797,2.009052847,1.176710904,3.061057114,0.769884182,1.414459037,2.010520625,0.689520445,0.687924921,0.387690526,0.365847492,0.84580056,0.156462491,0.662183826,1.566973041,0.568549871,2.265390107,0.660076632,0.596270809
TRAV29DV5,0.671669629,0.094780472,0.33267153,0,0.397445411,0.052104593,0.141506326,0.292028498,0.555359836,0.27485076,0.073207727,0.688643448,0,0.064392444,0.4110815,1.252180661,0.331932186,0.310077526,0.270716834,0.168125232
IGHV1-69,0.182678299,0.207386211,0.08276341,0.06918505,1.514425686,0.059167301,1.170789932,0.712377333,0.357623163,0.162792793,0.306867847,0.273720562,0.118081271,0.20898936,0.678495414,3.070376648,0.082563286,1.274604169,0.190271049,0.644122364
DUSP4,2.160809074,1.84275717,0.914535318,2.008331518,2.182789787,1.278608923,2.078458378,1.061766275,1.665413894,0.593231358,0.742275082,0.765366773,0.441824678,0.759770723,1.657220557,1.746435983,1.079621528,1.425437854,1.169013925,0.564881279
CCDC3,3.053745753,3.817625642,1.067940219,3.84939172,4.225575183,2.161856258,3.01397499,4.377970942,2.76748806,2.086477777,1.246171639,2.073692454,2.383260345,2.965728291,2.588010942,4.79205059,5.13675494,4.18702946,2.598625287,0.950500608
S100B,1.088581542,0.299749679,0.969085839,0.223702858,0.496639973,0.526800998,0.658623929,0.725979713,0.775998811,0.094878554,0.699384762,1.007595047,0.848666366,1.63195719,0.502281189,1.822343429,0.093604522,1.233467062,1.05868959,0.137610389
SLC2A6,1.073804914,0.992463362,1.435213576,0.992103544,0.787736012,0.919635558,0.974416898,0.867784095,1.257896036,0.761384613,1.295795637,2.0025133,3.544850189,1.4097694,1.86147812,2.023319413,1.67824322,1.407009487,1.493532651,1.202766032
IRF4,0.428410449,0.112357221,0.415851433,0.136865668,0.290881304,0.159597804,0.597931998,0.152514538,0.258831308,0.110056064,0.231243396,0.244713995,0.19281225,0.245019324,0.362613004,0.906962715,0.063857428,0.297247628,0.275112802,0.483411149
CLEC4A,2.044718521,0.824302974,1.477716172,1.218564359,1.680931517,0.89664397,1.535617693,1.571157708,2.046317898,1.241145402,0.908164491,2.667467728,0.46888597,2.032666599,1.821616291,2.810560324,1.702305928,2.1163237,2.167141276,1.400738773
SLAMF7,1.787049986,0.207705927,0.773750442,0.274272198,1.324101274,0.51425602,1.255055499,0.821686174,1.643732661,0.983724761,1.168432277,1.951366798,1.012861452,0.791480969,1.697191906,3.584624553,0.966405088,1.347662251,1.104149656,0.981498876
PTPRO,1.519251561,1.723329233,0.522827742,0.075648174,0.399845959,0.114475662,0.767919704,0.771230936,1.272049423,0.765831126,0.377078293,0.687550615,0.135065279,0.159281312,0.891779824,1.067021082,0.259258881,1.097372881,0.836212765,0.37497047
ALOX5AP,2.906232164,1.402388592,3.208078114,0.976508522,2.286406303,1.297655947,2.908853009,3.487451918,2.728895482,1.86396439,2.250365,1.651423808,1.143319788,1.676672582,2.051898975,3.914726068,1.446892488,3.441200444,3.132078824,3.037008636
CSF1,4.520844225,2.923374811,4.004924387,1.637178123,3.434226502,2.613302443,3.993189274,3.013326941,3.656422731,2.874939221,3.380290028,3.99353536,2.428773256,3.058206092,3.319601046,4.456944235,3.131944067,3.906261901,3.630109379,1.736554023
RHBDF2,3.13651672,2.907139781,3.327158601,2.815365256,3.394700502,3.236454238,2.919602491,3.042232081,3.110980024,2.739657089,3.569271157,3.687565441,4.334393955,3.45316725,3.537515738,3.430369822,2.659121529,3.63845655,2.770135087,2.968129522
LINC01857,1.259516287,0.090485701,0.480834978,0.269848624,1.198978025,0.189322575,0.443827311,0.458672098,0.751169341,0.485546322,0.375978236,0.814032659,0.192628821,0.120380374,0.494212131,2.670661001,0.259764827,0.791946685,0.557992481,0.270450159
PTAFR,2.365147701,4.044122678,1.597573117,2.888251419,1.520787839,4.825419854,1.503354331,2.656463672,2.74235396,2.131947793,1.816061771,1.817257117,0.715596249,0.765989044,1.75369558,3.191617991,0.977754253,2.410232949,2.134228837,1.924526618
DNMT1,2.685545025,2.086686858,1.445413826,1.667945867,2.377853291,2.623915546,2.482489729,2.14881685,2.834835563,2.217970683,1.078263519,1.945902232,1.897717304,1.865610781,2.944331877,2.693160082,1.995451014,2.259503847,2.26738177,2.89924523
NRP2,3.154313856,3.592305856,3.42919708,3.290415852,2.845468838,3.220895957,2.660307808,2.88651766,3.421915093,2.186014835,1.271576184,2.313399913,2.320613304,1.225722022,3.226809012,2.767237209,2.501435129,2.296293378,2.887393555,2.774238027
DMAC2L,2.035577281,2.172122577,1.469913917,1.303964122,2.271990505,2.062548444,1.814987667,1.379666362,1.822174049,2.231557243,0.913687671,2.207638428,1.522327357,2.66015843,1.922487066,1.720275732,2.022558689,1.552442212,1.997228765,3.952476751
SECTM1,3.195022525,1.672970476,2.858393304,2.77773962,1.892525411,2.503785206,2.349692169,2.510903868,2.566603425,2.751503292,3.123860007,3.105442704,2.189113608,1.620556553,3.17243032,4.149081675,1.58871562,2.446540236,2.782043597,0.842266356
NDUFA5,3.346043871,3.508910489,4.375591468,3.175230638,3.754994633,3.873171401,3.137975524,2.419568355,3.385752538,3.462602401,3.819891941,3.499597775,3.305342159,3.620094474,3.110902181,3.425624077,3.720654301,3.639631777,3.694170565,4.081304832
IGLV4-60,1.48150314,0,0.343464604,0.223702858,0.555450122,0.067152131,0.984865652,0,0.214229652,0.267747325,0.094153835,1.130199637,0,0.161271414,0.787533215,4.715127148,0.093604522,0.995715974,0.458784854,1.057193787
GPHN,2.812959386,2.404429601,0.967702168,1.363696112,2.061177016,2.169972723,2.497741772,1.518821745,2.519750329,2.347160104,1.031727236,2.313012269,1.732211301,2.061871274,1.744192914,1.903614622,1.812551934,1.398445236,2.432823613,5.591258241
IGLV3-19,3.8004014,1.637765182,1.585113295,1.794721589,3.048137511,0.67334018,3.202438737,1.94893529,2.448301604,0.606126888,2.147978258,4.059856577,3.380463649,1.094684827,2.279551724,7.071781193,1.272647708,3.920178795,2.150823487,2.229655391
CCR2,1.220897883,0.268728435,0.768748096,0.076171258,0.380407995,0.38909191,1.046853217,0.63849959,1.628827006,0.84607679,1.109387218,1.512140425,0.36939498,0.43887337,1.130110331,2.175566277,0.722498184,1.017371451,0.993210857,1.441419032
LINC01146,0.144920912,0.008160831,0.187338692,0.080905428,0.155177663,0.035030734,0.032747609,0.104300907,0.141727063,0.109557287,0.209826604,0.256055845,0.154022317,0.043352276,0.114535065,0.217220828,0.072954532,0.244016797,0.229507777,0.1282
LINC00861,0.463550634,0.089474055,0.293069542,0.122202941,0.245650704,0.152497176,0.354623099,0.150948058,0.337114338,0.113273571,0.23249599,0.610056186,0.484432676,0.621569154,0.42842453,1.137152119,0.365439272,0.482177928,0.409358336,0.340089232
HLA-DRA,10.51271905,8.095652663,8.298339785,8.287454101,9.16453937,7.064188685,9.521254695,9.905202461,10.18933945,8.948165218,9.060036384,9.702983265,6.255747463,7.811250267,9.395750864,10.88651308,8.393057349,9.55155273,9.636150148,9.011138723
TRBJ2-7,1.126515479,0.420931965,0.601775286,0.896260842,0.538181515,0,0.753244834,1.083666837,0.317996247,0,0,0,0.805418729,1.496664483,1.211587337,2.023114578,0.600550624,2.120915326,0,1.159205862
C19orf84,0.157438342,0.031407351,0.116441988,0.039803489,0.082353732,0.067197475,0.047402231,0.19590062,0.100422957,0.024327651,0.245600121,0.110114812,0.133745066,0.142164684,0.030507349,0.158507135,0.023993058,0.265508897,0,0.097752975
JCHAIN,4.698873218,1.846795335,3.027351949,2.558537446,4.258438037,1.327230858,5.022500925,3.06611552,3.696287971,1.486247681,3.40474117,5.21814201,1.731934575,1.503302365,3.9563658,7.244623701,1.720975149,4.90481861,3.130258625,2.974111906
TRAV35,1.086474478,0.067985873,0,0,0,0,0.257356263,0,0.144522288,0.103755527,0,0.120279083,0,0,0.189748048,0.593802596,0,0.095119707,0,0.121451903
LMNB1,2.758339151,1.852891216,2.494056851,1.544181663,3.028495462,2.88655615,1.780154177,2.090316857,2.426800089,2.413618916,1.471979673,1.75581467,2.981193921,1.628456188,2.223015768,2.982788942,2.180576347,1.855458835,2.085928808,1.513417228
HACD4,1.147549542,0.716990412,1.136701057,0.932740964,1.482785884,1.007308755,0.559291992,1.870235395,1.183624216,1.501319808,0.510083618,2.141080716,0.244033448,1.365435362,0.640821711,1.213744798,1.074262676,0.759589273,0.762133627,1.334397921
GTDC1,1.35413451,1.382232753,1.271238062,1.129342081,1.23663758,1.470325388,1.201115648,1.644717774,1.318686158,1.167242784,1.401134786,1.07463107,0.810899481,0.725096262,1.165088926,1.481156677,1.388187557,1.583160803,1.317023306,1.039863275
LIPA,5.141363882,4.480868994,4.488823975,3.438738149,5.313626424,4.568311388,5.362354556,5.410868839,6.335555958,5.560784349,3.440246233,5.049720311,3.899857554,4.259302655,5.479968517,5.784343354,4.210231214,4.527049847,5.130827202,4.636257537
CXCL16,5.484518338,5.405928303,4.360205105,6.092778017,4.737124267,5.931999735,4.359295508,5.292353088,4.923360771,4.696226929,5.250065009,4.279677669,2.561929079,4.0322819,4.561114482,5.580513314,3.253588314,5.256626196,5.079721593,4.418806671
BTN3A1,4.034177779,2.923179829,3.187955131,1.602145494,3.84501157,3.349735538,3.595657069,3.255592472,3.896529806,4.01617418,3.565590013,3.570193073,2.341133439,3.661628846,4.246345879,3.858239377,3.321717431,3.46879322,3.359436302,2.897313783
SWI5,3.479199672,2.628873928,3.684905882,3.214844231,2.723740968,2.844323504,3.135350956,2.66906381,3.184260983,3.656458801,4.065004488,4.178218571,4.142755072,3.802814333,3.52496945,3.280987795,4.294976022,3.099242253,3.943244607,3.296220614
CCDC69,2.574517075,2.106719426,1.672458294,1.150623637,2.096661411,1.653157846,3.236496183,2.64329218,2.639191053,1.527380935,2.132080757,3.216002665,1.139772156,2.497638637,2.722909528,3.241408812,1.859670807,2.552089366,2.503994715,2.858920314
CKAP2L,0.626180785,0.286494213,0.748910949,0.033183655,0.680435632,0.609256487,0.203218267,0.473129324,0.63502736,0.426735638,0.264406203,0.136134272,0.838156812,0.177927297,0.380940856,0.63409991,0.229012501,0.234729351,0.324534609,0.302460659
C11orf21,0.223755064,0.115602292,0.497055196,0.067913559,0.442887586,0.332029171,0.381964093,0.248470147,0.415742324,0.105923517,0.601644927,1.415357854,0.695348286,0.91225563,0.885133477,1.554880265,1.112080836,1.065346179,0.694082117,0.446130487
CCDC80,2.734687145,2.225823256,0.641721814,1.641430257,2.330183572,1.659984855,1.510393828,3.304724662,1.33433,2.069224934,0.691069585,0.95568036,0.778298178,0.962192058,1.494756361,4.257826076,1.92794226,3.326752885,1.221328993,2.356434726
IGHV4-30-2,2.072192436,0.41666063,0.596015652,0.851109091,1.39970859,0.056998553,1.429710462,0.244143967,0.519315348,0.487952515,0.542324685,1.88028767,0.496217289,0.485566858,1.646834154,4.431932812,0.539598286,2.869050263,0.396873701,0.746043434
RNASE6,4.789899924,1.816109411,2.982084079,1.314919382,3.627182652,1.653449038,4.326032704,4.655283139,4.27521804,3.699381562,3.373623974,4.557856207,1.625982325,2.27307889,4.021790545,5.226905148,2.962107501,3.998811231,3.737206289,3.687396891
TRBV30,0.413361209,0,0.149055016,0.063885996,0.067006091,0,1.20009003,0.372120404,0.50065757,0.077310704,0.076716632,0.535369836,0.109176364,0.193674558,0.186961027,1.384682545,0.07626638,0.264548723,0.474896516,0.133905938
AKAP1,3.51581524,4.081687094,2.831628146,3.22470041,4.335155213,4.349231676,3.427336228,3.754131104,3.334737449,3.685238906,2.844233727,3.18486315,2.704707049,3.699802219,3.887627125,3.815250893,3.381974472,3.19414278,3.609136055,3.644045538
SEPTIN4,2.898774861,2.522549231,1.162717871,1.710826012,1.431624991,1.69262006,2.581825457,2.54019808,2.597983087,1.020683767,1.780139504,2.828996952,2.830644738,2.118541818,2.306430963,2.851448403,3.656032283,2.94970582,2.67717927,0.830066688
IGHV3-30,3.779445558,0.858209153,1.051297789,1.452836989,2.105497573,0.21421792,2.98467084,1.649036263,1.400736125,0.800918922,0.748213516,3.329638559,1.523664233,0.883128331,2.474076852,6.072132221,0.479343682,2.185371,1.363024082,1.788488361
LINC02328,0.547052538,0.217208297,1.154212657,0.124795099,1.332222037,0.37517977,0.507183674,0.20287864,0.445928731,0.210305615,0.149241789,0.543456196,0.182009679,0.317010781,0.652545952,0.807511026,0.519359894,0.501786245,0.693657253,0.222013069
TWF2,4.088981431,3.99586593,4.766607106,4.647726041,4.007866289,4.083432191,3.876852951,4.323587357,3.858252094,3.89287693,4.800935395,5.103476028,4.987682983,4.471465688,4.569997678,4.974616257,4.742501388,4.708291468,4.387056383,4.236688644
OTULINL,1.966330928,1.45173814,1.129781123,0.255496316,2.496303877,0.742573059,1.757314042,2.755589984,2.531635752,1.466597006,0.7916648,1.533304876,0.229596615,0.691345716,1.488806983,2.55990058,1.918989681,1.372910996,1.826700252,1.670879094
COBLL1,2.202376234,3.83391103,2.031104988,2.080866345,2.869943344,4.713117884,1.984471242,1.615566232,2.159190186,2.133973244,0.729448199,1.709244716,1.387385218,2.295894647,1.788894951,2.137074701,1.105195259,2.165627598,1.482493096,2.893875595
TRAV25,0.351636536,0.109726248,0,0,0,0.060461346,0.565339478,0.177027665,0.080683754,0,0.084850861,0.279277817,0.120611069,0.213327785,0.157176268,0.727051091,0.084354251,0,0.253588284,0.050968019
RAB7B,0.676720953,0.509292774,1.22226912,1.266421662,1.742630283,0.507049794,0.882512314,1.978329375,1.180896573,1.621142277,0.656464388,0.75939234,0.802065999,0.462054469,1.191318851,2.673453682,1.359978967,1.227970159,0.834010111,0.795106285
IGLL5,2.87666082,0.549702078,0.538712588,1.464810755,2.009339669,0.257452968,1.699781847,1.159911355,1.112874388,0.200774411,1.378444667,2.845268757,0.786570697,0.438352324,1.368761645,4.827578457,0.21046451,2.641680589,0.715659165,0.958911616
DSE,1.638585871,1.617709698,0.965380603,2.286204547,1.241383619,2.018617175,1.195134847,2.050633478,1.734946836,1.024345949,0.599677491,1.129935213,0.456368612,0.438273728,1.342739292,1.723395228,0.85825842,2.001646962,1.308194216,3.079036468
ARHGAP8,0.171609527,1.015161374,0.159630082,0.524103174,0.537461175,0.84398473,0.12486156,0.037535439,0.17344298,0.035140272,0.115260288,0.080655983,0.049923611,0.259834774,0.36532449,0.100523587,0.048292417,0.244636733,0.246393431,0.073511821
SLC1A3,2.611240897,1.450687466,1.443673756,0.339023859,2.170085967,0.34460375,1.391044268,2.885724073,2.425820415,1.755429133,1.394421112,1.881159592,0.545898101,0.231758132,1.262651377,2.405788092,0.435591467,1.601926117,1.861149685,1.140872874
AUH,3.210918248,3.427586568,4.859059086,4.112300363,2.768958956,3.957575453,3.768626798,2.674103142,3.805408182,3.0740552,2.458827069,3.570097913,1.566011732,3.658012243,3.299716848,3.035195487,2.961968729,2.615807657,3.953333198,4.231942343
GIMAP2,3.196702081,1.739307243,1.980590072,1.103343038,2.222941693,2.287547519,2.889000541,2.942295991,3.226869152,2.335821544,1.375698052,3.096372599,1.257518365,2.106871251,2.849685769,3.698869449,2.84384166,2.278092325,2.933254681,2.829663781
SBF2-AS1,1.696948822,1.542916941,1.140781068,1.298980465,1.967958946,1.928279146,1.42505476,1.679271966,1.825447441,1.822451862,1.826800285,2.005630641,2.084986772,1.189728998,1.224923468,1.816862338,2.071527541,1.114351313,1.691379387,0.81984755
TRERF1,1.305763834,1.553768324,1.033992784,0.848778977,0.657332608,1.071752132,1.73262474,1.322157091,1.472379027,1.2165618,0.489693449,1.126803979,0.657345517,1.181449746,1.54090257,1.546882547,1.274138198,0.994145469,1.545014403,1.572209902
IGLV7-43,2.012057541,0.319796212,0.250423577,0.336677224,1.578731767,0.29160459,1.199913663,0.563935129,0.412668619,0.089382389,1.370308277,1.517582815,0.126010633,0.353906459,1.242135292,4.239965165,0.171279195,2.152717835,0.487801422,1.409366811
HLA-E,9.307560183,8.339579046,8.414895253,8.616653617,9.099408998,8.546442777,9.543126025,8.590274561,9.033337246,8.307722624,9.068277095,9.702568597,7.265313892,9.144036605,9.618178419,9.166524555,9.009902025,8.86106059,8.7862692,8.229046631
RIN3,2.347265194,2.034047106,1.700303957,1.099047234,2.423882297,1.47808639,2.511413223,2.977138958,2.406193424,1.390125998,2.50550323,3.336790703,2.426199185,2.441704181,2.906827481,2.853226881,2.368493466,2.870335594,1.97367444,1.806036075
PPT1,6.220104269,5.603632132,5.301570424,5.186713809,5.598829296,5.710485397,5.849544819,5.479908075,6.426224485,6.066540218,5.026386382,5.741403478,5.65728754,5.262106377,5.650877219,6.268777311,5.556373713,5.303721242,6.205775651,5.955534877
VASH1,2.900435296,3.799676425,1.703121397,2.648435607,3.011288545,3.481631778,2.908691745,3.469134244,3.567291452,1.744249107,1.686621495,3.025788626,1.907222008,2.717505975,4.338178573,3.524993888,3.03284512,3.028003719,3.433303871,2.868070172
LPAR6,3.945112901,4.144750302,4.565007278,4.248993961,2.282727927,4.623088727,3.722270341,3.813769476,3.618030282,3.818938689,3.821560922,3.902711249,2.235588785,2.773836358,3.888699155,4.981272618,4.115647137,4.331915258,4.765328391,3.671907348
PMCH,0.195612281,0,0.62281869,0.110049378,0.187402475,0,0.059446093,0.141468364,0.084775549,0.132738151,0.173105541,0.153637141,0.126640596,0.505080375,0.028831507,0.393300907,0.044993716,0,0.036011541,0
BSG,7.288772268,7.465747212,8.266316354,7.803038939,8.264177153,7.368483785,7.437932234,7.125727835,7.442130693,7.688670525,9.7123441,7.952980149,7.850535609,8.353438475,7.546213437,7.57756826,8.76679492,8.38209869,7.877109665,8.035089738
C9orf24,0.611832178,1.61788394,0.857139657,0.744250266,0.217161188,1.388536745,0.181869226,0.328759743,0.215474247,0.613630651,0.732611477,0.463451465,1.198012893,0.236973659,0.21558595,1.127273154,0.855530938,0.209509345,0.543448454,0.75258634
ARRB2,3.66132537,2.645974122,3.29804899,2.74883512,3.594812583,2.574118833,3.135901957,3.45630262,3.852312697,3.438822236,3.603017706,4.520551021,2.922704723,3.666485529,3.553447807,4.533291625,3.647718023,3.762629689,3.645454164,3.121017249
FREM1,0.184070041,1.700634901,0.051255644,0.626199919,0.01417386,1.181243623,0.339109695,0.017525501,0.370643707,0.006582357,0.009784754,0.170314435,0.02336298,0.011433542,0.573848027,0.132138761,0.019386859,0.126910563,0.085650996,1.129398932
MTX2,4.06633514,4.291664662,4.792158412,4.039274548,5.153003771,4.256405162,4.074538859,3.914570607,4.100977072,4.187959738,3.799555217,4.005053001,4.045533562,4.474612596,4.008350539,4.296544364,4.34779466,3.943227929,4.654615315,4.218367946
YBX1,7.280980584,7.186808848,6.462037193,7.485410261,7.73634781,7.472129206,6.92589662,6.77437985,7.318572495,6.574174777,6.788947951,7.66609494,7.067295116,6.519342685,6.540206628,7.535939827,7.118822522,7.24319414,7.332031077,6.404409851
TRBV4-2,0.217820971,0,0.566748362,0.062786814,0.128833609,0,0.580846735,0.366341771,0.493200609,0.345291949,0.075402406,0.088221789,0.207218402,0.190484442,0.493433729,3.317491779,0.341026984,0.318637298,0.553918609,0.363620742
RFX5,3.476417578,3.170450767,2.860884056,2.494129934,2.810376827,2.926113588,3.192729013,2.840099397,3.332049951,3.238826124,3.047259119,2.608566141,2.776958971,2.189557159,3.061203709,3.91367574,2.523958772,3.002353102,3.1364157,3.977942912
TRBC1,0.610784534,0.10783674,0.283775292,0.069459404,0.312294058,0.134983156,0.569733946,0.227690254,0.293917385,0.214020793,0.284691851,0.407416943,0.262817403,0.555358693,0.587291939,0.981898929,0.373714894,0.449331575,0.478398567,0.521631751
NAXD,3.959761629,4.56420646,5.061819997,4.899214867,4.225937106,4.532516365,3.890500468,3.198085376,4.018017223,4.049432377,4.401497876,4.287121134,3.870497825,4.783609075,4.269904962,4.318087358,4.193283093,4.441561026,4.165655835,4.613895929
KCTD17,2.510414199,2.191069136,3.322265295,1.315701345,1.686901802,2.13305892,1.932161687,2.873094267,1.86130356,2.879577347,1.920883609,2.035580648,4.804325646,1.59495866,2.392659222,3.232854008,2.471599777,2.538883532,2.370061316,2.528549738
CCNB1IP1,3.692551479,3.795078424,2.85076087,3.616941785,3.786237987,4.220104424,3.468511854,3.463265187,3.625421813,3.37221693,3.145347298,5.065610312,2.833972475,4.298585501,3.341786978,3.292788732,4.449138319,2.849884228,4.151148159,3.119504284
CLEC7A,1.718907494,0.456731264,1.739738502,0.2312991,1.747758174,0.948844032,1.397355622,1.463589716,1.921536726,1.225894223,0.608226068,2.041139902,0.304305075,1.048102896,1.362913799,2.711882376,1.034384337,1.194249495,2.507274849,2.264395166
SULF1,4.128480211,3.201425037,2.305938604,3.99947639,3.59745709,2.898421885,3.835667081,4.730541919,3.620786593,3.01960992,0.969330247,2.089311333,1.127320201,1.736955716,3.902494355,4.537718068,3.699155742,3.424103698,1.6710172,1.286477447
CLEC6A,0.136447657,0.027060161,0,0.01725594,0.03600147,0.029288903,0.027376458,0,0.029519327,0.020953276,0,0,0,0,0.026283599,0.346161837,0,0,0.032836306,0
GPR183,4.210499388,0.994840509,3.448449452,1.28014759,5.432583394,0.897165574,4.601448937,2.698967363,3.455161378,1.832702365,1.122717083,2.708374014,1.1636432,1.555446521,2.460008213,3.958364599,1.897760168,2.335811826,2.086040657,3.015057232
EMBP1,0.101291721,0.092407364,0.584640405,0.026706066,0.095804476,0.157610654,0.02129913,0.320677608,0.082493583,0.0719151,0.139358866,0.06536826,0.144603987,0.062763698,0.123283806,0.562146772,0.047680049,0.115099125,0.063064735,0.129146516
RGS4,1.546240336,0.563093174,0.374940459,0.461169251,0.270863869,0.341979876,0.915466119,0.72487832,1.043839446,0.887330299,0.265349268,0.236326512,0.447117435,0.246005744,1.076873564,1.693236919,1.67480403,1.122095862,0.369892367,0.245851325
GPR68,0.657048619,0.31931487,0.272370879,0.48678981,0.23270454,0.217993413,0.442321966,1.412074604,0.48858961,0.435967041,0.525471306,0.414253324,1.226497458,0.587706149,0.71915662,1.396770589,0.446499372,0.822483936,0.680276472,0.344461017
ARHGDIB,7.197479331,6.937617179,5.294572362,6.338186598,6.041638469,6.285266848,7.20841265,6.3743431,7.097905467,5.151614426,6.902540201,7.826373599,6.659681671,6.776836278,7.207518497,7.556957659,7.672375249,6.971444133,7.292694772,5.00512748
TJP3,0.133188532,1.663299938,1.277899305,1.509830807,0.125263549,1.274574305,0.080395381,0.070259065,0.110636246,0.136452303,0.096896235,0.192675318,0.191131413,0.663379685,0.092206068,0.227470746,0.157154919,0.272622272,0.071080185,2.343609937
FNDC1,1.276620865,0.865850474,0.141338026,1.320259543,0.526336115,0.771577601,0.660474297,2.054817587,0.658391096,0.552597538,0.07509153,0.238792402,0.043710315,0.07463768,1.136122537,1.949173897,0.766381762,0.874584438,0.204813922,0.350345992
COL1A2,6.230436616,5.574683758,2.861782158,4.578199099,4.954711861,4.06674763,5.64074413,7.391941251,5.642695015,5.340957629,3.216601817,4.742419043,4.563993784,3.754243026,6.059256128,7.279859672,5.79182127,6.583346354,4.088292555,2.829172542
CWH43,0.138069444,1.088480851,0.022196482,0.858106347,0.11271927,0.503588117,0.909157398,0.14923433,0.217246363,0,0.033284655,0.370262214,0,0.009808571,0.205077864,0.043485139,0.011113318,0.020533493,0.222292577,0.019850612
TRBV4-1,1.316743075,0.11819923,0.476443169,0,0.42420526,0.065215857,0.175786546,0.435768396,0.926839929,1.172133128,0.25864072,0.621480943,0.12988738,0.363968029,0.320450071,0.87709426,0.176465656,0.084468618,0.208789907,0.15905564
COL5A1,3.300011302,3.000310868,0.821685388,2.532609761,2.291970625,1.589831591,2.835294499,4.539491376,2.380335724,2.501402867,1.246346015,2.384278598,2.649154348,1.109368389,3.225094571,4.377529884,3.44657412,3.757967766,1.554835413,1.128548999
TNFRSF8,0.267042106,0.162564708,0.399319122,0.090816645,0.133097152,0.151523758,0.260946057,0.181055495,0.456358245,0.046721309,0.218192985,0.998444751,0.129621519,0.290837609,0.605204394,0.925318427,0.565971243,0.438284034,0.188839698,0.207987066
HLA-DQA1,5.75010914,2.726410626,4.114027734,2.323581887,3.802107233,1.860726541,4.239403207,5.68610478,5.053488284,4.884924539,4.179322222,4.882709149,1.973442001,3.095902771,4.05412349,5.604932032,3.394772477,4.63995138,4.475941157,4.488377076
CD300C,1.425689175,0.52692424,0.78376133,0.146305812,0.965371278,0.506586274,0.895497381,2.760124854,1.674787084,1.094549726,0.673952889,1.094110502,0.216793241,0.435937427,1.279148429,1.794375169,0.713553689,1.695417074,1.05106939,1.056223774
CD3G,1.583004905,0.126076791,0.795456189,0.04496266,0.501295522,0.171076521,1.20813872,0.78820132,0.935432475,0.502800361,0.676477214,0.75542306,0.648880639,0.475752746,0.88476601,1.992353007,0.303407402,0.768562383,0.714568207,0.535618139
ABI3,3.762920114,3.660402241,2.636885281,2.744706025,3.195243707,3.124011897,3.63087048,3.685695287,3.756998268,2.247069912,3.670088011,4.319918369,2.739881215,3.673365253,4.627722283,3.999460048,3.712945245,3.577013085,4.104985021,2.27538579
CCM2,2.571555818,2.328706984,3.936599118,2.69424434,2.601442845,2.272052441,2.490432883,2.285119728,2.345152763,2.596201429,3.805388886,3.3011218,4.743790407,3.081485914,2.855373237,3.19399227,3.224380679,3.349480169,2.67115528,2.446374361
GRB2,5.103245619,4.733541218,5.283337432,4.348221986,4.806212707,4.685846111,4.854735176,5.018129078,5.221253081,5.314868988,4.4052331,4.5660255,4.917241439,4.880305523,5.066282969,5.377118771,4.323933479,5.069622141,4.907503248,5.983292582
APOL1,5.741379077,5.427947267,5.299907209,7.081060665,5.083192914,6.641077139,5.614819622,8.300375385,5.044268108,9.206377141,5.87968988,5.519681041,4.078715647,5.146473269,5.36256008,6.749965967,4.562224279,6.676592137,5.416112496,4.724084166
CEP55,1.383816665,0.66371811,1.73133136,0.14428931,1.168232338,1.075419962,0.59198629,1.077129348,1.262793819,0.758814055,1.143445873,0.533415149,3.014266592,0.34292691,0.850874708,1.743514389,0.750607243,0.760824355,0.91221156,0.442398335
MYO1G,1.006539859,0.520333362,1.466079277,0.506919981,0.6662589,0.392810736,1.206056821,0.876594969,1.236036407,0.777186954,1.212607551,1.748835445,1.497424097,1.2750424,1.646158857,2.258263164,1.372982997,1.354405663,1.049295797,0.647151286
TLR10,0.471821736,0.074318355,0.208833771,0.040957443,0.035900288,0.046450575,0.09078407,0.270061156,0.405245257,0.041489875,0.158057261,0.267974208,0.081789616,0.191739259,0.178871378,0.69136457,0.264717069,0.44077784,0.494276954,0.654342599
IGHV3-43,1.134898719,0.242995519,0.078680328,0.407555231,1.303890175,0.212841185,1.224291296,0,0.214413127,0,0.153808166,1.295386473,0,0.427904928,0.439643878,2.974322659,0,0.871177386,0.885653078,0.901627505
PHB,4.498922559,4.851178219,5.182825129,4.364270906,4.487216623,4.959304938,4.447093069,4.692653119,4.574518594,4.994177588,4.453395148,4.388552644,4.977176151,4.814609962,4.659745395,4.413421572,4.108961511,4.428516155,4.952079296,5.683600204
LINC02325,0,0,0.084599369,0.042850963,0.030128266,0.012302757,0.056580507,0.143385131,0.040925866,0.017520091,0.017382681,0.040531187,0.024954652,0.030348031,0,0.050688047,0.017278567,0,0,0.040937478
PLXDC1,2.33245654,2.655814749,1.110379324,2.391670444,1.971080072,1.708522483,2.077172295,2.480153038,2.696181591,1.334870368,1.218040741,2.499440462,2.645587899,2.710409955,2.89501409,2.560350402,3.337034643,2.017868751,2.383442351,0.598306021
LTBP2,3.42208365,1.860291315,0.808937989,1.55098834,2.933313737,1.756670906,3.410092243,3.431136661,3.056664694,2.233533526,0.645179677,1.646324516,0.459365235,0.699565569,3.642389074,5.032655099,3.10197296,4.137123831,1.425841842,1.687309837
GPR141,0.535086578,0.067928425,0.158000572,0.012574266,0.138953252,0.052834846,0.290414161,0.411389674,0.70188398,0.456819612,0.198908264,0.24628619,0.105670217,0.103092856,0.279778228,0.542864947,0.088105928,0.336457576,0.389393657,0.322762497
TMEM86A,1.774221207,2.022298167,0.973203107,0.919902154,1.180863476,1.020385737,1.065962853,1.644582638,1.975894047,1.690191217,1.621565601,1.799798618,0.541513998,0.687493503,1.537167986,2.278866187,1.404403208,2.659146597,1.671609086,2.440005179
CMTM7,2.298431643,2.280588725,2.318595971,2.453749403,1.687421999,2.607595532,1.725303898,2.524792622,2.076064786,1.841852409,2.714723383,2.816151658,2.735159009,2.657088354,2.089660807,3.234115118,2.905938306,2.402478958,2.166461615,1.143563002
C17orf75,2.113231319,2.285518312,2.227390991,1.891989689,2.380091823,2.470769386,2.093267276,1.997358464,2.250263511,2.104657607,1.582420433,2.040583615,2.67104506,2.492698355,1.961910673,2.428407184,1.899549828,2.097471362,2.459319943,2.859217322
MAP7D1,4.189922511,4.106205918,3.810292509,4.448009884,3.990664978,3.927082245,3.884279642,3.598058343,3.51852232,2.821489581,3.404267904,4.252965917,4.372939948,3.72204779,4.376927118,4.637357886,4.042021712,4.469023594,3.769297183,3.999790647
PARP15,0.236849575,0.053234929,0.710260621,0.234387415,0.529837405,0.252238325,0.204303164,0.193212087,0.242573642,0.123489725,0.191383972,0.369342769,0.385468405,0.457519927,0.302220176,0.93438117,0.266268385,0.481456311,0.539556808,0.395921355
TBC1D24,1.252301601,1.430572745,1.512600595,0.749433103,2.725878339,1.352139667,1.241909102,0.879528587,1.271869452,1.760668365,1.253571131,1.065507463,1.633584455,1.975540917,1.645387159,1.517329267,1.345622854,1.311613452,1.467897434,2.039602456
SAMSN1,1.816119578,0.639454582,2.308397844,0.846650796,2.688201764,0.781101742,1.873421029,1.853938027,2.067933268,1.900437139,0.509647813,1.58540352,0.873138342,0.893682218,1.405535061,2.764492356,0.911181887,1.423320949,1.486611801,1.046495387
RASAL3,1.96310051,1.372161532,1.587834979,1.124565385,1.550604624,1.178779087,1.991741326,1.627870661,1.846919404,0.905066343,2.25577295,3.061636687,2.14995825,2.499665784,2.324821355,3.019340416,2.50616239,2.223668368,2.173617177,1.640426426
CD27,2.857032519,0.480531374,1.937138312,0.364100159,1.160824687,0.586442474,1.836297361,1.391302125,1.375549256,0.822022086,3.473978143,2.458669915,1.730193949,0.934288273,1.634814849,3.906411738,1.129269096,2.183044856,1.03109231,0.937141395
CBFB,4.022141031,3.451282199,4.061362171,4.002131143,4.146594729,3.837995691,3.703730886,3.728097704,3.448521942,3.350723707,2.672316706,3.769771211,2.845410637,2.716652904,3.627792266,3.761719518,3.449712787,3.217430832,3.281191941,2.706612752
HOPX,1.203620798,0.843844392,0.6660705,1.608442975,0.887288269,0.970002462,0.755173528,1.000683868,1.31206057,0.311753355,0.60065999,1.262362233,0.630797101,0.887866138,1.221702177,1.926835764,1.571345455,1.524512623,1.670194422,1.744779364
ADPRH,2.889696113,3.052664224,1.586423713,2.034270906,2.319693859,2.233813281,2.97386675,3.057401148,3.062792804,2.26994173,1.819088133,2.600966901,2.630616888,2.070613831,2.653124619,2.918272156,2.463795012,2.107370466,2.455412959,2.487126697
CD300A,3.229418641,4.982734226,2.485638615,4.548534628,2.622550826,4.501233655,4.440801285,4.367138055,3.112784197,1.941102233,2.716231199,3.511503471,1.671195233,1.754906049,2.634518628,3.461909646,2.444886625,3.023982437,2.676192292,1.678651527
IGHV4-34,3.680131439,0.812583169,0.571946526,0.382485342,2.633757446,0.28166958,2.375426479,1.290922875,1.994381209,0.516645362,0.450162999,3.378038846,0.337480092,0.514142874,1.948783152,7.021396892,0.684052829,2.911181718,1.429796088,2.053794716
TNFAIP8L2,2.434676709,0.721437671,2.341463807,0.663707946,1.234482024,0.953881055,1.802877595,2.098521255,2.647028193,1.656064921,3.537387043,3.609277688,2.404770662,1.677566515,2.356559527,3.745302206,2.81043698,3.293015822,2.41656003,1.918485548
PTPN3,2.917743685,2.590507616,2.345276317,2.704854842,2.543633819,3.530129369,2.552074335,1.792230399,3.165645393,2.662791353,2.135094297,1.507383909,1.120519653,2.454908391,2.462314847,2.018882151,1.823537447,1.925718078,2.799562503,4.633375214
CXCL10,5.366717622,1.392218136,4.687105163,0.584088929,3.221937358,2.194931945,4.142341549,2.422773998,4.137234069,4.43226734,2.886330465,3.817792248,2.225066539,2.629470031,3.858283241,5.862394315,2.363867272,2.993030803,4.904925414,2.893863898
STK4,2.86749695,2.273698527,2.432653583,2.149498117,2.806255346,2.614486995,2.649093708,2.955502045,2.85270492,3.006066019,2.079112388,2.438285685,1.921414344,2.343086102,2.790927885,2.857093906,2.13087873,2.219714629,2.245513122,2.528550742
PMPCB,3.690317531,3.779815507,4.103983811,3.683742335,3.812420868,3.895005452,3.771073478,3.342837478,3.891749884,3.778035065,3.567523632,3.716045447,3.779589694,3.981571185,3.975425236,3.697190772,4.391620627,3.42749979,4.265719455,4.099067915
TYROBP,6.369033515,3.661879359,6.421220571,3.735248783,5.701910702,3.640044434,5.541091223,6.063852582,6.299573989,5.511887105,7.426703469,7.368167858,5.115510396,4.898130313,5.938147171,7.502842081,5.856301027,6.984941654,6.317341411,5.145028079
GPR31,0.124376266,0.043951848,0,0.014111798,0.014813523,0,0.022402563,0.089337057,0.079005927,0,0,0,0,0.044311266,0.021506783,0.329410567,0,0.046518364,0.066282813,0.040055083
PLAC8,0.630875513,0.42990559,0.436761993,0.116424396,0.369955875,0.368460397,0.42981439,3.464197033,0.85292846,0.165227951,0.311237576,1.08201805,0.439020224,0.519409098,0.970196523,1.4889472,1.203933287,0.603609114,0.518175,0.328560478
DTHD1,0.178865679,0.032347157,0.192689923,0.00518802,0.058813208,0.043626488,0.207717334,0.053055699,0.152382859,0.049687102,0.278495227,0.078853661,0.087528554,0.048646765,0.136297341,0.284426643,0.042973678,0.056630026,0.024647631,0.110985127
RUNX1,2.352728213,2.92827846,1.681966612,3.37031719,1.998218536,3.06031703,1.585796664,3.722333645,1.932356293,1.508659811,0.876175028,1.57910054,2.617675977,1.338282714,1.86939518,2.261986577,2.821466427,2.768819233,1.918274637,0.588235784
CCL13,0.407913241,0.335662495,0.118701216,0.222159841,0.350140703,0.165568539,0.50233443,0.245463009,0.347538519,0.398428122,0.080486837,0.224753379,0.731770373,0.294428265,0.262869187,1.868555672,0.080015066,2.216349882,0.541036322,0.048317501
CYTIP,2.356387715,0.518021017,1.90819645,0.44376184,2.146694379,0.685998002,2.497781542,2.011212084,2.266156485,1.039283458,1.547371914,2.576117663,1.482273814,1.613905588,2.088172809,3.281795634,1.4094843,1.50772783,1.523612839,1.481532068
ELMO1,2.755597716,2.176030268,1.283125159,1.238691266,2.677153449,1.227072911,3.097430108,2.466579782,2.932960193,2.35446486,1.540096953,3.07695303,3.437392611,2.293128725,3.390126335,2.56599155,2.32884428,1.83064124,2.568590915,1.057419986
MRPS36,3.829775948,3.640260936,4.675194281,3.764811228,4.418830125,3.877449272,3.544366363,4.54970082,4.020927941,4.528701719,5.08667545,4.725067057,3.467226945,4.525874428,4.2961247,3.892825964,4.574259498,4.038689383,5.120468899,4.260540842
IGKV1-9,3.060544253,0.514251682,0.236869993,0.880671065,2.380884324,0.464189197,2.755135133,1.309948055,1.81641617,0.311103785,1.384941897,2.456723044,0.118912655,0.556860629,2.162863074,4.581927144,0,3.747139925,2.076881105,2.016915342
TRANK1,1.904338065,1.650678681,1.080215673,1.446610561,1.652024982,1.876872153,1.600483403,2.712489055,2.081409448,1.90426316,1.015934769,1.131661814,0.874317803,0.918854024,1.717262553,2.057129517,1.371302715,1.563597185,0.995876967,1.631873532
NCF1,0.929767897,0.114753143,0.854449841,0.041565798,0.47166593,0.237999259,0.870549595,0.593692939,1.017514744,0.589430168,1.173256657,1.317176195,0.501978779,0.512642936,0.73205414,1.553178846,0.527650913,1.0050084,0.6304595,0.626836261
LAPTM5,6.55020942,4.415771335,6.148078937,4.1659402,5.865587033,4.389285896,5.706040633,6.33043724,6.585450504,5.546644694,6.837570528,6.81140295,5.616223345,4.478297272,5.941130316,7.309726458,5.485526261,6.495398023,5.749433437,5.217687955
SLC6A6,2.399549788,2.477219978,2.289064123,3.367736091,2.066032823,1.768624844,2.727162622,2.628867522,3.23865286,3.732123695,1.744756501,2.456193592,2.623889173,1.957558886,2.567238799,2.825238801,1.537102439,3.720282385,2.633430073,3.175680776
FLI1,2.823221839,2.381485967,1.021459934,1.475447489,2.480766261,2.412694996,3.116546038,2.61161869,3.350742874,1.753941445,1.072001446,3.231323041,1.01371421,2.510182313,3.512735183,3.134982766,3.288154053,2.207617813,2.77550376,1.259333617
MCUB,2.192665138,1.201257356,1.424908433,2.70161374,1.565883605,2.032355538,1.512162394,2.585343842,1.541564173,1.328380584,2.474945198,1.486608598,1.010759354,1.6074263,0.849723788,2.942008792,1.010001627,2.065243067,2.175749765,1.695636794
VSIG4,3.486458041,1.685085877,2.819546171,0.71113065,1.506896105,1.220206619,3.55766107,4.589643547,4.081153626,3.971171299,3.872158877,2.922949445,2.337943004,1.272670086,2.404851494,4.255735609,1.344122573,3.879526966,3.636702823,2.798405412
INHBA,2.382999583,1.318838921,0.357256166,1.338535719,1.720979897,0.698549502,1.79517337,2.448914864,1.879321097,1.994959318,0.302604303,0.756586968,1.730616896,0.819296523,4.37035709,2.520093534,1.515471811,1.895411119,0.359245333,0.455584113
TRBV12-4,0.296670599,0.055500792,0.44307972,0.137109628,0.143632283,0,0.561879221,0.090574059,0.598219368,0.241017762,0.310947213,0.277400417,0,0.211861731,0.465545961,1.895263214,0.162901333,0.221800887,0.562544398,0.236915558
LINC00539,0.27431307,0.238634154,0.32034499,0.29704843,0.256202274,0.465090406,0.353130965,0.208715076,0.153445595,0.308316172,0.211121597,0.263806708,0.272533453,0.624079723,0.282443474,0.827660998,0.257973452,0.446733142,0.380759618,0.713017789
TRAM2,2.513430968,3.175952669,1.062216911,2.160858913,2.577276106,2.844914992,2.877880263,3.541938068,2.866582121,3.164861024,0.734997655,2.018908331,3.252564275,2.643753129,3.16663481,2.745480575,2.383711836,2.663617966,2.179953719,3.032253701
TRAV8-4,1.753459712,0,0.208649516,0,0,0,0.426018592,0.292028498,0.506003058,0.27485076,0,0.315806073,0,0.064392444,0.17871195,1.122519962,0,0.132128966,0.319257828,0.168125232
DUSP15,0.450759766,1.236760608,0.81327176,1.095684634,0.251674951,1.406839171,0.502314085,1.733185858,0.556620014,0.07303524,0.951408163,0.525034948,0.140074004,0.624895544,0.43377393,0.396838025,1.378638703,1.096988182,1.083011261,1.385802678
PFN1,7.927847756,7.422465522,7.58845051,7.998217734,7.528160568,7.522619671,7.386647648,7.743287204,7.572199341,8.034344983,8.922085172,8.462221527,8.483685208,8.256230546,7.777107344,8.382990959,7.748004942,8.304847969,8.230032225,8.046327254
MISP3,1.687436258,1.55648451,2.506229327,2.608442628,3.605966878,1.98021064,1.028788641,0.824633131,1.31150144,2.301719606,3.139018821,2.755529271,3.293858031,3.193491348,1.750450707,2.610981376,2.984937037,2.292238712,2.087043112,2.92473414
APOBEC3G,2.851376374,1.246218862,2.610470057,1.009393988,1.455051217,1.213345183,1.900123371,2.527425786,2.294508768,2.689344894,2.42096824,2.295342128,2.480502077,2.207550606,1.893723747,2.758309988,2.234554618,2.19775418,2.191442181,1.817312471
VAMP5,6.035164791,4.962290952,6.195663033,4.810418634,5.522502131,5.062260049,6.350755856,6.215248238,5.910574345,5.174845809,6.424985268,7.194671477,6.540993282,6.558996206,6.360396683,6.595033671,7.037123861,6.686379902,6.519685751,3.572867181
PTPRE,2.436675064,2.329965206,1.506118574,2.378269728,2.577003582,2.099928497,2.320529994,2.729780564,2.586002104,1.864495762,0.842474343,2.126279625,1.329873269,1.893442924,2.346160055,2.512241933,1.859386363,1.875966154,2.256751193,1.419837527
IL7R,2.9367273,0.519595528,0.878905478,1.376519789,1.862765323,0.558240018,3.159616962,2.106957659,3.038450706,0.80164429,0.707066491,1.710448112,1.208198879,1.091135787,1.905125619,3.894605224,0.489985969,1.235510042,1.625858738,2.455817746
LCK,2.356049103,0.539076279,1.42382452,0.510251594,2.243633798,3.033963676,2.005654654,1.301821219,1.766392509,1.048650254,2.139843239,1.94593048,2.055613811,2.038952946,2.150771559,3.487539774,1.871792829,1.981954824,1.858654516,1.31033723
TMIGD3,2.471388486,0.743654825,1.700633022,0.420477079,1.200356887,0.465338966,1.793815772,2.600880574,2.101491224,1.719342261,2.810124256,1.872112878,1.278365763,0.845531732,1.495634352,2.622621329,0.688175598,2.60614931,2.144856871,1.339840493
PDP2,1.280729468,1.389631884,1.212590669,0.386603582,1.486134695,1.126768658,1.05568006,1.236077538,1.325541875,1.406252756,0.694914866,0.950893464,0.741754572,0.955550495,0.92341128,1.125986917,0.925529141,0.732481983,0.999995367,2.282079942
JAML,1.539188627,0.309420739,0.842553455,0.291496616,1.029889019,0.511800576,1.639870692,0.805287577,1.710587096,0.849899466,1.411600344,2.356099661,1.409982543,1.342372315,1.428035708,3.017583477,1.265715782,1.769618735,1.012113293,1.290607761
PRKCB,1.011394118,0.208482803,0.411013305,0.114599137,0.454718164,0.298977428,0.881833654,0.793987822,1.199606765,0.438812452,0.297057559,0.703893226,0.237015136,0.36982767,0.984205563,1.572016071,0.443849197,0.523014358,0.613969503,0.624277922
RIPOR2,2.459346454,0.627001464,2.003978967,0.234564859,0.699343617,0.926553724,2.245335184,1.311680898,2.243900523,0.383584986,0.663761464,1.760387041,0.722773268,1.408955529,1.78113756,2.017139643,1.331178204,0.945081514,2.232554353,0.424026464
ATP5F1B,8.084684535,8.41793297,7.977734409,7.697967845,8.184760201,8.234789349,7.744484661,7.766598845,8.091955393,8.429041161,7.572931825,6.99386485,6.926691799,7.435130527,7.758869606,7.578376553,7.29791744,7.554048575,8.313926119,8.52705948
TRBV9,1.536740921,0.057732779,0.169605316,0,0.284460991,0.062433728,0.835843934,0.557938357,0.471277781,0.250095247,0.460044459,0.451904424,0.705502335,0.410712987,2.345844628,1.712594888,0.087082853,0.489215709,0.376136252,0.199918964
CAPZA1,4.968043777,4.354916286,5.176964337,5.135516175,4.808050711,4.830817644,4.371017858,4.547758216,4.931800838,4.380913582,4.810502771,4.700987606,4.523732595,4.02645401,4.549325624,5.165399741,4.562699136,4.881719686,4.524166805,3.683256349
LRRC25,2.469038831,0.877642703,2.155442626,0.398855012,1.705515169,1.201542501,1.976495552,4.700995954,2.667012047,6.572734828,2.448378014,3.18628438,1.531856752,1.400480226,2.655647235,3.214179376,1.774655643,2.419311997,2.319748536,1.61553694
TLR4,3.819033865,2.125248558,1.148768436,0.830119208,2.221278376,2.729987731,3.815530209,2.554556822,3.986745795,2.277501476,1.247839696,2.160871517,0.540645362,1.100635038,2.989619691,2.741222518,1.757990157,2.217247187,2.761976148,2.260368488
HASPIN,0.179587223,0.177520158,0.209829755,0.12012866,0.250890331,0.252373955,0.104178118,0.248660548,0.33463353,0.201082629,0.012537597,0.167482681,0.352073385,0.126766542,0.2145164,0.416546586,0.176495348,0.273894711,0.272216298,0.221318078
CASP1,3.218273781,1.658671907,3.236760034,2.598609089,2.253903422,2.671998349,2.879862609,3.385988796,2.751114201,3.543494046,2.663150783,3.354051893,1.763238234,2.552978586,3.042235615,3.793523154,2.74040901,2.743887913,3.148771495,1.700174711
ITGAL,2.472891639,0.797509254,1.84690288,0.185987612,1.421077191,1.09623983,2.29960445,1.662865003,2.532326095,1.570211794,2.278372887,2.892149083,1.938924156,2.279007941,2.93973203,3.744152072,2.156044499,2.501714508,1.924879878,2.117222023
UQCRFS1,4.011633369,4.137993718,3.186891068,4.054383021,4.244467388,4.003987643,3.556487704,3.792242945,3.956845348,4.460543963,3.603620651,3.060076556,3.357919144,3.61457175,3.893388183,3.639317228,3.173679105,3.609969863,4.54999658,4.542429811
CD4,4.611236978,1.815144447,3.257273818,1.914144368,3.399428839,2.649074437,4.285000461,4.31023672,4.61180996,3.840063648,3.42887279,4.249272971,2.459631783,2.872741473,3.94827031,5.099187367,2.530038557,4.023882399,3.310044434,3.188066888
ECI1,3.79022764,3.786249584,5.386460205,3.776542008,5.008949585,3.980396236,3.9158551,3.405782241,3.89844298,4.00111123,6.410732291,5.002733834,5.279666274,5.077509207,4.100185076,4.577147031,4.964908979,4.975477972,4.781209286,4.120333272
VCAN,4.500862184,3.71809896,1.344933589,4.19621233,3.634406976,3.742993766,2.851177067,6.995910152,4.430383891,4.883431833,0.836068667,3.299098833,3.527832016,3.240275318,6.097308609,4.866454142,3.263719491,6.07049068,2.905844946,4.968126126
CCR7,1.682632035,0.311806567,0.722350419,0.807759451,1.209974898,0.220395929,1.461383278,1.019998429,1.15056677,0.507812508,0.358719397,0.911416411,2.139038125,0.801238713,0.921391364,2.01572254,0.170924979,1.138593809,1.030094758,0.735085714
LOC100505501,0.489714202,0.349439919,0.587305875,0.72268488,0.085370147,0.318913205,0.2334258,0.975205967,0.205315975,0.059844031,0.308136034,0.480336468,0.403341275,0.258832036,0.224717466,0.645873564,0.701757991,0.1914852,0.23600349,0.115223526
SHCBP1,1.060129665,0.52172,1.075519663,0.137314945,1.517739846,0.798105337,0.304342833,0.801861002,1.080714185,0.659418433,0.311386268,0.388311718,1.793535683,0.299178783,0.696619844,1.065501683,0.371690374,0.61316519,0.804734537,0.541020674
IL16,1.689622186,0.668887728,0.840360249,0.398307455,0.87134002,0.874113678,1.360617302,1.009791754,1.960961432,0.698311652,1.181218412,1.838521639,0.570682864,1.20669598,1.646737816,2.208687357,1.477016309,1.402693247,1.525782092,1.238804636
EMX2OS,3.376400719,4.404147866,3.16156238,3.554903644,3.727231517,4.405701062,4.148424163,3.274757969,4.183570606,3.2784913,3.273207567,3.072721134,2.753274198,3.696569179,4.362676009,3.480774847,2.930683476,2.377225343,3.452329601,4.925255236
LOC728975,1.528004335,1.412813729,1.402444818,1.734605694,1.080883807,1.772828764,0.364974935,1.939148143,0.855122925,2.443023647,1.110114645,1.334513052,0.258460435,1.987054303,1.001048073,1.99118186,0.420853827,0.799836639,1.732999903,2.702720031
TRBV28,2.809634586,0.474151995,2.995169987,1.123893032,1.237638784,0.66319087,2.079037709,1.621436011,1.836221993,1.029074827,4.885863871,3.727113426,3.564687372,2.157229297,2.018537864,4.517766107,2.258772494,2.671078609,2.369321102,2.139151165
BTN3A3,3.894916236,2.208512877,2.332622347,1.049312108,2.82160025,2.201698581,3.491613516,2.989420058,3.353908909,2.949289854,3.05770689,2.477417682,1.257722086,2.432016987,3.637166195,3.333381432,2.322339045,2.574558587,2.927450262,2.362939147
TIAM1,1.727363052,0.759806655,0.614426934,0.461509012,0.94864865,0.342615743,1.58997357,1.526975822,1.426171486,0.748877827,0.595046775,1.227117194,0.348294044,1.409321311,1.015258609,1.671908924,0.868948944,1.093160142,0.911152884,0.625900138
A2M,8.172734746,7.899347767,5.505717467,7.140906797,7.877374246,7.211062208,8.954968648,8.080117953,8.75017401,6.977252439,6.076425662,7.882067215,6.173128874,7.834456495,8.715343419,8.254272695,8.076145066,7.796574831,7.58481586,5.370513438
FPR1,3.288207372,1.657460824,1.797335931,1.03245477,2.677773136,1.740074502,2.757819581,3.252287089,2.637643244,2.336453561,0.907085327,1.765622931,0.314797986,0.627300766,1.753760604,3.050198173,1.190034723,1.710007823,2.230989924,3.228727119
NDUFV1,4.81217385,5.242468689,5.036087331,4.928019288,4.752591867,5.106423317,4.687499999,5.21936374,4.586234595,5.050593256,5.517467611,5.011733021,5.723048264,5.614221366,5.0243996,5.210708574,5.306616393,5.276259431,5.588167819,5.423325613
LRP11,3.074468355,3.716943534,3.294666944,3.999650305,3.668924122,3.958900005,3.665272553,3.438630256,3.904609481,3.581041707,2.293025703,3.292165604,2.650055896,3.519482215,3.561338567,3.090086456,3.22098576,2.857192703,3.114379297,3.918276324
RPS6KA4,3.093916482,2.759584935,2.838646272,3.468455082,2.804030917,2.616638018,2.478910532,3.144506926,2.848293792,3.394308214,3.573072929,3.200425603,3.554991547,3.540891375,3.515254549,3.68777437,2.981246893,3.918342288,3.352639669,3.7787897
FHL3,3.642634799,3.940164534,1.894960491,3.915382666,3.204482109,3.889722052,2.876399383,3.670776361,3.098419258,1.506831006,3.005235534,4.590591113,3.282783451,3.192176833,3.838895216,3.829130681,3.912479609,3.65201394,3.130588328,1.971405735
OLFML2B,4.031389069,2.941424665,2.291750035,2.966336281,3.648829595,2.499967206,3.9473749,4.745289985,3.805106796,3.394870876,2.278928894,4.05547381,4.540859938,3.115449183,4.503261494,5.397021778,5.102407388,4.153855424,2.003763833,1.075582142
LRRK1,1.345403063,0.958755315,0.932131671,1.09190046,0.943867153,0.446363612,1.347261829,2.106422298,1.221693615,1.77524595,1.31439028,1.143800765,1.105693336,1.251280185,1.627205275,1.662040168,1.149785237,1.702300559,1.413206697,1.008598558
RPS6KA6,0.821735428,1.480510058,0.107358319,1.155969271,0.039130447,1.832791609,0.880780535,0.961107065,0.908083506,0.024838295,0.008261522,0.257896328,0.017778452,0.02163246,0.781035404,0.734257265,0.581707808,0.409281606,0.747270299,1.125141836
NCKAP1L,2.444181688,0.548781484,1.686052996,0.268286918,1.477638062,0.671307611,1.705301222,2.273728174,2.690633434,1.396477164,1.657283943,1.969492872,0.993912431,0.952636532,1.968680702,3.029633417,0.97052301,1.93551657,1.7226592,1.721451607
CCL3,2.554979272,0.278772664,2.423247605,0.094552831,1.894053344,0.352845952,4.407337961,0.543799443,1.469245655,1.516611264,2.088072042,1.629154656,2.012264677,0.928060405,1.38082175,2.123758035,1.005053188,3.034895633,2.579256888,2.164239122
HCLS1,4.435546182,2.696854943,3.11300903,2.355285267,3.532190249,2.913185158,3.656453468,3.778945638,3.740508283,2.844866866,3.562424806,4.234122071,3.100265618,3.33329063,4.141278843,4.718924784,3.483701807,3.811525597,3.88672615,2.933807633
IGKV3D-20,2.4260634,0.050721143,0.14969134,0.447682795,1.282514799,0.10771385,1.453032321,0.499584797,0.303817671,0.288284965,1.403714067,1.312056009,0.10964886,0.194488878,1.836419025,3.235054173,0.218582995,1.797643264,0.176990989,0.509296464
LY9,0.490161168,0.022498721,0.078646735,0.065728467,0.302245759,0.050942335,0.32501215,0.201665016,0.30766177,0.130213927,0.280001164,0.349099726,0.162816277,0.17521055,0.279373733,0.967695362,0.138984781,0.25982236,0.191899305,0.216752693
GBGT1,2.192160888,0.655040404,1.102015948,0.581137383,0.773734445,0.489689566,1.347509108,2.494039807,1.700704479,0.674872969,2.018206793,1.682591357,1.637129537,1.242707069,1.403215277,1.915964448,2.025606287,2.0339659,1.780358265,2.232671116
ACTR3B,1.268713853,1.027731776,1.00688074,1.195434592,0.890402949,1.103096902,0.790885063,0.719229861,0.765816156,1.401690199,0.644607548,0.936954398,1.248932181,1.374088732,0.779152943,0.92949623,1.524635878,0.853152649,1.157659804,1.347350835
AKNA,2.426364024,1.894219434,2.088015123,1.882131576,1.82612148,2.200290939,2.178681222,2.337641167,2.271975381,1.466819463,2.054835991,2.472402172,1.600242705,1.84351107,2.556250189,3.298420567,1.732639376,2.250789818,1.816464487,2.200148852
HVCN1,2.060687554,1.963996647,0.977921565,1.142294541,1.401738893,1.50724272,1.702284852,1.83505816,2.163149835,0.83240336,1.412246087,2.257306536,1.02079478,1.752006223,2.324254868,2.543459401,2.03990704,1.895255376,2.382813696,1.056998104
THRB,1.181853456,2.159170535,0.063077613,1.295591091,0.840430816,1.767363294,1.641560183,1.84343786,1.760216474,1.845507484,0.090139829,0.872014282,0.017358416,1.09299693,1.584538377,1.200564202,0.72663954,0.420407024,0.731410059,1.384466823
NIN,2.545186056,2.151304983,0.884605054,1.511165034,2.362338482,2.418898923,2.793765935,2.373383836,2.967554644,2.935192562,0.999381226,1.866428532,1.026816716,1.783334793,2.509471112,2.45255133,2.062196712,1.660597165,2.047097156,3.284829229
SIGLEC10,2.354782225,0.801186827,1.424923427,0.326404913,1.410014388,0.717554203,1.295289726,2.460778824,2.293783279,1.647966251,2.433117901,2.881472678,1.595477673,1.481407154,2.113320284,2.853143939,1.212168002,2.134785398,1.620566297,1.588608078
NUDT9,3.45751519,3.041149522,3.132590428,3.273552078,3.400188443,3.134940822,3.572190689,2.889732266,3.430902122,2.887348003,3.13209432,3.493626471,2.823957254,3.665844487,3.224624354,3.408782351,3.183658634,3.299208971,3.151645085,4.759628792
VSIR,3.76961977,3.109254125,4.052914459,2.78503343,3.553016606,2.901376436,4.846194356,5.40942924,4.104785478,3.732699959,3.342068683,4.888458259,2.470723337,4.495271804,5.065749434,4.905140477,4.122294003,4.163912478,4.309238743,3.501238933
set,6.331689005,5.502598375,5.158953144,5.899439007,5.467534767,6.218388613,5.854694094,5.54635283,5.898911587,6.260253376,5.151929716,5.756539513,4.330201453,5.732242683,5.742618624,5.777265342,5.530333967,5.251555104,5.884887302,5.916907456
LOC107986412,0.089472355,0.150442862,0.088097312,0.024975628,0.077251113,0.021311786,0.256542546,0.184196941,0.084064995,0.059995757,0.03007305,0.168357865,0,0.052333716,0.197550699,0.320256854,0.059180552,0.279125531,0.303188872,0.278059771
XCR1,0.896246976,0.066473274,0.10640269,0.0478357,0.135308827,0.080605323,0.123608645,0.762342355,0.601197146,0.026045602,0.038591351,0.166250525,0.090904048,0.172215414,0.266858547,1.392962479,0.044657517,0.267799626,0.297879446,0.053181514
TRPV2,2.888344799,3.246298034,1.621030845,2.24824582,2.431210496,2.234984318,3.129028721,2.909004342,3.036007195,1.93414717,2.316299784,3.558070271,2.599247092,2.757666113,3.412656014,3.579431768,2.881449698,2.799580291,2.722077058,1.421516202
RIPK3,0.993270844,1.58974691,1.006203883,2.898855093,0.88121983,1.472280595,1.126050337,1.217236346,0.934524974,0.626801738,0.684661852,1.040850703,0.602200125,0.901388109,1.277770744,1.639701367,1.015079978,0.908623049,1.157608737,0.548814398
CAPZB,6.071650618,5.868949271,5.678930309,5.889459871,5.810317614,5.64372897,5.716782766,5.719358492,5.860165337,5.202275554,6.204253672,6.267297827,5.841870002,5.561103997,5.526301549,6.369827158,5.713199154,6.27525937,6.022688055,5.302421112
SLCO2B1,3.431559444,1.70410395,2.276450234,0.596726989,2.712237191,1.453984738,2.717059074,4.224064175,4.288699172,4.304441328,1.667623307,2.619978484,0.574201114,1.542518238,3.554677294,3.653566121,1.671243426,3.280561857,2.927571439,2.416115341
GGTA1,2.799051914,1.125383241,1.064705054,0.841083909,2.435550052,1.121970285,2.16785474,2.479301806,2.748818463,1.8771085,1.705653406,3.436903835,0.826112306,2.228353429,2.60424846,3.158806641,2.702618756,2.500054038,2.534025479,1.518130818
APOE,6.299052267,5.234311645,7.422122112,3.976621723,7.514344419,3.40762457,5.054716179,7.698386498,7.460987352,6.422617445,9.944267031,8.399685616,6.736002553,5.990509253,6.916912949,9.206038087,6.484031746,9.801414971,6.406099499,10.49412481
SEMA7A,1.491214973,0.979568104,0.726723332,2.514932899,1.266354729,1.804774197,1.282153138,4.301427489,1.088821678,0.677726347,0.539279138,1.32854987,2.192784087,1.245604051,1.238771886,1.758921255,1.509499334,1.201417962,0.924958905,0.688934694
WARS1,5.43227726,3.834257582,3.299532104,3.643609602,4.026319195,4.402823835,4.736150428,4.152659731,5.028021093,4.299638106,3.600213126,4.157528075,3.990487578,4.235078743,4.769860184,5.331815969,3.844939097,4.582847626,4.264465874,4.243393522
MYCL,0.736738427,0.14656482,0.126034593,0.168540191,0.413141223,0.205769108,0.244355566,0.753471124,1.280033712,0.238575276,0.465635305,0.704016737,0.712397566,0.350306725,0.857859949,1.3480732,0.443032549,0.782102819,0.604133973,0.580316291
PDLIM3,1.867705663,2.126175901,1.381994184,2.568681466,2.666612943,1.407887687,1.893794087,1.955922268,1.485482597,2.380674221,0.704225141,1.407197471,0.450125269,1.524114127,1.967269258,3.262994696,1.685769218,1.778169765,1.073326111,0.317741749
IKBKE,1.36161798,1.67849668,2.892060178,1.328178319,1.653942428,1.561613941,0.847170238,2.036255509,1.25580269,1.264261256,2.030203724,1.267671444,3.495642368,1.497708326,1.43990271,2.232080805,1.389253889,2.516625883,1.525773205,3.008815138
IGHV3-64,0.851599466,0.124502159,0.064743343,0,1.46686351,0.406466176,0.085148178,0.069887026,0.545207813,0.188129517,0.064968658,0.57261875,0,0.1650092,0.689432548,0.895763739,0.064585822,0.818719331,0.729046251,0.703888635
PIK3R5,1.50464476,0.419325979,1.45095819,0.325915823,1.704544074,0.543280968,1.323371672,1.819828935,1.780985522,1.030341997,1.183780149,1.417079718,0.719011171,0.812116677,1.373115223,2.246453694,0.810037638,1.851937819,1.306167839,1.288198709
PRR16,1.961286623,0.863358935,0.424732865,0.495090257,1.520552199,1.116414615,1.695475751,0.927764612,1.239302293,0.41732966,0.305895038,1.024762089,1.21967448,0.863154791,1.399818051,1.213872505,1.498119324,0.887974955,1.3012478,0.114829007
SLAMF6,2.149358157,0.327851502,0.894765911,0.112465401,0.814261772,0.366177714,1.52480575,1.738761029,1.585261788,0.802209618,1.828443932,1.440193281,1.399431061,1.004075883,1.267651245,2.759123194,0.793650394,1.3212601,0.964829565,0.939806777
PLB1,0.614554931,0.187981533,0.194962622,0.810841801,0.313223838,0.176081012,0.418332218,0.715322489,0.482071657,0.383692455,0.161614724,0.507340316,0.222009274,0.247440536,0.438014454,0.811259412,0.392024853,0.623460704,0.400131127,0.225123718
ITGA5,4.929676914,4.891393237,2.891635967,3.710334584,5.666485793,4.002372071,5.587649154,5.136844585,5.061286169,3.422682521,3.102283985,4.821488619,4.159619009,4.87607364,5.320643552,4.963622822,4.8805894,4.593229532,3.945935749,2.046467448
BDNF-AS,1.063241473,1.078009795,0.91679757,0.589918059,1.027158967,0.979742438,0.780544847,0.458581709,0.827445047,0.708408137,0.485092524,0.854831484,0.348795914,1.264159088,1.009022735,0.882849117,1.066339595,0.702891019,1.194499357,1.59572958
FASLG,1.049828302,0.071218274,0.815739215,0.060572228,0.407530282,0.286,0.395871189,0.517966714,0.706905429,0.421015239,1.139172044,0.738695922,0.657160545,0.458564362,0.592406339,0.828322469,0.738413094,1.026013134,0.527024959,0.377794421
PP12613,0.023789666,0,0.015652702,0,0.013682967,0,0.051196104,0.016919207,0.014918994,0,0.061831606,0,0,0,0.009968659,0.060822421,0.061466864,0.028811206,0,0.009345115
FCER1G,5.439113613,2.921077038,5.710893258,3.039529817,4.944002779,3.092987167,4.901093215,5.090593814,5.313751813,4.762279495,6.052856576,5.777990193,3.766847216,3.895224564,4.828405013,6.705914252,4.659118125,5.720394644,4.789284942,4.221005168
RAP2B,3.864673567,3.772571972,3.913894457,5.446918535,2.591357951,3.609888911,2.697430206,3.090059563,3.364568378,3.504830658,2.79575485,3.084584595,2.285859074,2.65921569,3.148898022,3.794350922,2.163038251,3.093418579,3.654810472,3.420549201
ALDH6A1,3.989458698,4.090250542,2.0782283,1.835628036,3.422909018,2.899229612,3.861007361,2.349248674,4.846376351,3.472101463,1.627817964,2.70186765,1.424029005,2.566179569,3.020651871,2.534565785,2.409232023,1.824565283,2.98678583,3.427933201
RGS2,4.734606169,2.494196958,4.424463125,2.943289287,5.076724246,2.29294805,4.708770452,3.366339437,4.54471434,2.696572655,2.436793157,4.533706064,2.333536407,2.685609357,3.287445949,4.538678186,3.813433863,3.048791216,2.981875054,3.644426177
IGHV3-48,2.640483548,0.198415336,0.225192603,0.409198033,1.810958976,0.163213058,0.864314009,1.529930362,0.402664692,0.296127055,0.154483439,1.613016923,0,0.199953836,0.748500646,4.373453462,0.078843437,2.19921235,0.393657482,0.264566436
SH3BP1,1.622553252,0.81030251,1.177382471,0.961984427,0.677430042,1.065592907,1.078864257,0.899567295,1.209792812,0.945053335,1.270558655,1.765329298,1.100806221,1.053506111,1.506865474,2.562245543,1.3119076,1.876536721,1.487643729,1.219954397
CEMIP,0.471734723,0.60034489,0.071861967,0.255640478,0.290512174,0.488365635,0.271636299,0.572119217,0.17733075,0.916809957,0.067708549,0.221138614,0.032883021,0.228169816,0.304919969,0.659557282,0.209166253,0.4087981,0.122893659,0.201914024
JAK3,2.128985297,1.915291185,3.121897662,2.645028472,0.908025254,1.240022794,1.449432322,2.968382281,1.539539466,1.132176066,1.623816818,2.035465217,3.60545485,3.022046083,1.618136686,3.374717808,2.820080116,2.6405391,2.157456807,0.82201711
ATP6V0A4,0.260157046,3.959170321,0.084477152,1.496315434,0.164993758,3.87809104,0.034163584,0.073366611,0.004139071,0.034778783,0,0.020377784,0.085392237,0.096244628,0.027387243,0.555937482,0.04275175,0.13064151,0.453710106,0.075719109
PODN,1.850694768,0.791746327,0.36507107,1.80519818,2.537356587,0.543596634,1.133259877,4.073141927,0.775651954,0.858810083,0.274117381,0.816569631,0.464754357,0.760982298,1.470017342,3.897145403,1.266894572,3.426758113,1.061144378,0.165118161
CEP170,2.227314651,1.750783381,1.580300424,1.229634491,2.0702317,1.743204997,2.035720833,1.717817628,2.376436495,2.046590615,1.038000619,1.629040837,1.290158348,1.119172673,1.896768901,1.963098874,2.08362296,1.504917394,1.739767725,1.872952202
HLA-DOB,2.064494102,0.249192896,1.66603042,0.371958893,1.10012764,0.364883044,1.129584278,0.919895465,1.056004018,0.69818507,2.090368041,1.089017745,0.630840285,0.591635049,1.092057773,2.559937824,0.407630427,1.377313475,1.316208454,0.838158981
CORO1A,3.448153257,1.218600297,3.718711687,0.939795754,1.997400839,1.438446568,3.22725098,3.148716263,3.233285948,2.239748881,4.131692536,4.435613896,3.409194961,3.090036693,3.59738332,4.900642464,3.6384138,4.075961837,3.565006943,3.171846074
S100A9,4.773250399,3.679349303,5.632577325,2.835592138,3.885011594,4.124407999,6.155995222,3.136870766,6.256751001,3.905746524,3.00422987,5.826365783,5.488945097,4.244649509,5.083519728,7.049992991,5.868029895,4.38130174,3.548918399,2.503738764
ZPLD2P,0.195650498,0.703761205,0.959997446,0.639828027,0.950346776,0.518452412,0.16501048,0.209932488,0.330995118,0.26363161,0.91059124,0.364827992,0.338328549,0.319871864,0.237912083,0.71982522,1.848289316,0.381917838,0.96985587,0.300550711
MGP,7.743639949,7.50105312,4.629103502,7.883204846,6.857457462,6.227787895,7.536790244,6.552047239,6.804576692,5.643581404,4.138692706,6.860766387,3.846203414,6.18196974,7.246704069,8.69493401,8.345554484,7.769928041,7.138672432,5.375197609
PLTP,3.868544945,4.48584125,6.159863929,4.407022724,3.092002041,2.769186684,4.745149931,6.475032389,4.527204427,5.096609262,4.093691629,3.833528296,7.802497781,2.45912007,3.495393151,4.902066679,4.759173009,4.721655093,2.918450039,7.526362069
ALOX5,3.679082213,3.938371117,4.147996306,5.673827061,2.66927236,3.857310258,2.746347592,5.881108685,3.230111499,2.399146998,3.062919057,2.937615653,2.46519024,2.922745719,1.962581794,3.462151817,1.442268005,5.708095707,3.246688236,2.382789753
HMOX1,7.543095317,3.380576971,7.257359324,2.672977815,6.14972563,3.956983396,6.14233633,6.678334365,7.274970682,7.623082855,6.828001345,6.784398968,7.574577036,7.007922341,5.740437359,6.888317001,6.125406523,6.771682201,7.522042849,4.194703641
GIMAP6,4.714602609,4.5535427,1.869705494,3.215853733,3.629012023,4.48089662,4.482894854,4.286479321,4.977242442,2.919388846,2.274097121,4.270663532,1.45058407,3.162621626,5.171750218,4.230111955,4.094244029,3.47456434,4.737654719,1.931554721
B2M,10.30591225,8.841470758,9.519653569,8.963353828,10.18370744,9.641033441,10.05166421,9.237489588,9.976668864,10.33263466,8.886233841,9.726131011,7.769012629,8.976134425,10.07451402,10.42491098,9.374691243,9.663486066,10.22004426,9.91017732
C1S,5.04272406,2.895066113,8.491900996,3.344543611,4.714760457,2.022019257,3.071647144,5.165584203,4.205667602,6.166710448,4.542092944,4.27796602,6.441595842,3.370454059,2.967058234,6.58148055,3.121320888,6.238662589,3.184684147,4.045459583
KCNK6,1.686059805,0.982350582,0.809970642,2.113265772,0.98928202,1.438881895,1.011440272,2.630843451,1.316065178,0.575919178,1.375633001,1.569181829,1.112379348,0.9869923,1.397356621,2.218479455,1.119149229,1.606576726,1.300129169,0.769551529
SEL1L3,4.678117727,2.219429094,4.555239687,2.424181491,4.811857584,2.653121294,3.925050664,4.712256899,3.875415551,5.576930435,3.702912994,3.526609327,4.256036804,4.370415244,4.10582512,4.537930136,1.740999238,3.792503779,4.526834971,1.516794293
LILRB3,0.905607728,0.298838638,0.904981563,0.162442924,0.670440796,0.198789643,0.800523174,0.317819596,0.789966986,0.459882727,0.690859605,1.243066816,0.679842353,0.578001346,0.651809341,1.309111628,0.913293574,0.809417508,0.484432392,0.468861824
PLEKHO1,3.24703134,2.544477351,2.837412597,2.81985665,2.872831686,2.611184648,2.579989953,2.318176226,2.875719056,1.745834776,3.860441444,4.750427553,3.752412972,3.143884222,3.44706399,4.218047875,4.060961832,3.674057752,3.270495333,2.514773006
IL12RB1,1.364207123,0.213261906,0.8689635,0.208386346,0.603266315,0.486770484,0.730956262,0.763621295,1.002267085,0.704675183,1.056038771,1.005774428,0.980334641,0.792580928,1.184926675,1.918970223,0.671578248,1.143256655,1.003269051,0.841862205
APOBEC3H,1.276566789,0.398580247,0.979862881,0.570801669,1.206638316,0.48525709,0.647690451,0.648706,0.637731048,0.853172295,0.717199165,0.695325141,1.440126235,0.613980348,0.318687954,1.204695233,0.532202392,0.897594803,0.912385651,0.856700525
PHF19,2.317343599,1.671391537,1.718371773,1.569926216,1.376863802,1.882543403,1.446389461,1.61491288,1.771930784,1.314676294,1.149449196,1.863064438,1.805165932,1.237335653,1.899367622,2.485274419,1.669223045,1.714348787,1.47057874,1.344222348
S1PR2,1.220387223,2.157989431,0.854524971,0.625195539,0.790531515,1.503141824,0.763121844,0.900408392,1.198029275,0.730737865,0.738045739,1.101268583,1.305393483,0.739287086,1.17108948,1.606000142,1.389059988,1.540409025,1.01546874,0.909137945
ACKR1,4.049140381,2.56058175,0.952803613,2.451206941,2.6149411,1.846480908,4.082602144,5.014699138,3.119059338,3.790880819,2.482970523,3.296937844,0.553059985,1.202327847,1.458055624,3.882355443,3.059991619,3.294328255,2.250973603,0.132690996
BCL7A,2.315793957,2.199162033,2.812516745,1.064424845,2.331489967,2.49429143,1.950067804,1.109719737,2.131199196,2.505329842,2.096307577,2.43556613,2.552252965,2.877511178,2.125410043,2.338825797,1.623393084,2.011457793,2.351961264,4.145974676
LSP1,3.294377588,3.87624353,2.951597998,2.380175842,2.445650922,1.621309128,2.941927026,2.397324696,2.854376315,1.522669986,3.440611185,3.869400324,2.557759267,2.550205833,3.426468259,4.561319613,4.477775536,3.783682877,2.600145364,2.832942892
EFHD2,4.471836594,4.058229541,5.438524016,5.47601679,4.845030346,3.836804025,4.321086484,4.337555682,4.559511667,3.654089159,5.46259127,5.489897872,4.903027836,4.786180313,4.896858953,5.939481183,4.521357434,5.441254764,5.527226426,3.540109517
IGKV1-5,5.49333771,1.095839068,2.570084219,2.229649794,4.337243077,0.776749114,3.4466386,2.873681316,3.507172122,1.511043054,2.10568192,4.269256647,0.731635508,1.490963015,3.031894543,7.191003316,0.828154858,5.442524839,3.484137233,3.081309152
TRIM14,3.634597189,2.235514472,3.883408073,2.449700029,2.658025207,3.095952908,2.820211755,3.444866569,3.96616175,5.283803436,3.397709467,2.334819684,2.662879287,3.117018287,3.395737728,3.084755062,1.771344749,2.92060753,3.125669299,3.239136433
ZNF433,1.405850121,1.583144382,0.447245157,1.512811896,0.499891979,1.811316731,1.50684014,1.433072075,1.451707484,1.438437423,0.344352886,1.364482105,1.09846641,2.016235772,1.337211346,1.556493155,2.00380945,0.602766479,1.956033941,1.773668105
CCDC102B,1.91251625,0.964583487,0.627223473,0.723993611,1.794998833,0.941683418,1.908816865,1.958164225,2.213657781,1.196881385,0.957327248,1.285583238,2.099576733,1.300723772,1.941505872,2.080194927,1.869276138,1.700548488,1.675284294,0.603197293
TMEM61,0.04795504,2.444048571,0.122608488,1.920623429,0.410685071,1.794312674,0,0.952503354,0,0,0.062824387,0.037248474,0.04548845,0.303544065,0,0.68950889,2.815333181,0.193475133,0,0.07428835
GAS7,1.344816747,0.505244891,0.828269523,0.176643521,0.660572865,0.377237775,0.866395993,1.18335057,1.362315829,0.904744721,0.747784754,0.880388606,0.350333159,0.294888186,1.336155974,2.02112078,0.400035854,2.411431953,0.973953205,0.688169836
TGFB3,3.009161398,2.534998627,1.113267193,2.037544358,3.088708714,2.180961017,2.343498961,2.3369897,2.425680313,1.69527125,0.966330536,1.86591028,1.877528033,1.50949659,2.361122576,3.108667728,2.238296781,2.811185069,1.93692798,1.158800475
ICAM1,5.334604642,3.183679675,4.293451477,3.160358697,5.039211783,3.351316703,5.405676479,4.100020487,5.321762668,5.438137825,3.204938627,3.673569048,4.642676538,5.047471677,4.52878037,4.617044006,3.243784468,4.707005943,5.136984721,3.852380644
TRIM2,2.867242115,4.007997047,0.526566884,2.896256188,2.378141587,4.070794789,2.809582005,2.639551247,2.99488676,2.227522953,0.965056502,2.051353965,1.172345853,2.675869517,2.87582686,2.175916761,2.722557141,1.700781483,2.800364201,3.24529232
TRBJ2-2P,1.933978271,0.428846857,0,0,0,0.807285649,0,1.441285231,1.005640791,0,1.86931241,1.16830396,1.337889494,1.516772496,1.745421366,2.046569699,1.368800156,1.784359734,1.424150331,0.704941186
TRBV7-3,0.40803257,0.214666415,1.029759866,0.140071733,0.146728266,0.283601877,0.360729706,0.179543316,0.268266113,0.319537935,0,0.36634964,1.643539314,0.517407494,0.208878522,1.492653052,0.242900394,0.647562892,0.196990561,0.369635296
TRAV24,0.571854066,0,0.098853988,0,0.455997657,0,0.248394947,0.10660921,0.225215628,0,0,0,0.140710704,0.321521159,0.063612,0.765437253,0,0.091626638,0,0.059701569
UNC93B1,3.20869414,3.412657195,3.330165742,3.789634101,3.011062714,4.177707794,2.675827551,3.630067376,3.056684319,3.342125278,4.355136081,3.931398281,3.401541029,4.119461427,3.553656507,3.908097748,3.204899905,4.14697994,3.499276198,3.086623084
MYD88,4.051206098,3.684773044,3.060468777,3.396218834,3.322382184,3.831857491,3.250660571,4.055096353,3.754526753,4.252167542,2.748948235,3.154588682,2.434180828,3.159817323,3.635404888,3.921100172,3.005790843,3.421511582,3.744261527,3.545174989
IGSF21,1.63097514,0.428486052,0.712565583,0.219105535,1.009053724,0.284569662,0.606196409,1.312505576,0.675680969,0.416848336,0.379300293,1.733403049,0.048475448,0.509227621,1.355433379,0.752556594,0.510709906,0.843703906,1.115903838,0.2541074
SLAMF8,3.20241011,0.604881005,1.663544863,0.732941836,1.958601687,0.924553697,2.185606274,2.444379786,2.147756861,1.750794522,2.591592876,1.674944786,2.598160837,1.309801189,2.093174135,4.2069318,0.762604312,2.200325588,1.910499729,1.069021641
HOXB-AS3,0.171181603,2.111416827,0.754189172,2.48326293,0.315436097,3.360180924,0.255445183,0.766652306,0.340936431,0.036645711,0.018294634,0.550850959,0.732295328,0.947707088,0.265516202,1.02077626,0.465234421,0.509185218,0.500751664,0.155271873
PLEKHH1,1.570069144,1.77340056,0.485740998,1.401030881,1.92878857,2.461461981,1.052329813,0.935065093,1.504657541,1.3015924,0.765230452,0.772487359,1.801220543,1.363640068,1.779420389,1.041664457,1.42356834,1.322615076,1.890667752,1.807876447
APOL6,4.136348164,2.791157525,2.824442263,1.689600924,3.261800871,3.253424798,3.229021697,3.764793694,3.751510513,4.299166221,3.282355145,2.616156382,2.391274153,2.587037789,3.205112738,3.645382479,2.342976423,3.152347788,2.54165159,3.302052719
LYL1,1.722563393,1.243792829,1.315965782,0.727166051,0.956229823,1.218595077,1.521001806,1.584436301,1.704565889,0.753930003,2.723397068,3.104072942,1.87582749,1.889170074,2.434860052,2.559519195,2.744753654,2.334946072,2.045634043,1.311601107
AIM2,0.97062014,0.202377615,0.627505852,0.177553554,0.199233207,0.036687872,0.282766905,0.632228215,0.332976076,1.105245003,0.559658557,0.703449549,0.972334154,0.146077567,0.412451835,1.766298704,0.339968347,0.429799307,0.557992481,0.265408439
PLA2G7,2.667419774,0.928909086,1.184440969,1.006445369,3.242539678,0.94068763,1.95556956,1.391241347,2.800469711,1.847665786,0.973785461,2.026133968,0.873836542,0.476072762,1.92052941,3.952284113,0.541152841,1.107362831,1.311050011,0.448687956
CEBPA,1.954136582,0.545932859,2.246303461,0.096575936,1.181478721,0.680887032,0.958308447,1.3894406,1.845858465,1.895944476,1.847240084,1.7972233,0.513382244,0.458677471,1.304056765,3.265039061,1.241848115,3.538179117,1.932975067,3.377304603
BCL2A1,2.035011383,0.664369319,2.456805001,1.042184674,1.806438667,0.665413231,2.027592607,0.496368412,1.669839431,1.454122294,1.571805684,1.797684639,4.64427628,1.162491794,1.205552702,2.815594314,1.110163435,1.857144058,1.750419975,0.979251924
PYHIN1,1.068814325,0.108100536,0.734892526,0.057585322,0.32243414,0.272890536,0.753076158,0.406147253,0.748130718,0.294356096,0.966684776,0.794101936,0.570292599,0.510533098,0.740802938,1.63440003,0.702875654,0.71370398,0.427645075,0.428396575
ACTR3,4.127875041,3.807897932,3.779208665,4.107795726,4.280119817,4.245612806,3.970889512,4.127039583,4.310133952,4.322599551,3.243870406,3.815118032,3.158138565,3.841371004,3.959647346,4.015772137,3.449516408,3.566891458,3.765976469,3.977425597
EVI2A,2.985406391,0.584734887,1.681803149,0.424428505,2.11938968,0.639696358,2.38306306,2.576900419,2.738709408,2.125168032,2.265295257,3.151046186,0.872952771,1.143649345,1.692576937,3.782647083,2.012460959,2.920337737,2.040222505,1.711135306
TRBV7-9,2.99009347,0.06472874,0.506530141,0,0.575242585,0.136732777,1.286480329,0.614167232,0.901820921,0.773269938,0.826923298,2.360161251,0.38272407,0.387872145,0.617968193,2.264534946,0.432587838,0.720848211,0.920465281,1.439510096
IGKV2-30,1.650330885,0.218242018,0.169605316,0.142465662,0.521965598,0,0.411951776,1.232071207,0.375381072,0,0.087595045,0.912900631,0,0.219922859,0.307869605,3.760967744,0,0.943134252,0.581530152,0.67313607
OSTF1,5.095831913,4.422114017,3.970915723,4.890593794,4.58148972,4.538745357,5.138045793,4.869913645,5.122990377,4.851594857,4.178080193,5.378941442,3.774122007,4.99996193,5.05980295,5.219354111,5.1480355,4.704074975,4.993415284,4.88479909
SPHK1,1.073190327,0.913356237,0.894803268,1.8566043,3.217389815,0.679419388,0.460250062,0.737416973,0.839956159,0.492392117,0.88426963,1.333628704,1.54877219,2.086760931,3.787071788,2.06355491,1.951731179,2.330153544,1.334193912,0.666680856
DCLRE1B,2.2692194,1.745070176,1.32212051,1.044967719,1.845711741,1.869032521,1.737637467,1.817132144,1.933966496,1.303157811,0.695654133,1.45057237,1.463091132,1.14864982,1.682317774,1.760612775,1.265567736,1.380752449,1.568315464,1.392718419
XCL2,0.915260848,0.040096653,0.64128923,0.147259719,0.104636513,0.204939194,0.956802812,0.640359389,0.710099725,0.431269465,1.879292411,0.936649442,0.950776031,1.743780512,0.604037436,2.344517693,0.860780495,1.282762478,1.114424284,0.358555171
MEF2C,3.472912525,3.01763947,1.545569591,1.840273638,2.669512328,3.183619086,3.632680193,2.699005791,4.066986836,1.988472564,1.813513555,3.662519945,1.874817725,2.855419799,4.188979684,3.184985223,3.75116278,2.650086595,3.758262908,1.528929137
CKB,5.078286891,6.22943374,5.472581381,6.395890839,5.445623142,6.273263124,3.909635682,5.012292334,4.701146346,5.006883822,5.725425962,7.191808725,9.878741859,6.869517557,5.291946071,5.026283997,7.264020139,5.804773142,5.269896857,6.312134802
TRBV19,0.825734334,0,1.242545314,0.371078653,0.206630774,0,0.929632943,0.562242914,0.829340483,0.290295448,0.437026569,0.952784538,0.818773913,0.763890122,0.717433187,2.091426634,0.434752918,0.574277008,0.356813168,0.750679155
MARCHF1,1.327878518,0.396482679,0.999355879,0.565313082,0.749402735,0.600649689,0.719173183,1.093177672,1.555646665,1.163295022,0.721521268,1.171681077,0.411921585,0.628940355,0.835843713,1.696628456,0.581093051,1.111781468,1.044539898,0.794315919
HLA-DPB1,7.814608436,5.26208747,6.01833712,4.849931858,6.446725259,4.443899912,6.557173941,7.605118665,7.246383905,5.96934592,7.115416497,7.715625415,4.925329903,5.867593688,6.904743992,8.612949865,6.109580275,7.737046909,7.486901731,6.903427442
CD53,5.06206567,3.186986562,3.968488333,3.352561083,4.042488516,3.092451837,4.191640221,4.804842827,4.878629357,3.962255066,4.156304977,4.659008597,3.079000826,3.047210577,4.055982681,5.760987896,3.758046237,4.541352901,4.194077745,3.900569494
SH2B3,4.432774514,4.193267314,2.337539568,2.959474301,4.372759187,4.1754423,4.480806786,3.734495367,4.93003746,3.304214448,1.82169473,4.254571658,2.254738032,3.731835992,4.951232559,4.394114479,4.190097597,3.541485121,3.991633653,3.672718232
ZC2HC1C,1.143851695,1.203998154,1.047315751,0.713084046,1.922586636,1.357716659,1.306361403,1.539985504,1.295596333,1.656664928,1.44353589,1.212711204,1.955011374,0.974803565,0.79295363,1.125878093,1.097387644,0.888032639,1.320042494,2.24041935
MFNG,3.125554716,2.496453836,2.047804351,2.152624363,2.628405049,2.435959611,3.589444376,3.5200896,3.381587669,1.991607876,2.590683465,3.195128097,2.235124815,3.163355954,3.906231251,3.543677549,3.7943943,3.300115297,3.388253327,1.573869182
HYAL1,3.730118845,4.48042578,3.396456529,3.419470053,2.900356132,3.821690956,3.693115008,3.90298634,3.631136224,3.974843542,3.813925104,3.05332402,4.877583694,3.58302207,3.571151467,3.333817627,1.821100318,3.698780399,3.8357447,4.867062462
CD84,1.812235293,0.2542264,1.122705801,0.149703059,1.411479125,0.359829895,1.354044178,1.833429212,2.579341659,1.936951099,1.01495098,1.020946396,0.399372339,0.41476237,1.373220839,2.510975051,0.45385022,1.181755591,1.197125868,1.151437345
MARCKS,5.558090555,4.933723629,3.729930033,4.524464662,4.990942939,4.809836149,5.525391823,5.513706367,5.791645023,4.281561299,4.093368569,6.007424399,4.731825677,4.858091023,5.477492238,6.061452781,5.870789188,5.386128092,4.998580097,3.429810851
TMC6,1.80730699,2.218853812,1.683128373,2.742408465,1.876548564,2.3928204,2.128667137,1.768237918,1.947009991,0.993234915,2.149152207,2.591548047,1.979232394,2.359328379,3.248571584,3.062631852,2.278471616,2.46723197,1.939740205,1.745764928
TGFBI,6.507014906,7.349206301,5.306117541,6.346204252,4.206357315,3.161960799,4.586395248,11.55051831,4.099676006,8.030241449,3.245908199,5.135948492,6.042856319,1.614115121,2.919709314,6.526718482,8.174675301,6.510497821,3.591719881,2.240598994
LINC00968,0.027979096,0,0.060501445,0.040549778,0.063358925,0.02604901,0.032371328,0.039543164,0.046348815,0.037021519,0.012348577,0.043076142,0,0,0.038748007,0.128268609,0.024445421,0.056023729,0.038814008,0.029150334
GALNT6,0.924696782,1.897812165,0.509763037,1.93493305,0.618330855,1.326066188,0.740731303,1.943559339,0.844043711,0.771207174,0.805408928,1.046933652,0.747745239,1.106912591,0.817087409,1.395317663,0.757271582,0.724249708,0.685928149,0.423566085
DNAJC5B,0.381813108,0,0.136706971,0.029520986,0.350438984,0.041752407,0.164377693,0.135568208,0.475788054,0.398762144,0.137171105,0.280861899,0.131873743,0.061752606,0.191744413,0.732978557,0.069802202,0.176554942,0.360038491,0.069485206
IGKC,7.519146608,3.057781693,4.425043198,6.100837009,6.269697202,2.485294052,5.811107657,4.793024679,3.79565252,2.620788955,6.603149257,7.491208982,5.939804055,3.573886695,5.220611233,9.337030938,4.677730526,7.594379006,4.910833263,4.632366044
GAPT,1.130571028,0.14034093,1.110671598,0.237961903,0.467873795,0.244208928,0.752079029,1.36024352,1.308389608,0.808856134,1.681599417,1.642206527,0.367234929,0.511100356,0.553546725,1.688124767,1.053127606,1.978582191,1.180076502,1.533586934
SP140L,1.816887601,2.062187737,2.333026365,2.073679575,2.02604863,2.727523032,1.884340292,1.963723619,1.646783976,2.346310019,1.829297636,2.096074693,2.498792521,1.548318184,2.029089779,2.213199277,1.675664963,2.034556468,1.902248017,1.345689886
CALD1,6.062285598,5.122048644,4.67657988,4.818845756,6.559638714,4.761567777,6.115277393,5.64899113,6.096196165,5.672616321,4.179201784,5.093025961,4.724647523,4.710909649,5.54272206,6.502878323,5.809847077,6.039043612,5.175450168,4.528939823
NFE2L3,3.232479727,3.399504555,4.069540139,3.002072609,2.523877508,3.323029866,2.284327922,3.60805622,2.238141546,4.002033665,2.551088131,2.497178798,2.03607794,3.007803663,2.232924548,3.563773602,3.389593677,2.848725511,2.773363974,1.066822596
TNFRSF18,0.585611069,0.328493551,0.983026105,1.610440304,0.535884505,0.309416936,0.304743339,0.868427191,0.246248094,0.100097154,0.776346214,3.466317974,1.373098755,1.761599714,1.066786032,2.102410285,1.16340993,0.952892577,0.421339729,0.117194524
GRIN3A,0.113940775,0.155390909,0.088013122,0.083808995,0.062791425,0.148372034,0.104856735,0.154939808,0.13737549,0.218624135,0.132506981,0.074499579,0.136875612,0.130795676,0.14616253,0.271334005,0.091851295,0.162322233,0.198886351,0.113815548
CCL5,5.534593474,2.301046529,5.532635249,2.189214808,3.716246279,3.021168775,4.675868855,4.235213149,4.017967591,3.751282833,6.6313412,5.168080505,6.062147522,3.956647922,4.358374656,6.55567986,4.649924912,5.324678557,4.439988733,3.655039541
ADAMTS2,2.124944921,1.06607207,0.584971295,1.891125926,2.738277364,0.979340611,2.428279204,2.641396573,1.408171606,1.569830623,0.915383175,1.953839151,2.587403376,0.694425951,2.108650003,3.062558635,2.71694827,2.440872992,0.673018333,2.682584455
ADGRE5,4.294338166,3.403264115,3.622692106,2.260203248,4.40520882,3.133361291,3.996534376,4.269799457,4.010365682,4.700711913,3.400807697,4.032469352,4.048394829,4.706551879,4.141483088,4.446780799,3.54666495,4.377035307,3.277213664,4.223621758
APBB1IP,4.08592908,0.699524815,3.686269955,0.466019551,2.835664158,0.752363487,3.615741732,4.312209021,3.877540552,4.959803146,4.597957841,4.134990191,4.47032769,3.601921101,2.271902899,4.127668133,1.639283693,5.188329004,3.427705203,5.460576382
PAQR8,1.962018074,2.712462689,0.648586836,1.345305869,1.110906188,2.528974535,1.739180346,1.85462706,2.235201078,1.368173385,0.928088915,2.153678154,1.064158159,1.790557977,2.481904552,2.338785585,1.884380203,1.393840238,1.426743178,1.632524818
UBASH3B,1.256219201,1.542880202,0.584416223,1.102809288,1.117506177,1.488989059,0.619536821,1.199243363,1.367077347,0.803644619,0.458251067,0.489933499,0.450555671,0.268205185,0.957570308,0.908031675,0.46716905,0.997022334,1.359704183,0.151817475
STK17B,3.077852941,3.150058675,2.011337023,2.579352167,2.076100717,2.225788678,2.909390453,3.247254362,2.894908529,1.585314397,1.438501639,2.289698229,1.711495411,1.680682046,2.397077479,3.093191108,1.663772567,2.066622922,1.977996716,1.957150515
IGHV4-39,4.26879126,0.743640433,1.379997993,1.490369062,3.485465512,0.572408776,3.199788724,1.771457917,2.122444905,1.030113144,0.804672958,3.357399087,0.732445456,0.726666122,3.080348555,6.730297363,0.296762433,5.079384673,1.65126866,2.512371612
IGHV1-18,4.03328026,0.764744119,0.824828692,0.671168515,3.25581508,0.506586274,3.215885724,1.781629471,1.790506602,0.67822874,0.375978236,2.999643034,0.514534155,0.50355516,3.002614665,6.211998355,0.870732255,2.780217359,2.777265668,2.511214536
MICAL2,2.074069251,2.51445454,0.48550912,2.700403515,2.379439811,1.837873401,1.709546004,2.81052192,1.970069665,1.787235885,0.571858573,1.166732856,1.13039004,0.583341792,2.315778965,2.752088156,1.480130942,2.216075311,1.25997265,1.002713268
IGLV8-61,4.638766756,0.469489127,0.082374787,0.947737132,2.698732214,0.459387536,0.922245331,0.39803144,2.497545855,0.307720025,0.721288556,3.036964529,4.440310955,0.389842433,1.500830021,5.532528728,0.495994454,2.358607706,1.319907711,3.006454827
MPEG1,4.09532046,1.747916449,2.064130236,0.82746895,3.113439667,1.969416147,3.824729951,3.681063839,4.685237573,3.541912516,2.263993401,4.336056392,1.551014183,2.357639035,4.125785779,4.921098492,2.855700187,3.035606561,3.312544579,3.198843361
C1QC,7.343680079,4.281836384,5.557149171,3.289514528,6.067380522,3.795054251,6.309228027,7.451501594,7.334838982,7.182223639,6.545405666,7.640093584,5.68461377,4.518560527,6.878417057,7.84109459,4.475638987,6.841520216,6.687472015,5.550394591
LRRC8C,2.603071664,1.857579685,0.679628811,1.213432326,1.978857771,1.762817949,2.835353736,2.054771663,2.757330566,1.147466094,1.123392109,2.06906448,0.784366459,1.440714988,2.794125737,2.026250228,1.942552427,1.420425832,2.511766739,0.626556028
MED9,2.227805016,2.929973269,2.15952168,2.667894719,2.781938197,2.892788796,2.172495103,2.014136801,2.257483193,2.168442379,2.218789449,2.001472729,1.538058594,2.295173325,2.376186255,2.144700388,2.139615633,2.413371739,2.460200081,2.467961093
EPSTI1,2.79906145,2.522051765,3.306360028,1.947347396,2.041226449,3.064021462,2.154426374,3.018896387,2.410576217,3.754723342,2.262371221,2.164951676,1.570292667,1.236603697,3.225397982,3.010682939,1.306551771,2.319640148,2.457918338,3.611063456
MEDAG,1.573213882,2.327025582,0.644857997,5.002596129,4.432172524,1.01232299,3.335410937,2.312373451,2.013164133,1.317650062,0.282087477,2.254229808,0.749222726,1.813873608,2.254317122,2.77500371,3.117089354,1.410296169,1.087767713,0.417640207
HOXB8,0.822358338,5.11015162,3.527613905,4.28411113,0.32038822,5.441895929,2.411531683,2.823659506,2.285861871,0.324177124,0.607607565,1.502120525,3.0647398,0.513931982,0.28525477,3.119339278,2.33183498,1.20472217,2.460159233,0.390548648
GALNT1,4.106036065,3.958574497,2.656651649,4.110938263,4.018479394,4.182738539,4.147121514,4.108331512,3.92163873,4.545110743,2.997599807,4.033004716,3.488140142,3.848562378,3.771232984,4.440538548,4.016700411,3.699474721,3.488078785,3.537668199
CCR5,2.21413916,0.267608187,1.582110527,0.234348137,1.307858585,0.379199415,1.436567554,1.340904066,1.880840021,1.53095137,1.945671109,1.784791363,0.896284939,0.888430008,1.518731038,2.826404347,0.765946654,1.854137465,1.63891374,1.684381072
RPL4P1,0.041259411,0.035509872,0.105864368,0.022668211,0.047197832,0.05726091,0.105194068,0.058202716,0.125240301,0.107041862,0.080394953,0.153485084,0,0.023965846,0.034493708,0.399804846,0.130847738,0.049905229,0.105339098,0.063996747
SOWAHD,0.876678519,0.40959624,0.586476669,0.126027047,0.409926281,0.194685686,0.234470573,1.317068462,0.7156607,0.892333493,1.628582854,1.433390887,0.947332244,1.258897425,0.563850419,1.612220526,1.426857582,1.761753315,0.971269047,0.486984579
CMKLR1,2.346427935,1.409628544,0.857825696,0.361269719,1.428589253,1.036931802,1.916419567,2.34548933,2.668833913,2.222583353,1.32041897,1.440661825,0.815255828,0.669639209,2.081927515,3.091270133,0.893125428,2.313959152,1.806337779,1.554924052
FCRL6,0.488060378,0.131437211,0.735396231,0.373526573,0.831628794,0.360792834,0.432797404,0.558507447,0.688701833,0.28818713,0.339206227,0.754877311,0.646815373,0.89963031,0.96301252,1.146221894,1.284170841,0.613987823,0.816478521,0.382760252
IGKV1D-8,1.451969855,0.042390488,0.125796674,0.155363874,0.48331461,0,0.31192753,0.135568208,0.091006419,0.064994251,0.126225365,0.343294803,0,0,0.158105538,1.699444314,0,0.590158317,0.148959593,0.11291974
LOC101929331,1.243262475,1.971753305,0.875406308,1.703320847,0.55959572,0.587792562,1.632384216,1.890382722,1.927174131,0.978765845,0.627019951,1.521121129,0.239791173,0.563010758,1.29788886,1.706960419,1.142119502,2.084245076,1.628625284,0.803821054
PYCARD,2.582311498,1.812157846,3.959562257,2.067787232,2.016119069,1.63114974,2.529128534,3.764569465,2.562030886,2.090590182,4.976507853,3.963142419,3.718586543,2.950026205,2.646055032,4.06887977,3.064026483,4.115190349,2.746645854,1.984657892
SENCR,0.824765235,0.634163888,0.3361465,0.321327471,0.638437158,0.340008157,0.902157491,1.080434443,0.974054778,0.578118444,1.03791364,1.970050691,0.791563091,1.350664354,1.329327614,1.520024883,1.611847487,0.965692926,0.791509632,0.440708646
ADGRE2,1.025997158,1.928014121,0.506290662,3.307608426,0.790397215,0.613649527,0.795958776,0.978370277,1.5543732,0.567861694,0.205266914,1.029690801,0.3666624,0.562386791,1.346114019,1.191280242,0.510938062,1.493413588,0.617709308,0.696183208
PHYH,3.992236723,3.724296395,3.19974197,3.051560597,4.753667489,3.566294416,3.93369424,3.657235983,4.588989391,4.568160639,4.026846944,4.034348119,3.383649107,4.458735162,4.146912725,4.038165459,4.139912108,3.331539701,4.763317739,4.843079869
RASGRP4,0.727629393,0.260562826,0.533858738,0.088004845,0.378216287,0.245558657,0.955895562,0.821498165,1.153596188,0.579317977,0.51201971,1.278999468,0.213641304,0.551598901,0.92746021,1.337175997,0.497613308,0.831573106,0.855978776,0.512102951
PIM2,3.304973152,2.630050553,3.109374328,2.845349251,2.864041125,2.636050412,3.157733876,3.287706218,3.006387686,2.827022366,2.65857438,2.978086085,2.741799295,2.989018367,2.493480467,4.036239907,2.438496654,2.995102911,3.003480249,1.997034929
CCDC88B,1.135653043,0.467033753,2.006931482,0.624567381,0.990704742,0.567926061,0.951634198,1.245139452,0.724627336,1.285960571,1.958442441,2.297431286,3.169479504,1.781797274,1.543675179,2.661739649,1.639063085,2.327626224,1.592101169,1.769438124
IGHA1,8.377755114,3.971934981,4.686054655,6.708958093,6.401734928,2.684549063,8.250108651,5.852401888,5.87887958,3.996299412,6.139688893,8.532066791,3.665866018,4.432874065,7.283567385,10.69763161,4.992507568,8.273986863,6.088883944,5.648766404
FOLR2,4.13649959,2.380095439,1.700677215,1.632773961,2.889123868,1.97210489,4.246187649,4.830767754,4.578065814,4.365949291,2.431998396,4.122070587,1.992021425,2.224566762,4.068564488,4.429452578,2.548374284,3.727492155,3.358484876,1.37659829
SH2D4A,1.380986544,2.66442208,2.508856187,2.36382835,2.747898955,3.443580059,1.790194993,1.927186477,2.280573621,2.708148593,2.296852235,2.118004396,1.768035923,1.725482429,2.423584306,1.826374791,1.877138797,1.442971447,2.262849131,3.086435777
NCF2,2.692436556,0.928087088,2.267074719,0.666793374,2.323734803,1.042876839,2.761935546,1.383057166,3.19319185,2.133182827,2.044975128,3.436766645,0.634182431,1.438733008,2.599074513,4.147757137,2.072885143,2.295658105,2.361582158,1.761520547
MICAL1,2.000150927,1.965087779,3.112169196,3.073398636,3.068279493,2.013803934,2.24421691,2.198579028,2.237421444,1.9627466,3.090571943,3.147997606,2.288207769,2.955409151,2.892818563,3.763922415,2.773889079,3.760124408,2.592712955,2.914839447
IGHV4-55,1.143414185,0.061112088,0.092348631,0,0.709474971,0.066081953,0.728315313,0.099610913,0.558191902,0.181082715,0.092666973,1.064564979,0,0,0.275105802,2.442519536,0,1.111840193,0.211428591,0.519218578
IGHV3-23,5.182594393,1.450162578,1.597983765,1.294158196,3.55135548,0.262589999,4.282488837,2.989490442,2.289892538,1.277403881,0.746861492,4.345337663,1.040853406,1.130464912,3.642608755,6.765600917,0.478399289,4.475171844,2.032940053,2.946574818
GM2A,4.610871288,3.691159805,4.455672424,3.479413026,4.95968209,3.91297497,4.370372094,5.008403824,4.999887785,5.594678884,4.428788192,4.15557203,4.114241921,4.13978011,4.542305623,5.384620948,3.797527543,4.014319005,4.402429028,4.233040531
ITGA4,2.573650458,1.700050555,0.92994003,0.386689088,1.567261591,2.155660501,2.541646029,1.879798725,3.110245971,1.469363856,0.438648158,1.157724734,0.361364047,0.639828797,2.449406491,2.326741005,0.983060762,1.446270886,1.840089085,0.85216015
COL1A1,6.818289258,4.697272725,3.082295158,4.884172837,4.498329497,3.389618681,5.896086257,7.996500319,5.481283445,5.924390969,3.284192601,5.234304337,5.36645212,3.163477476,5.921800882,7.631523316,6.086831542,7.104419704,3.513106171,2.846267336
PLCB2,1.506519452,0.508381017,2.464947538,0.668366756,1.323915121,1.019946683,1.650480463,1.41761377,1.747362847,1.132152778,1.774573456,2.511950643,1.41346232,1.799707291,1.973916748,2.904927474,1.932122364,2.384814705,2.436916527,2.388775301
LDHB,7.305106156,8.519130232,8.516253805,7.287270675,6.346712435,8.24485328,6.756818309,6.675429067,7.042988181,7.233450424,6.736487543,6.511601686,7.087073094,6.79049583,5.925652695,6.793198663,6.555652739,7.123847765,7.804584203,7.849704758
SIGLEC14,2.108475026,0.224357669,1.479062119,0.081783777,0.62383141,0.231397829,1.478995256,1.034718091,2.161465619,1.382602122,1.464072126,1.597314694,0.490640427,0.387872145,0.738456851,2.278316739,0.673021753,1.322821856,0.869974849,0.981467307
AP1S2,2.922309233,2.396560562,1.279347192,2.280747455,2.91270005,2.530690045,3.038027158,2.996264894,3.279250753,1.963866492,1.464213777,3.048856082,1.617381957,2.362031319,3.037278169,3.241806818,3.11164992,2.388209428,2.760356635,3.095723325
PKD2L1,0.164746283,0.014912782,0.423614564,0.083287566,0.414459611,0.055739856,0.157874983,0.130154352,0.174494435,0.254209763,0.078275855,0.189561523,0.270668693,0.097400815,0.043020198,0.65955165,0.011376966,0.278342476,0.079772245,0.040357938
GRK3,1.546464429,1.005864165,0.665153613,0.42391121,1.232665361,0.82780742,1.205262613,1.588651602,2.011634726,0.992230409,0.833507791,1.032473447,0.612412877,1.129200705,1.095482608,1.736708667,0.991739081,1.160525277,1.100732373,1.241592351
GNAI2,5.839213253,5.711030011,4.477061417,5.487416845,5.25522734,5.546588021,5.9492155,5.871950203,5.707511792,4.903533247,4.918601309,6.316544545,4.849576615,5.588096644,6.153845031,6.091328507,5.624541985,5.38465405,5.637261606,4.872535921
TRAV26-1,0.727636583,0,0.06391781,0,0.055990875,0,0.201646975,0.197818154,0,0.126505983,0.064140315,0.146472636,0,0.262220033,0.157268702,1.142092244,0.124825304,0,0.14816872,0.038417344
GRK2,3.903861106,3.461401593,3.593797202,4.11401166,3.661472447,3.853165417,3.786287066,3.389638666,3.990420261,3.40989557,3.804280094,4.244549701,3.816707208,4.220059602,4.386235247,4.55704997,3.843057363,4.282316852,4.092388843,3.506243647
GATD1,3.256401754,3.668195946,3.875970819,4.131080425,3.727391486,3.865542868,3.650254913,3.629045634,3.606682785,3.32754222,4.675019496,3.747352895,4.087005951,4.469290107,3.758947857,4.039187377,3.642187812,4.373469948,3.863910539,4.09559991
TMEM156,1.961392719,0.576277668,0.522832814,0.814239966,0.776803824,1.62620674,0.538807902,0.636418012,0.600002221,0.157374763,0.793873623,0.973145121,0.565646302,0.341851415,0.353456151,1.640449978,0.844467925,0.861091398,0.633812147,0.921221124
LILRB4,1.988296184,0.355366755,1.8885019,0.434899283,1.455702319,0.387363868,1.06855275,1.943969928,2.210487948,2.145959928,1.083246976,1.449974523,0.485240781,0.572544302,1.061659639,3.173083206,0.60914178,2.114454892,1.845798764,2.111250222
FGD6,2.16264533,1.390563374,2.449881998,1.201445349,1.72423783,2.084218165,1.867856113,1.701517649,2.400520916,2.190505255,1.611781389,1.753174105,1.665672543,1.504479506,2.064729007,1.951627887,1.500230733,2.397861155,1.94665639,1.263628983
S1PR4,1.84184956,1.023949984,1.202330722,0.738948251,1.051544679,0.996447184,1.9580205,1.08572604,1.665913195,0.484678878,2.181348509,2.886949822,1.777587698,1.740461414,2.260383137,2.899788534,2.117520217,2.161450457,1.703645784,0.848981821
ADAMDEC1,0.912313338,0.009391989,0.7471767,0.558938743,1.206307273,0.226252393,0.508868231,0.380865689,0.967568354,1.669082676,0.287232965,1.198209822,0.247773504,0.097941567,1.050897837,3.952741537,0.056323755,0.734836024,0.389249888,0.531878029
TOX,1.389590006,0.779848081,0.815286656,0.710975036,0.470733457,0.154106768,0.809587642,1.345430487,0.792665768,0.36280274,0.598502379,0.564856059,0.288257946,0.350102851,0.800001262,1.87701827,0.8185495,0.482787851,0.253574211,0.344965576
RAB31,4.20476552,3.931271924,2.477230621,3.695600701,3.895473629,3.800270303,4.072832231,4.629030506,4.255417903,3.012614325,2.514916562,3.07153567,2.570020061,2.804479958,4.03158433,4.203039062,3.549433532,3.491971466,3.651452281,2.679544453
TRGC2,1.363483931,0.148077021,0.550350197,0.095849152,0.385754336,0.150256915,0.679440345,0.138091288,0.432028442,0.235703013,1.003380413,1.124848282,0.887363894,0.558057931,0.651431999,1.650236689,0.44396016,0.635470512,0.805289757,0.528756744
TIGIT,0.947325025,0.06273208,0.670012044,0.061010402,0.362987391,0.154802493,0.790804877,0.385861978,0.467245788,0.185685373,0.642586655,0.637696905,0.672849834,0.388776431,0.658811491,2.008245526,0.454704176,0.558400959,0.418928176,0.236879687
LIX1L,4.309780466,3.675497688,2.759372391,3.202032077,3.52083657,3.32371397,4.304350789,3.510553145,4.27156176,3.616670763,2.927591644,4.331126442,3.461517611,4.384641537,4.16011315,3.366327724,4.544535611,3.589631197,3.745292659,3.490681946
TRBV5-6,0.254726147,0.114944637,0.325846829,0.074102353,0.151443663,0,0.417540267,0.349392145,0.477546057,0.089608074,0.088922384,0.37726127,0,0.07826565,0.21544688,1.248138387,0,0.0821165,0.203210817,0.338194383
UNC13D,1.037196741,0.4054965,1.088528773,1.319616343,0.964386911,0.899576548,1.228106666,0.815690281,1.064490632,0.962818537,1.441664271,2.009920732,1.266171813,1.556476301,1.53845756,2.076398484,1.523578653,1.448462915,1.183487519,1.10036505
NADK,2.99928433,2.796223342,3.299241193,3.0556116,3.429041393,2.899080793,2.831976752,2.480566312,2.909375815,2.419951546,2.472355533,2.94998255,2.944836573,2.628688062,2.958534983,3.469992888,2.544917705,3.257047524,3.04088464,2.709102097
LINC02828,0.092972547,0,0,0,0.106085437,0,0.081134571,0,0.11534272,0.12215047,0,0.141462779,0.171430807,0,0.039502845,0.281543071,0,0.312980014,0.273284814,0.073182955
SLFN12L,0.400350375,0.092471448,0.505567942,0.065262218,0.229300655,0.197853303,0.28015318,0.272359916,0.39306571,0.120286899,0.254385397,0.25918895,0.294458934,0.175096439,0.348438565,0.764325633,0.336031091,0.340810585,0.26932063,0.349492305
RCSD1,3.444732021,2.655211892,1.27810877,1.109311618,2.159449021,2.506280026,2.935378924,2.612559231,3.041981271,1.53710979,1.395582278,2.555158311,1.160426942,1.438790167,3.01713488,3.267800887,2.128886136,2.304863049,2.502297282,1.903901953
MUC20,1.433802993,2.632631954,3.199600509,6.090790678,1.801431036,2.789611363,1.558348444,2.216175029,2.217136427,3.736564464,0.927559884,2.902220879,2.777206437,1.887708506,2.122723994,2.664272163,2.406088605,3.537653593,2.201543773,0.397462686
CCR8,0.189864025,0.017325268,0.102763207,0,0.090167212,0.018757426,0.150579502,0.238338278,0.121595087,0.026686841,0,0.120454189,0.037960411,0.023244334,0.082235812,0.743229043,0.052168605,0.072027698,0.160297256,0.015776283
CD101,0.290155179,0.450011617,0.605113398,0.301742921,0.485115881,0.640357005,0.436732841,0.342566881,0.604799568,0.315301226,0.454063779,0.782027469,0.411933047,0.459099134,0.57800507,1.324857894,0.369155074,0.538440601,0.307677131,0.443229969
LINC01215,0.147023882,0.127168795,0.091796334,1.546380831,0.04655277,0.262589999,0.216123895,0.085280735,0.129482577,0.040514408,0,0.165768421,0.038596257,0.069776212,0.107753601,0.444881481,0.026762768,0.198505858,0.123843888,0.101223299
MARCO,0.699721744,0.186327449,0.816038883,0.380490804,0.408266168,0.081440941,0.431596859,0.43754022,1.817789,1.503138317,1.409099753,0.133044844,0.204290822,0.232718984,0.281764703,0.935238838,0.64177817,0.97292123,0.949545686,0.068731249
IKZF1,1.751281656,0.363379524,0.822347096,0.223491046,0.812168035,0.399534465,1.424682543,1.498572494,1.755444358,0.958389291,1.075783108,1.375899633,0.87439468,0.787776689,1.410222764,2.200687391,0.82886688,1.223771911,1.155025001,1.06462399
PHACTR1,1.081080313,1.226050587,1.392128137,0.49774934,1.162846391,0.914949798,1.059787048,1.289537338,1.227849121,0.46476476,0.429296766,1.030436811,0.904747878,0.725685575,1.209701414,1.403883836,1.045302148,1.363086995,0.816075526,1.458420452
IGKV3-7,2.014764171,0.050721143,0.14969134,0.184525294,0.515801183,0,0.445777229,0,0.073258609,0,0.349708442,0.600088143,0,0.067784941,0.353854273,1.163989833,0.149337552,1.521062886,0.606057482,0.046233776
CSK,3.712021284,3.3882329,3.042533082,3.271733149,3.223754507,3.1767708,3.250565993,3.314847597,3.59670798,3.158879517,3.858438065,4.130785816,4.04182911,3.573503013,3.909536808,4.289353475,3.629197173,4.028599281,3.731831151,3.857275512
IGHV3-7,0.962349685,0,0,0,0.579373844,0,0.896665343,0.574749783,0.517285443,0.297371692,0,0.485789401,0,0,0.869510079,1.507071786,0.079200266,0.7484229,0.182789726,0.713990744
DEF6,2.413285674,0.973447769,2.865819076,1.686495908,1.785146953,1.007057878,2.016129192,2.017656211,1.985553023,1.17437179,2.97075605,2.996117147,2.59117027,2.217414213,2.241945292,3.760736081,2.181860337,3.334096992,2.442319698,2.379159845
TAP1,5.767369885,4.014489416,5.09706052,3.57795017,5.164144232,4.779647489,4.945070205,4.535910955,5.012754848,5.017976995,5.350039885,4.958064752,3.926744864,4.799134976,5.654839693,5.215927172,3.939533308,5.050911293,5.005499485,4.563923007
ADGRE1,0.604164188,0.163849797,0.538833858,0.069203273,0.382751403,0.285323316,0.383197706,0.561162273,0.933440224,0.657646904,0.473582096,1.631112879,0.167654187,0.587278219,1.036401728,1.579224996,0.967692556,0.956357302,0.760974409,0.864694752
ARHGAP30,2.99991411,1.350603627,2.559507072,1.309619126,1.987998438,1.543090613,2.439747678,2.593048928,2.796680067,2.008070887,1.705312747,2.246447484,1.387811541,1.842831864,3.009563486,3.894870178,1.753587566,2.807400218,2.588832536,2.421035416
TRAV1-2,0.2442326,0.109989054,0.312727519,0,0,0.060608632,0,0,0.708658961,0.315968532,0.16537505,0.362319954,0,0.074850541,0.106918921,0.728471061,0.164433266,0.291355267,0.067861242,0.842442688
PIGH,2.915352224,2.421987113,1.895516076,2.827008678,2.707785782,2.710224111,2.884334632,2.238198119,2.952954697,3.24545952,1.675471083,2.917495338,2.576901836,2.565686717,2.833191874,2.336795993,2.520203927,2.063091135,3.480527182,3.442060136
L2HGDH,1.794338677,1.657658738,0.429278576,0.345598129,1.458638576,1.46867842,1.324010477,1.086986134,1.952074319,2.416588004,0.445715201,0.766143649,1.0444061,1.577943341,1.81637311,1.067490496,0.857050767,0.655746096,1.723456294,1.906585623
TAGLN,6.488524448,5.962631895,3.590771885,6.622517817,6.965021795,5.351820644,5.596680612,6.305841454,5.491068133,4.637914509,3.794570575,5.933996443,5.127447878,3.848069205,6.15502797,8.103230089,6.821518745,7.417068686,4.235998427,3.942712252
HLA-DRB5,8.924556796,7.073655084,4.681146048,6.27235868,7.399854185,5.99187554,8.349450969,6.903679138,8.704451177,6.007073042,5.376196123,6.682247326,5.25878703,5.779861763,6.961428168,8.264604546,5.18040849,6.211655719,7.995643903,5.860580187
DOCK11,2.317205818,1.033211409,1.957480518,0.629168011,4.093551875,0.71535296,2.132474727,3.762652133,2.572840006,3.197755106,0.701720573,1.138313759,1.426200349,1.406624287,1.686232404,2.734588095,1.593258609,2.174198224,2.24727438,3.505612626
CD37,2.834901882,1.113261076,2.006004734,0.761753197,2.222462945,1.480634798,2.262543957,2.305968577,2.535177384,2.106277513,3.064055339,3.648011489,2.029427747,2.136036978,2.567389366,3.940544512,1.994887865,3.328868329,2.624051982,2.816108754
CAP1,6.515244482,6.264841803,5.822207431,6.287121766,6.359252524,6.454308262,6.399650891,6.206914848,6.652540748,6.003525431,5.835028431,6.121955607,5.600853559,5.82145548,6.397015167,6.602517744,5.912486078,6.0613459,6.596781251,5.740531691
CR1,0.189888852,0.325123553,0.080369095,0.040183535,0.060228658,0.023679072,0.309049825,0.226251949,0.549923942,0.593276327,0.009186688,0.131059186,0.017579629,0.013406405,0.092319896,0.49824029,0.024223411,0.103725101,0.024159422,0.023513764
ZNF683,0.975466414,0.028681925,0.374665207,0.036358611,0.158496849,0.167681975,0.274934275,1.05143982,0.32577277,0.423669318,0.872797998,0.754842567,0.904176628,1.13539794,0.878469442,1.509249907,0.868846738,0.88818885,1.097179472,0.349500908
ANKRD44,1.496344398,1.102077806,1.646760172,0.612760088,1.315197297,1.380076008,1.719880532,1.408862447,1.736788607,0.785385695,0.493753602,1.153746074,0.540893179,0.910001101,1.322969328,1.82271386,1.212124199,1.057722117,1.328855121,2.206000121
SLC29A2,1.753534329,3.304615153,1.026764065,3.151740878,1.228843044,3.364928472,1.0050012,1.76900364,0.862451365,0.386909308,0.711274995,0.707444601,1.799273285,0.718408744,1.170316541,1.534827486,1.062395145,1.125930342,2.460926061,1.362734042
ME2,2.340529412,1.9075288,1.848293088,1.694770496,1.966211526,1.821628953,1.858992682,2.152043416,2.521927126,2.654360222,1.709747162,1.982220676,1.92875763,1.859700865,1.944360723,2.442438174,2.126506613,1.720893254,2.186663003,2.494960323
GIMAP1,2.828943427,2.16657818,1.14718538,1.713844348,1.819771999,2.170659051,2.355920569,2.567797139,2.560267433,1.214270349,1.986302251,3.53655498,1.371854171,2.096867346,3.318377324,2.953648935,2.991913112,2.493603859,3.026358189,0.961977208
IL2RA,0.968847993,0.610160667,0.252762122,0.229043153,0.599515124,0.334197637,1.451481697,2.685612442,1.230561617,1.188016733,0.075610575,0.473486305,0.377103325,0.216321731,0.61415158,1.220522268,0.205151958,0.903828068,0.449705798,0.196623519
APOL3,3.944659805,2.601122664,1.841875199,1.800392445,2.917960245,2.839669935,3.897469083,3.882474145,3.411660118,3.446750448,2.357461825,3.598144078,1.616517655,2.477922692,3.509938018,4.079845085,2.956130224,3.054880965,3.291266244,3.11921922
TRPM2,1.430214843,0.393391434,1.550973492,0.353551375,1.205255137,0.494686534,1.101757907,1.831084837,1.453621717,1.25090566,1.90368645,1.978120549,1.437497755,0.652141434,1.229237105,2.251845872,0.959456813,2.669839811,1.405332372,1.434634943
BCKDHB,2.07552483,2.944161899,2.519195158,2.087928301,2.722698038,2.950106239,2.096544733,1.937457237,2.55784749,2.140482286,1.072730937,1.903663838,1.000921799,1.819393787,1.889182496,2.015345017,2.007933842,2.031492861,1.92825286,3.063777606
IGKV3D-11,1.060695247,0.137420354,0,0.551641022,0.737133489,0.051140727,0.382221786,0.150648195,0.101302116,0.141378784,0.268186037,0.971146458,0,0.123759109,0.294467682,2.268093907,0.071440635,0.304814432,0,0.241114597
EPB41L3,2.501309424,1.290805222,2.683866231,0.478703628,2.495033217,0.863578267,2.256803817,3.136855141,2.911545394,3.088289758,2.744666804,1.666294461,0.709559415,1.687531272,2.114120541,2.892847855,1.174159507,2.157491752,2.031039766,1.335314243
TMEM101,3.825488122,3.966248254,3.570733295,3.41889548,3.017906218,3.777724373,3.493169422,3.887540565,3.442553322,3.635783681,3.068806299,3.785313427,4.073433137,4.219260761,3.540159045,3.639248307,3.554712545,3.485707562,3.670057271,4.086554563
SIRPB2,1.269306717,0.547763648,0.884147144,0.254572899,0.688946451,0.35722294,1.028675196,0.909136425,1.360594827,0.853237826,0.584491705,1.294784239,0.30723732,0.493896847,1.179811354,1.96502311,0.952450473,1.060512174,1.152535252,0.789380677
SP140,0.777401312,0.107045415,0.777967229,0.110719914,0.362356938,0.119712649,0.441373701,0.406184122,0.358825633,0.261077638,0.558110735,0.660680593,0.698860962,0.307747148,0.428945293,1.38793214,0.411843279,0.537313092,0.380459822,0.477181051
FKBP15,2.696609516,2.127755079,2.150562044,2.104124036,2.135897462,2.683458459,2.530201974,2.478062883,2.856491341,2.983356815,2.298070358,2.585352794,1.710035509,2.738779883,2.672828828,2.836449201,2.370397005,2.474870049,2.503016303,2.950402244
TRGV2,0.347807161,0.082077539,0.291118078,0.052699842,0,0.088700669,0.161518998,0.133187687,0.303761714,0.063825543,0.182222384,0.507860073,0.40378589,0.210895526,0.295586409,0.770668875,0.392036759,0.412236875,0.146355636,0.246682131
IGHV1-58,0.852814827,0.106916192,0,0.068858673,0.269416284,0.058887224,0.892310672,0.592955803,0.291560367,0.083298503,0.082659724,0.096672161,0,0,0.41806311,2.434804212,0,0.520654001,0.065938513,0.641610321
LILRA2,0.862293013,0.131272798,0.859224795,0.032386156,0.546805452,0.259057881,0.616472353,0.669169812,0.819564513,0.536880201,0.813629979,0.978839134,0.064863209,0.365302507,0.853190736,1.054576704,0.685172632,0.893559973,1.138612305,0.843028197
TRBV29-1,1.895621686,0.109989054,0.240668783,0,0.50883227,0.28039599,0.71478509,0.888071459,0.603083752,0.085712583,0.382549896,1.584211995,0.688748937,0.340573185,0.547504229,1.570777031,0.4459144,0.533641815,0.47019143,0.282493781
IKZF3,1.391038145,0.197081081,0.732181488,0.130993393,0.410472885,0.231513792,1.017101171,1.049498099,0.944221986,0.465823693,1.127977965,0.870686395,1.662837005,0.609942038,1.036033489,2.003728948,0.522494283,0.913173294,0.546386439,0.741472993
TLR8,1.222185967,0.131072807,0.435170367,0.052687954,0.592359717,0.231853818,0.891393161,0.903214426,1.684929168,0.992231731,0.343918155,0.792133356,0.235844049,0.173592244,0.875570104,1.724737308,0.316468723,0.691393362,0.662345135,0.565010127
CLEC10A,2.009320537,0.345815365,0.317672556,0.2190232,0.592456205,0.363361643,2.41843073,0.522899185,1.999865053,0.473725644,0.750399043,1.135500609,0.676049803,1.451057709,1.783403188,3.385533921,0.958663815,1.454109518,1.63299268,1.386321435
SELL,2.463954103,0.930339942,1.618751346,0.712584086,1.470008682,1.027188615,2.454584595,1.783406787,2.58744358,1.455658389,1.083969788,2.322236869,1.219224768,1.228575718,1.731501716,3.409913955,2.105584452,1.630588628,1.498747152,1.912805999
COL8A1,4.024964671,3.644715152,1.069652892,1.759473674,3.79981388,2.745708249,3.62948286,4.952243313,3.289477689,2.071781068,1.432783199,4.239297392,0.410001904,2.412943382,4.847167824,4.47243765,3.629914534,3.809828801,1.436173741,0.775388433
CARD9,0.469533703,0.174221848,0.92643526,0.225506172,0.281799346,0.207247382,0.381870876,0.49405427,0.430558277,0.234275935,0.746600387,1.059079436,0.713654064,0.675884284,0.680251731,1.231067906,0.770914429,1.171391578,0.815661022,0.921004969
PSTPIP2,1.850114291,1.287822946,1.283794325,0.664095264,1.107938109,1.780939473,1.306988907,1.593433115,1.360035245,0.664769776,1.381729024,1.564084479,1.841692349,1.908370186,1.611931973,1.700045218,0.442838716,1.281100089,1.805421092,1.797539534
BCL11B,0.959054202,0.480568538,0.607277153,0.11086299,0.477446915,0.347416348,0.790921688,0.514672804,0.717908967,0.344157792,0.447452818,0.891208888,0.460247382,0.609739696,0.660554276,1.501125201,0.969130349,0.699719139,0.3983054,0.460860427
ETV6,2.723510705,3.723032462,4.022595362,3.941414623,2.755942903,3.330443231,2.374476457,2.89095564,2.555446038,2.425431391,2.643477114,2.43081716,4.121030088,2.359005488,2.859799426,3.281996187,2.760389641,3.142359567,2.240973997,1.749191988
BCAT1,1.145536121,1.914370306,0.844293479,0.529525286,1.50079705,0.786661589,1.134778807,3.73150533,1.57025861,1.0612124,0.917959332,1.54722231,0.833397537,0.572629028,1.195028067,1.682566378,1.323266463,0.703460655,0.958877353,0.201820238
GVINP1,1.44840295,0.508638789,0.387887946,0.093776028,1.02686994,1.118536489,1.476815042,0.851471097,1.620797498,0.502860734,0.499506794,1.033721126,0.414846223,0.686058365,1.62455944,1.527764011,0.734920983,0.73900205,0.721891768,0.525734005
CD8B,2.179723423,0.129569954,1.804331317,0.134511018,0.629684328,0.151909538,1.457304223,3.025220518,1.079291508,0.425709069,3.207591302,1.469966113,1.786901339,0.257297897,1.317952832,2.427281051,0.811515411,1.248238622,1.325435546,0.559980002
TRGV9,0.174048528,0.013180166,0.097752204,0,0.017563076,0.01427137,0.103380269,0.04309842,0.075110064,0.020317691,0,0.046943906,0.028927551,0.052437392,0.062894473,0.133372056,0.059297516,0.036926716,0.093498547,0
GOT2,4.82050581,4.809582981,4.591293615,4.322143564,4.697789093,4.471630923,4.346322083,4.399882138,4.671755993,5.129139699,5.568832569,4.06589768,6.033091879,3.762147085,4.270771571,4.477122561,3.705173837,4.693746807,4.614679674,5.469307538
ITGA9-AS1,0.345249162,0.713016121,0.390548967,0.331883599,0.441325669,0.698123377,0.416067732,0.255569118,0.389770209,0.284852959,0.238613264,0.459757982,0.263957474,0.694195238,0.383547676,0.576161411,0.475484076,0.356899251,0.375090449,1.280571534
CLCNKB,0.388553179,3.851640135,0.902340211,1.426082568,0.274633016,3.014980746,0.10667761,0.343149381,0.109522466,0.138121713,0.368186713,0.055264887,0.858403795,0.159037251,0.109581327,0.156206919,0.420635217,1.365370245,0.109763487,0.459164453
MMD,2.454556898,1.791150728,1.92403035,2.290533028,2.569589755,1.677513714,2.043989667,3.040653518,2.912678547,2.414048343,1.219946823,1.959755364,1.526224451,1.123789002,1.997521763,2.552425101,1.585516212,2.10160273,2.697039566,1.500368956
PEA15,6.786521273,6.421712417,5.383275997,6.286001675,6.685078028,6.212924832,7.0684365,6.297605631,6.774395942,5.994848136,6.397399789,6.928980553,5.442635743,6.315574372,6.846508048,6.979150259,6.784499636,6.430458399,6.506617502,5.438803226
CCL4,2.933901476,0.418954261,2.355650009,0.237909784,1.898995419,0.475560394,3.727039983,1.884702854,1.943430709,2.077656322,2.663192221,2.341008373,2.37913197,1.725602091,2.155302979,3.188436051,1.535434297,2.422480349,2.14111884,2.42348565
HEG1,4.461778239,4.241889931,1.689535366,2.702186343,3.690774328,3.788328021,5.03313116,4.687266933,5.224490685,2.951177548,2.236264794,2.857417775,2.434137233,2.602930635,4.584257887,3.799435804,3.507333995,3.605198223,3.957801733,2.208243973
ACP2,3.863212692,3.640054236,3.98080664,3.205664828,3.380952937,3.653010959,3.574512047,3.716871253,4.00179289,3.787860198,4.589020218,3.959775829,4.69445089,4.001535684,3.622576221,4.308209295,3.41889227,4.43421101,3.579309612,3.59118492
BMF,1.547419426,1.363303893,1.537307605,1.031460322,1.617163422,1.347815707,1.325109419,1.364245462,2.042416232,1.329629683,1.398294438,2.45208888,0.618661196,1.134057449,1.998112395,2.631359902,2.628892689,2.213402098,1.508301768,2.125282395
CD5,2.056504892,0.248359407,1.087675235,0.550877446,1.217914595,0.286348986,1.685196562,0.985539637,1.307603607,0.867956649,1.277931927,1.395128367,0.946590515,1.296021691,1.698924462,3.129464833,0.74027521,1.518204753,1.361114228,1.248986146
HIVEP3,1.032288658,1.002189855,0.659714477,1.251940951,0.660988081,1.024568263,0.485254848,0.854554626,0.93369508,0.454401398,0.320619596,0.529843059,1.238021184,0.454420814,0.751677855,1.162714627,0.439942243,0.83916409,0.592357684,0.645637382
GZMB,1.879808971,1.193139435,1.83545508,0.472260501,1.838095385,2.015703297,1.611305271,1.181275866,1.916999306,0.607091121,2.911272486,2.958168258,3.579880712,2.774229359,3.006333749,2.942290905,3.367527912,2.227142407,2.050402587,0.398775246
GRAP2,0.51124243,0.137928484,0.286972477,0.086950939,0.286544887,0.119528372,0.614440643,0.337411685,0.620470404,0.256756942,0.191539598,0.369625692,0.261458218,0.390945763,0.711026491,1.11592435,0.42757963,0.522065446,0.533337283,0.480943953
IGLV1-47,4.015056245,0.516375834,0.675996633,1.133206412,3.142728072,0.593155368,2.890014892,1.990298181,1.511467716,0.3124783,1.686774466,3.442206316,1.198541007,1.03699861,2.963526483,5.86474187,0.162522805,3.408065736,2.278927205,1.930890376
LOC100507516,0.582124366,0.782784086,0.11307315,0.106093328,0.410773145,0.406169349,0.577939248,0.643443269,0.473465711,0.306965217,0.085920644,0.051107809,0.041863326,0.012880811,0.404773842,0.616377475,0.126302361,0.421371218,0.101648882,0.017412094
SH2D2A,1.47434417,0.424705777,1.778504071,0.884386168,1.076020882,0.618773314,1.202871343,1.140325882,1.007513403,0.612564786,2.221533683,1.511140335,4.58228535,1.598477927,1.216230107,2.582199589,1.412248664,1.428777206,0.643985579,0.943392157
RAB27A,2.859526963,2.689039926,1.95512757,2.779826405,2.296514161,3.103445391,2.561634095,2.284520425,2.532813645,2.416171817,1.377675969,1.804443294,1.97141135,1.568979698,2.306726872,2.674391989,1.718181215,1.808955665,2.38339211,1.94844277
CXCR5,0.017995212,0.005175172,0,0.006574652,0.00690248,0.005604919,0.015651714,0,0.007527601,0,0,0,0,0.013873125,0.024954548,0.030930704,0.007879202,0.007304297,0.006290037,0
LINC00158,0.089525853,0.022490155,0.468883343,0.083939536,0.184330019,0.024345667,0.033997011,0.018602752,0.040667056,0.017408403,0.239591626,0.117600783,0.073144898,0.074238663,0,0.334052477,0.131945787,0.077896677,0.131609864,0.010277683
HHEX,2.508814553,1.970774263,0.994452429,1.371314326,2.164870251,2.155893106,2.29611492,1.899021637,2.750283806,0.967204822,1.161931889,2.995838584,1.299393783,1.902434438,2.651836743,2.767441043,3.326772017,2.187133245,2.353294097,1.129639468
PIP4K2A,3.997421754,2.842905013,2.221056167,2.356425491,3.121294156,2.602021081,3.982737497,3.813001686,4.196710823,4.366711882,2.940020674,2.971939293,3.879998572,2.708616191,3.25481811,3.876972199,2.739882687,3.171480094,3.113085064,3.534064846
TNFSF13B,2.529951868,0.657910843,2.48452169,1.032357624,1.477862882,0.901744479,1.595717936,2.02505326,2.137045014,2.011729639,1.832608935,2.04382495,0.93168131,0.794772116,1.132834346,3.230997971,2.204560308,2.064733367,1.547979437,1.360695416
TRAV14DV4,0.607332349,0.153674701,0,0.131250398,0.137507385,0,0.423499341,0,0.602310363,0.081202079,0,0.4906337,0,0.203025883,0.447646929,0.646022957,0,0.277006848,0.184808124,0.095177333
C2,3.018389376,0.868291513,1.735061076,1.520126992,1.25907402,0.324655265,2.731195633,3.845638186,2.024002791,2.433087794,3.404226178,1.595162411,2.125706708,0.53076577,0.944473087,2.973753941,0.563429759,4.156032249,2.075192963,3.704179509
IL2RG,3.77555986,1.267659124,3.046606762,2.284459822,2.025773458,1.197616989,3.124796542,2.466587581,2.88993117,1.82413803,3.887392423,3.304197275,3.21937714,3.009067265,3.065659631,5.035594495,2.667737208,3.260137248,2.700360393,2.18235519
LINC00996,0.258700268,0.04171687,0.047699566,0.01338715,0.209908054,0.152153036,0.341596632,0.101250353,0.082327379,0.308039102,0.016132621,0.179077561,0.216435571,0.340545238,0.296201828,0.460437019,0.093646269,0.182279941,0.099421836,0.137670844
KIRREL1,3.819151475,4.460119434,1.686520516,2.447730325,2.756036453,4.452896747,3.703099541,4.27398,4.120175008,3.371500978,1.264092707,3.121258763,2.991812986,2.677631749,4.280067094,3.743118828,3.847983543,3.565562095,3.43079258,2.622528661
COL4A2,7.382793032,7.446964613,4.817421069,6.115081526,7.146366247,6.860381304,7.865591296,7.766350788,7.567307249,6.481340216,5.579571679,7.074463875,7.100344601,6.898130579,8.173420846,7.645426128,7.561800063,6.998177085,6.651215044,4.648259929
C19orf38,1.485706683,0.395514974,1.594893821,0.4041482,0.870502144,0.570394623,1.269252616,1.187446846,1.430784165,0.731516143,1.605738041,2.980644276,2.043006046,1.226828576,1.827421878,2.628702525,1.991690441,1.293655907,1.449943361,1.065346462
COQ3,1.583161322,2.147073066,2.036808251,1.706050306,2.037211855,2.300868598,1.611327458,1.421141116,1.897866019,1.778349054,2.966221847,1.975322437,2.168220932,2.085717171,1.933924254,2.02820366,2.189558171,2.351420702,2.038196952,2.506273659
LY96,3.340819814,1.836247934,2.643859097,2.035931604,3.086101543,2.265330626,2.722554928,3.227166457,3.432326168,2.581661844,2.72037704,3.312333671,2.353392091,1.907218286,2.407334497,4.593114,3.034886677,4.62289855,3.401747417,5.804450888
LOC105371592,2.350798475,1.98090819,1.491660301,1.921004269,2.155045292,2.680756836,1.781011713,1.006833694,1.122556307,1.414891699,1.314942356,1.944767894,1.497948628,2.974882437,0.763890014,2.142071698,3.06949458,1.715727212,1.568854988,2.251561375
TRAV13-2,0.746946768,0,0.307231111,0.135833006,0.07290264,0,0.35057413,0.089717322,0.646504542,0.238850659,0.237112746,0.274936251,0.330121999,0.273636931,1.390466552,1.038383202,0.161397711,0.349680541,0.462340673,0.19078349
ARL11,0.966831427,0.19618484,0.412104399,0.09594913,0.378434404,0.277248807,0.519771955,0.57354119,0.900242708,0.56790235,0.728767994,1.077160616,0.254440887,0.731387188,0.751020895,1.2358998,0.926466515,0.861638012,0.746820067,0.356471687
PLAU,3.229108383,2.960681314,2.368586456,3.876475737,3.029909372,2.567753395,4.26406802,6.653100577,3.436958604,3.087279376,1.793323313,4.158277791,3.393084414,3.18562542,3.262414696,4.293576448,3.451101543,5.025854999,3.657250363,2.248877945
CDC42SE1,4.510373226,4.323175407,4.072131194,4.9963744,4.646105527,4.456418051,4.526139241,3.712533992,4.496030113,3.857728128,2.893361138,3.634335303,2.90375353,3.807977446,4.842878039,4.372558325,3.811829267,3.806574919,4.375339387,4.005384988
GLIPR1,2.167725298,1.027292502,1.545763979,1.42966744,2.052106881,1.314707339,1.783448314,2.546851442,2.486048815,1.566256358,1.341047048,2.115816019,1.529963328,1.330671148,2.476363385,3.015674898,1.973907451,2.1581552,1.885350676,1.511194377
MCM5,3.595229404,2.755903817,3.395660168,2.182266543,2.588066617,3.361744072,2.73603885,2.823760661,3.001456364,2.758691299,2.794636412,2.985641349,3.191570477,3.181918747,3.044503094,3.477879657,2.459605093,3.143081801,2.672916882,2.987664797
CD86,2.629818324,0.705585746,2.009254513,0.689858801,2.104110247,0.716417812,1.953125738,2.221197301,2.556262769,2.120143788,2.268658786,2.767354258,0.788055615,1.085718252,1.7960471,3.43813025,1.479390612,2.143984938,1.97135005,2.247482197
C15orf61,0.978960923,0.997282399,0.720033806,0.880775832,1.020898442,0.895637309,0.908726918,0.71347537,0.959296083,1.030980078,0.962670554,1.212881686,1.021386092,1.5249426,0.93806961,1.092674833,1.291355792,0.862434252,1.529773204,1.409647252
C5AR1,3.48489268,1.700475333,3.551481155,1.864125248,4.616251379,1.609533835,3.931198619,2.805385375,4.257424999,2.571622052,2.495958492,2.764424528,1.229940181,2.119092482,2.634169161,3.820660164,2.000494134,2.62286152,2.611380295,2.620923978
TPM3,5.226103374,4.986842882,4.383718554,5.036475748,4.913553232,5.298335657,4.859461798,4.74845093,5.138171276,5.359130634,4.633052725,4.956825059,4.188783576,4.874951061,5.098197216,5.040070321,4.532125695,4.658952129,4.964916257,4.78973666
IGKV1-17,2.549747567,0.325098166,0.089980153,0.973621466,1.699881823,0,2.039632296,0.981346036,0.31648546,0.40652705,0.331519889,1.096644324,0.456121231,0.079474359,1.464101377,7.263724209,0.089763115,2.385284219,0.736262001,1.653946538
GPAT3,2.919221448,2.733810663,1.860148067,3.811213177,2.694205998,1.68177761,2.337897897,0.614455653,3.180724124,0.574913609,0.663825698,1.320468228,0.139240946,2.44150217,3.847330483,2.543908949,1.561783271,0.86681002,2.234791875,6.079317187
LY75,1.731159277,1.457606807,1.809448277,3.228588843,0.833972701,1.803134265,1.45303449,2.737491115,1.141889646,0.35263782,0.334378603,1.349966338,0.952041783,0.51424119,0.875616135,1.517840635,0.823352657,1.493141922,0.919338534,0.410812087
ANTXR1,4.346106575,3.654519602,1.332695247,3.086571602,3.200267653,2.750539594,4.011224431,4.49708563,3.885779224,2.865785093,0.990778079,2.561713844,1.172237194,2.772945077,3.63716275,4.600921513,3.360856775,3.67051769,2.366265724,4.544001262
ART4,1.117539779,0.308252658,0.16517924,0.302056209,0.518054355,0.216726101,0.474396253,0.540105098,0.318160443,0.20291529,0.159700114,0.136258843,0.028878115,0.162295302,0.448643049,1.794031771,0.396675651,1.2693502,0.564633519,0.574512957
FLNA,6.916252371,7.202654446,4.553136048,6.372513867,6.644053271,6.703527092,6.546460939,7.672368854,6.714530869,6.929820472,4.762862945,6.021955218,5.334228897,6.720521603,7.265371871,7.231638081,5.921296341,7.135783758,6.059046121,7.052464959
CRLF3,2.308817158,1.566531945,1.662208038,1.722058601,2.011399236,1.755251597,2.184287726,1.857411302,2.463295406,2.233635088,1.469229368,2.201419779,2.000593571,2.222436366,2.122278078,2.546464669,2.011937156,1.872031357,2.077604865,2.192541601
ERG28,3.819367115,3.95382443,3.492537119,3.819787834,3.398877113,4.024119954,3.664599213,3.123176924,3.668272992,3.893325205,3.450251809,4.022886631,4.584658465,3.597660906,3.404585829,3.58661995,3.958187043,3.517942022,3.924511439,3.398320604
LINC00892,0.195326125,0.023757803,0.18842029,0.030130263,0.092853465,0.012915788,0.213626285,0.13225874,0.172358148,0.157646808,0.13989745,0.326891235,0.264873947,0.303793804,0.205605059,0.848827342,0.139093854,0.344490339,0.336230156,0.145063801
GNA15,1.924220503,0.796893266,1.989070827,0.632204785,1.410917132,0.642538703,1.559922069,1.481303179,1.856552582,1.264933981,1.742034496,2.124332808,1.270255396,1.161618768,1.702444422,2.568885087,1.269968175,2.425593553,1.796916783,1.537192297
RASA3,3.398833992,3.03522172,2.522242845,3.099650775,2.915554336,3.204241183,3.327427881,3.170389245,3.433820663,3.181888362,2.055659378,3.909743094,3.08923293,3.682909114,3.85326119,3.587692358,2.832643611,3.306189949,3.183491438,3.266892739
CGAS,1.689926741,0.864028333,1.054688696,0.912000281,0.842168648,1.309067169,1.59278652,0.778569796,1.385317057,1.265187037,0.290744615,1.187448963,0.816516562,1.348034805,1.315293266,1.527824992,1.173533522,0.989253801,1.43088736,0.553227654
IGHV3-72,2.83822716,0.483447681,0.471979039,0.351613548,1.453484685,0.477160799,0.488286778,2.159514778,1.367633124,0.533466065,0.151817342,1.976142672,0,0.422846779,2.032953946,4.816113001,0.077447712,2.162163536,1.369651145,1.311570419
SLA2,1.618726773,0.279406947,1.590606039,0.321458069,1.188722543,0.706522674,1.069439893,0.952393117,0.830026681,0.532333364,1.820690737,1.202176533,0.88065518,1.001186809,1.085194126,2.216722987,0.738912891,1.168726107,0.767441527,0.63893082
CYRIB,2.62837819,2.121003566,2.278688768,2.291792609,2.611352452,2.586794835,2.059680047,2.352839068,2.581865477,2.393018588,1.566790359,1.898197923,1.714618258,1.894227919,2.108430025,2.824497704,2.029534358,2.289622248,2.410050163,2.475016057
INAFM2,4.469891957,4.663376491,3.984149666,4.172825911,4.247552245,4.524199115,4.531846251,3.561441708,4.377479624,3.142338593,4.312125695,4.725500971,4.57857889,3.39428671,3.980510149,4.784093361,5.431585872,5.029177328,4.648876884,3.537629175
DOK2,2.282537412,0.636488051,1.418120221,0.329188213,1.282194534,0.970504817,2.178495686,1.388528842,2.332379841,1.428501948,2.365032037,2.909656874,1.758715947,1.810517608,2.6443034,3.365262353,2.049236637,2.404000316,2.459674473,1.240813231
CASP10,2.31670885,1.791798708,2.470716315,1.749633347,1.907706369,2.048672305,2.250180682,1.962702448,2.588700186,2.14404513,1.503179805,2.369877098,1.399007298,2.053094324,2.888346561,2.456722823,2.155620821,2.150441035,1.934845222,2.005568526
CXCR4,6.679408105,5.747692954,5.976215848,6.042875373,6.574399032,6.135981188,6.625969686,5.591878364,6.258416257,6.224525347,5.24263892,7.876034526,6.984087418,7.461896047,7.10112986,7.492964698,8.315282832,5.474590002,5.172902596,5.674395292
AEBP1,6.138625883,4.949339923,2.415503613,6.28438676,5.844512371,4.395763795,5.840450983,6.625010416,4.864186463,6.186067005,3.423009846,6.585292558,3.542484535,5.272622622,6.907270652,7.821650383,7.193572266,7.108584058,4.727039628,8.833514705
ASPN,3.394640897,1.694652077,1.476445155,2.584555061,3.793981619,1.781181379,2.628905093,2.320157708,2.689860544,1.502372298,1.054732954,1.424568192,1.398382331,0.519386458,2.325568628,3.974037823,3.729079766,3.934203765,1.934268976,1.246655716
PCED1B,2.048569504,2.044833576,1.448006315,3.097720387,1.559790015,1.296313903,1.821889872,2.099555321,1.789533603,1.24054969,1.678392481,2.136662205,2.122866593,1.281530466,2.004356364,2.818021801,1.317469812,2.257002057,1.849261869,1.005364958
IGLV4-69,3.644271176,0.784131858,0.492014711,1.453604622,2.103207709,0.365304934,2.418191147,0.702954286,1.594203699,0.612167655,0.860532167,3.404192967,2.832320774,0.385760153,2.229661056,6.069835799,0.490977156,2.28237246,0.24468059,2.383930715
HLA-DMB,4.401865817,2.676037077,3.218645236,1.769215303,3.551326871,2.538401678,3.862599668,3.969977713,4.174346862,3.676140774,2.801871122,3.805363627,1.270006551,2.57581377,3.579101605,5.018896516,2.839232037,3.737138183,3.896433062,3.39122474
ITGA11,1.704558985,0.725694616,0.403203534,0.798746835,1.161068146,0.643415525,1.565842297,1.559158704,1.34935321,0.801510644,0.252182194,0.475986374,0.714076211,0.069374886,1.510349668,2.590921121,1.349301588,1.958241978,0.531599356,0.645472709
ZC3H12D,0.322571174,0.07964623,0.597457161,0.076021383,0.151166055,0.160712628,0.284218232,0.686614683,0.579217116,0.457100393,0.599197181,0.414014049,0.136403321,0.216799026,0.223597907,0.749317737,0.152799507,0.605115476,0.585292684,0.38949959
TRBV5-1,0.798477631,0.034810326,0.246775453,0.044102367,0.296487819,0.110179167,0.626324033,0.312760781,0.713646882,0.15474262,0.866908486,0.692501676,0.147685016,0.609123088,0.58304947,1.648699375,0.246211032,0.756940266,0.199717976,1.485613084
SERPINB8,1.919105833,1.845325097,1.440029141,2.96777475,1.62053528,2.28860045,1.44603383,1.629854398,1.877252437,2.008259174,1.109452837,1.366635644,1.593509283,1.065026057,1.721848125,1.710120719,1.336001465,1.732044506,1.789084642,1.075612365
DLEU7,0.210627969,0.055471007,0.074821372,0.015885289,0.128294127,0.053447729,0.201420471,0.348712986,0.266504981,0.240896333,0.120096585,0.248959029,0.041010978,0,0.071420641,0.313767948,0.037802627,0.206385638,0.172610649,0.270373066
CCL18,2.690206441,1.509190081,2.333391659,3.637509064,4.994560616,2.431718091,0.312880992,0.998570392,2.297459065,1.360459692,0.958779887,1.446367404,0.790318877,0.186391141,0.906411669,5.239313177,0.819079105,2.387951533,0.851055778,0.981933224
RNF166,1.984607999,1.96045175,2.644762006,2.037201754,2.527004843,2.030455911,2.068197827,2.123874857,2.175909997,1.827036821,2.415126929,2.978634192,2.614993425,2.638672413,2.844531709,3.106093361,2.689457804,2.923634338,2.978659776,2.576188937
RHOG,5.115829446,4.385401304,4.745668866,5.133200795,4.62057944,4.122313995,4.682178969,5.0270618,4.785644301,4.543179404,5.568098666,5.704670167,5.10534766,5.20394423,5.205732188,5.560927368,4.75681572,5.259099276,5.116514212,4.5691249
MS4A6A,3.914787973,1.445743256,2.206900609,0.822836884,2.687510821,1.121995726,3.14811863,3.856236604,3.973269846,3.266281607,2.776389722,3.260968214,2.102629486,1.972341979,3.088837206,4.459201638,2.432902507,2.915354331,3.498763608,2.534741663
CHST15,3.279770545,3.831733757,2.802361881,3.063297427,3.903205327,3.376372468,3.167401796,5.476815778,4.674492932,2.084115905,2.514935077,3.711993257,4.659150368,2.074081989,4.447098238,4.961603941,4.066109216,3.80760269,4.086647132,1.479650005
PEAK3,0.788621547,0.282755689,0.17927076,0.109198399,0.125405968,0.181443054,0.406511882,1.386678454,0.522826822,0.168999383,0.541270573,0.22305442,0.285021623,0.158898301,0.512478894,0.533728239,0.190816497,0.505290806,0.354231855,0.266255833
PSMB9,4.822156537,2.797112146,5.181338804,2.402977916,4.174062019,3.386120505,3.944990876,4.383131947,4.113525634,4.487686911,5.968929408,5.189479234,4.104101819,4.572526176,5.145355091,5.066442536,4.057962408,4.81754062,4.750026796,2.821006819
HTR2B,0.999086623,0.452762965,0.176286807,0.919991221,0.453122635,0.360802524,1.03876483,0.675669226,0.758289846,0.578232635,0.046293522,0.071898062,0.108661301,0.013685623,0.448760287,1.553160632,0.612963838,1.517302532,0.576620664,0.678127022
PTGDR,0.272401733,0.080998585,0.163896162,0.513054547,0.224232082,0.155407322,0.369781212,0.313656675,0.482764306,0.216936135,0.358080134,0.724853933,0.721419926,0.652332766,0.45106889,0.847524342,0.923011592,0.775578173,0.290920418,0.374331248
HLA-DOA,5.564191374,3.998788447,2.524493043,1.261447486,3.504605266,1.94980144,4.113023483,5.528283895,4.990476737,3.317160145,3.223811613,3.257065787,1.263865767,1.932555502,3.687689972,4.841369406,2.280609032,3.968440719,3.690416965,3.81403909
ZNF469,0.361350582,0.301576991,0.104423234,0.244046492,0.343341399,0.144238799,0.457819856,0.61968492,0.422440457,0.470104562,0.124368548,0.45339283,0.261049356,0.369178405,0.77191114,0.679551754,0.241997172,0.484886634,0.32601026,0.423719371
TMEM8B,2.384762639,3.304516546,2.10207633,2.448239279,2.029898397,3.26331327,2.27452328,2.336097645,2.206326977,1.805319504,1.627476961,2.091651775,1.360929214,3.093260425,2.39748364,2.073893972,1.840286772,2.228087593,2.497791592,2.767322629
MS4A1,0.336343347,0.05095641,0.188789385,0.221773395,0.274250651,0.098695611,0.232985696,0.105131939,0.248455617,0.064133068,0.150870547,0.352520731,0.194404306,0.233590603,0.122821945,1.300664723,0.162901333,0.266779544,0.192903,0.087414841
ESRRA,4.24979037,4.108445128,4.791543504,4.047011104,4.78302293,4.188321009,3.781428004,3.858885965,3.651585949,4.365455632,5.171860456,4.347324499,4.14568155,4.785863996,4.428576596,4.491502617,4.782213141,5.108160483,4.44743724,4.381209839
CARD8-AS1,1.970377158,1.637238003,1.253218309,1.012644062,1.772959058,1.81314116,2.07296198,1.599676655,2.046667737,0.954044044,0.985132148,2.031826668,0.864681308,1.526510849,1.91834011,2.264207878,2.050539746,1.643661478,2.038154312,1.627716116
IGHV4-28,1.608874812,0.104246533,0.156367037,0.067117261,0.848015785,0.057392997,0.933425018,0.319142155,0.284711522,0.158076216,0.156894363,1.147427665,0.114609059,0.070897682,1.039180994,3.545429229,0.080106635,1.182737083,0.241499816,0.529349767
CD1D,2.236029919,2.046467458,1.624749213,1.446131899,2.348671934,1.912140788,2.535629251,1.835416569,2.39209489,1.405563845,1.581968378,3.50020611,1.649278645,3.15159729,3.008664421,2.858891061,2.926435811,2.305425683,2.98351605,1.534811569
SVIP,2.978709155,3.128506434,2.102858145,3.252966344,3.126357089,3.784972794,2.516110566,2.290928307,2.647919637,2.945731342,2.230304138,2.602993611,2.296478069,2.852654129,2.687934894,3.032811237,2.661135182,2.520845936,3.197561383,3.111203319
HNRNPA1P21,0.809284672,0.300969617,0.590982804,0.030068206,0.151294055,0.147551898,0.138276779,0.524045346,0.311746335,0.268848817,0.139619944,0.563353878,0.196938113,0.617886027,0.311902798,1.906056291,0.203519285,0.189567046,0.424915686,0.042868191
TRBV14,0.349328809,0,0.083951604,0.070183015,0,0,0.35363718,0.175796124,0.329896824,0.084892486,0.084241837,0.190727789,0.42889687,0.074131721,0.29690242,0.822662395,0,0.151589045,0.415553297,0.099481274
RNASET2,2.645279572,2.58298099,6.037555787,4.338056269,4.975670702,2.928735971,3.70167596,5.456587417,2.594335853,5.712390627,3.86860049,6.590239869,3.969605564,3.866350139,2.678869755,6.180907326,6.846705284,5.749385507,4.229979478,2.558734525
OLR1,2.299709367,0.866304021,3.74222521,2.853984411,3.720925948,2.656181841,1.995747126,0.608734332,3.69279805,2.175557934,2.661433157,2.34294309,0.284989897,0.283428584,1.248387482,2.970817416,1.562034921,3.767392667,2.788476068,3.206261763
TRBV6-1,0.798830481,0,0.382193145,0.071036918,0.509901155,0,0.643840572,0.177858336,0.429574211,0.085920089,0.512137498,0.585785423,0,0.279220302,0.387881671,0.924466526,0.312727429,0.418482685,0.254747676,0.239637244
IGHV3-33,2.855361104,0.414139469,0.8848919,0.190140728,1.792967682,0.263146919,1.854656244,2.415087111,1.262037386,0.362290965,0.539174737,2.300902562,0.217927016,0.430479993,2.104502342,5.151090798,0.357840962,2.400264133,1.33760653,0.13864541
DISC1,0.996708202,0.904800845,0.513864735,0.518857418,1.011447954,0.992986251,1.216140824,1.174809091,1.483868883,0.558607972,0.332449047,0.95303667,0.331889022,0.726996133,1.210554818,1.033665617,1.160463306,0.821116273,1.120763677,0.695838752
ENTPD1,3.036000282,2.495799835,1.644450359,2.024212805,3.302495018,2.103594928,3.171306237,3.06780149,3.609370466,1.947089715,1.897100919,2.553884574,2.05259942,2.545607432,2.998311785,3.212013882,2.994311062,2.500660016,2.75767101,2.943924764
MMP9,2.075217202,0.72629004,4.443241718,1.105884834,1.628686501,1.120345894,1.967347677,3.163772922,1.553356388,1.993162253,0.576459915,0.932744476,1.812344909,1.860004693,1.590813061,3.920346254,2.309684729,1.139790703,0.712096714,0.095236475
RGS10,4.382412673,2.93576837,3.507875125,3.578208662,3.311499994,1.616574955,3.510657345,5.281088452,3.550890841,3.350241644,4.445337779,5.068878494,3.095921233,3.252798761,3.253050257,5.280547491,5.067890516,4.449965025,3.847181618,3.381558072
TTC24,0.160861243,0,0.270677839,0.010284487,0.053192746,0.00876923,0.048473264,0.013353329,0.040791785,0.049341771,0.084617816,0.139365485,0.052782742,0.043020119,0.04655171,0.287623983,0,0.212883041,0.067509715,0.099922944
TSPOAP1-AS1,0.324533374,0.128108217,0.20836177,0.139033418,0.198535401,0.287272242,0.176001006,0.130889382,0.149820844,0.086105385,0.076197845,0.12120815,0.121446257,0.414578838,0.163791559,0.526057666,0.273692644,0.177803114,0.188768696,0.376072799
SASH3,3.087727074,1.120824771,2.842692083,0.641466918,2.138153045,1.559173315,2.396976314,2.75163252,3.153208564,2.153537444,2.954915766,3.186970458,2.250642891,2.146348402,2.950485178,4.167220568,2.462379693,3.323313327,2.906677569,2.589637876
POSTN,4.075954273,2.369415305,1.121254298,2.846634901,1.608625681,2.017689349,4.234068932,4.890707833,3.360299311,4.127493931,1.078967642,2.514871444,0.373878618,0.941632708,4.519942345,5.254494495,4.299889496,4.044169744,2.158795295,2.219533694
HSH2D,0.527983272,0.264837311,1.576789199,0.596677584,0.706322904,1.618702083,0.493397801,0.380647541,0.452461464,0.334224383,0.988614321,1.462733652,0.741733238,0.90742502,0.866800166,1.900746158,0.89846988,1.187411052,0.54746811,0.563312281
CD19,0.219237214,0.074316446,0.075654899,0.1336317,0.087747054,0.018241767,0.123193468,0.068351167,0.072177932,0.025955148,0.136265814,0.11725359,0.361949805,0.10964737,0.05647846,0.831265199,0.025598369,0.251944676,0.13748118,0.067790126
LOC728488,0.1487807,0.03579444,0.114019579,0.02608572,0.054244612,0.049611166,0.046392938,0.138539709,0.187063175,0.208248838,0.136241837,0.158850283,0,0.020732106,0.188264622,0.19670964,0.054199551,0.302372475,0.091466905,0.10010943
ARHGAP15,1.881244362,0.962017099,0.75266001,0.709436727,1.005205728,0.802406719,1.168924608,1.299182302,1.758296352,0.623171388,1.1341897,1.754990927,1.323174953,0.958116174,1.107162664,2.626321112,2.115859367,1.81846599,1.687239839,0.800043481
CLEC1B,0.028859693,0.024823213,0.065433229,0,0.008329633,0.033509311,0.049797488,0.020535407,0.075446551,0.0096409,0.101881857,0.238558095,0.040856728,0.049628345,0.059536714,0.20219414,0.118964864,0.094116069,0.095696476,0.01134884
RUNX3,2.754117498,2.283634828,2.612313686,1.440318564,2.99074723,1.107998578,2.165828531,1.661564426,3.050525175,0.92423171,2.899335934,2.374829238,1.742554513,1.650446182,2.658975394,3.066519419,1.335516767,3.165267725,1.784169554,1.526450407
FGF9,0.011736832,1.061782089,0.045661739,0.274493399,0.046522492,0.715625503,0.030402365,0.033063415,0.003679153,0,0,0.009090848,0.011125936,0.006788183,0.009795745,0.185879134,0,0.129804418,0.006140691,1.425331001
DUSP10,2.235411497,1.314008402,1.328266634,1.264825181,2.876675828,1.142402392,2.321169583,1.621213207,2.168681364,1.58965778,2.703235156,1.630985451,0.956499549,0.945338297,1.697995203,3.029844657,1.345145497,1.944114553,2.124966082,1.560460698
GPBAR1,0.351018152,0.353894459,0.435549096,0.154159659,0.240695101,0.35107168,0.288580829,0.359958049,0.699801433,0.487688852,0.66854243,1.247871823,0.896483315,0.608661581,0.649503581,0.746514193,0.842567015,0.664326683,0.574401016,0.10482772
GRK5,2.455140606,2.389602213,1.14816601,1.830215478,2.382306324,2.193082226,3.220367734,2.285265755,2.614977699,1.409096766,1.245260826,2.550193004,1.447243129,2.38919219,3.152914244,3.164006315,2.508491176,2.40833162,2.391864941,0.669047851
EMB,2.348854236,0.754950215,1.534682131,0.600164671,1.288723775,1.114197022,2.221994598,2.927962187,2.38885957,1.588841382,1.651149135,1.775380431,0.876208643,0.992428684,1.575048071,2.978508059,1.155641601,1.763763201,1.781602051,1.609263411
GPR34,3.121336056,0.926169558,1.086070917,0.505786404,1.619251685,0.611474101,2.838004598,4.108558149,3.364535411,2.992016829,1.227868617,2.247983452,0.662872088,0.899996738,2.429430754,2.723137836,1.405322803,2.426134123,2.680918645,1.502852146
ACTR2,6.215889596,5.629850516,5.021402146,5.359628512,5.898288625,5.779326168,6.063317453,6.002660264,6.329942833,6.432540503,4.206354286,5.267902958,4.3211003,5.105520443,5.801694375,5.848399743,5.011691702,5.207427416,5.41260276,6.120708175
MICB,1.613799484,0.938278385,1.503083024,0.584100768,1.932711507,1.182610951,1.173295426,1.544965154,1.789258893,1.504904846,1.081898173,1.689393345,1.189668771,1.312826748,1.514388834,1.944284031,1.312090551,1.098568955,1.286451103,0.706534726
CNN2,4.576618374,3.68732447,3.652206105,3.708936998,3.231045082,3.465451306,3.286310611,5.000857909,3.63070847,3.096647811,2.960647073,4.400520292,3.479161442,4.06267531,4.084289871,4.767935899,3.70152426,4.603199867,4.107942627,3.42234554
GIMAP4,6.091988364,4.943444662,2.977738428,4.51379864,4.736587029,4.967190048,5.155396329,5.23811505,5.388001371,3.992078919,4.409358396,6.261902608,3.67551381,4.842174467,5.764457382,5.733778487,5.390291193,4.698355396,5.176485233,3.003227351
CCL22,1.427563358,0.148905603,0.330519513,0.151284865,0.491898205,0.090549883,0.682628074,0.508045136,0.707633249,0.082441601,0.253024854,0.360732921,0.163462182,0.487465925,0.459228789,1.452885442,0.136737834,0.731501138,0.661465881,0.579923038
CARD11,1.358160936,0.698174416,1.460478649,1.200712798,0.872397105,0.529456796,1.138423295,3.840321819,1.437677681,2.017135224,1.353863862,1.503231155,0.888349197,1.095580966,1.610261634,2.211403011,0.943204193,2.052698261,1.178085146,1.506453712
TRAV12-3,0.406249979,0,0.085381696,0,0,0.061054827,0.530236871,0,0.367906429,0.897943694,0.243128203,0.588196674,0.69286081,0.460025514,0.346264621,1.634962473,0,0.225403266,0.47320526,0.24074355
LYST,1.494443454,1.081520956,1.047273649,1.266278616,1.144886824,1.531397393,1.693057337,1.060995867,1.794445357,1.421486898,0.686960955,1.209238527,1.191909804,0.896184065,1.547696231,1.472963282,1.39945248,0.850135828,1.172242657,1.312867934
AOAH,2.715196644,0.748873287,1.295972931,0.787875141,1.906373605,0.860542194,2.14241579,2.373515594,3.193676325,2.533121092,1.518036791,2.6358055,1.18994936,1.253661849,2.495344385,3.450315457,1.491236791,2.125655471,2.014101301,1.859966815
JAKMIP1,0.436488434,0.024803112,0.496337526,0.023653733,0.230902612,0.11080477,0.259888879,0.156517123,0.179549844,0.129339072,0.664392801,0.348691155,0.45745145,0.322638897,0.459074944,1.17722442,0.368140721,0.378557164,0.257050557,0.166471623
ATXN1,2.126120738,2.491667163,1.657280804,1.919966146,2.204053461,2.334700127,2.222630728,2.208006567,2.315824625,1.768684151,0.810399559,1.451568497,0.70565221,1.896896896,2.354267965,2.126447772,1.616561567,1.680702151,1.771135192,1.504404415
GNB4,2.644905596,2.129208505,2.072271238,1.67844782,2.204684349,3.017970092,2.558131732,3.250692293,3.241569018,1.989010113,1.643289407,2.384379824,2.152682082,1.182003889,2.514616106,2.887840274,2.106979797,2.374305349,1.925574288,2.279839682
KLRC4,0.05640001,0,0.364831864,0,0.06446939,0.152219581,0.119846098,0.117507494,0.052954796,0,0,0,0,0.096337037,0.18015713,0.141762192,0,0.034474489,0.05885195,0.022307553
TRAF3IP3,0.766276638,0.130287868,0.888023559,0.12272656,0.508195873,0.241834914,0.617548268,0.361909935,0.70452173,0.373270215,0.523921701,0.928526942,0.392709328,0.642223169,0.893670483,1.92607182,0.834120668,0.971277675,0.902552733,0.905541718
SIDT1,0.559552957,0.27901167,0.198984385,0.087837802,0.33157028,0.524757307,0.491367155,0.470020476,0.458250027,0.126430846,0.302436834,0.345446147,0.18841664,0.223209125,0.403035202,0.716629746,0.136652856,0.250657179,0.241913595,0.45458224
C1QB,7.468972111,4.283869994,6.090203484,3.271937672,6.193386406,3.745328963,6.24488206,7.430247833,7.39215828,7.224183781,7.174512513,7.406169538,6.040807592,4.377773209,6.841976753,7.977918012,4.871214856,7.094907201,6.682499076,5.183762589
TRAV9-2,0.645815988,0.112137725,0.086433398,0,0.14779016,0,0.268381537,0.263396966,0.527318208,0,0.245964825,0.101410787,0,0.217850501,0.160573922,1.226779708,0.167585324,0.080089106,0.316954122,0.151006253
IRF1,3.806864781,2.261073805,2.894302545,2.774865842,3.062031787,2.94671518,3.286727999,2.476047869,3.45825846,3.342058731,3.449704685,3.569394375,2.475015855,2.992452113,3.954985202,3.994398068,3.241827839,3.148451386,3.707627583,1.924682373
ILVBL,3.887270734,4.139211267,3.678722615,4.982760228,4.342172455,4.290493303,4.160282514,3.979704498,4.080361361,4.300099351,4.407171445,4.173647612,3.92716925,4.71656421,4.180155207,3.920971146,4.033538343,4.168905679,4.497953656,4.40340775
TBC1D2B,2.97637186,3.188618221,1.797736171,2.194735903,2.324007276,3.103784813,2.771586873,3.194750944,3.39665177,3.146693628,1.094408056,2.548210801,2.152022089,2.223598487,3.439741463,3.048046502,2.647719909,2.650772681,2.892822496,2.516455608
CST3,5.818257744,5.801703995,7.146475199,6.56574175,5.532108774,5.391787731,5.612455847,6.473475738,5.786898799,5.504389378,7.570713393,6.367850714,6.563303469,6.13110412,5.799308423,7.324024037,5.840482513,7.50604019,5.901207984,6.015107442
NAIP,0.189426359,0.047505973,0.075465064,0.036369933,0.069213705,0.048862511,0.139620641,0.248583712,0.384938665,0.233758704,0.022044826,0.128950855,0.052330469,0.038441534,0.18875713,0.298234289,0.054170793,0.069906472,0.121034217,0.07285287
SAMD9,2.324979761,1.762369848,1.61605093,1.271559127,1.753396599,3.144088699,2.20256466,2.19184819,2.6142335,3.467048894,0.702032931,1.686315342,0.700785097,1.239746967,2.512269592,2.202742253,1.576441084,1.699304049,1.762235178,2.629443756
CD6,1.453830712,0.247417866,0.811759772,0.410888514,0.829889255,0.2937301,1.023590546,0.926544859,1.091002375,0.604443827,1.441938803,1.303801593,1.300228729,1.092075018,1.448050629,2.562568043,0.628314601,1.652665921,1.235772453,1.25338033
NEDD4L,2.658883204,3.439002957,2.449921353,2.701375102,2.212410513,3.513152028,2.842696962,2.496402081,2.632372433,3.340559222,2.763036995,2.492095075,2.485310858,2.825282221,2.30068371,2.700031724,2.399206373,1.663010068,2.452259163,3.415432813
IGKV6-21,1.885190375,0.160480515,0,0.321061383,0.607308462,0.173061885,0.482151989,0.332478974,0.040607795,0.241017762,0.084241837,0.82974108,0.230328357,0.074131721,0.616523066,2.849691822,1.512385164,1.412447746,0.131423962,0.549938333
ACTB,10.08611972,9.748502178,9.625520543,10.26347215,9.793256767,9.273526306,9.934579505,10.07452809,10.12878354,9.655392188,10.37389652,10.3113323,10.28146101,10.05488991,10.07831668,10.54501281,9.64397728,10.18817085,10.4420127,10.16321907
CAMK4,0.476980032,0.184246231,0.127882357,0.107172245,0.297670889,0.246099647,0.845485499,0.442889057,0.807958332,0.129293968,0.090768704,0.338022829,0.122232219,0.181282758,0.437860981,0.592051809,0.227691967,0.139945614,0.301521148,0.183248133
CD52,4.487567861,1.661218022,3.878846988,1.939463704,3.341506568,2.098820165,4.006949095,3.212834908,4.310461254,2.438662363,4.645086087,5.55926262,4.078731149,4.050407997,4.164616492,6.211334002,4.753752038,4.596243902,4.547462148,3.042320359
DRAM2,3.827604714,3.408147245,4.278837315,3.835257701,4.009134275,3.80274003,3.670929078,3.702814393,3.888128027,3.353576399,4.164834351,3.920749533,3.450581687,3.311783383,3.84676129,4.516455074,3.88859501,4.278926344,4.33720516,3.06293945
ERBB2,3.972199919,5.133672842,3.715205331,4.362219686,4.01418874,5.398971215,3.796216924,3.883223202,3.916469628,3.386870264,3.986606803,3.080894913,2.016919672,4.719402573,4.720779902,4.183680126,3.173824699,4.15230536,3.793745704,4.028588828
ZNF804A,0.114949873,0.094702299,0.065768058,0.006207072,0.063878258,0.015816499,0.067710191,0.17491437,0.205500315,0.130088115,0.014929083,0.102119938,0,0.032528018,0.100934981,0.351816971,0,0.106565945,0.125309543,0.098969205
SNX20,1.391662774,0.308000327,1.229231124,0.225070725,0.659770341,0.378242882,0.809987609,0.818437221,1.294128382,0.718749981,1.462843974,1.403551331,0.693147646,0.814726566,1.093556486,2.57242129,0.84563394,1.585572946,0.952639892,1.05515679
HK3,0.730549918,0.323859028,2.083584377,0.338592621,0.904569769,0.767658927,1.111424308,0.841238167,1.253669451,0.848231514,1.498459086,2.191203686,1.288005382,1.542500803,1.669331846,2.505171555,1.726210846,1.284268316,1.066655824,0.382867909
GCH1,2.400022105,1.449997696,1.500824428,1.451628856,2.493223692,1.645016767,1.856221815,1.827618695,1.876059847,2.228249099,0.994748849,2.295297593,1.025717619,1.458525057,2.778865899,2.556045266,1.793637764,1.282634495,1.870713115,1.693506282
FAM89A,2.475358985,1.872049756,2.105160223,2.647748523,1.617417075,1.394110017,3.120830051,2.223463423,1.728637895,0.897943694,1.255119393,2.569924801,1.187138247,1.898140843,1.705111086,2.865384652,2.714735737,2.406742688,1.495511802,1.632512007
CD44,3.612527196,3.36948407,2.93626324,8.48851841,3.193091354,3.194014954,3.249646321,3.708068422,3.454855123,2.506059705,2.377701205,2.989351765,4.036702617,2.379023311,2.632185134,4.47241938,2.373353539,3.607170819,2.746296021,1.828611863
IGLV3-25,4.306146655,1.033920453,1.956338178,1.046290375,3.273220214,0.49416659,3.787025212,1.588605199,1.283040378,1.315785909,2.117935261,4.100814682,1.413871107,1.42763173,3.384052103,6.412963214,0.871960547,3.404384965,2.558560713,2.196863017
SLC25A5-AS1,0.557560861,0.708242053,0.615197649,0.446976271,0.64941518,0.431783985,0.312430806,0.532372348,0.438777278,0.687204526,0.516130537,0.30337563,0.60019089,0.553809357,0.387063057,0.701846722,0.505490206,0.611958673,0.938049183,1.790205373
SH3KBP1,3.208344252,2.373485058,2.218213231,1.366926709,3.005331487,1.958144661,3.25870415,3.298445004,3.421051386,2.64956519,2.102484904,2.676018545,1.983550767,2.248482561,3.061980656,3.600113208,2.771287279,2.800150024,3.003156099,3.904755401
LMOD1,3.602128285,2.932125427,1.169736784,3.007851252,4.249319967,2.332025663,2.612617495,3.384056965,2.812327501,1.727429305,2.275717611,2.326910475,1.344680577,1.860271562,3.043061327,5.313564724,2.569856398,4.59787639,1.773276906,4.792525658
POU2AF1,0.414106165,0.051722163,0.122430166,0.177595142,0.331012583,0.026596587,0.260261546,0.094097431,0.066103706,0.019022147,0.174259877,0.207588871,0.136854942,0.024773267,0.13212717,1.348978023,0.028049382,0.351605405,0.098270011,0.113798224
TREM2,3.611724004,1.043728503,4.88061446,1.298757,3.535580513,1.20626047,2.707573627,4.407910563,4.321114029,3.893885253,5.645908885,4.582165064,2.040131757,1.267596521,2.954133744,5.493964868,3.589282439,5.352875345,4.425767296,4.14475849
WDR72,3.473012507,2.835036262,2.746887331,1.522218403,1.024159385,3.598011048,3.224775673,1.441214344,3.784073143,3.129876532,1.073834125,2.071500272,2.087731049,2.202785583,2.623926203,2.463946526,1.336750266,0.345108836,3.140677444,6.169654152
TAGLN2,7.822437396,7.795983362,8.249361452,8.469226294,7.911781822,7.772160637,7.562257436,7.446495462,7.258964481,7.718435682,7.932134765,7.96430484,7.011676251,7.556845117,7.606321737,7.795899002,7.510605619,7.899957185,7.119613242,5.776740532
THBS2,4.098718512,2.58214639,2.067134032,3.847563028,3.003479402,1.983720283,3.271084297,4.126782557,2.94995031,4.038846713,1.235599746,0.787937188,0.971811317,0.21074216,3.725790535,5.623657092,3.620621902,4.379814488,1.875558841,2.662319245
TBX21,0.785244181,0.314592989,0.495155421,0.138360004,0.423783399,0.508219634,0.554262956,0.699501748,0.656635013,0.178606678,0.457933233,0.934348711,1.062724991,1.079816833,1.39322678,1.32545464,1.466641772,1.083055909,0.793486826,0.473084674
CXCL13,0.988829186,0.093241133,2.051344844,0.208612319,0.825549582,0.051246059,2.442520665,0.884109123,0.6920228,1.339378341,0.750523477,0.849606515,3.056184486,0.021422385,0.256396921,4.271955204,0.656768772,0.617649566,0.130545878,0.014536751
CD99,5.389805256,5.144166734,5.370036346,5.837780246,5.479851323,5.123743847,5.353684521,5.989172324,5.407493809,5.521309804,5.655943105,6.560804981,6.270465922,6.004318527,5.701104751,6.49066997,5.917033318,5.157928976,5.33522898,4.538037569
CST7,4.299974205,1.519175021,3.623651506,1.33535102,2.896027298,2.252446159,3.367398723,2.559132838,3.158035696,1.525371834,5.423647522,4.342140891,3.47099119,3.380534861,3.78680027,4.8711142,3.63254173,3.930187884,2.685618898,2.084464528
NELL2,1.062089209,0.093458975,0.471191059,0.066616954,0.241157152,0.064391774,0.775901864,0.495183441,0.504438986,0.101353573,0.416217461,0.40226135,0.038928213,0.079498433,0.239421862,0.868577939,0.089790209,0.279251225,0.183484419,0.236602625
CERKL,2.941852067,1.985774232,2.167349412,1.147155075,1.497755731,2.432421156,2.656497641,2.365017453,2.565749564,2.670283467,1.771090584,2.580068987,1.44268776,1.578084724,2.614414453,3.091146473,2.12299494,1.548812748,2.582451963,1.406768699
FN3K,3.184508342,3.0743153,3.068393651,2.516016078,2.683117474,2.414090898,3.01320885,2.599677856,2.836383891,3.656594162,4.841603866,3.425496105,4.5206253,4.573925749,3.622115927,3.119006006,2.434484091,3.426614975,3.557109699,4.49604897
TAPBP,7.093342101,5.994381863,6.68389082,5.869444684,5.75534922,5.399971769,6.239218938,5.626536758,5.927097371,5.913817666,7.85326542,6.583117381,6.325464711,7.10187587,6.800791223,6.21280182,5.141459894,7.104940453,5.951184388,6.338881813
CD226,0.374436431,0.108660604,0.313345854,0.115173141,0.28837427,0.145658346,0.264029398,0.291311082,0.406523958,0.237106415,0.165718715,0.287946231,0.184673683,0.23172027,0.26928327,0.798505072,0.298104139,0.358397594,0.295301795,0.564850862
LOC102724163,0.172760893,0.042364428,0.12572152,0.171536426,0.128026078,0.075600177,0.056864309,0.259336182,0.300262285,0.147247718,0.204510774,0.852357714,0.121260557,0.371613606,0.500563605,0.489896489,0.277305208,0.275551754,0.298049957,0.12486307
CSF2RB,2.456811848,1.900113738,0.918650345,0.98223376,1.495210887,1.361529275,2.521023664,2.519826184,2.674632883,1.421267141,1.246109554,1.769821816,0.535841973,1.639249903,2.457669183,3.131517004,1.542085062,1.602964821,2.353965045,1.145034625
TNFRSF9,1.526023632,0.067345873,0.916553254,0.0894118,0.21551302,0.083977729,0.508364391,0.164141948,0.442349479,0.232543599,1.045641324,0.451107543,0.359601297,0.322181108,0.583255084,1.682858848,0.186479217,0.572105307,0.150679877,0.126392601
CPED1,2.052099956,1.652176476,0.350133189,1.030559458,1.541671043,1.006900021,2.080145133,1.321250564,2.065559323,0.66977664,0.184272321,1.014584838,0.143908745,0.366195772,2.009417446,2.331030754,1.278973929,1.733977451,1.232270277,0.816998031
IGKV3-15,4.591571476,0.782834709,2.123422048,2.103281901,3.620399854,0.664793786,2.59219856,1.855481267,1.702696569,0.638511736,1.497069709,4.405187883,0.843996374,1.23641098,2.568635003,5.762359914,0.469157837,4.068164523,2.212774884,1.970129142
TRAV6,0.186072042,0,0,0,0.073958066,0,0.11070805,0.176615237,0.229132898,0.085300563,0,0.278649191,0,0.145320843,0.054185157,0.618039821,0,0.078159434,0,0.099957081
SELP,2.355217273,1.798031341,0.438810202,0.727096372,1.502223835,0.980830726,2.973667435,3.304410417,2.838692458,1.290073176,0.505593503,1.093912721,0.084625001,0.795822294,1.594673908,2.318908475,1.825699279,2.686846379,1.026724893,0.39569977
IGKV2-24,2.881593009,0.535173816,0.087293605,0.208748139,1.787430488,0.062433728,1.451564032,0.959271554,1.130093063,0.088270809,0.808317841,2.132304099,0,0.579193599,0.904750597,5.546419803,0.169207162,1.418133341,1.426469212,1.514967011
ITK,1.026006719,0.161492202,0.50431087,0.307522445,0.658047731,0.256348532,0.976796542,0.836541423,0.929960838,0.356455409,0.434921601,0.623139978,0.506564784,0.565787858,0.82012345,1.643057097,0.326338445,0.488057918,0.511259177,0.557392108
RGS18,1.598492154,0.281714735,0.457105785,0.11015007,0.838041054,0.366142637,1.360350557,1.578939723,2.043567309,0.729191837,0.512291126,1.762431586,0.499027698,0.5054853,1.173999949,2.19411817,0.892303477,0.823313518,1.151387321,1.048980452
TNFRSF11A,0.202241893,0.908013015,0.233676277,1.009160643,0.043651408,0.760685607,0.186433235,1.021244188,0.512570817,0.721147048,0.309048603,0.165092303,0.392422856,0.050615305,0.188106132,0.460886885,0.137290188,0.327795986,0.30914285,0.162529146
CYTH4,1.932223676,0.966200087,2.064348254,0.519666039,0.90508274,1.066693069,1.432831888,1.518991003,2.090896839,1.671169563,2.220748356,2.434438381,1.558227,1.36401928,2.097658926,2.843939185,1.783225277,2.611343058,2.247627119,1.542171212
IGLV2-23,4.195333584,1.334877082,2.559333761,1.429378281,3.744511351,0.63202545,2.474391787,2.844696444,2.300104835,1.154100179,1.628144188,3.982143341,1.757014257,1.342089736,3.08485348,7.505153508,1.622251411,4.862507818,2.221546679,2.802338392
TIMP1,7.581183229,8.327144874,8.438725973,9.550574029,6.769155878,7.227401503,6.909385151,8.548866545,6.902177962,7.430447641,8.468758979,8.280627793,9.15725926,7.871351098,7.778447637,9.024237477,7.942820894,8.494801754,7.071776026,6.018709531
IL15RA,2.9395788,2.458374319,2.583847953,2.468542658,2.745175667,2.324130617,3.051908543,2.917521146,2.473908598,1.774517834,1.752532168,3.834331304,2.582335414,3.26691704,2.629586069,3.239864203,2.873024974,2.469954042,2.467186243,0.789491186
SDS,1.622149508,0.541569163,2.92514104,1.663566775,4.524004219,0.904702015,1.412235784,0.780396658,2.805641289,1.91962298,1.149397419,1.755602531,0.576254809,0.576652202,1.678758229,3.251130233,0.690201118,2.628776391,1.617058924,2.857575228
