,CGGA_1722,CGGA_1452,CGGA_1017,CGGA_1354,CGGA_1586,CGGA_1698,CGGA_1134,CGGA_1486,CGGA_1634,CGGA_P28,CGGA_1378,CGGA_1866,CGGA_P15,CGGA_1901,CGGA_1391
RPL23A,10.36572612,13.04892737,11.26056474,13.24742845,12.81990866,12.74543863,11.96182728,9.359280278,12.78701283,12.31747698,9.879894449,12.70366319,13.35019712,12.86779766,12.95284725
CALB2,4.031781373,4.849210038,7.101269968,2.399045359,6.526786054,3.599082223,0.90609332,1.955838395,3.494768212,1.333687703,3.919272139,3.313503778,5.207699404,4.059424767,3.195388269
MYADML2,3.176931778,1.059397375,3.663395992,1.529800635,1.703317349,1.436129718,1.735769516,2.411187474,0.237779012,1.239039056,2.074231976,2.219710572,1.955527096,1.407393255,3.573424926
PHEX,5.980865409,2.497222716,1.576867436,1.662217761,3.693493052,2.179361526,2.771130739,4.30130851,1.709097426,3.54141917,3.791273016,3.793972849,1.93518186,1.74226047,2.920585886
RMND5A,5.534120039,4.130850324,6.684123127,4.831836086,5.12598681,4.742306623,5.422147095,5.48899852,4.041668568,6.672292784,6.496197193,5.845384025,3.833124113,4.017300468,5.405277931
SIN3B,8.057699129,6.850427234,8.366255233,8.412773889,8.482782269,8.097150977,9.035211937,8.986003684,9.082286544,8.229447186,7.966876002,8.357483985,6.932767018,7.061550701,8.762748313
TLL2,2.613246987,1.901480167,3.332996813,1.501793674,2.364300155,3.519911784,1.797524218,3.035365724,3.160834269,3.170313992,2.371436809,1.23561356,2.635527947,1.378104069,1.985792458
PTPN4,8.005285602,3.281565981,7.085961518,4.613662175,4.718685403,4.380188921,3.788491553,6.518873607,3.383579931,4.973116326,6.749693765,5.224070212,2.327441321,4.161799562,4.326585818
SLC45A4,9.076643879,3.945094711,6.650560748,3.597257274,4.452247544,3.906935903,4.863567429,7.410794906,4.63056138,4.543914728,7.793965291,4.391184622,3.068074835,3.550294856,3.346427025
YWHAB,7.745013911,7.640519668,10.21528131,8.951327639,9.166010802,8.631760462,9.839611514,8.174632651,7.91239002,9.405323058,8.032043401,8.866405953,7.759395247,8.316390508,8.52580538
ADTRP,0,1.023211959,3.865660298,0,1.013683457,0,1.014087292,3.560445827,0.675593016,2.389920916,0,2.588040455,0.574164306,0.512450247,1.75833911
MYOM2,2.219177937,6.371021382,6.829571595,5.164403532,6.771339996,6.377130868,3.953566795,4.629657238,6.041367755,5.785980226,4.822486166,7.497040936,7.662554096,6.886055979,7.797079093
FOXP1,8.142278589,2.750614161,5.844117443,3.711709118,4.665883843,4.01587051,6.392774035,7.373703866,2.485130406,5.94247575,5.991372935,4.334184132,3.60744013,3.503592682,3.699066949
SPCS2,8.500804056,9.099761221,8.731926354,9.555415238,10.33912758,9.516211981,9.659830011,7.889424083,8.821658187,9.800236784,7.055069702,9.76044765,8.674989712,9.073837196,9.789265299
DESI2,5.858925256,4.638129446,4.7595229,5.843022223,6.16201398,5.300601756,6.487154399,6.65906262,5.271535885,6.762250718,6.501320148,6.374453394,3.676478205,4.564150277,5.778002127
CHN2,6.294862299,4.446497311,6.782366178,3.151033747,5.190674277,5.443966047,4.906240092,5.663056373,2.976072432,5.800553107,6.034417219,4.021627699,3.039769487,4.524600114,4.436521464
GCNT4,1.300130847,0.207725252,3.003157162,0.473625437,1.25278463,0.234472535,1.941250328,1.659723569,0.083690366,2.705242462,1.381616095,1.23561356,0,0.278859517,0.590245317
NCAPG,4.810261851,4.897484618,0.878962309,5.413970841,4.082447375,5.136585996,5.126763913,4.451260225,3.875494831,5.54516089,5.428502291,5.24998314,2.475674167,2.637904107,4.634061314
TMCO1,8.033744654,7.90446376,7.628980583,8.523778852,9.054500273,7.841843899,9.01829036,7.775547991,8.209081057,8.788991832,6.162823063,8.893990349,7.14306848,8.30159788,9.074912615
KLK10,0,0.498736499,2.220737943,0,0.594099211,1.160491499,1.458344316,0,0,1.895622605,0,0,0.346603827,0.214033467,1.595508859
GRIP1,2.922446151,0.695515793,4.417250437,0.077945045,1.670703954,1.40442046,0.90609332,3.875506047,1.786068556,4.543914728,7.26239633,0.345921971,1.237452911,0.457501815,1.662861851
VSTM2B,1.675259624,6.327171858,8.01068184,2.999044311,3.426782104,6.017183706,1.735769516,1.659723569,6.121520897,6.050932703,7.26239633,3.807995897,4.978368123,0.665754212,6.298346538
FAM217B,5.464149007,3.067283834,7.185329241,4.033620546,4.549626663,4.193353819,5.062186586,4.010504033,3.350171762,6.047445809,4.270816682,4.801834953,4.233779483,4.157496328,4.739222952
EVPL,0.791819137,0.600478562,1.683492689,0.222236434,0.196078129,0.66744264,1.162284695,0,0.503936105,0.214185173,1.549285232,0.183304167,0.574164306,0,0.366094105
PLIN4,1.300130847,1.979092741,3.545825601,1.321272834,2.641748929,2.179361526,2.944931794,3.035365724,0.922867482,1.189279515,3.174407097,2.397163986,1.237452911,0.759594841,4.138271813
PLP2,6.347633214,8.961692522,4.511933081,8.633721531,9.567330146,8.449803964,9.91283364,4.451260225,8.999185996,8.269656395,4.429729158,8.207524245,4.665985478,9.248373176,8.795943264
PPP1R7,8.34080786,8.648081799,8.935108594,8.268557468,8.564661492,8.480066367,7.774663301,7.446956205,8.097111702,8.889788537,7.009054057,8.679783768,8.847863775,8.646221992,8.835478928
CYP2E1,2.613246987,3.194759542,4.823103783,1.736201094,3.973020983,4.918208646,3.83340851,0,4.753845903,3.914973115,3.722746498,4.929185983,3.60744013,3.368635586,4.578458852
NTM,7.700061448,5.985484665,8.511435444,7.102203488,8.398777971,7.017839107,6.532125858,7.316215615,6.61549932,8.159298182,7.760172728,7.563644489,7.865679735,6.158276348,7.067075541
ASB2,3.055292985,1.921278244,3.057040546,1.038967573,1.856164574,2.216356004,2.692042294,0,2.645200853,0.848191415,5.552136775,0.911215713,0.902269731,1.491853626,1.201548641
OGDHL,5.643687594,2.088203495,7.73608995,3.536435966,4.295299237,4.828463372,5.603805653,2.7567727,1.385477202,2.740220208,5.788406663,2.571694714,3.40040746,5.00595552,5.306066657
MNT,7.319063027,4.33283258,6.409076598,4.884302136,6.487534106,5.15337567,6.168657144,7.867356616,6.051796199,6.611015088,6.837380935,6.075824878,5.230836466,5.241703611,6.484382928
PLOD1,10.74343165,8.778965147,6.645073582,8.68716069,9.246534494,8.722554634,9.9751253,10.62340476,9.071116095,8.919895972,7.910226855,8.974879393,7.539496639,8.719389641,8.900582198
PPP4C,10.01132661,9.526783118,7.26117689,10.27664804,9.701523721,9.574252413,9.382874985,9.795356359,10.23260225,9.260744886,9.752490063,10.2271207,9.108674004,9.477959927,9.907015463
JAKMIP3,1.972701591,1.541025056,5.375155209,1.077427737,2.322922694,2.497539607,1.114557245,1.955838395,0.376986657,4.060458759,3.320681755,2.667101479,1.481464774,1.154520761,1.818651649
NCEH1,5.70564415,2.586723559,7.258304582,3.160021767,4.826244802,3.169968151,5.409842177,4.543214445,2.838287794,5.432050429,4.592197014,4.56226722,2.071917982,3.699828344,4.347207322
NRAP,0.791819137,0.207725252,1.150845158,0.151893904,0.10136765,0.234472535,0.101421946,0,0.237779012,0.400644028,0.401761701,0.911215713,0.148772113,0.340897504,1.33142328
BCL7C,9.097978236,9.269620287,6.147106241,8.593442521,8.284874756,8.871319545,7.95485556,9.048138887,9.656305881,7.832566188,7.933154125,8.823259576,9.523377493,8.917685513,8.830452786
PCBP3,4.472905331,5.741453946,6.013806154,2.597347487,4.131204445,3.739130554,2.302418049,5.48899852,3.456034428,4.2783998,4.294618533,3.801001411,7.070304832,2.977617366,3.658390035
DOC2A,3.581211572,4.189170581,8.773509061,4.288470224,4.702643625,4.372014976,3.240057781,3.726559379,3.061121942,3.245278511,4.902112917,4.53723155,5.576188639,3.090268851,7.35872108
LNPEP,6.607712058,2.611307528,5.838359017,3.840286218,4.316536167,3.428281031,4.594551465,6.363581447,3.029812979,5.461170236,5.771544096,4.427971038,3.17604951,3.081210002,3.519935336
GABRA3,4.031781373,4.083313843,5.075662252,0.829597233,3.52127131,1.270117579,1.208483649,3.726559379,5.037100805,5.49228098,2.952990191,3.253283296,2.685104914,1.994686816,4.326585818
C10orf90,5.685286175,1.566393289,5.494683486,2.383780804,3.57513018,5.274528222,4.399251394,5.62147078,0.922867482,5.542686267,8.371173459,3.691798745,2.279829525,3.152136418,3.942112863
GALNT16,3.581211572,4.924712083,7.362953296,5.555224111,6.719468408,6.353454276,3.57586308,5.417902776,3.700971089,5.788071101,6.475521494,6.139592194,3.933974311,4.685677156,6.666686183
LPCAT3,7.067042844,6.02376171,5.623036656,6.410196151,7.399629682,6.851429739,7.185551707,6.65906262,6.482097566,7.027676789,6.556503744,6.892404883,6.597049921,6.85914731,7.191320786
CAPN3,6.013892745,6.222350812,8.165110347,4.225645874,7.076105189,8.55373417,5.397431405,4.75032338,5.140874048,8.465267975,8.630445259,7.318757947,7.698079791,6.279065098,7.211143709
PRKACB,8.253623105,5.831831311,10.03098435,6.646776749,7.127328571,6.252435068,7.754855243,7.625854503,5.145750136,7.956260085,7.912151439,7.359199911,5.956564353,5.930085864,7.3050506
CLCA4,0,0.141751753,4.582526803,0,0.848549546,2.14139339,0.101421946,0,0,3.691937906,2.279008263,0.962267907,0.67576203,0.074928529,0.784208081
ATP6V0E1,9.880896437,10.1834556,7.579785515,9.327833637,10.39314972,9.845261783,10.02750797,9.296255598,9.079900146,9.281856972,9.366187969,10.01691754,9.855546025,10.43367447,10.16552406
BTBD16,1.300130847,1.515202753,2.796938615,1.114889176,1.16184219,2.404429629,1.419591675,0,1.418086792,2.556179348,0,1.42949193,0.40694644,1.622483094,2.375303925
ISLR2,5.685286175,1.227846119,7.618939009,1.444093912,1.735209757,2.197977341,4.815868326,3.802954053,1.541619007,5.908282391,4.47209333,1.837599373,2.461517754,2.141356485,2.434320015
HMGB2,6.722050906,9.486652698,7.002599029,9.783452941,8.774889047,9.642312586,9.091574145,7.05238489,9.080536905,9.534700986,6.427888467,10.67887274,6.657289449,8.12800462,9.240627556
PDE1C,7.920736963,3.781424766,7.210066773,4.629926729,2.384552205,4.169970848,5.007706207,6.363581447,4.08292906,6.413891162,6.829255666,2.504394331,0.983772248,3.595532497,3.582150177
ABCA1,9.178474533,4.496844023,4.526330874,5.214874531,7.539407748,4.973280088,8.298744335,8.181803311,3.938669371,7.468040685,7.023369675,6.217830911,4.665985478,4.643220355,6.194060935
EML2,7.992914886,6.045347921,8.431775245,6.379742628,7.82338838,7.719940394,8.68234974,9.513591828,7.172737908,7.795111424,8.139449791,6.659936098,5.024838752,7.295432145,8.319521815
ZNF248,5.745518035,4.006621851,6.055766947,3.680816914,4.513300619,4.11225524,4.462573853,4.629657238,4.123042255,6.113965107,5.417704765,5.437559354,4.770161653,2.75645891,4.715626332
POU6F1,6.771171178,5.665721156,7.200372258,5.758261312,6.234933449,5.856564779,6.326239135,5.209167265,6.337224953,6.711377585,6.841426473,8.779227892,6.57173757,5.089645998,6.258076958
B3GNT4,5.894829554,2.358890056,4.995139441,3.018941998,2.364300155,3.541938154,3.653062817,5.209167265,1.905876371,2.014684594,6.096667421,2.697551366,3.243789392,2.381670843,4.190560124
PLP1,9.717581309,8.852021312,13.24097311,5.876125233,8.155688691,10.92660615,7.157859002,10.46930728,3.960972923,13.74037426,13.95554228,9.992757541,9.869350687,7.515251338,9.191936768
RTN2,5.60085386,6.55097194,8.027227613,5.655552879,5.974333642,6.289795612,6.541180005,4.671010865,5.098748088,5.53523683,4.870787599,5.019332825,7.8690353,6.075165321,6.222243663
SAP30,8.902405926,8.459974408,6.704314237,7.423313696,7.982156724,7.575698756,8.291384877,8.062562706,8.117732054,8.198733812,7.459517625,8.491956904,6.56181876,7.684440058,8.814574425
SYNJ1,5.70564415,4.061177467,7.901700951,4.646009964,5.622337353,4.534635427,5.693842319,6.312229619,4.157249086,5.908282391,5.157083268,5.356391564,4.540289562,4.2124614,5.534522821
ICA1,7.611128969,5.224714454,6.970491728,5.982552031,6.300352105,5.703747659,5.699919132,7.098582383,7.164953272,7.595282433,8.464622636,5.040273805,5.095295483,5.917416768,6.65742721
WIF1,1.300130847,0.868648125,7.295205798,0.151893904,0,0.719911152,0.196179818,0,1.95114585,5.603313013,1.191866241,1.23561356,1.424220954,0.146156915,1.56061529
ATOH7,1.675259624,0.600478562,4.417250437,0.99945397,1.296192689,0.719911152,0.727243551,0,1.973258817,1.464947336,0.973325103,2.62018662,1.394724127,0.400377392,2.806080251
PLIN1,1.972701591,1.515202753,3.93205028,1.22176837,3.474800139,2.613017485,2.168595965,1.659723569,1.786068556,1.333687703,1.959800392,3.313503778,7.102591401,2.192728593,3.968973516
UPF2,5.685286175,2.857235606,5.865037181,3.947994551,4.698605154,4.243500017,5.559933394,5.030051028,4.304054652,6.385172958,5.06320683,5.305404388,3.72469066,3.556844873,4.436521464
ITGB3BP,5.784319442,7.146913992,5.290525013,6.667409549,6.694337883,6.660778072,6.684954037,5.061490953,5.554235662,6.613375333,4.553262921,7.329734805,5.496854436,6.594490087,6.702138813
CRH,0,0.827273665,4.176813488,0,0,0,1.797524218,0,0.563453521,1.137742235,0,1.753144865,0.723998028,0.214033467,2.062621069
CLEC5A,4.094880723,5.885728296,1.683492689,4.919131239,6.437523913,4.117154049,7.267623617,4.896956245,1.053150085,5.871287994,2.617750481,4.15378124,0.723998028,4.161799562,3.865558474
RBM43,5.84063237,3.040379083,3.764025564,3.603859597,4.184155883,3.363792098,3.840760567,5.62147078,3.179975631,4.878166974,4.145534714,4.65051771,1.61536202,3.284314541,4.310923921
NYAP2,0.791819137,0,2.812686992,0,0.522798811,0,0.101421946,0.782285482,0,0.111063732,0.401761701,0,0.076302898,0,0
FCGRT,9.977193503,10.85121061,7.660325505,9.859737243,9.961744127,10.64867045,10.32042002,10.63128338,10.54935404,9.247319967,8.878966859,9.049076501,10.63715104,11.03264167,10.03029427
SZRD1,8.820769327,8.136796443,7.327080517,8.122458298,8.571302551,8.186089769,8.607281697,9.179317029,8.172217254,9.057345404,7.81263144,9.169883356,7.613383248,8.101368257,8.272790471
PHACTR3,5.052036191,5.388347273,8.162808241,2.304937137,5.570243995,5.067402363,3.024563218,3.372686435,5.75903685,7.111048246,6.491055981,6.367368392,6.382784192,3.315549922,5.842970308
PTPN12,9.858342724,6.226335138,7.286773523,7.368148151,8.60702249,6.823228004,9.84407692,9.122689733,6.823034374,8.464614506,8.126245976,8.366987622,4.901802684,6.111213209,6.937077127
RASD2,4.472905331,3.218956711,6.772334256,4.271982744,3.557399695,3.577917554,4.739260042,4.073543647,3.881353658,3.406388689,2.6913204,3.772679345,3.210316994,2.917811529,2.453467489
PRRT2,5.784319442,5.680317967,9.104006301,5.164403532,6.425356778,5.547395714,5.892632292,6.086324226,7.763711022,6.9588128,5.208105923,8.912361695,6.404221198,5.103134299,7.745580264
TIPIN,5.643687594,4.369324122,4.632184857,5.121335732,5.545724385,5.278906666,5.372284904,5.781071011,4.363865231,6.24911848,5.406825817,5.990783376,4.178596587,4.886235319,5.749237308
BDH1,6.82798965,6.325315551,8.226285479,6.173293768,6.65215196,6.442991481,6.395272791,7.249532432,5.810609394,6.599155592,7.621196961,7.398539042,5.095295483,5.30920963,6.830348148
KCTD1,6.168558596,4.580154101,7.441655451,5.520750033,6.536999962,5.888432851,5.67956275,6.729261493,4.421294602,6.5847943,5.853952497,5.887264315,4.859243154,5.548199408,6.182631863
NR5A2,4.374616234,0.986095546,0.204835494,2.368353013,2.364300155,1.745461239,1.603715153,5.600219657,1.709097426,2.963855635,3.067942213,2.13324682,0.723998028,1.491853626,1.56061529
RECQL,5.664636811,3.334205273,5.568426551,5.637968832,6.301683941,4.400423437,6.783622746,5.511939281,3.971996716,7.523055988,5.629040232,6.103093408,2.517328554,4.373249793,5.290179173
DPYSL3,11.00447827,8.920480128,7.882243029,9.002661996,10.43895649,9.17100443,9.898263307,11.6226181,8.659584964,10.02507823,10.41107256,9.60548389,9.608549823,8.130476749,9.495549035
APBA2,9.158306075,7.264920627,8.902825629,7.72077161,7.659578323,8.249371019,7.438477921,8.738609554,8.281759926,9.096466684,9.066916143,8.519915099,8.798563638,6.935274217,8.714705634
ANTXR2,7.510578316,5.055877381,3.706181132,4.72080784,5.536703821,5.493785207,7.081561322,8.04300782,5.459504712,6.690291605,6.501320148,6.09739534,3.479810701,6.400566367,5.772294862
SERPINI1,4.094880723,4.439649684,10.73061029,6.362325735,4.851926776,7.283817519,5.359545354,4.75032338,5.957885033,7.111048246,5.745874835,6.059799012,5.961602528,6.521023828,7.059284951
ULK1,6.986138362,6.40041296,7.715818359,5.204051783,7.084640777,6.409438908,7.281197357,8.460613134,7.457922617,8.040670862,7.37552402,7.285943556,6.613948098,6.193381221,7.257499954
PNMA6A,0,5.073678448,6.471172458,2.736037219,0,0,0.368848086,0,0.309061226,4.13463363,6.316045098,1.837599373,5.456381596,0.616441018,0.519328577
SORBS2,4.847382177,3.356190002,8.522250953,4.947959178,5.285267671,4.978673353,5.874837066,5.991572503,4.688516491,5.542686267,4.838766988,5.548212743,2.57106048,4.480494019,5.638569715
PRPH2,1.972701591,0.550504229,4.942430469,0.783813362,0.447790586,0.37197981,1.735769516,0,0.620612558,1.69629637,2.18025032,0.492052541,0.464866145,0.340897504,0.590245317
ENTPD6,10.14777339,8.206777831,9.488009588,8.506264925,8.547081855,8.977665095,9.03481134,9.6861368,8.935145538,8.16975984,9.739541882,8.496834759,8.891415529,8.530772906,8.817810284
MARVELD1,5.556709373,6.108233786,4.521547557,4.789024157,5.989288493,5.700487328,5.677511224,5.180816608,5.550563481,7.044391164,4.429729158,7.688281311,4.187224865,6.072882139,6.81099331
MAFK,8.882425756,6.082088837,6.980112004,6.562857,7.796244076,7.460925714,7.676899499,9.506470131,7.191133496,7.163530692,8.274245274,8.171369299,4.856541031,7.137255692,8.398830822
KIF1B,7.463536298,5.766295976,8.948535125,6.797659339,6.774221088,6.764334297,7.137108232,8.55751503,5.319795213,8.186104463,7.781385655,7.646457821,7.235921055,5.273864948,7.391356276
ABHD5,5.083490966,4.029604585,5.161183134,5.119032996,6.262552601,4.047009085,6.224525324,5.556754613,4.268729868,6.899126013,4.119117811,5.75417282,3.521347528,4.794989953,5.224819619
RHOC,12.09253585,11.80359996,8.766198018,11.65855717,11.49745192,11.62964622,11.25319115,11.73443259,12.60723971,10.25314998,10.37280176,11.84360305,10.9910916,11.35869949,11.95363345
CDS2,7.730184842,5.196558375,7.499963868,6.488098858,6.973717042,6.873311283,6.962765913,7.499553463,6.058275903,7.15626471,7.159216579,6.465738625,5.73761908,6.669693556,6.128561782
CENPE,5.25904872,2.611307528,1.199572972,3.515578732,2.800905557,3.304898213,3.183354385,4.711212082,2.560097671,3.907299033,3.919272139,3.786909877,0.346603827,1.317679114,2.204996352
CACNG2,2.219177937,0.827273665,5.364510126,0,0.96071155,0.234472535,0.662335622,0,0,0.485551871,0,0.803349477,2.489693018,0.214033467,0.900394324
ZNF700,4.519647722,4.449908975,3.939241835,4.950551559,5.247065566,5.22546736,6.330162239,4.587083175,3.949864248,5.191040486,3.824353104,5.656803462,3.979391548,4.724012994,4.918717444
CMTM3,8.061653156,8.414643926,4.834719435,8.619537645,8.593493079,8.631760462,9.005876468,9.163104558,8.949159636,9.320831339,7.653769335,9.129623145,7.957436068,8.386322988,8.140963466
NKX3-2,0.791819137,3.250600955,0,3.398941853,3.88335726,3.71993694,4.013347124,2.201403741,5.879554668,4.392734194,4.408071248,2.62018662,0.40694644,1.491853626,4.844507933
KCNE3,7.278867873,3.930515607,3.62823016,4.336831404,5.490735065,5.080002413,4.603223344,8.281961348,4.769726265,4.20518063,7.009054057,5.351612542,2.878645398,3.993355457,3.707066494
NEK2,3.055292985,4.496844023,2.148115957,4.597212166,3.787749457,4.49001237,4.207836808,4.191916204,4.449174149,5.005823973,4.341075609,5.202999451,0.859724182,2.381670843,4.167554513
FOXD1,7.689878905,5.015003273,1.71735235,6.110928556,5.164560814,4.556439829,5.7358521,4.073543647,6.074988184,5.823160024,5.144040583,5.953420374,0.148772113,0,3.195388269
SCN2B,5.980865409,1.591323147,7.944768184,1.557274237,4.107031874,2.304893301,2.889292487,3.645892097,1.599632404,3.718491943,4.492817865,2.727371831,3.316378168,1.78751909,2.598133446
CASP4,7.967850606,7.487909798,4.550012422,6.369123979,8.461490713,6.887716749,7.400424951,6.413168089,6.694161059,7.221151566,5.090657735,6.128459827,4.302896658,7.682195059,6.433459589
RNF112,9.105658623,6.239208722,7.655421359,5.253177649,8.142742131,6.259098801,7.17322853,9.233805337,7.848401816,7.777855328,9.202052866,8.189894739,7.209693442,6.749056852,8.552966892
ANO4,0,2.173220886,5.846031822,0.222236434,3.677167087,3.141398891,3.494297611,4.30130851,1.011016389,4.254403941,5.939475594,2.06481893,2.622862856,1.407393255,2.648849937
SLC39A10,6.077762189,3.709239319,8.227020215,5.737395818,5.688992341,4.789100893,5.845900109,5.799834582,3.809426734,6.572716376,5.647642216,5.919914652,3.860354637,3.959150397,4.719586001
NRIP3,4.42459766,3.775998475,7.444185264,2.23860504,3.810381833,1.640490586,2.860646906,5.236971518,3.904553897,3.930199894,4.341075609,3.032192215,3.158605629,1.915352779,3.962305092
PLEKHM3,8.15713779,0.600478562,6.013806154,0.63703992,1.703317349,0.956954814,3.062789109,7.135981471,0.779641157,4.392734194,6.674585694,1.63225092,0.148772113,0.214033467,0.900394324
PBK,3.055292985,6.552559612,0.543658953,6.463806151,5.379094195,5.904106737,4.683106121,5.368481417,5.093710242,6.031649647,5.675103058,6.927351226,3.324222678,3.252387897,5.205184996
SLC30A7,7.37733092,3.234865592,3.946397719,4.132825719,4.866399503,3.706997851,5.482145002,6.299100891,2.997809456,4.958338128,6.411654776,4.658279116,2.263603232,3.300016763,3.666617687
BTN2A3P,5.0198803,2.53626201,1.962935206,2.723965764,4.657586226,3.197982631,4.428822867,4.965037913,3.517518944,4.874235882,3.888321195,4.033612168,1.737880769,2.242334145,2.615237808
TUBA1C,8.620896154,8.451915079,4.795631272,9.01231007,9.629504827,8.819288327,9.625256983,9.78244246,8.260562896,8.994450688,8.76005081,9.791547036,4.147984642,9.45732134,9.319709712
LARP4B,7.475441385,4.716702999,6.555486413,4.774466462,5.828578398,5.265731266,6.201866148,6.971941417,5.065683166,7.067814923,7.432953487,6.545325387,5.135974913,4.718181071,5.432069804
APEX2,6.062057951,5.968934008,4.332395885,5.338784715,6.026816682,5.936339263,5.484493787,6.007802941,5.757444899,5.73919725,5.501903518,5.512263095,4.896550898,5.734511201,5.857418191
CCDC85A,1.675259624,0.389271261,6.790341791,0.687641783,2.046130812,0.556408883,1.827437769,1.659723569,3.029812979,3.907299033,3.949572998,1.500292121,0.625857325,0,0.955157119
TP53INP1,4.918874833,3.818847864,3.967654841,4.229920356,5.319857516,4.436145416,5.222740459,5.39340371,3.640072659,6.059613244,4.064787019,5.470994638,3.865739604,4.373249793,5.219236941
MOB1A,7.920736963,5.740061211,6.101358151,6.41207832,7.317084773,6.551021098,7.644708251,7.361125206,5.435812769,7.439060623,6.244525571,7.233656159,5.177705193,6.577679548,6.718060041
EPB41L4B,1.300130847,3.178399647,6.349595216,1.636688829,3.171030069,3.234508639,0.448004099,0.782285482,4.896640155,1.546256126,3.174407097,1.42949193,2.295875346,1.491853626,3.160857957
VIPR1,4.953335054,1.094697358,6.72422666,2.6746438,1.457835492,2.270127643,1.162284695,0,2.058469548,1.464947336,4.451066739,2.571694714,2.090435245,1.671593662,3.262064209
BRCA2,3.747532772,0.389271261,0.993932964,2.133012423,3.749221499,1.122016764,2.998504747,4.191916204,0.237779012,3.820074803,4.119117811,2.933306772,0,0.214033467,1.450565796
SAAL1,6.447715018,7.969494267,5.264995446,7.159347086,6.576047224,7.703341219,6.796913177,4.35304363,6.563609269,7.605988956,5.991372935,6.848981195,7.778435492,6.903506126,7.109187655
FPR3,4.472905331,4.225454375,0.466117858,0.783813362,4.829941765,2.62682336,4.691263171,4.451260225,3.569248998,5.619841717,3.856691658,2.378491002,2.053159952,4.51117206,3.473793981
KLF16,7.082693207,7.07637677,7.454887751,6.79477685,6.939903745,6.82172832,8.108562992,7.707618612,7.183447755,7.036497962,6.350517803,6.322891488,6.432619606,6.604799295,6.587649138
SLC9A7,7.292391071,3.413228951,5.609576699,2.570633521,3.455784277,3.234508639,4.637398814,4.75032338,4.7885548,3.74456605,4.822486166,1.837599373,2.672869475,3.412632853,2.598133446
KLK7,0,0,7.075392932,0,0,0.234472535,0.196179818,0,0,0.310424829,0,2.04126888,0.770673314,0.278859517,0.657838811
BSN,4.031781373,2.415824431,7.600912903,2.058063641,2.424222882,1.693930411,1.827437769,3.560445827,1.627787116,3.89182731,4.553262921,2.62018662,3.355181014,1.491853626,3.206717123
CYS1,2.922446151,1.960077513,5.445025507,2.487388936,2.120464252,3.082504973,1.253248978,3.156782629,3.019223825,3.281348906,4.064787019,2.281319017,4.042568651,2.425278291,2.545568904
TP53TG5,0,0.600478562,5.049317544,1.444093912,1.826863221,4.031523806,2.214596437,0,3.809426734,3.104723389,2.371436809,2.415598368,3.201826127,1.119551923,1.985792458
DGKQ,7.364584352,5.208692613,6.301574574,4.966008777,5.969314044,5.39841386,5.090217259,7.470569808,6.355229178,5.970363901,6.333384412,5.847082788,5.447430868,4.89917998,4.848129634
DGKE,4.651422041,1.378667118,6.107755142,1.783496236,2.096109523,1.693930411,1.296666987,3.156782629,2.986981883,2.722837336,3.856691658,2.378491002,1.589558318,1.407393255,1.662861851
RAD18,5.643687594,3.584418255,3.672055131,4.057866981,4.358094585,3.372012632,4.559333101,4.896956245,2.93159047,5.424005584,6.069331715,3.966430387,3.058701288,3.081210002,4.284436895
ZCCHC12,5.202870123,3.326801947,7.579785515,3.296699397,4.746336332,2.866775357,3.206303868,1.286707618,4.731315572,4.984101473,4.947861361,4.459407248,2.311744664,2.637904107,7.336976456
PC,8.391953629,8.091371436,8.456107185,6.683861734,8.032356848,7.614325093,6.775972879,7.990888788,7.832990845,7.565727817,7.894737051,7.61888105,9.635891524,8.190942061,9.190510977
DCAF13,5.929861958,6.128601005,5.359157984,6.793333443,6.815829133,6.345127005,6.997717224,5.465687069,6.034811489,7.084923908,5.719740566,7.011562641,5.184185228,5.960045343,6.548116188
FKBP10,10.89350313,9.382827513,5.938649709,10.49831149,9.828685529,10.28163767,9.791574486,11.2829102,9.17389752,9.661003504,9.425331153,10.44629743,6.132168372,9.834062247,10.31702953
CAMKK1,5.202870123,4.998789704,8.765186685,3.8624808,4.877159559,4.459477955,5.369745978,4.997910656,5.207683682,4.95089187,5.339770952,4.126064199,5.517528416,5.100894989,5.796864912
C1QTNF4,3.581211572,5.899517641,8.447937011,3.765700946,4.107031874,5.057242487,2.903404772,4.671010865,7.466230158,4.011190303,4.341075609,6.47015472,7.714587587,5.076030399,6.644988744
SLC22A15,4.094880723,1.709892961,5.838359017,0.289308085,3.484214897,2.843316275,3.726340519,3.268769603,2.158359156,4.809836447,4.992203581,4.334184132,0.770673314,2.225987746,4.09014696
GALM,6.846442521,4.573913678,3.981654221,4.865193806,5.511602448,4.482439139,5.623121124,5.48899852,3.851818655,4.962046893,4.246615546,5.267849177,3.754025248,5.267889056,5.486531208
CAMKK2,6.917980621,5.481304242,9.398554199,5.550105223,6.083664195,5.952874639,6.358610254,7.435002866,5.889763387,7.166748309,6.87338876,6.867512505,5.472354285,5.127540011,6.179760392
INPP4A,7.40871317,4.092074158,7.586671599,4.72080784,5.773969853,4.577919587,6.128671475,7.235817792,4.072724037,6.55194896,6.521631972,5.726753442,4.270782981,4.914561801,5.73756885
DNAJC28,3.824015197,2.205872926,4.188931444,3.221417222,3.693493052,2.62682336,3.294616545,3.802954053,2.530576566,3.007578687,3.535675463,3.842468533,1.563284679,2.366837115,3.82202349
S100A6,10.24747226,12.8376097,9.309440642,12.83849443,12.71299987,13.05133746,12.64738603,9.148538915,12.01953858,11.7840742,9.149180852,13.01323016,11.86037509,14.07973666,13.89499004
LIPE,4.733026863,5.967744521,7.189858639,6.310795917,5.023169102,7.428285258,5.439199547,6.574416083,6.966355323,7.528693979,7.200748344,4.870260506,6.42534433,5.053048228,5.729737116
TWF1,6.123874562,6.396882072,7.338684336,7.595517285,8.182323336,6.863141182,8.363023647,5.465687069,6.616377811,8.553028696,5.157083268,8.108667627,5.514103261,6.504177188,6.773392789
PTPRM,5.822104555,5.885728296,7.525871031,6.055411341,6.359099849,6.027628608,5.544257384,7.48802978,6.718093148,6.424682798,6.800451345,6.176542107,5.691361113,5.388461341,5.910344561
P2RX2,2.613246987,2.470596997,3.332996813,0,0.594099211,0.160469782,0,2.201403741,0.44185729,0,2.279008263,1.723857793,3.300560015,0.340897504,3.879783012
KATNA1,7.325654674,6.103909065,4.783695282,5.84162631,6.62048343,5.090003815,5.713999605,7.207991078,5.459504712,6.636767811,6.417086328,6.417391769,5.294112692,5.142858673,5.934394399
DLGAP5,4.651422041,3.731837361,0,5.217029372,4.257365354,4.516209926,4.662509408,5.030051028,2.942840198,4.094648059,4.992203581,4.707735333,1.134142481,2.141356485,2.974601645
EXTL1,5.083490966,3.770551698,7.235117901,2.662045263,3.474800139,2.570789014,2.444309496,4.30130851,2.438205959,4.230002206,6.449253089,3.814956636,3.66416907,5.664970882,5.096715168
KIRREL3,4.374616234,2.739505481,7.178508369,1.937792207,4.611076128,4.970575877,4.628930543,2.411187474,2.406053042,5.04831171,5.339770952,5.595467108,3.158605629,4.517901709,6.653292959
RCC1,7.938047736,6.019175795,3.995519061,6.538939853,6.293674422,6.325154943,5.999960461,7.799053659,6.726254395,7.06091411,7.585462106,7.287821037,4.553697235,5.299478205,6.533569921
ATP6V0D1,8.541011747,9.140710957,9.31100076,8.54794656,9.048364705,8.492372897,8.508895056,8.66119977,8.716408239,8.671871451,7.566035308,8.44393404,9.262926278,8.791804121,8.884359279
PPFIA3,7.059153533,8.123772454,8.639198402,7.697810545,6.24604464,7.577032732,6.723247297,6.518873607,7.604586456,5.695309353,6.219875537,6.348303164,9.257687502,7.173402393,8.458689133
TCF7L1,2.922446151,6.125404182,3.343876094,5.541533174,5.574657677,5.844799609,5.043192258,2.594303188,5.763802191,5.413208861,4.222001502,7.062168808,6.004951838,5.175146701,7.049880369
GAD1,5.202870123,3.945094711,8.552461782,7.870304313,5.15869307,5.618217101,5.7358521,0,7.756556641,9.059510801,8.901423775,4.69269781,4.647346224,1.78751909,5.377979084
HOXA1,2.77611423,1.259298084,0,0.584598503,3.493568614,2.758068577,2.786441153,2.594303188,0.44185729,2.097946171,0,3.814956636,0.076302898,1.119551923,3.206717123
CDH7,3.393186765,1.129154206,3.689219033,0,0.10136765,0,0.368848086,0,3.141435525,0.641703134,1.69948109,0.68676193,0.217774517,0,0.100593785
LGI3,3.747532772,6.47514637,8.834321576,1.352972195,3.228179339,7.059154014,3.011592816,3.560445827,1.172635802,7.015235826,6.837380935,4.2849006,5.495118157,3.419837028,4.80032317
RACGAP1,8.017551144,5.985484665,5.530836502,6.246849623,5.794927492,5.702118415,6.17448781,8.093309456,5.655146814,6.416596648,9.16702102,7.369283493,4.560354632,4.794989953,6.125580537
OPALIN,0,1.290078974,8.486493172,0,0.848549546,4.474825943,1.208483649,0,0.309061226,3.922606594,3.856691658,2.958670779,1.453126763,0.278859517,1.007916987
ATG2B,4.918874833,2.927443053,6.142440391,3.674558294,5.000384342,3.606068673,5.394936387,5.15189764,3.11183939,5.206756404,4.386083246,4.131650371,3.086641175,2.439526035,4.569711179
ACVR1C,0,0.270813296,3.697725011,0.077945045,0.447790586,0.436111778,0.594369296,1.955838395,0.162790913,1.765843659,1.835504282,0.62473343,0.217774517,0.214033467,0.366094105
COTL1,8.799617388,10.19703303,7.9761361,9.968535173,9.797635382,10.19950434,9.674819547,8.745885017,10.4182231,9.203148424,7.464772259,8.200896885,9.250372572,10.31643419,10.20833437
ENTPD3,0.791819137,1.591323147,5.795413267,0,0.10136765,0.234472535,2.28095873,1.659723569,1.133896458,1.956381487,0.973325103,1.05925267,1.06091559,2.351849282,1.959246011
TTK,4.031781373,3.406221195,1.814409381,4.447418279,3.780125739,3.131748684,3.953566795,4.35304363,2.89730518,4.797434846,5.257385569,4.798326982,1.06091559,1.491853626,2.580823861
ZNF616,4.155335548,3.058371217,3.601281588,4.062667749,3.627050536,3.188704783,5.144695825,3.560445827,2.530576566,5.005823973,4.145534714,3.793972849,2.920644588,2.812272406,3.6910228
PDZD4,9.490035497,8.583346914,11.12626522,7.426576117,7.782477971,8.642418719,7.605321797,8.217131553,9.692995274,8.262906925,9.277149768,9.103922174,11.01385533,7.873727634,9.205235474
BCL2L2,9.010679932,4.456708194,9.194687501,6.436325653,7.012460765,6.241259988,7.380384854,8.728851509,4.911031439,7.901785414,8.711145414,6.49853447,5.423895704,4.854685873,6.494817562
TRABD2A,4.608820744,2.561713399,4.47282134,2.321054347,3.171030069,2.497539607,3.294616545,3.645892097,2.954002881,1.546256126,2.76131997,2.240540416,1.424220954,3.307804248,2.227417143
CD200,5.822104555,3.714922101,8.497192056,5.282281422,6.346249973,4.541940238,5.961696206,5.061490953,4.772881468,6.711377585,5.076997572,5.29049941,4.735285003,3.194757587,6.734786014
VASP,10.0937679,7.286547966,5.960020456,7.924713893,8.38187757,7.900204811,9.093306481,11.04314356,8.335830879,7.795631128,9.177460167,7.394478805,5.744943076,7.293472466,6.938776567
BSCL2,7.414908526,10.76379154,10.77116033,9.106562714,9.325749087,10.19697602,10.1354171,7.214998236,11.34433291,8.802500564,7.902502742,9.818422671,10.69832111,11.97920598,10.73999078
AMBRA1,8.1608288,4.841437877,6.704314237,6.236264978,6.268013545,6.006662633,6.73315779,7.803709182,7.454487911,6.934478676,7.725569611,6.511446869,4.963376661,5.583913168,6.62612763
TRIM46,6.790360381,4.899981185,6.318219479,4.168893437,5.322484238,5.551020581,5.934466084,5.44199275,7.177507658,5.741356986,5.417704765,5.784630884,5.029644441,4.640139375,6.050546663
KCNIP4,2.613246987,4.713867912,7.813464524,1.557274237,5.098664418,1.640490586,2.214596437,2.7567727,4.930941066,6.608650975,1.835504282,3.190439198,1.66562482,1.407393255,3.386827824
IGFBP2,13.57724976,13.20231622,6.427092664,12.85658655,12.81582179,12.66663806,13.61526947,12.12833194,13.17702554,11.27909596,10.26247226,10.97859961,6.435338404,12.53975969,12.1972059
SNRPN,7.305788686,5.482970418,9.490612457,5.954413809,6.899133168,7.148001295,6.982010717,7.354794509,6.026904438,6.537107512,7.250275676,6.763411981,9.732453654,6.864437343,7.266324437
DYNC1I1,6.253977472,3.242754726,8.558603894,1.999180877,4.413350424,3.895576015,3.336825051,4.543214445,2.712475742,6.296889448,6.2322532,4.180975803,3.077387871,3.276398873,4.347207322
PROCR,7.209282492,4.727987962,3.967654841,6.038452708,6.454387332,6.043155529,6.252357817,5.818357244,5.673833881,5.194197396,3.949572998,5.095627455,3.979391548,7.017709892,5.436888046
TMEM63C,6.168558596,3.363444422,7.010302048,1.444093912,3.304565948,2.92380656,3.336825051,6.312229619,3.081623368,3.761690613,5.522207187,3.729125646,3.954336464,3.550294856,3.707066494
DYNLL2,9.676916681,8.121902249,8.912677935,7.861377595,7.976747503,7.689840782,8.070764974,9.827715783,7.242110396,9.014457231,9.944321611,8.945446677,8.560732721,7.318742981,8.454834311
SLC48A1,6.38598207,6.957371406,8.178086679,5.944044116,6.950131206,7.852531944,6.38147576,6.955300112,6.546196752,8.327943979,7.674326943,7.266398492,7.918777975,6.528541107,7.519529974
IQSEC1,7.272058439,5.785326091,8.991760344,6.167734301,6.26118413,5.996064269,6.399012831,7.672415588,5.760627047,6.988209776,6.829255666,5.724906821,5.062843368,5.891739845,6.84220088
THPO,1.675259624,1.320216828,3.601281588,2.368353013,3.861849583,3.693941665,1.856743655,3.560445827,1.481174692,3.54141917,2.074231976,4.244224547,3.561721854,2.258497405,2.434320015
MACC1,3.581211572,0.498736499,0,0.41476451,1.114126763,0.612993681,0.961100566,2.7567727,0.376986657,1.731489053,0.401761701,0.559917738,0,1.188662025,0.194628402
KIFAP3,8.311221003,7.0143612,8.33456201,6.833212773,7.808006886,6.926605773,7.37152901,7.249532432,7.290797182,7.62541357,7.30109962,7.966261385,7.058008622,7.40113131,8.287869826
ITPR1,7.258342387,2.237802289,8.14503565,3.680816914,5.622337353,2.912579255,6.789333643,6.971941417,2.850285994,5.206756404,6.027331767,3.991223601,1.333857146,2.366837115,3.45491615
ABCB4,4.374616234,5.214721674,2.537415329,3.132887956,3.89751962,4.131751453,2.659151638,4.825501948,4.89374459,4.35937511,4.977573752,3.323300596,4.093946807,1.809626875,3.172460133
CD248,4.986991323,6.999887068,2.947182939,7.949225026,6.986195467,7.627689466,6.421251715,8.554755946,8.32941621,7.032094117,4.386083246,6.553672154,2.432781259,7.392917975,6.000978242
SNX7,6.373312044,6.205293586,5.334824552,6.23200928,6.711474168,5.476734102,6.81662204,6.086324226,5.725231319,6.166343452,4.318034062,6.666685506,7.090568453,6.560670818,6.538061337
FIBIN,8.758797321,6.814486589,5.452584046,7.056606876,7.528073492,6.530052642,7.816281518,7.978589145,6.435072744,8.093193145,9.883332229,7.395640039,6.043476977,5.877420285,7.748974445
RAP1GAP,6.197597136,6.934417035,9.424409323,7.016343238,8.156056891,6.895578869,5.479792387,6.42530295,6.245943381,7.072111228,6.123494795,6.651211631,6.261380029,6.351492221,7.79801565
YIF1A,9.728814708,10.48668532,7.578058846,9.714871022,9.782571635,10.32111444,9.336333589,9.772977391,10.56018065,9.111989842,8.981509593,9.79759942,10.94822982,10.76047924,10.29198561
CSMD3,4.564923097,1.709892961,5.039312916,0.151893904,2.364300155,0.160469782,1.208483649,0.782285482,2.60327669,4.173540786,4.789362747,0.559917738,2.648082821,0.074928529,2.011859248
ASB16-AS1,3.289107468,4.233394999,3.332996813,4.308818087,4.901958596,4.703746728,4.089385884,4.35304363,4.737788793,4.381699984,4.064787019,5.507974221,4.387692118,4.059424767,5.147567198
RAB3GAP1,7.223470664,4.914870538,7.470483864,5.950533904,6.661518533,5.702118415,6.626601936,6.627899259,4.958915064,6.426026095,6.470305937,6.331411877,5.162470953,5.435425947,6.349070858
FRS3,5.84063237,5.277511055,6.697968573,5.389341616,5.366421957,6.262419161,5.182800177,5.180816608,6.934305623,5.749963742,4.947861361,5.752360985,5.468820049,4.959747089,5.920700764
PIGZ,5.415542235,5.906983918,6.645073582,5.572157075,6.438735002,5.966510807,5.315369593,4.997910656,4.595349905,5.721801973,4.171476587,7.188810717,6.030349672,5.463585278,6.876299238
LAMP5,4.692801364,5.770395042,8.104428208,5.06502954,6.166406917,5.503171682,3.669671422,2.7567727,2.764124437,7.526190925,3.320681755,5.748730476,7.870040449,6.266132811,7.247250331
PITX1,0,6.540609263,0.543658953,6.620970645,4.284562379,6.780636114,6.632968039,7.770800549,1.053150085,2.722837336,5.339770952,2.017328019,0.283626714,1.348207919,6.422569881
RNF135,7.121092082,5.838354209,4.170716125,5.49078511,6.692308402,6.410436968,5.975120928,6.563477338,5.918539303,6.088742412,5.693124129,6.686746317,4.653586104,6.48025643,6.914800279
RIMBP2,3.66676764,1.195693164,7.229995754,0.687641783,2.258542534,2.420371274,3.183354385,1.659723569,1.172635802,2.070722755,5.316708391,1.917382183,1.481464774,0.457501815,2.961286119
GRIP2,5.643687594,0.784677521,5.075662252,4.732905637,1.940658678,1.160491499,1.735769516,4.997910656,0.376986657,2.740220208,2.371436809,0.803349477,1.828915678,0.616441018,1.524856809
PRMT8,0.791819137,1.320216828,6.207917257,1.038967573,1.338332738,3.207201195,0.84890533,0.782285482,0.728554886,0.641703134,2.952990191,2.742054059,2.475674167,1.407393255,3.501655497
KLC1,9.427062868,9.180915374,12.04455904,9.899691842,9.741942385,10.05197713,10.04481984,10.00897502,9.118082031,10.07698561,9.262892394,9.804828923,10.42943106,8.855121209,9.681234247
RPS6KA2,8.70419661,4.796586781,7.903080812,6.01139401,5.688992341,5.430253964,6.811018357,9.15765966,5.057943966,7.117713916,7.974263902,5.629425619,4.970891865,4.658527329,4.74311847
FAM163B,5.313121467,2.28440923,9.904076929,0.99945397,2.322922694,0,1.379769288,0,0,0,6.110143465,3.714310574,3.959382412,0,5.697977979
IFT52,6.82798965,6.892406507,6.013806154,7.618929414,7.315767085,7.346692332,7.781365216,5.924760756,7.631776948,7.181934744,5.561976897,7.65811696,7.046199699,7.700797494,8.067134744
DNALI1,5.929861958,8.471560062,6.277660634,7.636745621,8.242160431,8.108265312,7.92403791,6.886746227,7.686759757,7.791468248,5.117596055,7.648894591,7.440574903,8.425548428,9.391272064
SPATA12,1.675259624,0.389271261,0,1.038967573,0.789019453,0.866755392,1.496083183,2.411187474,0.376986657,1.189279515,2.6913204,0.68676193,0.983772248,1.436099633,1.818651649
ANK1,5.997473586,2.946890398,5.342981384,3.953174537,3.074604194,4.541940238,4.974670778,4.629657238,3.029812979,3.470284093,4.064787019,2.177126343,4.353603237,3.338540513,3.483141066
ASB1,6.9004259,8.219076729,6.583295805,6.878159885,7.07142804,7.686548835,6.402743199,7.924044626,6.649370151,6.825710579,6.580905988,6.625707134,8.468845888,6.607167917,7.653371826
TBC1D9,5.339416354,3.786830725,7.081093328,3.563784687,5.190674277,4.026324889,5.065328135,5.368481417,4.077835572,5.964829232,7.965023101,4.23387378,3.40040746,3.877781098,5.470172558
SSX2IP,5.144414981,3.440924458,7.567655208,5.116726579,5.509298699,4.041865772,6.357329259,4.497969831,3.977477185,5.343834652,3.919272139,4.528788842,2.475674167,3.829910003,5.5255038
CMTM4,5.947064235,5.90822455,7.973949277,5.665054605,5.479010313,5.414421749,5.174095768,6.101528367,5.482813865,6.555635588,5.719740566,6.472357708,7.002868867,5.263891332,7.242442139
CNPY4,8.773336649,6.950162036,5.482428311,7.204029567,7.92712959,7.384260626,8.102076782,8.944447887,7.284178654,8.061564104,7.81056931,8.600930519,6.605121361,7.66676002,7.863451112
GNAO1,6.168558596,5.47294437,9.866375853,5.866548399,6.193922463,5.951503907,5.922389361,6.44927069,4.570180336,8.303669007,5.702050947,5.872327082,6.932767018,5.30726859,6.900046428
ZFYVE28,8.175499127,5.277511055,6.662559551,5.217029372,7.105380126,5.697219612,6.489495049,8.119685618,5.677205677,6.143661551,6.38418598,5.888914501,3.892367008,5.4372021,6.773392789
CEP170B,7.059153533,4.500138814,8.225550368,5.076942593,6.561667035,5.751788589,7.069095542,7.106140163,6.435072744,5.466402172,5.829720441,4.826154781,4.975880339,4.744241049,6.09542427
ZNF69,4.953335054,3.615131834,2.874015726,3.998976023,4.383473519,4.131751453,4.196419885,5.030051028,3.18945191,3.876187864,4.902112917,3.862763537,3.994218362,3.462322574,3.501655497
PLK2,9.487098316,4.733597513,8.576298385,5.370105746,7.006755951,5.072455596,7.675872206,9.778900332,5.776433347,6.350222112,9.247730841,5.689364313,4.583416533,4.402636697,5.89466952
C1QL3,1.300130847,0,8.102027124,0.077945045,0.368667644,0.234472535,1.458344316,0,0.922867482,0.310424829,3.687222679,0.803349477,0.464866145,0,1.155522235
CACNA2D1,5.997473586,3.012963036,7.105271654,1.529800635,2.572821238,3.47482376,4.88861295,6.2453576,3.198866351,5.825197741,5.991372935,1.3550371,3.639231181,1.464245945,4.014808891
HHATL,5.365240551,5.306028567,8.530607315,3.800604642,6.193922463,9.202028195,5.096373022,5.465687069,3.759402678,8.506486072,6.521631972,6.89158202,8.539199284,6.448906621,7.262258304
TEF,7.600296554,4.519751094,8.568782992,4.854160044,4.189921178,5.846275513,5.144695825,5.762060184,4.737788793,6.608650975,6.048484574,5.499358032,7.052706565,3.791546735,5.117871755
CTNNAL1,4.031781373,6.957970564,5.348393763,6.950525076,7.154855534,6.481491313,6.449178133,3.560445827,6.483061134,6.870798587,3.979250518,6.713067387,5.663804903,6.732517434,7.274422482
NDST3,1.972701591,0,4.600782652,0,0.10136765,0.612993681,1.419591675,1.286707618,1.68249994,0.713866604,3.122156516,1.42949193,2.179615869,0.074928529,2.087347542
BEGAIN,6.960955039,4.807266111,8.110811631,6.612810646,4.393501392,7.47148441,4.523233445,7.994965477,4.290909009,5.020126034,6.219875537,3.399368528,6.044664466,2.561794019,5.96640515
GNAI1,5.664636811,5.078094607,8.078201142,3.649248718,5.637183557,5.472917443,6.751802204,4.75032338,5.07338107,7.731890356,6.454545172,5.327477045,4.526756115,2.812272406,5.516428042
TTC33,6.211900125,2.761637959,6.521152106,4.067452595,4.754140225,3.404434214,5.168263514,5.29102232,3.272048754,5.234620705,4.533394633,4.960911427,2.034154812,2.801281112,4.336933414
IFI16,6.943918574,8.767219068,6.783365544,7.91711294,9.987420107,8.011275611,8.637145985,7.510985828,8.014218992,9.505613395,6.262740579,8.842760784,7.046199699,8.397085559,8.992221425
DOCK9,6.741900153,3.578196289,8.458611805,6.447380745,5.570243995,5.396400327,4.032735825,7.766037433,5.389286063,7.469344229,6.194796998,5.589390565,3.44425911,4.490792687,4.969480385
USP12,5.173938592,3.930515607,7.039873257,5.116726579,5.93539617,4.904105927,6.749850942,5.180816608,4.551929372,6.867836165,4.47209333,5.503672559,4.40997862,4.627749232,5.034499965
ADRB1,1.675259624,1.686945791,5.348393763,3.288526097,0.662041154,2.122027916,1.568722506,2.7567727,1.053150085,4.685239333,4.429729158,1.864686845,1.536523669,2.710199381,3.625002024
HTR7,3.581211572,1.094697358,2.732167575,0.473625437,1.296192689,0.719911152,1.208483649,0,1.541619007,1.506174465,0,0.62473343,0.520550028,1.188662025,0.784208081
CLSTN1,7.821626499,9.471730874,10.68160267,9.685020457,9.625256034,9.52936419,9.691435148,9.284646165,10.32852995,9.609615785,7.660654471,9.555188272,10.02161838,9.139265313,10.12896061
SATB1,8.239729807,4.189170581,8.010255084,4.536388916,5.443253259,4.155756962,5.61456838,7.849456343,5.153033507,7.204027353,8.379544097,5.992319364,4.557029774,3.496795796,5.313945268
FAM81A,5.286338412,1.754720523,7.004314368,2.794924353,1.967758367,3.321971784,2.958512688,0,3.071409072,5.10643814,1.381616095,4.441527662,3.104971614,3.651685625,5.762732292
IGSF10,0,0.445041847,2.49899755,0.63703992,2.971268909,1.000024272,1.065196689,1.955838395,1.835191911,1.08429547,0,1.316317353,0.574164306,0.512450247,1.058815287
SOX2,10.64606436,8.531155405,8.190570712,10.44242769,9.626585126,9.764432269,9.708740778,10.35422005,10.33341336,11.31066393,10.81216805,11.35419009,8.946612285,8.335087351,10.45471978
UNC13C,2.613246987,0.331257742,6.489659163,0,2.020476823,0.082464857,1.114557245,0,1.35211345,0,3.949572998,1.193503044,0.67576203,0,0.955157119
FAM72B,4.733026863,4.607906706,3.438265191,4.646009964,4.246341344,4.560042071,4.947686741,5.31730683,4.950579671,4.597354669,5.501903518,4.063144891,3.385488957,4.792216918,3.799753233
PI4KA,8.267383885,7.947337086,9.514882669,7.458800882,8.214497855,8.157543925,7.617679093,8.275272735,8.092383868,8.058968936,8.165500327,7.166534609,8.2763086,7.230851286,8.228668415
CRHR1,4.608820744,3.731837361,5.84220052,0.783813362,2.87434986,3.962431137,2.608365476,3.645892097,2.560097671,3.373347471,4.119117811,2.555161652,3.45143986,1.873987451,1.372240513
ST6GALNAC6,9.076643879,7.584971447,9.734110437,7.479143064,8.160834958,7.544671855,7.935671809,8.427815688,7.932986382,7.971519521,7.448950592,8.012409877,8.234513786,6.780878263,7.750426654
ELN,10.85983792,8.986130826,5.310073646,9.051779691,8.992762547,8.825287848,7.303318532,10.96840169,6.239115354,7.22269828,9.127808591,9.313194025,6.95504196,8.013918693,9.719304774
TRAPPC10,7.963630562,4.394329886,6.744894367,4.539836105,5.770126446,5.094978635,6.238508688,8.074169663,4.392865659,6.318748965,7.129747012,5.670299987,4.033027358,4.5673977,5.370443413
IGIP,4.651422041,4.241292157,7.271185171,5.856907567,6.126380471,5.740721278,5.892632292,4.402987571,4.025886494,5.964829232,3.575080631,6.238687716,6.336992978,5.080583225,6.391882163
CGREF1,7.689878905,6.275232417,8.28037787,6.592206414,2.739333447,5.39438398,4.119922768,5.556754613,6.954593649,6.1005679,6.333384412,5.457713365,6.95567336,4.627749232,6.162410499
HS3ST2,1.300130847,1.840401665,6.95016689,0.151893904,4.03198471,1.667457922,2.237058091,1.955838395,1.905876371,4.83836555,1.835504282,3.020195896,4.478363568,2.650207713,5.996089666
DTX3L,6.82798965,5.138542073,3.714587978,4.983835345,5.525348218,5.690661892,6.606255262,6.627899259,4.688516491,6.438059807,5.984072352,6.025703851,4.028232943,5.078308608,5.778002127
ERC2,6.077762189,3.399179234,7.474201977,1.529800635,4.212754694,2.693937914,3.531119365,4.133943638,4.004571526,3.787002263,6.310218705,2.177126343,2.648082821,3.398115674,3.026667783
FKBP8,11.83857333,11.40896923,11.59730712,10.94764053,10.95193095,11.27353562,11.04776462,11.53678852,12.21575986,10.21149812,11.01718856,10.96565871,12.21952285,11.35112376,11.36601361
HPN-AS1,0,0.270813296,2.918359793,0,1.013683457,1.693930411,1.162284695,0,0,1.660223696,1.381616095,0.68676193,0,1.046963903,1.058815287
RHOF,7.57285424,3.85016986,6.091709164,3.24695026,5.101725917,4.795227003,4.683106121,7.646734051,6.343605073,6.159899215,7.536395637,5.58735935,4.589938499,4.354574285,6.251254709
DGKI,7.21639402,2.659253314,6.020602436,2.383780804,4.166720458,1.304883477,4.20213964,4.711212082,3.784631512,5.52273498,6.983654741,4.836453361,3.45143986,2.20945401,2.892800176
RNF6,4.847382177,3.602924753,6.982724621,5.195334745,6.086757658,4.69394354,6.815689603,6.65906262,4.4091793,6.846927121,4.630107942,5.566888341,4.156797392,5.00595552,5.40773422
KCNH6,0,0.141751753,1.814409381,0.222236434,0.522798811,0.082464857,0.285095627,0,0.162790913,0.485551871,0,0.420836661,0.723998028,0.340897504,0.843470507
RUSC1,7.769395252,6.632049124,8.028071021,6.870651213,7.55847395,7.291422105,8.10589573,7.692636659,8.900585087,8.070610604,7.30109962,8.250838353,5.84648276,7.078720676,8.049547107
DKC1,8.468406903,6.359276456,6.072215404,7.162704777,7.305182035,6.718329113,7.650995129,7.957853807,6.259503247,7.886254129,7.653769335,7.637651214,5.790956239,5.873490157,7.220953958
DBNDD2,6.943918574,8.586062623,10.59667158,8.885114675,9.028191679,11.09035557,8.954912614,7.186763059,9.275552565,10.84884123,8.704497621,8.418167213,8.949468036,9.224658697,9.266401785
HPN,0,2.794212781,4.452860524,0.63703992,2.957815624,4.670807011,3.075309263,2.201403741,3.797082391,3.803633301,3.575080631,2.62018662,3.392967492,3.160761979,4.071678052
HTR3A,1.300130847,0.389271261,1.336597132,0,0.848549546,0.160469782,0.84890533,0,0.162790913,0,0,0,0.148772113,0.665754212,0.366094105
GBP2,8.025670619,8.252184678,3.706181132,6.471046732,9.39772932,8.709639107,8.084378229,5.799834582,7.614733139,7.683851225,6.406202698,7.450307876,6.509456146,8.931297798,8.74148509
TOP2A,7.605722928,9.461414866,0.384171225,8.761384569,7.097733605,9.053255641,6.676761135,6.679470393,8.518449079,7.5072783,7.863249406,8.334658727,6.105104611,6.540983512,7.704714226
ANXA1,8.260519902,8.62393296,5.982820355,9.254856043,10.98577751,10.10864982,11.2127247,7.40467891,8.342482635,9.792706838,6.804601626,9.719998048,5.302078871,11.31740616,11.78989677
RALGPS1,5.858925256,5.102144759,7.262610902,4.921775894,5.386644451,5.737543533,4.563782701,5.122387111,5.25131852,6.293949659,6.86148573,6.778624174,5.659160591,3.913946121,5.500406772
LRRC56,3.896646329,2.994391883,4.596240301,3.800604642,3.426782104,3.706997851,3.45651139,4.497969831,4.555598082,2.433315986,2.074231976,3.676593308,4.998117449,3.746416284,4.184843022
SSTR3,2.613246987,0.498736499,4.755454498,0.151893904,0.196078129,0.082464857,0.285095627,0,0.237779012,0.848191415,2.540226333,0.183304167,1.134142481,0.146156915,1.411934633
KCTD4,0,1.615829523,6.017208297,1.18701437,0.662041154,1.497531011,0.727243551,1.286707618,0.162790913,3.021863449,2.074231976,2.487066985,2.489693018,0.565382398,2.775975223
CCSAP,9.560189546,4.074500009,8.079828957,5.265722654,5.389152448,4.384258592,5.697896371,8.210134774,4.705128272,7.007181037,8.981509593,5.556542869,3.860354637,3.969006303,4.441324886
SLC8A2,5.052036191,1.901480167,8.495363587,0.584598503,2.144414656,1.122016764,2.424873872,5.236971518,1.599632404,2.176663575,5.182820144,2.320976602,3.594524929,0.970529284,3.137369881
HAPLN2,5.202870123,6.448958937,9.932508453,5.171087704,6.236327037,10.74012686,4.190677363,7.631102788,7.928749123,9.8671597,9.720448335,6.892404883,8.72769393,6.221481315,8.191375103
TACC1,9.322193645,5.015003273,8.502056673,5.829001938,6.820482277,5.825474182,7.187715501,8.846325265,5.599366246,7.181139431,8.159031659,6.203314924,5.090703921,5.681549286,6.028371572
SKA1,4.213358628,4.561351263,0.384171225,4.375929779,3.336104243,4.538292456,3.9936943,3.268769603,3.040324976,4.160687967,4.870787599,3.849265306,2.053159952,2.522178312,3.501655497
ABR,9.782508596,7.463643769,9.938240304,7.322344675,8.65000615,8.334650318,8.657324855,9.891429217,9.042315418,8.66135944,9.294959999,8.2045457,8.76166958,7.923361078,9.498432739
SLC25A27,4.519647722,5.35233976,8.421862216,5.810569467,7.107666202,6.592944723,6.491831908,3.875506047,6.15213319,8.320740387,6.865464328,6.708402278,6.388407236,5.618764153,5.864588234
RABEP1,7.83092322,5.709075863,7.815908437,5.428920919,6.851731788,6.076234659,6.743981272,7.143346341,5.86484432,7.761454855,7.561137457,6.16296705,5.98405909,5.168746647,6.894802952
ARHGAP42,4.155335548,1.921278244,3.64592022,3.8624808,3.817847741,2.807396531,4.641614382,4.997910656,2.138926877,5.835343371,4.222001502,3.622075609,1.955527096,2.321398252,3.183969749
MAPK8IP1,8.350536828,9.214148226,10.23632534,9.050571911,9.340402908,9.912321462,7.40539178,8.637925368,9.654489455,9.520937836,9.567048129,9.829098755,9.603421723,8.809396585,10.49656998
CCDC92,6.046180883,6.821088201,8.751974424,7.317331854,7.747232461,7.699263502,7.797512844,6.35091383,8.159616545,6.853930527,5.939475594,7.434575943,7.533165153,7.161632905,7.89705666
ZYX,8.626245741,10.41447397,7.783810023,10.37557662,10.57439028,11.12955884,11.1170977,10.42240171,10.66281852,9.952828979,8.687742873,9.894117488,9.039032569,10.19046327,9.894481912
PPIA,13.05008275,13.28892061,13.12696252,13.81302292,13.51674353,13.75874328,13.51422451,12.45713819,13.15023503,12.68762949,12.1597698,13.92873817,12.72226376,13.32242065,13.21618419
GAL3ST4,7.867522358,6.553352794,4.834719435,5.923078411,7.501082164,7.386798349,7.087754051,7.303123275,6.928658351,7.568771484,6.250622829,8.262978659,6.514607371,7.276210768,6.931966762
SDCBP,6.926678523,8.599756992,8.76088059,9.101906045,10.18789659,8.437127277,10.01649284,7.615300307,8.466779865,10.27241377,7.001842624,10.08328224,7.283471365,8.959997427,9.247157272
BRIP1,4.883571311,2.237802289,1.10041383,2.623575778,2.572821238,2.745468477,2.831421007,4.629657238,0.922867482,5.326676402,5.090657735,3.352298104,0.902269731,0.930737728,3.183969749
QDPR,7.082693207,7.962345373,10.48937974,8.881553097,8.883160917,9.6822169,8.654459382,9.418149352,8.936377221,10.54582657,8.504713941,9.368649934,8.481177797,8.410031217,8.959320247
PLA2G4C,5.487851759,7.661638773,7.801675768,6.287403323,7.311145679,8.646660072,7.327070062,5.31730683,7.305034005,8.840018389,7.001842624,6.319224432,8.186908092,7.529058104,8.30411228
FAM171A2,7.105854954,6.393342521,7.6915363,6.147540942,6.154662564,6.690662362,5.883762116,6.563477338,9.283455679,6.915476773,7.76444034,7.107520795,6.834578127,5.064585077,7.216757731
LYPD5,3.96579551,3.447766051,5.945808523,3.515578732,5.244297742,2.527287125,2.642420777,3.268769603,3.121772382,3.195737438,3.687222679,2.087990724,2.19680905,3.044394842,3.82202349
MTMR7,4.155335548,2.804909633,6.501853326,1.937792207,3.074604194,2.719933256,2.237058091,3.035365724,2.454017632,4.513909196,5.006686542,3.124732427,2.824366382,2.258497405,2.961286119
NEUROD6,1.300130847,0,6.249009495,0,0.196078129,0.160469782,1.766977269,0,0,0,0,0.492052541,0.217774517,0,1.932201921
RAP1GAP2,5.622429688,3.440924458,8.508114467,4.182189703,4.131204445,4.61994286,5.004436498,4.896956245,3.778365544,3.599719299,4.648696253,3.113484353,2.802069762,2.674504547,5.065942914
FAM72D,3.490260136,2.846921138,2.244155017,3.263724643,2.641748929,3.031520838,3.206303868,3.645892097,2.215133229,4.025439525,5.117596055,3.902516622,1.784116149,2.158684571,2.49101652
ALYREF,8.631575565,9.735912117,7.071307387,9.236252306,9.027386911,9.179518529,8.918244113,8.988050382,9.995667196,9.606953302,8.458050666,9.958887313,9.087801092,8.919433799,9.676021985
DEPDC1,3.66676764,3.186602784,1.048155552,3.911204347,2.957815624,3.243497455,3.45651139,3.645892097,2.920252331,4.746734071,2.617750481,3.772679345,0.574164306,1.831400987,2.835569892
VWA7,3.66676764,1.349737964,5.117472169,0.473625437,2.236427818,0.719911152,3.50359153,4.133943638,2.469657889,1.333687703,3.224831257,1.837599373,2.635527947,0.340897504,2.355082941
TDRD5,0,0,2.49899755,0.151893904,0.522798811,0.719911152,0.285095627,0,0,0,1.381616095,0.420836661,0.625857325,1.59728633,2.037463407
SLC6A15,3.289107468,0.141751753,7.054020621,0,1.637336219,1.889852527,2.344402204,0,3.720712409,4.33097426,5.571750358,1.63225092,1.364611608,0.713437379,1.847888013
IL12RB2,3.747532772,0.270813296,4.082531341,0.222236434,0.522798811,0.160469782,0.285095627,1.286707618,0.162790913,0.848191415,1.959800392,0.094561382,0.076302898,0.457501815,1.488189448
TAF4B,5.202870123,0.695515793,3.796067185,1.636688829,2.84541924,1.304883477,3.075309263,3.726559379,1.247126869,3.118082241,5.29327116,1.80999357,0.464866145,1.254612304,1.904641176
TMEM72-AS1,1.972701591,0.389271261,2.289878834,0.222236434,0.726926847,0.612993681,0.594369296,0,0.779641157,0.565739117,1.381616095,1.3550371,1.364611608,0.616441018,0.366094105
HS6ST3,1.675259624,0.141751753,6.270551016,0,1.296192689,0.37197981,0.448004099,1.659723569,1.786068556,0.713866604,1.549285232,0.266903103,0,0.340897504,0
EIF4G3,9.598797273,5.102144759,7.746376186,6.5518019,7.291840564,6.017183706,7.273068448,8.518399245,5.385168447,8.021249227,7.506134234,7.245941301,4.471315908,5.861635122,6.653292959
GRM2,2.613246987,1.960077513,6.195958386,1.736201094,2.888600483,1.000024272,1.994957647,2.594303188,2.215133229,1.799399177,2.952990191,2.177126343,3.324222678,1.647247339,2.648849937
DMXL1,6.943918574,4.513243246,6.279078363,5.248971621,6.105180423,5.209500597,6.152500233,6.376138802,4.533444561,6.258196857,6.048484574,5.838568899,4.720500492,4.792216918,5.96640515
APOBEC3C,6.780797684,5.366850785,2.78101643,4.661915877,7.247608494,5.986726399,7.577537312,5.854704049,4.237094845,5.450649095,4.222001502,5.010264225,4.004018922,5.836283268,5.188139979
ASF1B,5.534120039,5.847437001,1.683492689,6.344696004,5.295999301,6.552830121,6.145095937,6.895495737,4.782305885,6.105606443,6.286674943,6.775951298,3.339784885,4.2124614,5.697977979
IRAK4,5.511171373,4.88745492,5.120638683,5.102810104,6.021976708,5.451743404,5.862248503,6.285851592,4.548251309,6.348806312,5.638371205,6.071471812,4.302896658,5.316947783,4.650747405
POLQ,4.918874833,1.732480846,0.754029861,1.916734782,1.296192689,2.270127643,2.608365476,3.560445827,1.599632404,3.428003116,4.648696253,3.242997549,0.520550028,0.565382398,2.375303925
ECSCR,4.772161144,7.422994209,3.536372093,9.143567906,6.795175105,8.123865475,3.855353228,7.911159084,8.615668481,6.51455508,7.194436146,7.950544579,4.775893329,7.714410499,7.617745945
LYAR,5.052036191,6.534195035,4.545307109,6.252112966,6.956063913,6.424337791,7.298654422,4.133943638,6.127695541,6.46705978,5.208105923,6.864160833,5.941343392,6.385006703,7.031681741
PPM1L,4.883571311,2.867476854,6.997440738,4.008959641,3.757009843,3.505038464,3.34718701,5.368481417,3.448161297,5.693079517,5.837843101,5.165368491,4.282909534,2.574761148,4.347207322
SMPX,0,0,4.447826867,0,0.726926847,0,0,0,0,0,0,0,0,0,0
CENPA,4.155335548,5.847437001,0,5.406437303,4.746336332,5.879811136,4.443384365,3.726559379,4.911031439,5.49228098,3.575080631,5.983078811,2.19680905,3.929172134,4.833587959
PTPRT,1.300130847,0.986095546,6.645073582,0.077945045,1.495566841,0.719911152,0.594369296,0.782285482,1.511713379,4.154218362,2.76131997,0.746233097,3.759821263,0.074928529,2.665366828
CHEK1,6.093297321,6.455762624,3.265939835,5.553519832,5.455271017,5.747055848,5.291423038,6.963644759,4.911031439,6.122275622,5.362470634,6.464632487,4.840221143,5.046081575,5.913804896
TUBB4A,7.754815947,9.080356222,11.17515003,6.219166343,7.182590163,8.614541756,6.535527825,6.039726099,7.87433865,9.441970255,10.14627555,7.022127669,7.783067613,5.249811409,8.086428343
RPIA,6.596853859,5.469586811,4.807469321,6.212701745,6.455584353,6.21978586,6.625538183,5.97515739,5.469262667,6.105606443,6.475521494,6.684847737,5.079160671,5.69645701,6.01554536
CCDC71,8.94155482,6.471793938,5.290525013,6.043318407,6.729399315,6.072456317,6.194711544,9.416630548,6.597816231,6.608650975,8.753625086,5.96441823,5.257710314,6.226625504,6.277009391
UPP2,1.300130847,0.740785346,3.592185696,0.41476451,1.338332738,0.66744264,0.196179818,0,0.376986657,1.287139424,0,2.415598368,1.955527096,0.713437379,0.843470507
PCLO,3.96579551,1.259298084,6.642872858,0.222236434,3.861849583,1.795214764,3.67790457,1.659723569,1.511713379,2.070722755,3.27355238,0.911215713,0.983772248,1.894818364,2.355082941
CLIC1,9.922800769,10.76434826,5.956480576,10.66463909,10.77954361,10.90144785,10.94576902,10.07111495,10.36053778,9.946290632,8.477677441,10.29349064,7.86433532,10.56988958,9.736749244
GRN,10.89350313,10.77194965,7.824672401,9.343205321,10.18447142,10.22014226,10.0886118,11.95423679,11.09977597,10.0054441,10.17220422,9.103922174,9.821917664,10.92785638,9.686680609
DPH5,6.410993119,7.821624374,5.904151639,7.766729365,7.696497079,7.425819533,6.993600483,5.600219657,6.649370151,6.602723688,4.685169445,7.641082396,7.817168719,7.426388916,7.302412947
BTN3A2,8.363407561,6.457458544,5.025864566,6.002676896,6.921829349,6.376109491,7.794203075,8.421771575,7.561903292,7.566946055,6.110143465,7.798618836,5.375641273,6.393265072,4.102329508
SHANK1,3.055292985,2.717028171,8.779281244,2.414150095,2.537081784,2.04185693,4.230403131,3.372686435,1.973258817,2.613897765,3.453481398,3.032192215,4.792952983,1.436099633,4.014808891
DCAF12,5.929861958,5.416519904,5.556784528,5.290490076,6.655280913,4.986725634,6.552418363,6.400930293,5.429828488,7.300192342,6.825175806,5.935966839,4.831991443,4.852025343,6.827599018
KCNN1,2.922446151,2.670994863,8.558312004,3.812054044,4.690494138,2.946002404,5.004436498,0.782285482,3.532489196,4.387227638,3.41055889,4.289905407,5.526055896,2.86600683,4.224394981
LHFPL5,0,0,3.93205028,0,0,0,0,0,0,0,0,0,0.520550028,0.146156915,1.107978918
PTER,4.155335548,1.290078974,6.8855555,1.22176837,2.213968827,1.667457922,2.121080318,4.247648942,2.233572051,2.993151069,3.122156516,2.13324682,2.034154812,2.06988472,3.445383787
NXT1,6.197597136,7.139538158,4.803534088,7.637952388,7.759884611,7.674136697,8.280274816,5.556754613,7.492784377,6.361498773,5.813336625,7.791137473,6.519740269,7.483372055,7.732413104
PRDM11,5.84063237,2.927443053,5.857465055,2.948065295,3.484214897,3.956976696,4.603223344,5.781071011,3.759402678,5.407780048,6.600134893,4.003462237,3.748205853,2.917811529,3.738628354
LEF1-AS1,3.747532772,4.065631998,1.10041383,3.550175131,3.583914372,2.45173564,4.089385884,4.543214445,3.809426734,1.69629637,2.828079749,1.943025224,2.034154812,4.113742941,3.982218603
RAB3A,5.912452088,4.500138814,10.36146761,4.141927535,4.352964782,4.207203823,5.479792387,5.872539729,4.834578337,5.638502658,6.116834575,5.702561013,6.108515476,4.195771014,6.723985493
GDA,1.300130847,1.881406617,8.147754338,0.077945045,5.252585334,1.667457922,1.603715153,0,0.376986657,1.799399177,1.381616095,2.240540416,5.029644441,4.583526066,4.497752075
KRTAP5-AS1,2.922446151,0,5.99149449,1.18701437,2.301780258,1.041845141,1.568722506,2.594303188,0,2.176663575,3.856691658,3.915527902,0.67576203,0.214033467,1.107978918
DCTN1,9.437751045,10.0393749,9.773872381,8.338761108,8.9080765,9.767161878,8.55544011,9.794187133,8.82584171,8.963564011,9.421958185,8.695898768,10.78191618,9.480546029,9.495837665
CLSTN2,3.747532772,2.329557512,7.226325911,3.105234023,2.443656511,1.270117579,1.941250328,1.955838395,3.50997516,2.824125166,5.257385569,2.697551366,3.385488957,3.160761979,3.537986453
ZNF540,4.155335548,2.599067908,6.168682878,2.884413041,3.911544305,2.978668734,3.710375206,1.286707618,2.545412626,4.962046893,2.279008263,2.635995027,3.759821263,2.823180595,3.641792614
KCNJ1,1.675259624,0.445041847,0.687257517,0,0.594099211,0.234472535,0.285095627,0,0.44185729,0.310424829,0,0.559917738,0.574164306,0.665754212,1.524856809
UCHL1,9.689747935,12.15210186,12.67348384,10.25747466,10.80394973,10.59963323,11.59713888,9.181107219,12.14260158,10.0443394,10.6168376,11.36490163,10.40836812,12.1973858,11.41700735
HDAC11,8.398221218,6.468433696,8.621704614,5.847201876,6.536999962,7.746266225,6.680863402,7.741983072,6.229960755,7.230407077,8.696702947,7.163129234,7.596073495,6.945294023,7.566453791
MAP6D1,6.68151385,5.973682173,7.862991847,6.04210352,6.088301906,7.439573628,5.705970456,6.258982277,6.266235684,7.774168258,7.28336549,6.31677454,6.336023368,5.997844438,6.668735688
LAMC1,8.207971892,5.520770803,4.662918085,7.823694546,7.477706228,6.96922303,8.156485893,9.803514515,6.497437949,7.798226841,6.600134893,7.299034901,2.503576957,6.364618302,6.708129882
TULP4,7.925084168,3.040379083,5.900471809,3.312908383,3.701587272,3.467170164,4.523233445,7.186763059,2.908824379,4.870294049,7.350193876,4.324461191,3.049266442,3.006615564,3.304862178
OPA1,8.22922132,4.894983723,8.153176394,5.925715847,6.252945927,5.702118415,6.92608302,6.116573946,4.908164643,7.813190571,6.38418598,6.751669927,4.948227782,5.155860726,5.925851121
CAMK1D,4.374616234,4.118040388,8.078201142,4.610387144,4.571874563,4.000045509,4.438546844,4.997910656,4.94779047,5.588993252,5.170009097,5.295484866,4.353603237,3.85670091,5.141676807
KLC2,8.385658692,7.447947721,9.065294911,6.84649662,7.380220134,7.204331654,7.798928996,8.812076471,8.602871395,7.621314995,8.454093065,7.816937568,7.723512855,6.546753447,7.94392739
ANKRD11,8.24669318,6.966928199,7.916351864,7.510227132,7.681740463,7.562739659,8.087471876,7.722446579,8.21111784,7.95904656,6.728006137,8.018076011,6.399588,7.073020026,8.126869637
CACNA1H,5.643687594,5.384786695,5.434885458,5.539812635,5.428698545,5.881251672,5.22835701,6.484491858,6.243670961,3.74456605,4.648696253,4.481449563,4.845681644,4.989103062,5.500406772
NUDT1,7.705125896,10.14890943,6.318219479,9.524212505,9.077813539,9.892725229,8.541689979,7.677497488,9.986693047,8.208524136,7.979780105,10.46404918,9.804235341,9.472449021,9.437532167
CACNA1B,0.791819137,0.270813296,7.084340613,0.077945045,0.10136765,0.304863828,0.196179818,0.782285482,0.44185729,0.565739117,3.366320106,1.05925267,2.813261145,0.512450247,1.959246011
NEURL4,8.069528847,6.642523152,7.743811495,6.484525648,7.761821285,8.117462295,7.885010952,9.274620321,8.739372374,8.258012595,8.163885877,7.121625138,7.692408682,6.872992488,8.204855522
CDC6,4.155335548,4.280142252,2.918359793,4.340789269,4.160861508,4.505040601,3.933076587,5.122387111,3.254098227,5.146102702,5.460418306,5.095627455,2.38857392,2.721904064,4.671337235
DZIP1L,7.35172416,3.737431993,4.009251922,4.033620546,4.589429116,4.588540717,5.179904539,7.516668216,4.421294602,5.113125094,6.506424977,5.552383818,3.17604951,4.277356562,5.505002461
GABRG2,2.429625731,1.290078974,8.28849559,0,0.196078129,0,0.196179818,0,0.162790913,0.641703134,2.891886412,2.04126888,2.802069762,0.565382398,4.046679202
SLC25A42,5.578950455,5.563917214,6.550798948,5.018840968,5.937111136,5.281090915,5.836736974,5.941755994,5.71214175,5.885028122,5.737215908,6.189990619,5.542961116,5.00595552,6.271625429
KIAA1109,6.855581196,4.33283258,7.920899929,5.522493442,6.681094936,5.416410303,6.659195183,6.217716052,5.334817983,7.385520843,8.051382434,6.851522252,4.878017619,4.783865687,6.195483224
ADAM22,5.76504918,3.615131834,7.607134814,4.536388916,5.016695806,3.599082223,3.66139102,4.825501948,3.821666348,6.325962483,5.542229076,6.010624783,4.453544645,2.650207713,4.952757084
RPS15A,10.56898937,13.5113828,11.16027311,13.7457545,13.12339743,12.81060836,12.52791503,9.647812192,12.94705363,12.63060454,9.73029943,13.27120074,13.40664545,13.2910514,12.95129587
GPR83,0,0.141751753,5.14261179,0.151893904,0.368667644,0.556408883,0.662335622,0,0.828980142,0.641703134,0.715665279,0.858290467,1.61536202,0.512450247,0.784208081
CAMK1G,0,1.227846119,7.534206512,1.711959102,0.726926847,0.912559914,1.941250328,5.48899852,2.079008433,3.74456605,3.650802018,1.864686845,1.640712301,0.930737728,3.229111394
LOXL3,10.20698816,6.320664308,4.521547557,5.889697078,7.007572307,6.722353371,7.293305481,9.325686389,5.42381928,6.499321856,8.087597681,6.94490867,5.201324362,6.639155288,6.934524207
ENTPD4,7.764551836,5.36323669,7.161698094,5.34864578,6.572741418,5.472917443,6.492998919,7.631102788,5.425825132,6.821633716,6.976314897,6.432179878,3.91851185,5.593501781,5.804341509
SPNS2,7.674469054,5.936468526,7.782311176,5.558626641,6.501510002,6.875481294,4.679010235,7.386173801,5.744645652,6.681320263,7.583048014,5.546122674,6.492151336,5.728721647,7.106922054
GSC,3.824015197,3.949921855,0,5.060236637,5.649788398,5.654051724,5.087129499,1.955838395,3.141435525,5.28286617,2.617750481,4.36770749,0.217774517,4.886235319,5.570045437
KCNIP2,6.062057951,4.841437877,8.595486451,4.003976468,3.366967813,4.789100893,2.642420777,3.802954053,4.282078227,6.299823258,4.932772496,6.050982012,6.82769638,2.548709282,5.316561939
LINC00641,4.155335548,3.633250948,7.53776417,5.062635079,5.386644451,4.416409167,5.062186586,4.191916204,4.264252829,6.137114966,4.294618533,5.639263169,5.118036623,3.877781098,5.596124935
CENPF,5.286338412,4.493541689,2.796938615,6.84649662,5.828578398,6.135379914,5.774755243,5.642413409,5.449680308,5.938716263,6.845460699,7.065091075,1.76118367,3.633209701,6.047399585
RPS14,10.90124659,13.28553833,11.65478497,13.50446441,13.2134492,13.39240543,12.21102522,9.984580366,13.03111662,12.3191046,10.006895,13.03799404,13.72866531,13.25748562,12.72799298
DMTN,7.858459249,5.260125989,11.06270788,5.865175075,6.173698882,5.434185019,6.030822101,6.796202526,4.627078654,5.385858177,7.241117888,5.571005846,5.715421328,6.237878564,7.651300363
NXPH2,2.219177937,0,4.627740459,0,1.114126763,0,0,0,0.563453521,1.546256126,2.891886412,0.420836661,0,0.278859517,0.657838811
TMEM170B,4.847382177,3.571947373,6.884624495,4.304771409,4.40841371,3.497543905,4.624677695,4.402987571,3.101837535,5.97404192,5.719740566,4.93558713,3.816535628,2.088087338,3.555814501
NAA30,4.986991323,3.488147963,6.353637853,5.031139947,5.502365298,4.304900669,6.115092792,4.587083175,4.004571526,5.767024732,4.196960214,4.269781157,3.670336765,3.427005407,4.213204633
CLASP2,8.744109974,5.689005686,9.668417578,6.140746521,6.990331072,6.087510671,6.637196554,7.128578812,4.916747995,8.766369095,8.428772954,7.637651214,6.386535322,4.694614733,7.010829099
FXR2,9.198364924,7.131062199,7.931306385,6.597178333,7.548411474,7.687784195,7.581382699,9.524913921,7.505643372,8.355346782,9.462579268,7.224536536,7.698079791,7.379586233,8.373609042
LPCAT4,6.960955039,6.188032274,8.26865034,6.562009609,7.176795437,7.090627675,7.782797299,6.42530295,7.741335424,7.763050171,6.333384412,7.561576674,6.668116991,6.723084505,8.257211365
DACT3,7.278867873,5.954595023,8.711333242,6.747110746,6.095998447,7.201451446,6.551298459,8.237920566,9.125043184,6.968063865,7.740810698,6.484414377,6.451544464,5.313083895,7.257499954
RNF220,9.366019931,7.751817153,9.620990643,8.29837364,8.385336338,8.561841751,8.551804869,9.205939403,8.430527129,8.805342043,8.943434546,8.663004606,8.014911565,7.882879833,8.714457635
KCNJ3,1.300130847,1.129154206,6.745920021,0.077945045,1.296192689,0.234472535,0.961100566,0,0.309061226,2.014684594,4.092208157,0.803349477,1.509256863,0.616441018,2.472364162
ARHGEF28,6.211900125,2.659253314,4.354081986,3.661959007,3.446181521,3.758072165,3.240057781,5.343121017,4.290909009,3.937753439,5.916649362,3.835639588,0.815885726,3.108217671,2.334574504
C12orf76,6.38598207,7.168817903,8.986996905,7.581369078,7.915867743,7.462851234,7.879667187,6.299100891,7.221473446,7.683851225,6.670043402,8.582693201,7.315306922,7.091747312,8.697241939
SLC2A4,0.791819137,0.445041847,3.070202708,1.529800635,0.662041154,0.66744264,1.941250328,2.201403741,0.620612558,1.895622605,0.973325103,0.803349477,2.584186495,1.436099633,1.450565796
SYT3,4.564923097,5.355981223,6.973121808,5.302716143,5.287958072,5.359667746,5.757378527,4.671010865,3.667456461,4.025439525,3.320681755,4.773529408,6.247008514,4.420704108,6.158040227
RPP25,5.803335697,4.325422187,5.656147187,4.845828988,4.536111356,4.918208646,4.327798699,4.75032338,5.471206363,6.731073443,4.553262921,3.371310958,2.824366382,3.969006303,3.346427025
CORO6,4.847382177,4.415423754,7.56242512,2.736037219,4.321796911,3.994731698,3.702325804,3.645892097,3.999193212,3.727235777,4.171476587,3.90903693,6.242875934,3.633209701,5.54348581
RAB40B,6.267734888,4.761322689,8.695228651,5.188762227,6.312294594,7.030228432,6.118121341,5.62147078,5.650008049,7.856674479,7.023369675,6.495288232,6.289700571,5.703853501,6.168217011
MAL,2.77611423,4.25695796,9.000381053,3.91651788,4.953706016,8.838696238,5.32588624,2.902783536,2.016493197,8.064585911,4.667048107,4.603051432,6.767117741,6.11787305,4.650747405
KBTBD6,5.083490966,3.399179234,6.396068828,4.840248103,4.413350424,4.486230724,4.56821862,6.023852816,3.479399264,6.325962483,5.702050947,4.615065212,4.91484911,3.687942437,4.257454474
FNBP1,7.364584352,5.277511055,7.235117901,5.597189611,6.579345472,6.091249841,6.592166655,7.242691408,4.942195839,7.300192342,6.705987502,6.924940388,6.08907974,5.249811409,5.83020862
FABP3,4.26913805,6.576167383,9.109794165,5.56540772,8.088219148,6.475781429,7.788511458,0,6.204481898,7.031211733,3.824353104,6.080164848,6.25523833,7.871758872,8.522126007
SLC6A5,0.791819137,0,0.617244132,0,0.662041154,0,0.101421946,0,0,0.400644028,0,0.094561382,0,0,0.282907114
NEK10,4.918874833,0.868648125,5.359157984,1.937792207,3.087015815,2.102398956,3.075309263,5.854704049,2.26975742,1.895622605,3.919272139,1.63225092,1.453126763,2.192728593,2.334574504
PEBP1,9.283780409,10.42084436,11.7847881,9.878151764,10.55867121,10.73784263,10.55451877,9.344978574,10.32093795,10.45884391,10.09678949,11.21727166,11.41339239,10.29920253,11.41154856
PDYN,1.675259624,2.052742289,5.631940697,0,0.662041154,0.304863828,0,0,0,0.910937516,4.222001502,3.743790126,3.676478205,1.154520761,5.385475599
ZNF774,4.608820744,1.639926564,4.417250437,1.851653101,3.272322766,2.062321199,3.749962027,3.802954053,1.385477202,4.302003066,3.757416586,3.622075609,2.108717845,1.671593662,3.089214424
NAP1L2,2.77611423,2.804909633,8.700264139,3.735955275,5.113907361,2.270127643,4.448205719,3.156782629,3.988376058,4.587784397,6.692613189,3.736476518,2.584186495,3.405392523,4.201926806
IL1RAPL1,4.733026863,0.270813296,4.315914671,0,0.789019453,0.160469782,1.014087292,0,0.309061226,2.856366869,5.305037368,0.183304167,0.283626714,0.214033467,0.444744842
TGFB1I1,7.202135735,7.199036575,3.764025564,7.986649763,8.00113582,7.991403461,8.616145418,8.350380889,8.149941587,7.666339807,6.837380935,7.817370905,5.182028449,7.328345752,7.301092311
HECTD4,8.077361778,7.297477988,7.234387278,6.532898096,6.856270743,7.113483956,6.554655567,6.638362019,6.624260245,6.187090617,7.727756792,6.876689656,8.165780881,6.440961558,7.326629169
SYT7,2.77611423,3.427143163,9.162787115,3.186654659,4.63663096,3.404434214,4.637398814,0.782285482,0.44185729,1.956381487,5.351165437,3.453897897,4.225425983,2.637904107,4.569711179
PRKAR1B,9.271883473,8.441884276,10.92040203,8.637346388,7.420621549,8.904992916,7.531711097,8.7165604,6.17973409,6.791726805,8.761118988,8.702013125,9.544097399,8.525564809,8.965585718
VAT1,9.056971377,9.371853306,7.102071193,8.209176887,9.789233311,9.797137781,8.824710855,9.794187133,10.03241514,9.519208173,9.357739249,10.35895174,9.680594768,10.54034435,9.888448895
C3orf80,3.66676764,2.070581843,6.649464983,1.937792207,3.57513018,1.889852527,4.823310083,4.133943638,2.373167175,3.52145023,1.69948109,1.693963845,1.270308653,2.366837115,3.137369881
APBA1,5.202870123,3.447766051,8.001263927,3.845866956,4.811361482,4.351375176,4.523233445,4.402987571,4.651283001,6.253664809,4.822486166,5.162642629,3.718751481,3.740674404,5.126844743
CLIC5,1.675259624,0.141751753,3.52685623,0.077945045,0.848549546,0.160469782,0.594369296,3.268769603,0.309061226,0,2.18025032,0.62473343,0.283626714,0.512450247,0.366094105
POLR2F,9.317240847,11.21683807,8.811724372,10.94418954,10.18519318,10.69394539,9.649531735,8.529683821,10.93689466,9.300285986,9.314737161,9.602092641,10.66931182,10.01790943,10.12224599
NTNG2,7.679623981,5.942536032,7.409005353,5.728360249,5.520780831,6.433203821,5.22835701,5.683408127,7.166153646,7.237309952,4.738206513,5.325041138,6.861781478,3.903705432,4.638250964
TRIM23,5.60085386,3.680484714,7.259023196,4.837449543,5.252585334,3.984044997,4.495553271,5.030051028,3.612159011,6.434059712,4.630107942,5.202999451,4.052047258,3.687942437,5.21643748
NBEA,4.374616234,2.561713399,6.809109013,5.048184251,3.890455818,4.630260165,4.53687689,4.711212082,3.597997009,4.813946736,5.406825817,4.170159413,3.979391548,3.20313278,4.167554513
FAIM2,6.459750835,7.297477988,11.04370202,5.840229045,7.269553778,6.933565244,6.553537399,6.617360065,7.432709051,8.144686417,7.583048014,8.601182199,8.782104665,7.077582347,9.482646188
CCSER2,7.487249036,3.770551698,7.673322309,4.560348039,5.384132087,4.478637563,5.856819597,6.87794333,4.062446313,7.419636824,7.37552402,6.25285384,4.864632264,3.939234262,4.976115802
CDC45,3.581211572,6.996974734,1.150845158,5.858288779,5.042416521,7.126297153,4.997874763,5.683408127,5.378969903,5.810872914,7.089493824,5.723057833,5.375641273,4.178885277,4.999102337
SLC6A20,0,0.141751753,1.905346475,0.353399575,0.196078129,0.160469782,2.021079688,1.955838395,1.599632404,0.214185173,0.973325103,0.183304167,0.217774517,0.512450247,0.282907114
TMC7,3.176931778,2.088203495,4.984750579,3.50855877,4.088632887,3.71993694,4.823310083,4.010504033,2.438205959,6.148552069,4.341075609,3.253283296,2.014895965,2.997014115,3.599443951
SLC31A1,8.053734236,5.509370824,5.944022147,5.15993015,5.987634477,5.15337567,6.105968812,6.023852816,4.715004298,7.22269828,6.745382243,6.203314924,4.457116454,5.18786226,5.640659525
KIAA1549L,6.183150926,2.826068303,7.183816276,3.583961287,2.957815624,3.131748684,3.466051131,4.30130851,3.532489196,5.171952572,4.648696253,3.462789061,3.284566503,2.481443988,4.046679202
MAGEE1,3.176931778,2.994391883,7.373609831,0.873972735,4.044766816,1.371998565,2.046737152,1.286707618,3.071409072,4.17992451,4.222001502,4.619047675,2.920644588,1.518942907,3.784713085
CARD8,7.907616195,6.088669627,6.029053011,6.853439297,6.191050679,6.559143897,7.380384854,8.448772878,5.90853289,7.35904219,6.194796998,6.212569254,5.646702167,6.075165321,5.999350556
TPX2,6.123874562,5.767663626,2.61131162,7.067992626,5.596525787,6.822478357,6.671616843,6.376138802,5.938346295,6.853930527,6.723629212,7.051157285,3.44425911,4.365808575,5.802475989
ANKRD18DP,0,0,1.683492689,0,1.670703954,0.866755392,1.766977269,0,1.35211345,1.864255849,0,0.183304167,0.217774517,0.457501815,1.007916987
ATP8A1,5.622429688,3.399179234,8.293765252,2.038701859,4.558567035,4.767452303,3.522001657,3.268769603,3.700971089,6.974504494,6.600134893,4.23387378,4.935481059,2.745032343,4.300387393
DLG2,6.03012714,2.717028171,9.243615192,2.288637835,4.388496168,3.789099137,3.644686259,4.30130851,2.26975742,6.46705978,6.201107621,4.896747167,4.004018922,2.637904107,3.942112863
DDOST,10.06746315,9.067920752,8.329097392,9.543444383,9.302321605,9.27480344,9.72807307,9.559733406,9.624892997,9.485300161,8.725444734,9.219088372,7.702976784,9.772081866,9.339786037
HIPK4,1.675259624,0.827273665,4.55470244,0.222236434,0.284952208,0.556408883,0.961100566,1.286707618,0.779641157,0.782591765,1.69948109,0.492052541,0.859724182,0.340897504,0.519328577
NT5DC3,6.373312044,3.875761882,5.688514834,3.204140641,4.442621139,3.660774713,5.417237715,4.497969831,4.036427036,2.613897765,5.954494877,2.667101479,5.199193072,4.220734738,4.305665276
OTUB2,3.66676764,1.407027565,2.932843346,2.399045359,2.555062178,2.102398956,2.860646906,3.469618468,1.973258817,2.124665385,3.757416586,1.567779727,2.279829525,1.545532896,1.75833911
KDELR2,7.414908526,8.590513077,6.689464035,8.902624523,9.177663507,8.733761644,9.359392096,6.8512077,7.993744145,8.697682162,6.378628898,9.444528566,7.474895503,8.672848602,8.716192732
NKX6-2,4.564923097,5.794747836,8.713169864,0.530178722,6.518791606,10.14613044,5.23674105,7.165218018,3.633144716,9.044940189,9.50909863,5.927963071,7.242662846,7.054046445,6.324581715
ATL1,4.031781373,3.119633328,8.600598257,4.368194413,5.56803208,4.367910571,5.356983889,3.156782629,4.137801749,6.068241868,5.719740566,5.043240714,3.694747204,3.398115674,4.904873477
SIRPA,7.510578316,6.374616053,9.454992793,7.848925623,7.977997586,7.409439194,8.735824056,7.128578812,7.091039382,8.317125058,6.619110874,7.606899136,7.636800838,7.143796663,7.96992375
ZNF558,9.124682592,4.225454375,5.227303074,6.246849623,6.409384527,5.386290291,7.876987863,8.538089702,4.548251309,7.394468901,7.933154125,7.041545503,3.010897662,4.66156933,5.73756885
PPP4R4,0,0.498736499,6.650560748,0.222236434,1.735209757,1.556425387,2.121080318,0,0.828980142,1.506174465,0.973325103,1.05925267,2.610085596,0.565382398,1.107978918
SERINC2,4.847382177,4.904961397,2.148115957,4.976222344,5.518491704,6.774447599,6.230134944,4.30130851,4.791669136,5.129708123,2.279008263,4.279878371,3.077387871,6.841148874,3.666617687
DPYS,1.300130847,2.794212781,2.61131162,1.22176837,1.114126763,2.355519713,1.637879112,2.411187474,2.87398713,0.910937516,1.69948109,0,2.930956087,2.548709282,1.847888013
TRPC5,0.791819137,0.072616151,3.672055131,0,0.196078129,0,0.101421946,0,0.309061226,0.111063732,0.401761701,0.420836661,0.076302898,0,0.194628402
STOX2,5.390610612,1.709892961,6.259102245,2.610521236,2.888600483,2.436138688,3.387906274,5.030051028,2.287515351,5.31802014,6.182092332,4.454958082,1.237452911,1.894818364,3.528989126
SLC2A13,6.761480007,3.273886809,7.254706137,3.777429589,3.810381833,3.06232701,4.241555291,6.285851592,4.437291681,5.187876654,8.612802632,3.263496229,2.930956087,2.290290608,3.272883315
RPL26L1,7.305788686,8.543183995,7.820783877,8.660886415,8.723892511,8.544217378,8.522102617,6.472846749,8.662139634,8.546250399,6.516580763,8.85103842,8.070184755,8.590849264,9.106441515
CLIP4,8.250162304,4.109436802,6.862098206,4.25530466,6.142821819,4.338848058,5.922389361,6.81477158,3.904553897,6.70696397,7.563588461,5.908570895,4.330421446,4.331839804,5.467820392
RAB6B,7.858459249,5.559186398,10.17796033,5.598843104,7.069083767,5.792168076,6.844318549,6.786827597,5.482813865,7.441719361,7.408620241,8.027470395,7.775219904,6.021715672,7.892240883
DDN,3.289107468,2.443470632,10.70815758,1.873674823,2.301780258,1.61300955,3.062789109,4.451260225,3.869612114,3.884028779,5.384818679,3.417774941,3.252037539,1.545532896,4.342079513
DOCK3,4.733026863,3.281565981,7.465511428,2.771657132,4.251863878,2.989395186,2.998504747,2.411187474,3.714161938,4.809836447,5.049282989,3.067594028,3.588023711,3.276398873,4.001860986
TMEM184B,8.171845507,7.123070505,8.00169335,7.08342893,7.915867743,8.170562592,7.661412758,8.504168257,7.95641838,8.289348411,7.785591066,7.041545503,6.584040947,6.461179291,7.88784891
MSANTD1,2.219177937,1.979092741,4.152267877,1.352972195,2.462831839,2.388309861,2.591031546,4.010504033,3.235921536,1.799399177,3.122156516,2.971187498,2.635527947,1.518942907,2.111657357
POP5,6.855581196,8.898643858,7.238036697,8.169114798,8.539199391,8.744882268,8.299411519,6.585272512,8.239620039,9.023581206,6.719238968,8.824122334,9.304165425,8.54628533,9.479584795
PLCB1,5.534120039,3.571947373,7.633421168,1.444093912,4.540630541,3.813449057,5.027170356,3.035365724,4.544563844,5.684125549,5.532252865,5.401019726,4.557029774,2.522178312,4.465104994
PRKCG,0.791819137,2.253505827,7.803154641,2.114637085,1.495566841,3.355524455,1.766977269,1.955838395,1.786068556,1.585254253,1.191866241,0.62473343,3.541675922,1.083714391,2.892800176
SCAMP5,8.307895804,6.436974727,10.24324208,7.273487075,7.365011972,7.631118333,7.242170478,8.199575568,6.707414035,8.509657182,8.807352592,8.2265732,8.215659592,7.012358332,8.332507902
FAM135B,5.114274547,2.401800091,5.236089128,1.584234414,4.674134009,2.338840861,1.827437769,1.659723569,0.96761507,4.046552903,4.5132489,3.835639588,3.158605629,2.967820311,4.096251093
AACS,6.471687072,5.710498819,7.674400109,4.840248103,6.424134402,5.849222799,5.889090763,7.727355561,5.604688257,5.261957016,7.721185277,5.3753509,5.472354285,5.870864111,6.515463111
BIN1,10.20520195,9.740185384,9.961494631,8.318834111,8.22190311,11.04460336,7.831122614,8.912476167,9.203137121,9.020694481,9.892134801,8.037548088,10.87735344,8.805620235,9.161877087
CDCA2,4.918874833,4.061177467,0,4.048217251,3.336104243,4.010614773,3.136330303,4.997910656,2.850285994,3.195737438,6.162823063,4.137214996,0.625857325,2.088087338,2.713812357
ANKRD2,0,2.105612504,4.176813488,0.289308085,1.913040187,1.08248778,1.208483649,3.035365724,0.779641157,1.028792263,1.381616095,4.38651966,3.429789489,1.78751909,3.149161718
ARF4,8.021616594,8.866773298,8.058109914,8.979208177,9.99680353,8.118073347,9.868898374,8.156548506,8.417481745,9.506407306,7.957587605,9.270631549,7.659456863,9.035512541,9.477832506
KCNH5,2.613246987,0.270813296,4.293642686,0.353399575,0.196078129,0.160469782,1.014087292,0,0.376986657,0.310424829,3.067942213,0.183304167,0,0.074928529,0
PRKD1,6.986138362,3.824115649,4.726649844,5.39696472,5.565816769,5.002696608,5.844072132,4.711212082,5.364402217,6.503145268,5.737215908,5.516539257,4.693500464,3.929172134,5.695969626
HAUS8,6.123874562,6.865195446,3.288640243,6.981909945,5.875840112,6.867508578,6.361168835,5.781071011,6.946233178,5.823160024,5.780000016,6.34950215,6.009824117,6.021715672,6.144849413
KCNH8,2.77611423,2.415824431,5.76538148,1.829290015,3.40711827,2.719933256,1.827437769,0,2.079008433,5.184705868,3.722746498,4.249372215,2.790790885,1.765067248,3.366768841
KCNQ3,5.822104555,1.686945791,7.20336213,1.687302794,3.366967813,2.795221758,3.326388129,4.75032338,2.058469548,3.118082241,3.122156516,2.538436924,2.162215317,2.600350908,2.850091704
FAM189A1,3.393186765,2.574272675,5.836434422,2.636513252,2.424222882,4.270135191,3.326388129,5.030051028,3.561971587,4.2783998,3.011610803,4.309752801,1.995376545,3.323254232,4.979422102
CSNK2A3,3.289107468,0.207725252,1.648819213,0.687641783,0.284952208,0,0.90609332,2.594303188,0.237779012,1.660223696,1.69948109,0.962267907,0,0.400377392,0.657838811
NOVA2,4.213358628,5.837051987,6.528323108,5.641181914,5.083258702,5.982705879,5.844072132,5.723270078,6.158178466,5.49228098,4.630107942,5.421687017,5.587639804,5.034395201,6.153656676
REST,6.013892745,3.022159728,3.706181132,4.300713348,4.678241467,3.726363226,6.019528686,5.556754613,3.440244965,5.80881485,5.82155179,4.967173649,2.635527947,3.169336276,3.962305092
TMEM125,0,2.28440923,6.191448128,0,2.518874467,6.313464528,0.727243551,3.372686435,0.922867482,5.986841641,6.475521494,3.157959853,4.376418418,2.175806999,3.406611731
NCR3LG1,5.365240551,0.868648125,4.963745696,0.584598503,1.884882639,0.719911152,1.797524218,1.659723569,0.728554886,5.037806505,4.429729158,1.150126322,0.464866145,0.214033467,0.955157119
ATP6V1D,6.771171178,7.236558435,9.418792975,7.954400603,8.885161192,8.220070988,8.5223884,6.81477158,7.343210687,7.99750244,7.155971752,7.969774193,7.757585957,7.499187214,8.375806192
NKAIN2,0,1.227846119,7.320210887,0.077945045,2.120464252,4.657417616,1.637879112,2.201403741,0.620612558,5.900572541,6.536680345,3.179693791,2.279829525,1.286490299,2.745228573
SEC61A2,4.692801364,4.987095999,7.575753401,4.91382734,5.351066863,6.19683079,5.654749779,4.997910656,5.644850916,7.373735165,6.580905988,6.451292243,5.778162675,4.312616842,6.039501723
JAM2,7.043244293,6.33272649,6.072215404,7.139035157,7.431612456,6.998721547,7.476143179,6.44927069,6.285142058,7.849684412,5.65685403,8.403522659,7.364160569,7.268250389,7.983983412
USP11,9.228575163,8.608178862,9.727764988,8.677608338,8.654704009,8.864598763,8.825637482,8.895130379,9.691641339,9.364921831,9.129463898,9.1192922,9.212966974,8.292305533,9.580600004
RGS19,7.611128969,7.172952633,5.684240875,7.577600624,7.736439444,8.276446522,7.382275483,7.335634012,8.427777348,6.711377585,6.149832399,6.748946596,6.440760676,7.90679196,6.574591484
UNC5A,3.96579551,3.865579485,8.036897159,2.937649704,3.780125739,4.021107169,2.323562845,4.30130851,0.44185729,1.985827543,3.453481398,2.813304177,4.302896658,2.088087338,4.770096497
HAT1,7.24449468,6.841363307,6.179351381,7.538933982,7.700541447,6.798281639,7.642606522,6.160791543,6.149707968,8.042861413,6.670043402,7.916566791,6.25112929,6.668181898,7.426906813
CRYM,0,2.750614161,9.65823918,0.873972735,3.283150759,1.000024272,2.917380348,0,0.828980142,1.585254253,4.755460927,4.938777084,5.475879883,1.59728633,6.010705978
LRR1,5.725718845,4.927162015,3.096172172,5.31080967,5.455271017,5.372016148,5.446446488,3.944583493,5.005260335,5.168746555,6.096667421,4.941960001,3.759821263,4.596300184,4.956117288
SOWAHA,1.675259624,2.329557512,8.503573508,2.862555864,3.023861548,3.745472097,1.856743655,3.156782629,3.019223825,3.599719299,4.294618533,2.504394331,3.132037846,1.695535936,4.735316886
MAP7,3.289107468,2.253505827,7.678703277,2.948065295,4.332261196,4.878368336,5.640075987,5.39340371,2.037634034,6.873754938,7.642220583,4.120456313,4.641079239,2.977617366,4.235499199
NOP10,7.725207753,10.53842891,8.443834507,10.49204119,10.35051336,10.79856797,10.42699046,6.842184577,10.13659063,10.30854872,6.110143465,10.3648187,9.77331973,10.81280928,10.85661631
N4BP3,4.322840891,2.457097569,4.850062909,3.759800674,2.739333447,2.901263891,0.662335622,5.907562921,3.89878872,3.362163403,4.363754933,2.487066985,1.169407711,1.765067248,2.271239725
ITPRIPL1,6.70192475,2.95651664,1.71735235,3.383676197,4.069996219,4.092491946,4.572640941,5.742795497,4.472649452,5.371985901,5.51209107,4.707735333,1.134142481,3.85670091,3.872688274
CKMT1A,3.824015197,3.454575353,8.323268466,2.783337648,1.967758367,0.497513818,1.941250328,0,0.44185729,2.201976347,3.366320106,3.222203408,5.686804808,0.616441018,3.582150177
HOXA4,5.664636811,4.272455478,0,3.018941998,5.879412299,4.834424938,5.419694493,3.645892097,1.094088111,4.954619803,0,6.662832569,0,0.146156915,2.434320015
WDR5B,4.155335548,3.507922812,3.096172172,3.932342059,4.119168786,4.424336095,3.953566795,3.035365724,2.631361059,4.878166974,3.757416586,5.398704977,3.355181014,3.276398873,4.538669749
SLC9A2,0,0,3.322034868,0.151893904,0.196078129,0.082464857,0.101421946,0,0.376986657,0.214185173,0,0.345921971,0.148772113,0.146156915,0.100593785
AP3B2,7.24449468,6.464222359,8.224447,5.778829329,6.280225609,7.219216738,6.618069864,1.955838395,4.277642483,7.111883141,5.853952497,6.587601046,7.995699385,6.333485057,7.123454428
ALDH8A1,1.675259624,1.901480167,4.747283114,3.91651788,4.069996219,2.355519713,2.771130739,1.659723569,4.181195313,3.304904363,2.540226333,2.933306772,2.432781259,1.622483094,2.934280605
SNAP25,4.608820744,5.332145743,12.9564394,4.820543217,5.882975662,5.514355428,4.909739822,0,5.193625488,6.932589708,6.116834575,6.716788643,7.199067418,4.937331339,8.493794019
GREB1,5.578950455,2.966079077,5.817045936,4.137383805,4.284562379,4.225466062,4.196419885,6.541347842,3.583694608,4.648885604,4.822486166,4.794810461,4.509658802,2.812272406,3.546928015
DACH2,2.219177937,2.344298331,5.406627143,0.151893904,0.848549546,0.304863828,0,0,2.233572051,0.400644028,1.549285232,1.63225092,5.475879883,0,0.843470507
CACNB2,6.15381716,2.659253314,6.441091984,3.851426189,3.966318186,4.062329916,5.147662927,1.659723569,4.08292906,4.513909196,4.648696253,3.743790126,4.717525322,2.535504784,4.213204633
STAR,2.219177937,1.023211959,4.751374591,1.038967573,2.658478313,0.497513818,1.637879112,2.411187474,0.44185729,1.189279515,2.952990191,1.567779727,1.640712301,2.12381774,2.011859248
ZNF280B,0.791819137,1.566393289,3.689219033,1.958546696,2.322922694,1.497531011,3.305285005,0.782285482,1.210362059,3.036008157,2.074231976,2.340403949,1.640712301,1.188662025,2.632141758
ATP6V1B2,8.6101371,7.944618935,10.25859474,7.535484634,9.141861593,8.179079291,8.435224329,7.794383063,7.753365493,8.68033883,8.222449085,8.018076011,7.60576035,7.928105481,8.469898373
GIT1,8.061653156,7.881592559,8.855145194,7.158226117,7.580038158,7.844800243,7.653606597,8.524052566,8.666387391,8.051590507,8.024946252,8.249233312,8.088436282,7.555464004,8.17992465
OTOF,0.791819137,0.827273665,3.619303117,0.353399575,1.457835492,0.497513818,1.603715153,0,0.922867482,0.565739117,0.973325103,1.05925267,1.237452911,1.348207919,1.876543648
CHEK2,7.292391071,6.858151246,2.459528685,5.443717662,5.686955321,6.389331327,5.801376424,5.958553354,4.654707853,4.932106328,6.465071457,4.873598054,4.818170086,5.826829657,5.824704577
RAI1,6.281362353,4.682308607,6.602674748,5.967271983,6.404434199,6.91820985,7.133371124,7.702641894,7.651195893,6.948567641,6.411654776,6.301987171,5.131511207,5.355027952,7.16397504
ITSN1,6.013892745,5.149074715,7.124326738,5.49434287,6.46631308,5.247974779,6.319676828,7.56682699,4.999884593,6.175956155,6.68812739,5.470994638,5.373752711,4.979383958,5.930983156
LAPTM4A,7.527830995,8.161976967,8.679479161,9.773330013,10.03933788,8.814772257,10.24968853,7.135981471,9.182079253,10.02696063,6.103421178,10.46922898,8.397211043,9.246728323,9.543944502
PPP1R13B,8.193629711,3.639240434,7.394689622,4.702468779,5.122976416,5.241259346,5.328503467,6.530154487,4.401045538,4.698639231,6.732369823,3.661225902,5.158088601,3.687942437,4.883855209
SCN2A,5.173938592,2.373335674,8.231786902,2.383780804,3.979692782,2.404429629,3.826018794,3.372686435,1.859140262,3.922606594,4.789362747,3.684216059,2.19680905,1.254612304,3.294281122
TGFBR1,7.402491094,4.984745841,4.61432452,5.49078511,6.718471547,6.155759005,6.847059179,6.65906262,4.57741656,6.972667246,6.433259356,5.961284531,4.547008974,5.614061031,5.768477437
KCNV1,0,0.072616151,6.304362095,0,0,0,0.101421946,0,0.237779012,0,1.191866241,0.858290467,0.076302898,0,1.33142328
HSD17B10,8.563494264,10.49383036,7.921807824,9.935710348,10.05195637,10.22943285,9.071598966,8.627459429,10.49325054,10.20407889,8.909153652,10.13391216,10.19172419,9.998417551,10.19043541
SNX32,7.105854954,5.617993425,7.173180862,4.702468779,6.017120443,5.402432515,4.603223344,7.098582383,6.197454308,6.11729506,7.443637908,6.27068458,5.902573243,4.328015648,6.125580537
ITSN2,6.4233379,5.095625287,6.454956766,5.497891877,6.196788542,5.613024428,6.059462764,8.460613134,5.226217352,6.540832212,4.738206513,5.629425619,4.94059327,5.465327119,5.638569715
MMP2,8.017551144,7.002793535,3.654684567,8.246047674,7.277021026,6.971253565,7.712401543,8.104672624,8.429527815,7.987074354,6.182092332,6.596717554,5.259756946,7.40113131,6.201158398
EIF4E1B,0,0.600478562,4.887722506,0,2.424222882,1.122016764,0.285095627,0,0,1.08429547,2.6913204,0.858290467,0.859724182,0,1.662861851
CES4A,3.96579551,4.147755205,7.948336883,0.829597233,4.598126936,5.321975425,3.367690297,4.402987571,4.077835572,4.716314328,5.182820144,3.915527902,4.764407115,4.445624285,5.120868956
CPOX,8.379336167,4.817866969,7.67116429,5.582222271,6.026816682,6.125689226,6.67264717,8.723947624,5.207683682,7.569379447,8.750401459,6.605776817,4.557029774,5.140680226,5.944579997
PLD3,11.34868828,10.59436638,11.65567206,10.57754321,11.00153709,10.37993648,11.22796176,11.84188349,11.61335458,10.58978885,10.56487397,9.812891882,10.21682971,11.10307163,10.93512487
EME1,5.876989096,5.214721674,2.459528685,4.421490721,4.807616536,5.077491191,4.42393619,5.368481417,4.595349905,6.098884468,6.020211344,6.550547773,4.242084893,3.483105196,6.09542427
PGBD5,5.929861958,5.075888217,8.260778687,3.674558294,6.385717701,5.094978635,6.070449033,2.902783536,4.691854185,6.400287099,5.208105923,4.207667223,4.420994083,4.752824141,4.727472884
PRKAR2B,3.747532772,4.283970335,7.689938401,3.610431843,5.785439017,4.239012618,5.677511224,4.711212082,3.971996716,5.663773593,4.196960214,4.819247991,3.561721854,3.211459633,4.257454474
CABP1,4.772161144,6.064391878,9.975662923,2.414150095,5.559150351,3.764331171,3.407842882,1.659723569,4.518484271,4.198907929,4.962794046,4.437022927,6.284683934,3.383450928,6.598440957
SEMA3B,7.383662219,8.217826532,8.942508645,7.663854153,8.342303192,8.946008605,8.327485346,7.458811318,6.234545316,8.176559365,8.986998213,8.694719953,8.569009334,8.884384607,9.57991951
AVPI1,4.883571311,4.287788288,6.424532674,3.105234023,4.694555346,4.581468659,4.77807262,3.944583493,5.693947451,5.440050663,4.870787599,5.831721426,4.859243154,5.285742982,5.246936778
GARNL3,6.281362353,4.056709139,7.587816091,4.903160684,5.746848474,5.45754903,5.272519196,6.437336592,5.210013453,6.066520267,6.083064311,5.877323363,6.894421344,4.534589765,4.922157778
NDC80,4.322840891,5.322872362,0.817848003,5.929662983,4.088632887,5.432220831,4.909739822,5.703476772,4.640959394,5.555017149,5.916649362,5.730439609,2.544444653,3.898557699,5.244190605
SEC61A1,10.27668166,10.27152722,7.473582956,9.292764257,9.334233884,9.991653703,10.18111356,10.49687939,9.913442045,9.727336409,9.999672738,10.03202467,9.040521355,9.80151008,10.18927585
NECAP2,9.207316145,8.542584942,6.57639355,8.089024162,8.907857885,8.375598969,8.664593208,9.376569767,8.470428415,8.313500646,8.278727487,9.073951919,8.782104665,9.199763367,9.067941046
HCN2,4.155335548,4.688098251,8.204813707,5.563715436,5.618067368,7.398917667,6.053147128,5.781071011,3.101837535,8.375301891,6.590552477,4.741007405,5.763813263,4.293134284,5.657269912
AQP3,2.219177937,1.709892961,3.096172172,1.851653101,3.502862077,2.55643364,3.251135844,3.875506047,5.672145024,2.516376259,3.791273016,2.261073791,0.943596455,2.855418864,3.013826346
CENPH,5.202870123,6.52046937,3.254454267,5.729870112,5.488397725,5.471005321,4.443384365,5.092260311,5.917114058,6.334571363,6.149832399,7.127927383,5.010324884,4.624634999,5.875276924
RP2,5.784319442,3.602924753,3.689219033,4.884302136,5.709205897,4.243500017,5.897928337,5.44199275,4.453113322,6.340282208,5.351165437,5.218831302,2.648082821,3.687942437,4.132343268
TMEM151A,3.66676764,4.245224584,8.085916954,1.829290015,4.661740999,7.417900774,3.024563218,3.645892097,2.177533168,7.507912732,7.129747012,4.021627699,5.744943076,4.104830748,5.26330494
GALNTL6,1.972701591,0.072616151,4.521547557,0.077945045,0.726926847,0.234472535,1.532859968,0,3.029812979,0.485551871,1.549285232,0.803349477,0.520550028,0,1.932201921
PRRG1,3.176931778,2.457097569,6.050795618,3.095896982,3.952818438,4.092491946,4.252621905,5.15189764,2.574634743,6.159899215,6.400729938,3.876136645,3.712787751,2.467606224,3.537986453
TNNT2,0,1.663627721,6.822782931,0.222236434,0.96071155,1.556425387,0.196179818,3.372686435,1.35211345,0.111063732,3.122156516,2.415598368,3.639231181,1.873987451,3.935318825
LHPP,5.144414981,6.826347826,9.342362658,6.563703894,6.974552303,9.999136578,6.924353927,8.062562706,7.492784377,9.66456431,9.149996573,8.199235277,8.848033826,7.497911342,7.870146081
ACTL6A,8.571835695,6.87664864,6.003551322,7.422380219,7.386509855,7.374064857,7.661412758,8.409606848,7.038261624,8.903354412,8.089299747,7.891679897,6.147724241,6.539330712,7.351083875
LRRTM1,4.953335054,4.733597513,6.492106255,1.636688829,4.936662281,2.252425517,2.62549361,4.30130851,5.131072149,5.555017149,6.571194564,3.882776998,3.670336765,2.439526035,4.858940503
HLA-B,10.14311613,13.55356221,8.583487992,10.8539498,12.23197843,10.82233816,10.87244881,9.566597582,12.8510744,9.388023519,10.31214712,11.24193457,10.18460487,11.46233769,10.89366906
FAM124A,3.289107468,2.344298331,5.38308779,1.610700005,3.77246152,3.878366686,3.217643146,4.073543647,3.272048754,5.06909538,4.408071248,3.371310958,3.385488957,3.330917619,3.492427981
KCNJ2-AS1,1.300130847,1.195693164,3.438265191,1.760042463,2.16797394,2.497539607,1.671252726,2.411187474,1.68249994,3.907299033,1.549285232,2.320976602,0.983772248,0.759594841,1.246151947
LINGO2,0.791819137,0.207725252,4.701493967,0,0.196078129,0.160469782,1.014087292,1.286707618,2.976072432,0.214185173,1.835504282,0.345921971,0.148772113,0.278859517,1.155522235
KSR2,0.791819137,0.498736499,4.823103783,0,1.013683457,0,0.594369296,0,0.96761507,0.310424829,1.381616095,0.183304167,1.394724127,0.400377392,1.450565796
UNC80,4.733026863,3.234865592,7.293102345,3.12372875,3.293898089,2.770559583,2.93122184,4.825501948,2.079008433,4.508847035,4.492817865,3.869465586,2.697237458,2.20945401,3.674798682
CTXN2,1.972701591,2.635479587,3.030350402,2.783337648,3.216929159,3.994731698,3.437240552,0,1.481174692,0.111063732,0,3.941203631,3.235493817,3.556844873,4.008349464
ATXN7L3B,7.202135735,5.884468159,8.801402002,6.632317656,7.191238843,6.638803374,7.409105712,7.794383063,6.510728268,7.516135054,7.568478012,7.574452161,6.243910189,5.81184768,7.441964212
FBXL16,5.0198803,6.019175795,11.33021889,5.688538689,5.746848474,6.129330867,5.586416518,5.663056373,5.700590139,6.451313921,5.491643515,6.452408653,6.605121361,4.703497283,6.90440148
POU3F1,3.66676764,1.515202753,3.967654841,4.284365985,2.830733424,3.855096853,3.087721697,1.659723569,0.876687424,2.201976347,0.973325103,3.653480376,1.237452911,2.290290608,3.137369881
TDRD6,0,0.498736499,3.134270362,1.288861286,2.046130812,1.556425387,1.162284695,0.782285482,1.418086792,2.367723875,1.549285232,0.559917738,1.563284679,0.847702574,1.695394753
TEX261,9.332048522,6.658092982,6.988802389,7.09928602,7.626480766,7.118989267,7.951463706,9.465925612,6.475334513,8.004712559,8.422035243,8.005200678,6.242875934,6.782974942,7.211846658
PPM1H,4.692801364,2.253505827,7.192870356,3.973710471,3.336104243,3.505038464,2.145033751,7.966183739,2.885693265,5.216104429,8.767511495,3.352298104,2.597194162,1.955565053,3.272883315
TCF12,9.455891404,5.058114563,6.939447855,7.902459448,6.649016206,6.862411996,7.71340316,9.17393309,6.149707968,9.204910196,9.44074604,8.194906118,5.800828942,5.127540011,7.018885054
RASGRF2,4.155335548,1.997860599,7.150123198,2.623575778,2.930526742,3.693941665,2.573486814,4.010504033,2.738531206,4.342401779,6.226077643,2.359573159,2.311744664,2.396353602,2.527613002
ORMDL2,6.4233379,8.364683132,6.10296006,7.663459167,8.338739571,8.428778039,7.660374374,4.402987571,8.216052375,7.75932502,5.19551843,7.868448674,7.454937288,8.629812764,8.751672547
ERI1,4.031781373,4.105115691,4.114648219,5.410208989,5.707197239,5.820977464,5.475075617,6.946906918,4.468763333,5.794325603,5.460418306,5.419405218,3.40040746,4.718181071,5.120868956
GPR65,4.651422041,4.463475519,2.537415329,3.132887956,5.42381416,4.326211211,4.550392518,2.7567727,3.31597159,5.012992726,2.18025032,2.867874431,1.66562482,4.769838636,4.077860662
AP4M1,7.844756929,7.779536662,5.855565797,6.71010712,7.869021992,8.057562344,7.401046741,8.478193288,7.416660793,7.860653649,6.946576299,8.353306377,7.666801963,7.504279445,8.208382165
KALRN,7.567302577,4.376512961,9.083056759,6.02005877,5.051944784,5.710246301,6.244064303,8.281961348,4.750648747,6.804177359,6.825175806,6.313091883,5.024838752,4.886235319,5.903398894
MTMR12,6.108666948,3.501361267,6.557824447,3.636425455,5.277166235,4.036704056,5.514685026,5.799834582,3.687658519,5.471615204,6.2322532,5.208296062,3.020585945,4.191568072,5.021728363
EIF5AL1,0,0.550504229,0.204835494,0.917023935,0.789019453,0.612993681,1.065196689,0,1.011016389,0.310424829,0,0.420836661,0.217774517,0.400377392,0.519328577
ARFGEF2,6.15381716,2.329557512,6.534271834,4.057866981,4.943503956,3.962431137,5.749587848,5.534520956,2.789271549,5.517703747,5.501903518,4.603051432,2.461517754,3.434138345,3.948875057
HOOK1,0,0.207725252,5.359157984,0.222236434,0.662041154,0.160469782,0.78935652,0,1.28297802,0.910937516,2.952990191,0.68676193,1.097993583,0.512450247,0.843470507
LCN15,0,0.740785346,3.207575164,0,0.522798811,0,0.285095627,0,0,0.713866604,1.835504282,0.183304167,1.828915678,0,3.386827824
TMEM63A,7.730184842,6.011115199,8.30320241,5.658727079,6.46631308,7.867145341,6.665419382,8.178222436,5.581483067,8.871417797,8.828906986,6.615776392,6.03633144,5.706801512,5.5255038
CDK2,7.451532152,5.447570113,3.583032091,7.241030463,6.939903745,6.613891668,7.525451441,7.924044626,6.777420763,7.714955814,7.651466969,7.859639607,3.049266442,5.015497841,6.950616923
GINS3,4.651422041,5.997191385,2.975441497,5.539812635,5.645599009,4.703746728,5.22835701,4.825501948,4.380508217,6.006728824,5.104189769,5.961284531,7.744126227,4.783865687,6.321979562
NPTXR,6.82798965,5.208692613,9.496870713,7.036615516,6.431453172,6.851429739,6.313084536,6.895495737,4.204750555,8.042423568,5.710922869,5.358775151,6.492151336,4.881024758,6.671804497
SLC32A1,1.300130847,2.01638744,7.180026908,0,1.735209757,1.912572808,1.603715153,0,0,1.69629637,2.18025032,2.301284072,3.292585422,0.400377392,4.723534832
KEL,0,1.059397375,3.231205119,0.783813362,2.343759761,3.252430611,1.637879112,0,0.728554886,3.350891957,4.036834575,2.11079622,1.61536202,1.671593662,1.727210185
PJA2,8.225701412,5.842253838,9.755147501,8.288161659,8.333865858,7.057880673,9.243871294,8.619559846,6.694992946,9.776211976,7.573351047,8.310543357,5.676117132,6.477669808,7.477473434
USP39,8.500804056,7.123070505,7.055675933,7.154857973,7.779135345,7.336226597,7.632051704,8.123414582,7.062959863,8.289717387,8.334328758,8.267108579,6.752657497,7.150849408,7.800354387
FAAH,6.15381716,7.554394527,7.579210188,4.57722132,6.786639759,7.218647066,4.69937436,5.264250032,7.434702589,7.135066165,6.792114794,6.770590645,8.584401157,5.690512393,6.423783916
NAGA,8.081262353,6.275232417,5.43233927,5.404547755,6.596809901,6.539206832,6.799745267,7.577740462,6.257252102,6.779167866,6.665486762,5.693147132,5.325716838,6.133294154,5.939496187
PLCH2,3.176931778,4.644098754,6.744894367,0.353399575,3.19416214,6.659939051,2.971966928,4.30130851,3.532489196,5.975877419,5.693124129,3.417774941,5.055793344,4.140153878,4.336933414
RSPO2,0,0.784677521,5.993223076,1.383989996,1.856164574,1.467156996,3.087721697,3.875506047,1.094088111,2.722837336,2.828079749,3.515015186,0.464866145,3.276398873,4.144176094
FBXL19,8.385658692,6.828315253,7.700028667,6.978103382,7.012460765,7.107342204,6.947523625,8.846325265,7.746560774,6.47486873,7.914073459,7.541783179,6.813833615,6.258116474,7.053806398
AMER3,3.055292985,0.498736499,5.290525013,0.077945045,0.848549546,0.234472535,0.84890533,0,0.675593016,0.111063732,3.41055889,0.559917738,3.541675922,0.146156915,1.107978918
NSG2,8.626245741,5.343195687,9.936332216,2.304937137,5.371504217,4.530969104,5.526130859,2.594303188,1.627787116,3.49096881,6.020211344,5.055047709,8.370706172,2.495150286,6.434664498
RAPGEF4,6.373312044,3.304361254,10.3807447,5.173308897,5.609489295,4.674135033,4.173311364,6.131464236,4.807140767,6.321638702,7.146193253,4.414285818,3.645506182,2.917811529,4.691637342
HOXA11,0,2.034679376,0,0.222236434,2.096109523,3.63368098,2.482412456,1.955838395,2.422219071,0.848191415,2.76131997,4.490173048,0,0.146156915,3.674798682
PRRG3,0.791819137,2.457097569,5.909653845,0.958827589,0.662041154,0.436111778,0.448004099,3.268769603,1.810839303,3.778614292,1.835504282,1.193503044,0.983772248,0.074928529,0.955157119
RGL2,8.15713779,8.042493582,7.371617717,7.858619763,9.122586044,8.554185789,8.409188999,10.04579343,9.368559922,9.405152788,8.68886593,9.546850298,8.672303276,7.526140417,8.392954064
SUN2,11.53619848,7.312548527,9.440178188,7.36183228,8.586953616,8.039612561,8.91018584,10.89449356,8.145384019,9.429801866,10.84980717,8.264568489,6.915345384,6.599257338,7.661628065
PDE6B,7.621880656,6.077684907,6.738725084,5.536365389,6.664627259,6.558243619,6.326239135,7.593957421,5.239963009,6.932589708,7.259375699,6.619756895,4.380186115,5.328477742,7.267677272
CBX6,8.631575565,6.333650186,9.131931797,6.163271251,7.069083767,6.802849544,7.788986618,9.25775418,5.599366246,7.98068972,8.305332212,6.021196656,6.691806948,5.305324934,6.440673995
RCC2,8.204399691,7.308795625,6.077113594,7.454241179,7.480649017,7.584126516,7.911873207,8.950758078,7.254578066,8.581034228,7.966876002,7.9713327,6.73584704,6.385006703,7.502969064
TRAPPC6B,7.002686294,4.476915676,8.01409135,5.381678018,5.960909039,5.451743404,6.480109578,6.472846749,4.791669136,6.408464921,5.796764608,5.368270314,5.051074115,4.633957605,5.208006356
RASAL2,6.334620341,2.750614161,6.407781086,3.487291578,4.912457634,3.436143173,5.642181403,6.039726099,3.272048754,5.910203433,5.561976897,5.159911607,2.19680905,2.93802353,3.473793981
FNDC9,1.300130847,0.986095546,5.375155209,0.222236434,1.064779067,0.497513818,0.90609332,1.286707618,0.620612558,1.585254253,2.6913204,2.75658837,1.237452911,3.582751549,3.879783012
RTL1,4.692801364,0.784677521,0.617244132,0.783813362,1.603178421,1.527278705,0.662335622,6.007802941,1.76086506,0.565739117,2.458298626,0.420836661,0.520550028,0.214033467,0.519328577
SRCIN1,6.864662346,5.856462968,8.166260024,3.360470502,4.891382592,7.63026188,4.190677363,5.703476772,3.31597159,7.25253244,7.470007823,6.067105572,4.888637199,4.308741322,6.206811336
APBB1,9.060927396,9.194961443,10.10339522,8.295317629,8.480137945,9.310928513,7.668660597,9.004320271,10.04837048,9.629575068,10.05166955,8.825200056,9.818884408,8.681678475,9.68528931
HPCA,4.213358628,6.201250642,10.39740341,5.076942593,5.098664418,6.395393082,4.039141251,4.931398644,5.042339894,4.751027858,6.697085084,6.785727726,7.523402584,4.962216365,8.00157075
ST14,6.585913317,6.576947695,1.576867436,3.834683808,6.211034146,4.93217484,5.559933394,6.325239949,5.253578936,5.461170236,3.791273016,3.201105164,4.084740392,6.237878564,3.935318825
NFAT5,6.732009666,1.776622566,6.062368851,2.699515546,4.257365354,1.770552469,5.717997485,6.258982277,1.511713379,5.320911335,5.144040583,4.14275824,1.589558318,1.59728633,2.648849937
TXNRD3,7.230512766,6.23030849,3.49792615,4.786124346,4.919414785,6.078748066,4.916713916,4.997910656,4.321397899,4.462470073,6.089881899,5.455487883,5.562989321,5.386624118,5.766564929
GTF2IP1,6.660810031,1.407027565,7.900319769,5.153193961,5.73111851,2.680762456,5.642181403,6.729261493,3.966495349,8.45970403,5.51209107,7.125129783,1.453126763,1.518942907,4.642428483
REEP4,7.067042844,7.564265568,4.739065183,6.723052913,6.809289415,7.24462193,6.64246483,7.990888788,7.341617865,6.325962483,6.821084375,7.0817802,6.324336925,7.223665406,7.186322202
GRID1,4.26913805,6.334573292,6.717968167,6.802689878,6.002452788,6.62253059,5.30743149,3.944583493,7.878738519,6.453950194,6.679113731,5.063839972,6.729953706,6.307503002,6.585481053
GPRC5B,9.201952079,9.895177712,10.54884252,10.7081837,10.00377569,10.45222917,10.14871416,9.847014226,9.858996815,10.45391372,10.04904815,10.54771485,11.06452922,9.34579332,10.96394143
AKAP5,2.922446151,0.740785346,5.968832341,1.711959102,2.236427818,1.719925888,2.364944826,2.201403741,1.385477202,2.454533655,3.011610803,1.891275092,1.453126763,0.759594841,2.182221614
ATP13A2,8.239729807,8.552140077,8.911535769,7.78172894,8.274738062,8.490014395,7.300655173,8.994173113,9.994147213,7.895495982,7.635246694,8.253402711,8.845821602,8.698252244,9.170762104
GPR6,0,0.141751753,4.803534088,0,0,0,0.285095627,0,0.376986657,0,1.549285232,0,0.283626714,0,0.194628402
SH3BP5,9.259887615,3.775998475,8.00169335,6.096955767,6.866206461,5.33043701,7.568155622,9.874933417,5.405640003,7.643425731,8.846122951,5.457713365,1.364611608,5.271875733,5.481876205
NAT1,3.289107468,2.415824431,1.750435523,2.948065295,4.983886345,2.45173564,3.217643146,3.560445827,2.037634034,3.362163403,2.891886412,3.598065107,0.283626714,2.997014115,2.087347542
BAIAP2,8.804344692,7.746278134,8.973268492,7.69858183,8.029144377,8.3617342,8.177687699,9.291291561,8.85962236,7.852684303,8.220897156,7.957638338,8.073679084,8.141413023,9.348122699
TES,5.313121467,3.399179234,3.254454267,4.053050184,4.71469165,3.956976696,4.616134202,7.235817792,3.50997516,4.307844034,3.27355238,4.033612168,1.097993583,4.293134284,2.713812357
RAP1B,8.307895804,7.307855873,7.576906584,8.162421457,8.840043253,7.855099998,9.282009148,8.261801754,7.21800507,8.693226385,9.210679508,8.543941816,6.620333792,7.967968709,8.313967134
CLEC2D,7.396242067,4.268596677,3.265939835,4.494367091,6.312294594,5.39438398,5.829364331,4.931398644,5.210013453,5.643130421,5.805074411,5.748730476,4.831991443,5.109831453,6.039501723
CDS1,1.300130847,1.488909829,6.349595216,1.114889176,3.171030069,2.062321199,2.642420777,2.902783536,0.675593016,2.345179971,3.122156516,2.06481893,1.453126763,3.169336276,4.946013105
BHLHB9,3.581211572,3.651145321,6.382942708,3.328937278,4.038389919,2.946002404,4.509459743,4.629657238,2.976072432,5.340989078,4.092208157,4.498844102,2.857178223,2.767795687,4.556489407
SPC24,8.557906396,6.261707398,1.71735235,6.781005824,4.855558592,6.707001104,5.920655833,9.336971492,5.861884165,5.300550226,9.413830739,7.16176483,4.580144461,4.122600417,5.347597312
TPRG1,5.894829554,3.709239319,0.297288132,1.979006842,3.465323538,2.866775357,3.228893994,5.092260311,3.217512909,3.470284093,4.648696253,2.06481893,2.517328554,4.04551955,3.229111394
TMED8,5.365240551,3.093696012,6.109349967,3.889752325,5.006931075,4.026324889,4.727409693,4.825501948,3.416231952,5.037806505,4.648696253,4.400469536,4.460679441,3.152136418,4.516081126
NMI,5.487851759,6.096309468,4.127297415,6.3998001,6.923560509,6.52637464,6.584523107,5.534520956,5.978529853,6.485215345,5.06320683,6.641455494,4.729389367,6.484557186,6.919971705
C14orf132,7.305788686,6.794498544,8.734253862,6.664254415,6.28292542,7.172328629,6.537791355,7.335634012,6.121520897,7.186697438,5.931906907,6.276999669,9.229769534,6.357132314,7.541505973
NOS1AP,4.322840891,1.462128811,7.417398356,2.597347487,3.04945595,1.40442046,3.66139102,5.663056373,2.801682619,4.680744899,5.021025556,2.727371831,2.447221055,1.154520761,3.101404816
MAST3,5.858925256,3.959527958,8.228855421,4.375929779,4.901958596,4.872585977,5.320637499,5.703476772,3.753025926,5.363598054,5.406825817,3.856030208,4.563671846,4.170367712,5.227602878
RPLP2,9.358003758,14.29057767,10.91380037,13.18262076,12.85266196,13.68531265,12.87760725,8.776994818,13.7493489,12.54980829,9.652421574,12.88123031,15.19520646,13.79736527,13.01478215
LAMB2,10.06352504,11.74520305,8.01110847,11.54467702,11.37461208,11.38933189,11.71306024,11.65066801,12.20366324,10.54056535,9.369693718,11.2148478,12.16470307,12.16199348,12.14359738
CAMK2N2,5.511171373,6.527752162,7.860152929,7.020050358,5.919869037,7.602146706,5.656833905,5.723270078,5.854457096,7.248741849,4.870787599,6.711203153,8.123980061,4.769838636,7.068628623
MPPED1,3.393186765,0.986095546,8.834562643,4.504987852,0.662041154,4.126902044,1.296666987,2.411187474,0.309061226,3.646565316,4.720743239,1.891275092,2.230592663,0.340897504,3.272883315
TSPAN12,4.986991323,5.110791812,4.573311512,5.49078511,7.109188243,5.732763752,5.745676675,7.012723764,5.744645652,8.325066857,5.117596055,7.743592921,4.121218716,2.686501222,5.936097
RPLP1,10.28177542,13.41718209,11.69762369,13.28738945,13.02012281,13.44679738,12.77718546,9.974292914,13.28571682,13.16178992,10.2365944,13.23167615,14.2861475,13.66646553,13.15108605
SLC16A4,6.574889175,3.97381824,3.706181132,4.674515538,5.476653885,3.355524455,4.930561772,5.958553354,3.280940951,4.101389757,3.888321195,5.257667121,4.69954429,5.202556805,6.121097086
HDAC4,9.17482845,3.97381824,6.799261967,4.023806711,4.71469165,4.416409167,4.951087476,8.501305137,3.680955883,6.760122057,7.674326943,4.991954202,5.877468747,3.589156176,4.979422102
ZNF561,7.872032651,4.197312875,5.552101286,5.977476642,6.66255552,5.272334006,7.787560669,8.55751503,4.237094845,7.45362342,7.358686768,6.278259376,3.860354637,4.640139375,4.811496872
ASPA,1.972701591,2.846921138,6.03241943,0.99945397,4.423173463,4.052134128,1.827437769,3.469618468,1.35211345,5.445359611,4.036834575,3.408601089,3.049266442,0.759594841,2.355082941
LINGO1,7.594849692,6.662510815,9.508097838,7.614032019,6.09446242,6.706188546,4.913231084,6.312229619,8.374510336,7.468040685,7.178533756,7.368100841,7.493712131,4.800520084,7.045943627
GRAMD1B,6.398541794,3.202870442,7.612205586,2.529611555,4.373375456,3.77056314,4.343410714,5.236971518,2.545412626,5.399598332,4.492817865,4.228670413,4.927778614,4.388018068,4.560910142
CLDN7,4.155335548,4.909924475,3.35467395,4.038502542,5.152801362,3.956976696,6.422477215,6.039726099,4.237094845,4.254403941,4.667048107,3.862763537,3.300560015,4.55108699,3.633421746
LDLRAD4,8.08515241,4.529458152,7.193622304,4.41399645,5.219145428,5.567220707,4.797094241,7.583166394,4.347028008,6.966218391,7.289301121,5.081265364,5.29810128,5.114279012,5.105820293
DBF4,4.472905331,4.968186657,3.91025799,5.838830425,5.511602448,5.319852251,5.512384923,4.191916204,4.264252829,5.927378663,4.092208157,6.250288506,2.89979782,4.059424767,4.952757084
MAP2K4,8.794874543,3.954732902,8.124283344,4.580572423,5.775887723,4.858027865,6.056308402,8.529683821,4.282078227,6.779167866,8.78336993,5.850474325,4.208572462,4.358328777,5.598277095
LIG4,3.289107468,2.95651664,6.055766947,4.263667802,5.787341711,3.967865035,5.475075617,3.726559379,3.605095387,6.115631044,2.891886412,4.880250076,2.622862856,3.663872752,4.046679202
OLFM3,1.972701591,0.331257742,6.739755132,0.151893904,1.913040187,0.082464857,3.037418048,0,0.162790913,0,3.067942213,1.3550371,0.67576203,0.457501815,1.488189448
PRDM8,5.664636811,2.173220886,7.456141664,1.687302794,3.627050536,3.923809759,5.458444409,5.31730683,4.972701251,5.704194391,4.648696253,3.417774941,3.534931567,4.477044728,5.387965806
APOC1,11.95554839,13.51197582,8.089961394,11.20897068,12.42790318,12.57693575,11.5916681,10.88134014,11.27498834,12.57966861,10.03895508,11.97797561,13.09961336,14.11619172,12.61457187
PRKCQ,2.613246987,0.784677521,4.326923041,3.186654659,2.213968827,3.482436967,2.302418049,1.955838395,4.325701329,3.664885941,2.458298626,1.781849211,2.557813944,2.561794019,3.052012755
SGPP2,2.77611423,2.253505827,5.53558917,2.905944011,3.099321568,2.482432624,3.112230711,3.645892097,2.016493197,3.74456605,3.949572998,3.444951597,1.453126763,1.622483094,3.240179508
SLC25A41,0,3.093696012,4.477768689,2.884413041,2.301780258,1.234493166,2.482412456,0,3.091765855,2.856366869,2.18025032,1.753144865,3.712787751,0.713437379,3.000869581
TSEN34,8.061653156,8.504539178,6.88741571,8.703966697,7.912384799,8.068984666,8.575684977,9.286310386,8.907420178,7.664064708,7.933154125,7.169253134,7.943179797,7.917647124,8.537068029
CBX7,7.807568116,4.904961397,9.507039547,4.976222344,6.611919753,5.718328652,6.709257229,7.228911269,5.328398798,6.959740581,6.6836276,5.739614029,6.281665557,5.358781265,6.056820299
DIAPH3,5.464149007,2.329557512,2.537415329,3.151033747,2.572821238,2.179361526,3.217643146,4.497969831,1.76086506,3.609210985,5.021025556,3.453897897,3.039769487,1.873987451,2.334574504
RUFY2,6.712022924,3.703534065,7.404465738,4.417748452,5.184911996,4.91258409,4.99458267,5.958553354,4.562907633,7.327762965,7.123115659,6.269418239,4.932918143,3.476210867,5.298144785
PLK1,7.83554921,7.009167226,3.254454267,6.664254415,6.023591838,6.177027631,5.961696206,7.69764795,6.819224257,6.338856615,7.649160922,7.098278471,4.842953977,4.501018357,5.591810959
SLC12A6,6.732009666,1.227846119,6.295983322,2.557088723,4.088632887,1.889852527,4.545901363,6.81477158,2.422219071,6.452632659,6.701543159,4.703990621,1.364611608,1.935599016,3.101404816
SH3BP2,10.78886284,8.746213686,6.650560748,7.809484234,8.97596812,8.850878741,8.474451321,10.2178577,8.339825612,8.618528287,9.772756607,8.74068017,7.872383078,7.624903761,8.223449256
PELI3,6.585913317,5.190452767,7.37493638,4.057866981,5.089440743,4.816465825,5.315369593,6.101528367,3.633144716,5.234620705,6.20739076,5.91182108,5.618271016,5.160168834,5.770387412
EMP3,9.317240847,10.5074525,6.018906365,10.5671285,10.40914727,11.45125964,11.7250596,10.19942762,10.60949207,9.407704727,8.575642865,10.12938216,5.230836466,11.7853188,11.40141623
HP,5.858925256,6.661039707,3.397074906,0,8.392541624,6.94807176,6.980347409,2.902783536,2.469657889,2.840336084,2.371436809,3.044089604,7.916833821,7.045921044,8.238705564
MRC2,9.805090769,9.546038899,4.726649844,9.569291982,9.324439293,9.751494092,10.76055291,11.58254427,10.43997198,10.0181921,8.741769739,9.602595551,7.356530806,10.24585714,9.414358515
KCNK9,3.289107468,1.566393289,5.022482799,0.530178722,1.637336219,0.770538241,0.594369296,0,3.272048754,3.118082241,3.122156516,2.11079622,1.589558318,0.713437379,1.788810531
EMC8,6.240087603,7.12733825,5.979336046,7.121312206,7.348353513,6.952875031,7.138600369,6.376138802,7.471094694,7.42703529,6.055467146,7.268935365,6.813136968,6.611893528,7.290483468
OPRL1,5.083490966,3.454575353,6.510328325,4.312853446,4.702643625,4.677455396,4.577049747,4.629657238,4.685171058,3.618640632,4.738206513,4.700236164,4.492356437,4.976943917,4.257454474
VIP,0,1.259298084,6.257664739,2.610521236,1.913040187,1.667457922,0.368848086,0,2.177533168,1.506174465,1.191866241,2.281319017,1.481464774,1.254612304,2.472364162
L1CAM,7.774222463,6.189053382,8.67140452,2.543415553,5.806231898,2.745468477,5.711996503,0.782285482,2.119229279,3.930199894,4.47209333,3.856030208,4.818170086,7.214373512,4.739222952
SNX25,7.997050256,3.234865592,5.487342881,4.356513038,5.325106185,4.169970848,5.354417868,7.631102788,4.514719833,5.679627638,7.411344291,5.564825173,2.744772363,3.681962558,5.311323842
LRSAM1,6.986138362,7.771037941,6.479829075,6.338771225,7.109188243,7.794846413,6.310439161,6.777391348,8.75481369,6.915476773,6.298494851,6.932960897,9.059296487,6.794798903,7.247250331
GALK1,8.6101371,9.47162598,5.834507257,8.837763866,8.452525647,8.909941526,7.842611915,7.672415588,9.276247555,7.652061215,7.665226374,8.795375332,9.485730207,9.240511582,9.428186348
CASP3,5.947064235,5.994857628,5.427233374,7.506267928,7.244149187,7.058517484,7.511123126,6.116573946,6.274050691,8.340108138,4.962794046,8.065177861,5.032041295,6.458558208,7.168327398
CNTN6,0.791819137,1.162807259,4.236410365,1.18701437,1.16184219,1.584994863,1.253248978,1.955838395,1.35211345,1.287139424,2.371436809,1.63225092,2.279829525,1.317679114,1.107978918
TTI2,5.440050317,5.001117114,3.995519061,4.851388367,5.490735065,5.010616279,4.603223344,5.683408127,5.034474109,5.103083004,5.351165437,5.507974221,4.478363568,4.5673977,5.271419904
ARHGEF39,4.733026863,3.447766051,1.292352831,2.383780804,3.530388579,3.693941665,3.387906274,4.451260225,3.298562592,3.811877473,7.381093052,4.244224547,1.640712301,1.78751909,3.730802385
ALG8,7.627226601,8.365812378,6.345541219,8.06918185,8.026327586,8.409938453,7.637338765,7.692636659,7.30557878,7.240367326,6.853495464,7.482906146,8.016122791,8.252257523,8.240429071
EGR3,4.472905331,5.080297627,7.017964156,3.12372875,6.508447505,4.247973502,7.901364052,7.794383063,4.606003876,8.036279756,6.551573372,5.435302541,1.828915678,2.674504547,3.865558474
CNTN3,1.300130847,0.784677521,6.142440391,0.958827589,1.25278463,0.304863828,1.885466075,0.782285482,1.385477202,1.08429547,3.453481398,0.962267907,3.2683937,0.074928529,1.107978918
ING3,6.281362353,4.555028796,5.611828764,5.663475323,6.408148536,5.254659098,6.32099168,6.175234621,4.681817849,7.967373837,5.449857892,7.692066968,4.229608779,4.640139375,6.020368562
CAMSAP2,7.798119172,5.311665044,7.463642337,5.628286427,6.060249341,5.540118543,6.112057872,6.116573946,4.744233098,7.090864439,6.983654741,6.330197755,5.458165097,5.076030399,6.188357717
MFSD6,6.253977472,4.561351263,8.641129126,5.602144416,5.73111851,5.057242487,5.816370846,5.723270078,4.503367221,7.530568424,4.667048107,6.059799012,5.039208059,5.882643858,5.996089666
FAM126B,7.223470664,3.281565981,6.161013927,3.24695026,3.757009843,2.541933986,4.59889392,6.496043722,2.119229279,4.95089187,5.06320683,4.063144891,2.744772363,2.801281112,3.356633785
MCF2L2,7.202135735,1.921278244,7.425102644,0.584598503,3.99952503,2.570789014,2.816582997,5.122387111,3.029812979,5.261957016,6.465071457,3.444951597,2.961455621,2.69839896,3.149161718
HTR2C,1.675259624,0.072616151,4.791663571,0,0.196078129,0,0.196179818,0,1.133896458,0,0,0.266903103,0.40694644,0,0.955157119
OPTN,6.780797684,7.481673124,8.701586352,6.133919948,7.598036369,7.367398757,7.241476284,6.86017474,7.840152987,8.099941629,6.728006137,8.351512263,7.297983952,7.706699968,7.131650109
STMN4,8.72678359,7.854818385,10.12818933,7.335792928,8.082419343,9.151139634,5.412311571,7.113658556,8.40406298,9.026019316,9.510369663,10.19237868,9.415179183,7.011762486,9.366705897
S100A4,7.414908526,10.02443589,3.458427558,7.667798086,9.014043014,8.803039886,9.699671734,6.086324226,7.472065636,7.892583893,5.232956148,8.30622738,6.057662745,10.43250626,8.416928596
OPRD1,4.918874833,0.648779606,4.649826786,0.289308085,0,0,0.196179818,0,0.162790913,0.971068009,5.745874835,0.62473343,0.283626714,0,0.194628402
AIFM3,4.519647722,3.627236493,8.793487466,3.160021767,4.527030295,6.220924081,2.917380348,2.201403741,2.485130406,3.118082241,4.789362747,6.617768016,6.008607589,4.199961748,6.924267112
HSPA2,4.772161144,5.897020271,8.585781119,6.268827775,7.778178884,7.329910518,6.145095937,5.48899852,4.813283258,8.37981466,7.079252558,6.596717554,5.694390675,6.54921923,8.081821356
PPP1R3F,7.035223396,5.567062494,8.108421156,5.206222837,5.752703273,6.109801692,5.663068277,6.160791543,6.745655057,5.959273248,5.745874835,6.768799325,7.095733419,6.636065604,6.664633763
BAAT,0,0.740785346,2.312208553,0.353399575,1.568192237,0.612993681,0.594369296,0,0.876687424,1.189279515,1.549285232,0.746233097,0.40694644,0.146156915,1.107978918
TPPP,5.144414981,3.627236493,10.01149978,1.383989996,5.317226004,4.754934248,4.650008743,5.264250032,3.289778676,7.62541357,7.736472507,5.354004031,2.622862856,2.321398252,5.308697644
TMEM235,2.219177937,4.693864753,7.213036642,0,1.37927676,6.721549417,1.014087292,2.201403741,0.728554886,5.871287994,6.511511806,4.202368298,4.478363568,2.242334145,3.510824368
KCNT1,4.26913805,2.387638082,7.403816054,0.473625437,1.603178421,0.66744264,1.296666987,3.645892097,1.053150085,0.971068009,3.453481398,2.667101479,3.771343901,0.400377392,3.089214424
PITPNM2,6.70192475,4.463475519,6.684123127,5.20839063,5.389152448,5.990735746,5.603805653,7.028719289,6.249345315,5.542686267,6.501320148,5.423965213,4.467779125,5.015497841,6.169664995
SLC9A5,4.608820744,3.341570803,4.726649844,4.395088663,4.598126936,3.592061776,3.939939042,4.997910656,3.263101409,3.899583911,3.856691658,2.571694714,3.613854631,2.823180595,3.356633785
KCNAB2,7.705125896,5.659840827,10.55865277,4.729890685,6.118844737,4.55282857,5.858631503,7.476413309,6.076265761,6.889420636,7.440974212,6.609784968,5.313946266,5.419341399,6.023575096
RASGEF1A,2.77611423,4.268596677,6.966977479,1.288861286,4.178367455,3.010611761,3.407842882,1.659723569,5.515203514,5.40233073,6.041468042,3.691798745,3.193284992,3.998176359,5.105820293
STX1B,5.144414981,4.922257984,8.451084864,4.263667802,5.479010313,4.959708054,4.433693048,5.872539729,5.300247476,5.783886318,5.90122873,6.597726953,6.411603504,3.780395785,6.643947349
VPS13D,7.272058439,5.960586929,7.233656285,6.239448534,7.222514339,6.581470179,6.540051339,6.530154487,6.073709475,6.880629622,6.048484574,8.184530012,8.19602144,6.175403593,7.663684763
MGAT5,9.189357818,5.248418455,6.951945678,5.267802924,5.725175274,5.361733167,5.883762116,8.579399783,4.304054652,6.870798587,9.423982912,5.344414194,5.074517386,4.954795823,5.550171697
RAB20,7.611128969,6.672766785,3.82741261,6.792611197,7.600202791,6.715909159,6.761519122,6.461106878,6.229960755,6.587197798,5.885641489,5.848779554,5.368072145,6.883452726,6.202573711
DTNB,5.912452088,7.640892855,7.871945075,6.141881149,6.517645917,7.97598059,6.127169028,4.788402301,7.680473026,7.193023337,7.16568442,6.232202296,8.558240449,7.277698462,6.719049308
GTSE1,7.223470664,4.664798952,0.993932964,4.973675723,4.025550937,6.088758138,5.458444409,7.098582383,4.810215282,5.80881485,6.156342353,5.800499131,2.053159952,2.917811529,4.483850832
POLE2,5.440050317,4.653006661,2.961381406,5.6185386,4.428060014,5.810430293,4.327798699,3.802954053,4.062446313,4.025439525,3.888321195,4.516031412,2.802069762,1.85285135,4.591481707
TRIM59,4.883571311,3.662952773,5.795413267,3.550175131,3.40711827,3.878366686,2.786441153,5.122387111,3.272048754,4.751027858,4.962794046,3.417774941,1.424220954,3.338540513,3.829371164
CX3CL1,7.427219992,7.12733825,8.207422149,6.919104173,7.332152302,6.986057473,7.392942499,7.789697298,8.140506691,7.454281885,6.701543159,6.582511315,7.330965079,6.563112948,7.504117319
SIGLEC7,4.986991323,5.67595441,1.648819213,3.229978543,6.243274854,4.767452303,5.182800177,4.010504033,3.619188218,5.445359611,4.270816682,3.079204181,2.503576957,5.305324934,3.6910228
C3orf49,0,0,2.537415329,0.41476451,0,0.497513818,0.84890533,0,0,1.239039056,0,0.345921971,0,0,0.722406629
RAB32,3.896646329,7.828521151,5.072395353,6.897098368,7.472394033,7.114709176,7.966244549,6.131464236,7.602371181,6.900092969,4.592197014,8.087266297,6.394939874,7.056937318,6.895678189
NID1,6.660810031,4.509978281,3.788123248,6.713163657,6.324139035,5.841843264,6.3877635,9.03037365,6.095294881,7.604210044,5.684141731,7.182769447,3.799754183,5.129738375,4.972801909
METTL23,8.017551144,7.274572826,6.66038536,7.695880525,8.040755706,7.852899089,7.652562577,7.283259262,7.11049956,8.368331488,7.210165158,8.368466927,6.922468501,7.517771507,8.261291726
HNF4G,3.896646329,1.434841234,0.878962309,2.968673568,3.869054493,1.719925888,3.062789109,4.247648942,2.177533168,3.664885941,0.973325103,3.953872147,1.02285948,2.192728593,2.292661744
LRRC42,6.046180883,6.741891261,5.492240765,6.196412371,7.074547823,6.514355959,7.146037991,5.642413409,6.711530747,6.977255986,4.386083246,7.195493703,6.42807686,6.58250258,6.70912598
HLA-DMA,8.204399691,8.514348781,5.270707852,6.886306838,8.987599909,8.031526589,7.27916942,7.702641894,9.161612488,7.808048177,6.449253089,6.826769179,8.405784867,9.026986956,7.32403071
C1orf216,7.700061448,6.041960971,8.514748794,5.705520601,6.215280542,6.102409554,6.909572359,7.335634012,6.022934601,7.09255725,6.427888467,6.848981195,6.215721702,5.744587349,7.013250612
PTPRN2,6.751723297,5.902010696,8.865091408,5.8499816,6.020359769,5.638802887,6.099853942,5.556754613,6.684140815,7.342776308,5.51209107,7.152177699,6.524854969,5.960045343,7.041996114
ATP1A3,6.360529761,5.709075863,10.50438208,4.164433977,6.515351807,5.218646088,5.062186586,2.902783536,7.045454701,6.820612697,6.762551556,5.664531216,7.283471365,3.669927926,7.085603085
DST,8.868950241,8.797829961,9.518338188,9.124466661,10.00019129,9.156949452,9.553241808,8.691659505,8.57648021,10.09662525,9.435403001,10.11975235,9.382210915,8.132396591,9.444277704
ANGPT2,5.415542235,4.500138814,2.918359793,7.050578088,6.117332856,5.607812998,6.16573295,6.285851592,5.683925718,6.282130233,5.049282989,5.715638094,1.134142481,4.640139375,5.078330689
SLITRK4,0.791819137,2.173220886,5.452584046,0,0.196078129,0.160469782,0.448004099,0,3.11183939,4.776525626,1.549285232,0.492052541,1.302432772,0.457501815,2.472364162
FAM171A1,5.144414981,4.733597513,8.080642176,5.64918345,5.525348218,6.01587276,5.126763913,4.75032338,5.713784456,7.85468077,6.18845865,7.4768841,6.92827046,4.18735285,6.14190167
DGKZ,9.064872597,8.634091009,10.33904374,9.110625006,8.247007808,9.551360916,8.336939837,9.320822761,9.610084455,8.535711804,8.332892689,8.202888292,9.115329616,8.813163076,8.970163164
ELFN2,6.917980621,5.456077883,7.506635694,3.717808966,2.572821238,3.726363226,2.145033751,3.372686435,4.299686066,3.233051816,7.758034179,2.712538646,6.342796997,0.400377392,4.431701995
EML5,5.114274547,2.329557512,4.949570593,3.729931831,4.07623523,3.141398891,3.94676901,4.30130851,2.93159047,4.290249703,5.117596055,3.515015186,3.276502764,2.508727593,3.492427981
MGME1,4.155335548,5.23265914,5.059253271,6.5755085,6.263919776,6.801328516,6.386508142,4.931398644,5.007940712,6.740821447,5.157083268,6.436699737,4.732340196,5.818676963,6.498279069
ACVR1B,7.481357291,4.456708194,7.359606922,5.219180999,6.276166396,5.134171441,6.382735503,7.42294966,4.573802985,6.961594353,7.312802413,6.357867271,4.107647202,4.694614733,5.781794466
MIR600HG,4.918874833,5.447570113,6.088478441,3.777429589,5.187796013,4.951503122,4.399251394,4.247648942,5.188908816,4.419956052,4.838766988,5.295484866,5.358554546,4.937331339,6.212442209
RNFT1,5.511171373,3.615131834,5.244821999,5.840229045,6.209615899,5.33043701,6.098321167,5.578650816,5.298059065,7.670879271,6.048484574,5.94392645,3.039769487,4.792216918,5.615379764
DBH,0,0.498736499,3.057040546,1.473232232,1.25278463,0.719911152,0.368848086,3.372686435,2.016493197,0.400644028,0,1.80999357,0.574164306,0.400377392,1.595508859
ATP6V1A,9.115201965,4.972937278,8.824160193,5.845810003,5.949059157,5.510637137,7.00100218,8.160183515,4.89374459,7.09255725,8.272748103,6.176542107,4.98827658,5.355027952,6.553672084
ZFR2,3.490260136,7.348179617,6.247561893,1.077427737,5.247065566,2.082499242,2.692042294,0,5.065683166,3.183081716,2.540226333,1.781849211,4.25445404,0.340897504,5.292839267
TTC31,7.984608416,5.0057607,5.133235694,5.98887126,6.453189317,6.160512537,6.604096719,8.635315992,5.205350142,7.134244583,7.432953487,6.303225257,5.385047179,5.249811409,6.064624174
SLC12A2,6.38598207,3.992654392,6.624029915,4.845828988,5.080157719,4.719938782,5.999960461,7.020743695,3.845838397,7.189072902,6.877334713,4.405089681,3.892367008,3.550294856,4.357408582
CACNA1I,2.77611423,0.600478562,5.618563942,0.222236434,2.364300155,2.14139339,1.208483649,1.286707618,0.309061226,0.565739117,1.959800392,1.2765297,2.503576957,0.400377392,1.662861851
PRSS3,0,2.857235606,7.612767906,4.199729557,3.530388579,3.372012632,1.532859968,0,3.547305702,1.464947336,3.224831257,3.849265306,4.391430525,3.589156176,4.966151197
PNMA1,6.994436054,6.352912436,9.541412011,8.436547379,8.865482908,7.474350693,8.85996321,7.577740462,8.27287279,9.072649806,6.923863025,8.07933891,7.642302197,6.400566367,8.117896805
TUBB2A,9.754690742,10.27963839,11.57933065,10.53957468,10.40054928,10.86714552,10.77513622,9.896886168,11.23465106,11.12075306,10.21180731,10.2923221,9.32984096,10.11104777,10.32419868
RELN,0,0.270813296,5.598263339,0.353399575,1.457835492,0.304863828,0.523042044,0,1.053150085,0.971068009,1.959800392,2.487066985,1.203831446,0.889817461,1.62957837
IGSF8,8.792497261,7.732336827,9.577579314,7.688134521,7.673019334,8.407191175,8.186370529,8.579399783,9.025548772,8.695177481,8.131211578,8.389893795,8.018844338,8.144949536,8.849098252
FCGR2A,9.574096924,7.339928738,4.995139441,6.483630961,9.030804078,6.685724437,8.519814319,8.931744095,5.822839022,7.664633819,8.376759277,5.597486948,4.519941485,7.534046165,5.444085371
LPL,9.092190993,6.351088977,5.556784528,8.671532184,5.777803047,4.283270616,9.100215098,6.777391348,5.500051867,7.781008191,7.456883114,4.626979774,7.463397791,4.8652792,5.282169336
RAB11FIP2,4.213358628,2.694195112,6.558992044,3.168954138,4.13718483,3.216361227,4.495553271,3.268769603,2.920252331,5.323796748,5.076997572,4.973408805,2.835386788,2.967820311,3.792252758
ZWINT,6.761480007,6.274270538,4.701493967,6.427978383,5.748802715,7.349817305,6.505774124,7.256341169,6.786035093,7.266096688,7.802291187,7.521182424,4.084740392,4.470121307,5.084484916
ADARB2,3.824015197,2.826068303,7.652689612,1.288861286,0.726926847,3.801325469,1.766977269,4.247648942,2.322388627,5.109785491,5.501903518,4.033612168,6.811045005,2.20945401,3.240179508
DHFR,6.046180883,5.973682173,6.072215404,6.665832844,6.849912199,6.13175353,7.176863933,6.8512077,5.165091338,6.899126013,6.723629212,6.705595954,4.878017619,4.986679418,6.034742169
RBP4,0,2.867476854,7.527064767,0.873972735,3.325667896,3.660774713,3.183354385,0,4.290909009,2.63263525,2.074231976,2.62018662,2.813261145,3.134729026,3.633421746
FAM111B,4.953335054,3.202870442,0.106050045,3.344790042,3.216929159,3.606068673,3.980442092,4.073543647,1.835191911,4.336699334,5.021025556,4.850071431,0.770673314,1.671593662,2.665366828
TCP11L1,6.82798965,4.225454375,7.077838717,3.98386985,4.953706016,4.380188921,5.299449468,6.388587799,4.08292906,6.48650347,6.521631972,5.229290166,3.292585422,4.05480457,3.674798682
ACTL6B,7.173189324,4.519751094,8.221131821,2.748008507,4.069996219,2.102398956,1.968353894,0,1.835191911,4.965746149,5.090657735,5.118313494,8.339115206,2.650207713,5.347597312
DEPDC1B,4.810261851,3.507922812,1.53949954,4.067452595,3.465323538,3.940488537,3.377833695,5.122387111,3.081623368,4.703078348,5.460418306,4.906555626,0.859724182,1.317679114,3.013826346
TCF3,8.438310008,8.269665126,6.58214772,9.24551819,8.534109256,9.328063334,9.628977418,9.357698183,9.756334492,8.764246508,8.938721743,9.513676634,7.015036332,7.854250457,8.510459978
EVA1B,9.582377451,9.797882538,6.392143516,10.35303548,9.235078602,9.951933136,8.494400529,10.31888151,11.03517931,8.253858231,8.423385305,8.976626406,8.537513255,10.57322509,9.728913047
KDM8,5.947064235,4.233394999,4.876527487,4.735914302,4.822538342,5.034117738,4.500203672,6.023852816,4.908164643,4.928319687,5.021025556,4.432504082,4.82647878,4.602645077,4.723534832
CACNA1F,0,1.059397375,2.312208553,0.151893904,1.296192689,1.197966761,1.419591675,0,0.922867482,0.310424829,0,0.094561382,0.464866145,0.512450247,0.282907114
RBBP8,7.21639402,7.411666497,5.012289674,7.018815709,8.027937854,7.301140898,7.425701098,5.29102232,6.0465914,6.928804338,6.013055605,6.780403344,5.836918607,7.91605589,7.689149113
EPHA4,7.469501122,4.33283258,8.215959687,5.177741051,5.143918439,4.334648062,6.501141673,5.511939281,2.672488404,6.915476773,6.136723698,5.129524126,3.736496167,6.228678054,5.210822209
TCEAL5,5.643687594,6.573041912,8.581765751,6.075739517,7.231626549,5.759642152,7.212014331,5.030051028,7.068748032,7.39515492,5.581458053,6.385016082,5.379410998,6.007440381,7.404944288
ZNF831,1.300130847,0.072616151,2.947182939,0.077945045,0.196078129,0.082464857,0.196179818,1.659723569,0.563453521,0.111063732,1.191866241,0.094561382,0.217774517,0.512450247,0.100593785
LCOR,4.692801364,1.290078974,4.956675554,2.429098324,3.366967813,2.287615191,3.905295604,6.055426635,2.515586351,5.39686075,5.090657735,3.90903693,1.872365858,2.366837115,2.414914994
DIRAS2,3.824015197,2.586723559,9.017681785,3.717808966,5.843286056,2.420371274,2.771130739,3.875506047,2.485130406,5.769143239,4.036834575,4.880250076,3.210316994,2.20945401,4.935837655
TMX1,7.389965854,5.058114563,5.907822107,7.196404927,7.350928906,6.261313223,7.966244549,6.767892974,5.457545177,7.882834257,6.041468042,6.925744448,5.621457843,5.503125013,6.648108429
ARHGEF33,0,2.052742289,4.101887136,0.829597233,3.216929159,1.719925888,1.532859968,3.944583493,2.373167175,1.506174465,0.973325103,1.150126322,2.57106048,1.719087353,3.137369881
FGF22,4.374616234,1.227846119,5.364510126,1.610700005,2.930526742,2.404429629,2.463486764,0,1.735213425,2.367723875,3.067942213,2.397163986,4.169916395,3.669927926,4.493133194
MOBP,3.581211572,3.633250948,10.01405622,0.289308085,3.876223601,8.9044617,3.183354385,5.818357244,2.373167175,9.431140406,8.833991866,5.828285464,6.132168372,4.007770101,5.202358108
FCER2,1.675259624,1.462128811,0.297288132,0,1.37927676,0,0.727243551,1.286707618,1.053150085,0,1.69948109,2.13324682,1.714195284,0.713437379,3.590822977
ABHD8,7.180480557,7.184774396,8.865327389,7.522475627,7.017332714,7.544671855,7.779453558,7.40467891,8.320010059,6.477462348,5.94700478,7.603888044,8.429842134,7.950974759,8.330891019
ATP7B,4.519647722,0.947998962,4.359452957,1.916734782,2.500434428,2.420371274,3.377833695,5.31730683,2.422219071,3.770177268,4.064787019,2.504394331,1.333857146,1.378104069,2.011859248
XRCC2,4.733026863,2.314664523,1.845363026,3.177831544,2.916686262,2.270127643,3.540179811,4.788402301,1.511713379,4.644276295,5.021025556,5.078375709,0.902269731,1.222013982,2.271239725
GNG3,3.176931778,5.785326091,10.55170463,2.806418743,3.099321568,4.61994286,6.331467573,3.372686435,9.111866016,4.889896388,5.170009097,6.618762799,7.001646457,8.274036322,7.746550845
DYSF,4.608820744,5.667187501,7.37956972,5.722304943,5.409060993,5.99739333,4.92711225,7.367428245,5.888309414,5.857415748,5.076997572,4.737348175,2.802069762,5.77860945,5.249677734
ACTN2,6.780797684,5.366850785,7.341401136,7.010764636,7.944711944,7.97665459,6.902563572,6.81477158,6.705764056,8.824822644,6.156342353,7.003206928,7.32804209,6.535190408,6.307583216
STXBP6,5.664636811,2.429713753,7.125115264,0.736528786,2.72352088,3.592061776,4.550392518,2.902783536,1.95114585,5.243790482,3.366320106,1.891275092,2.622862856,2.662407278,2.580823861
PREPL,6.873686692,5.292790513,9.993044857,6.647575799,7.169519146,5.895578461,7.441503416,7.128578812,4.92244199,8.306224391,6.048484574,7.361578867,5.325716838,6.179653822,7.098584276
MSX1,6.334620341,6.798518369,4.924424008,5.942742648,7.146726563,6.156948857,7.10541149,7.036651035,6.529504538,6.724537988,6.728006137,6.337467208,7.381651366,6.668937925,8.037701759
DCTN1-AS1,0,0.389271261,6.266268367,0.151893904,0,0.719911152,0.84890533,0,0.675593016,2.824125166,1.191866241,1.193503044,0.902269731,0.565382398,0.657838811
MMP14,11.77467038,8.306357673,4.194952466,9.339377728,9.191200314,8.974969097,10.5331928,12.97226223,9.483397842,9.860096153,10.07590899,9.756611522,5.369968153,8.897184511,9.0466249
GABRB3,3.289107468,2.549043829,8.108022358,0.151893904,0.284952208,1.197966761,2.501093087,5.818357244,2.515586351,6.031649647,3.224831257,1.992983157,4.391430525,0.278859517,4.224394981
C19orf48,7.364584352,8.486172142,5.482428311,8.421209337,6.524506443,8.725965974,7.926199426,8.53529318,7.985268136,6.840897023,8.385097662,6.609784968,8.01157544,7.40567415,7.611899359
RNASEH2A,5.173938592,8.641942561,5.104736151,9.461411554,7.601825475,8.6886073,7.687642144,6.796202526,8.34725298,7.632412721,7.26239633,8.450374325,7.320218377,7.491942312,8.225887213
RRM2,6.410993119,5.796088791,1.750435523,6.765630705,5.452875461,5.858028701,6.391523031,7.090984802,3.863705311,7.10686651,6.292597002,6.010624783,3.104971614,4.022042146,4.952757084
DDHD1,5.980865409,2.205872926,6.142440391,4.671375924,4.829941765,4.031523806,4.263604275,5.762060184,2.93159047,6.001332177,5.19551843,4.533016372,3.43704244,2.242334145,3.792252758
PINLYP,6.741900153,7.150063557,5.11429869,8.252102222,7.528642325,8.210648106,7.557039659,5.683408127,5.385168447,6.641401133,5.182820144,6.839625506,4.052047258,7.379124314,8.260612467
LSM7,9.758349721,12.29336638,8.858468223,12.18133681,10.89035923,11.81031299,10.9230039,10.26250576,12.04278105,10.67303947,10.25490919,11.79863441,11.75452359,11.46012824,11.69444899
MCHR2,0,0,4.977782876,0,0,0,0.196179818,0,0,0,0,0,0,0,0
KIF3C,6.960955039,5.091262547,9.667199955,5.703985024,6.686202773,5.44006159,7.081561322,6.312229619,6.40081106,6.920250763,6.521631972,7.367509151,5.991467599,5.089645998,6.341382259
PTPRN,6.986138362,7.745931238,9.831170734,2.529611555,7.647059098,3.160507786,6.650854258,3.726559379,3.667456461,7.126829213,5.581458053,3.653480376,7.852178878,7.155172484,7.65956843
STRCP1,0,0.550504229,0.687257517,0.151893904,0.662041154,0.436111778,0.961100566,0,0.083690366,0.214185173,0.715665279,1.500292121,0.983772248,1.154520761,2.527613002
NEDD4,4.26913805,2.549043829,3.096172172,3.812054044,4.006075655,3.363792098,4.374136873,3.726559379,2.725562294,5.610419943,5.182820144,4.801834953,2.108717845,2.600350908,4.09014696
PTPRR,1.300130847,1.023211959,6.397374895,0.289308085,1.338332738,1.436129718,4.235989987,5.122387111,0.376986657,1.731489053,2.371436809,1.392744771,2.126771655,0.930737728,2.159081575
VSTM2L,6.596853859,5.713340528,9.39447215,5.863800443,5.351066863,3.372012632,4.032735825,3.268769603,3.416231952,2.070722755,6.256694427,4.409695077,5.584377307,5.976017316,6.983920697
GLS2,3.66676764,1.195693164,6.878090581,2.840362445,3.366967813,1.304883477,3.206303868,4.671010865,2.954002881,3.561115481,4.533394633,3.211692854,3.347503487,2.20945401,3.076920148
OSTC,6.240087603,7.890407992,6.630708503,8.631905682,9.125221194,8.268211938,9.143775133,5.29102232,7.935100354,8.748763637,5.384818679,8.7752184,5.924670758,8.527858688,8.827933133
RAB6A,10.52097436,7.251786871,9.939473606,7.716208539,8.639248018,7.239576556,8.877494963,9.887048747,6.634703609,9.211935851,10.29602383,8.469248729,6.440760676,6.824959555,7.805486301
CHRNB2,4.883571311,2.122813941,6.528323108,3.421541673,1.884882639,3.428281031,2.875040792,1.955838395,0.44185729,3.836331041,4.036834575,3.124732427,3.688683206,1.719087353,3.304862178
MAG,6.563780144,6.672036629,9.336587189,0.222236434,6.583731439,9.786894656,5.59078349,7.316215615,3.101837535,10.40536594,9.829867316,5.466581118,6.614747857,6.246007827,6.532444879
GRIN1,3.176931778,4.99412359,10.51351997,0.077945045,0.905720275,2.270127643,1.458344316,1.286707618,2.764124437,2.042975741,5.257385569,5.288000207,9.456919307,2.522178312,6.903531521
PLEKHF2,4.031781373,4.623097216,4.511933081,5.478263402,5.335546581,4.779862675,5.656833905,3.802954053,4.86741962,6.216886588,3.687222679,5.312799527,4.221231025,4.825146654,5.108842609
NPHS1,0,0,2.903729361,0,1.637336219,0.082464857,1.827437769,0,0,0.214185173,0,0.183304167,0.283626714,0,0.194628402
ST8SIA3,3.289107468,5.028757048,7.781811214,1.736201094,0.10136765,1.467156996,0.662335622,0,0.922867482,1.623225892,1.191866241,3.786909877,7.815082599,1.809626875,5.024931879
NACAD,5.76504918,6.048726938,6.539013218,5.184363855,6.658403094,7.054692394,6.667488162,5.264250032,7.103624343,7.080665646,6.013055605,7.589752584,6.239768711,6.569605157,7.022896225
RTN4RL1,2.219177937,1.349737964,6.571773633,1.414354929,0.662041154,0.719911152,1.703871737,2.201403741,0.237779012,0.565739117,2.6913204,1.316317353,2.108717845,1.518942907,2.182221614
GPN1,7.533536343,6.668380294,6.522349751,6.871335437,8.334516638,6.978674508,7.591224026,7.373703866,6.843436916,7.879406258,6.561417325,7.326085124,5.775304188,7.408393003,7.870591309
HOTAIRM1,6.650345627,7.006273584,1.336597132,4.988888452,8.045930602,7.148001295,7.173956344,4.451260225,3.272048754,5.814980256,4.270816682,8.160821898,3.759821263,5.078308608,8.974726134
RPS15,11.36077336,14.53164788,12.6159898,14.5521104,13.39721282,14.03716647,13.6606095,11.22378012,14.23760605,13.32976862,11.60809114,13.57215093,14.63695982,13.94573108,13.36710319
FAM184A,3.393186765,5.439011875,6.090094707,5.660311564,5.525348218,6.030228061,4.523233445,3.802954053,5.613514879,5.927378663,4.036834575,5.010264225,5.388792438,4.775465833,5.159276318
TUBA8,0,4.558193493,7.645562768,4.225645874,3.159323444,4.372014976,3.584647679,0,4.460959548,2.687430353,3.575080631,2.867874431,5.017600069,2.767795687,4.595796666
CSTA,4.094880723,5.538505018,0,3.212804793,6.183846109,5.382226355,6.264709375,3.645892097,3.790870383,5.216104429,0,3.934827411,1.563284679,6.309443728,3.928492641
ARPP21,5.929861958,4.33283258,8.816613949,3.900518208,5.083258702,3.90126714,4.285321346,5.818357244,5.505752399,4.26645176,7.977943713,4.870260506,7.281458123,3.025628863,5.976368008
POLR2J,8.211535269,10.51729319,7.933558759,9.76368845,10.10841153,9.952190171,9.628048208,6.929972608,9.914156659,9.30412635,7.480422294,11.03399463,10.05661996,9.968254667,10.36332099
SYT4,4.213358628,1.615829523,8.085511886,3.6994315,4.513300619,0.436111778,3.315875153,1.659723569,0.503936105,2.903417381,2.6913204,2.742054059,3.581493064,2.06988472,3.707066494
MAP1LC3A,9.092190993,9.460252329,9.717475433,9.522797833,9.235949665,10.36353913,9.228364347,8.579399783,9.730195708,7.852684303,8.030272384,9.277419405,8.659183236,10.1793634,9.716087744
DLG4,7.816955576,6.904890039,10.42823915,7.642769386,8.39722141,8.298447948,8.622557726,8.378738566,8.403808592,8.421491277,7.424887921,7.811727336,7.542021473,7.008779564,8.897745402
B4GALT6,6.281362353,2.373335674,6.956383078,1.557274237,4.645049626,3.216361227,3.898265959,2.201403741,2.954002881,5.426692186,5.049282989,3.540435966,2.38857392,3.645553237,4.441324886
ENC1,9.685910527,5.099974874,10.92663445,6.153178619,7.006755951,6.318790099,7.941667468,10.14268118,4.849598932,7.740013672,9.830885049,7.483998368,4.589938499,5.417543107,6.275665283
C2orf68,7.463536298,6.770141507,5.697024952,6.5137433,7.082317893,6.804368971,6.568006425,7.761258539,6.296148805,6.759056549,7.26239633,7.512109721,6.118699952,6.765408805,6.840383709
TTBK2,8.538176637,2.523365935,6.849747998,3.911204347,4.131204445,3.667469384,4.42393619,7.106140163,3.626183344,5.505048362,7.710165792,5.057984421,3.010897662,3.405392523,4.683551544
MAML2,7.202135735,4.056709139,4.158443542,5.460184589,5.244297742,4.261311325,5.640075987,6.363581447,4.162070235,6.588398048,6.475521494,5.178921076,4.200071291,3.18633349,4.80032317
DOCK5,6.046180883,2.373335674,6.254785424,1.22176837,3.89751962,3.967865035,3.862594578,4.711212082,2.177533168,5.631533061,6.034417219,2.82714147,1.61536202,2.876517657,2.111657357
FBXO40,0.791819137,0,2.312208553,0,0.10136765,0,0.448004099,0,0,0,0,0,0.217774517,0,0.100593785
CKLF,7.258342387,9.722046163,7.25398537,9.412537264,9.225111139,9.684178276,9.169366502,5.958553354,9.409934066,9.113449639,5.90122873,9.654084998,8.623469254,9.592468164,9.689080607
CLN8,7.027157656,5.621023115,6.017208297,4.699389476,5.73900493,5.715101143,5.394936387,7.974465851,4.776029786,6.647171939,7.065483458,5.689364313,4.237938165,5.406706027,5.534522821
UBE2QL1,1.972701591,2.946890398,7.594664041,0.99945397,3.19416214,2.234503482,2.958512688,1.659723569,4.181195313,3.104723389,1.549285232,2.397163986,3.854949494,1.083714391,4.241019421
CD48,4.651422041,4.548678498,0.617244132,3.186654659,5.048775683,4.304900669,4.812133003,3.469618468,4.840605354,4.830271782,2.828079749,2.881200465,2.461517754,6.074024182,4.065468833
LY86-AS1,0.791819137,0,5.838359017,0.353399575,0.447790586,0.37197981,2.121080318,2.411187474,0,0,4.008329831,0.492052541,0.346603827,0,1.246151947
ADCY5,4.26913805,4.418909607,7.370288112,3.360470502,4.240797588,4.633682935,3.980442092,3.560445827,5.576074599,5.675115661,6.116834575,3.699341786,4.169916395,3.84068614,4.392555438
PLCXD2,4.772161144,1.462128811,5.631940697,0,0.905720275,0,1.856743655,0,0.376986657,3.930199894,4.838766988,3.283707727,0.148772113,0.146156915,1.246151947
RAB11FIP4,5.578950455,3.983267057,8.415108028,1.851653101,4.494788739,5.167612921,3.037418048,4.543214445,2.099259016,5.867338088,7.172123393,5.265310392,4.435551742,3.006615564,4.837237142
CENPK,6.518468317,4.635135504,1.53949954,5.954413809,4.919414785,5.697219612,4.870767769,7.106140163,3.893000413,5.867338088,5.693124129,6.059799012,1.424220954,3.455327967,5.213632576
UNC5D,7.223470664,0.445041847,5.801345328,0.873972735,0.522798811,0.082464857,1.014087292,1.659723569,1.68249994,2.299006989,1.835504282,1.23561356,2.213799743,0.278859517,0.657838811
PDK2,7.550518245,6.62376585,8.343059252,6.36815476,7.176069457,7.050216934,6.81662204,7.593957421,6.789933759,8.126211108,7.253315399,6.898151822,7.005310583,6.904790371,7.416577272
IFRD2,8.932946411,9.035645516,6.44993043,8.492988524,8.361587674,8.164955301,8.247113694,9.012386922,8.344604736,9.035070689,8.799055938,7.711314065,8.334753248,7.698207548,8.546851233
ARHGEF4,7.165861055,7.653154199,10.00187259,7.997659121,7.771465848,8.646660072,8.236701415,8.981901557,7.359042929,8.552413801,9.208331898,8.177120786,10.0010438,7.418768064,9.49150214
PRKD3,6.935324301,4.280142252,5.059253271,5.186564717,5.635072002,4.804367668,5.514685026,6.086324226,3.851818655,6.956025874,5.373687929,6.501773421,4.286929172,4.273385023,4.711655765
SAMD12,0.791819137,0.389271261,6.635143781,1.151402449,2.071336581,1.693930411,1.114557245,4.010504033,1.053150085,2.475443793,4.611277001,2.155353399,1.424220954,1.317679114,1.289417523
SHMT2,10.03866524,8.670188628,6.744894367,8.934075014,9.153710188,8.868598676,9.10365704,10.45235925,8.868129776,10.71890173,10.76209506,9.390802205,7.930709372,8.111970697,9.128574215
DRD1,0,0.207725252,4.688749605,0,0.447790586,0.304863828,0.448004099,0.782285482,0.083690366,1.69629637,2.617750481,0.420836661,0.859724182,0.146156915,1.411934633
TK1,6.960955039,8.039383027,2.975441497,7.182137075,5.930239004,7.455617246,6.896402827,7.522328311,7.717379574,6.132185458,7.136348023,6.570222197,5.302078871,6.394179757,6.864724477
SP100,9.624419068,7.32374901,5.312844809,5.958283309,7.656979095,6.761990356,7.966244549,9.154018279,6.225361579,6.289528714,7.488184105,6.678182961,5.199193072,7.317297037,7.20197407
SLC5A11,2.429625731,1.663627721,5.771438058,0.473625437,4.07623523,6.066137009,2.021079688,4.402987571,1.709097426,6.603911096,6.983654741,2.378491002,3.810963474,3.108217671,2.906759922
GIPR,4.42459766,1.754720523,2.85892622,1.077427737,3.315155504,3.122033492,3.427507736,6.669302591,0.503936105,4.414552617,5.90122873,2.198575572,3.308490771,1.671593662,2.892800176
UBE2E1-AS1,0,2.429713753,0,3.038568984,3.446181521,2.693937914,2.344402204,0,2.016493197,2.014684594,0,3.915527902,2.034154812,3.227970531,3.900860259
MSI1,5.578950455,5.423477933,4.654203765,6.567086506,7.098500083,6.287624512,7.199201241,6.461106878,7.041535651,8.135683601,7.058549313,7.4198125,5.386921024,5.027337667,7.336976456
TNFRSF12A,10.84729449,9.295450928,3.322034868,9.686867883,10.88487163,10.33629251,11.63489729,10.50404847,9.525861917,10.1973098,8.300932022,9.861291575,4.861940225,9.583173484,10.40878641
NMB,7.916376619,9.643398657,5.209568795,9.752032871,8.932783984,9.450410692,8.184204716,8.551991574,8.696815192,9.30266456,7.999827627,13.34395039,11.78643929,11.76989714,12.92312204
MYO18A,9.452883806,6.888011626,7.686737284,6.48183992,7.488272295,7.774060155,7.023789795,9.77178988,7.488472449,7.423004467,9.557242653,7.523308912,8.221709285,6.938412888,7.979036809
PGM2L1,6.253977472,3.304361254,7.56881488,5.050602797,5.457662602,4.225466062,7.476733183,5.030051028,4.118088677,5.385858177,3.757416586,5.132313225,2.19680905,4.573870699,4.904873477
RTN3,7.621880656,9.295095318,11.670366,9.205788278,9.885412346,9.20691918,9.569097699,7.662197766,9.159956509,10.43935387,7.879079131,10.5130239,10.01034249,8.65196921,9.825082044
CLIP3,6.15381716,7.665679042,9.875776763,8.217272819,8.436852995,7.723558692,8.440072984,7.499553463,8.784036855,9.178055712,7.079252558,7.696785112,9.060324266,7.305677012,8.570063747
INPP5J,4.031781373,3.680484714,5.649585594,3.867976503,4.082447375,3.467170164,4.083200171,3.156782629,4.48809009,2.722837336,3.224831257,3.113484353,4.26671804,2.948024326,4.300387393
NHSL2,2.429625731,0.270813296,3.564548785,0.736528786,1.37927676,0.497513818,0.662335622,4.133943638,0.503936105,2.475443793,2.6913204,1.316317353,0.217774517,0.804321213,0.657838811
FAM131A,8.44134811,6.287678833,9.431279609,6.779548566,7.552892353,7.069932276,7.460121183,8.918927444,7.762124223,8.479246439,8.032043401,8.252441611,5.66534969,6.780178693,8.218211147
ATP10D,6.253977472,3.194759542,4.521547557,4.71166745,5.282572244,4.082507838,5.344107899,6.461106878,3.740187239,6.597964263,4.838766988,4.2849006,2.857178223,3.898557699,4.915268887
BEX2,5.997473586,8.120564903,10.60319478,5.536365389,8.627612759,6.986726782,8.65550203,3.268769603,7.160744082,7.860156852,6.470305937,6.284541466,9.386431926,7.525305707,8.241462188
NUAK1,6.267734888,2.574272675,7.702143971,3.590624598,4.178367455,3.687368993,5.427039826,6.496043722,3.65382953,5.231551116,5.813336625,3.444951597,2.517328554,2.917811529,3.777133802
DGCR5,3.490260136,6.173660347,7.715294811,3.973710471,4.195663526,5.420379209,4.541396183,4.191916204,0.620612558,3.967578238,2.458298626,2.840847305,6.074038416,3.143458976,4.600098757
ARHGAP18,5.052036191,4.249146322,3.49792615,4.973675723,5.460050229,4.252433158,4.800868654,4.543214445,3.226746584,5.479399602,3.320681755,4.468264628,2.53095031,4.589927263,3.666617687
UBE2E1,9.062901345,8.829606586,8.443518446,8.920750922,9.512455003,8.254938053,9.819518796,8.406549572,8.500955186,9.442468137,10.01139062,9.300851041,7.90837875,8.637944181,9.543665338
RRP12,6.471687072,6.885494241,5.745007259,6.98317657,6.526786054,6.943941904,5.948145388,5.417902776,7.534744736,6.597964263,6.804601626,7.028878844,7.244214181,6.81269722,7.564253594
AMPD2,10.4646024,7.618328965,8.72283907,7.584293309,8.478961133,7.533721553,8.980307545,10.00695781,8.369568921,8.31132162,8.582910169,8.359568262,7.542862104,7.454723464,7.765347828
EEF1A2,9.513320123,9.411435225,11.67131105,8.549871148,6.939048175,10.3368832,8.747850204,5.534520956,7.515566169,8.7506411,6.942815499,6.93535838,9.65058962,9.391054827,9.923738049
FAM171B,5.664636811,3.501361267,8.442569847,4.123666116,5.660208954,3.813449057,4.916713916,4.402987571,3.863705311,7.576655095,5.245222566,5.86060136,4.449963972,4.216604,5.419953323
SYT12,7.010889622,3.900907827,6.689464035,4.159960689,5.411530355,4.73595112,5.47743593,7.636332049,1.385477202,5.448006777,4.611277001,3.146968856,4.018596048,5.175146701,5.852017176
ELK3,6.334620341,4.570783314,4.437706557,5.458364184,6.247427541,5.45368121,7.099294253,5.703476772,5.606457907,5.861392877,4.47209333,5.773954251,3.541675922,5.125338292,5.896419625
PTGDR2,1.675259624,0.90886903,4.618810376,0.873972735,0.848549546,0.81944879,1.458344316,2.201403741,2.617387212,2.014684594,2.279008263,2.219710572,2.071917982,1.222013982,1.788810531
G3BP2,7.950895855,6.147634593,9.401160663,6.62908475,7.782477971,5.87548088,7.561496327,7.207991078,5.921385577,8.624683644,7.219520905,7.592286952,5.127033648,5.591908098,6.765753642
CCSER1,2.429625731,0,2.664351332,0,0.10136765,0.304863828,0.368848086,1.659723569,0.620612558,0.910937516,3.757416586,0,0.076302898,0,0.100593785
CDK5R2,3.896646329,3.363444422,8.58778462,4.048217251,4.224037346,3.613021453,4.486207257,1.286707618,0.376986657,3.67395974,2.371436809,3.947551795,5.292114255,4.233056462,5.448863717
C16orf46,4.26913805,2.659253314,4.826986067,3.344790042,3.216929159,3.252430611,4.462573853,4.997910656,3.019223825,4.625690368,2.279008263,3.352298104,3.324222678,3.268439534,4.556489407
SPTLC2,7.578384621,4.225454375,6.290370317,4.717767473,5.098664418,5.690661892,5.286047168,7.354794509,4.237094845,6.093822352,5.771544096,3.821883952,3.9081107,4.612110401,4.20757674
COG1,8.763660063,6.661775448,8.238725389,6.789718594,7.204115419,7.509241103,6.872390417,7.990888788,6.906563962,7.851685032,7.609383419,7.379883962,7.173783812,6.746194018,7.85312477
RCAN2,7.783828697,4.197312875,8.792743248,1.557274237,6.668761834,4.713483752,6.598686189,3.645892097,6.168996536,7.120205623,5.629040232,4.304816492,3.284566503,5.969895158,5.173780331
IKBIP,4.42459766,5.544900154,3.583032091,6.317840764,6.968695294,5.952874639,7.320511542,4.451260225,5.007940712,5.986841641,4.064787019,6.078719641,3.324222678,6.077444895,6.289050342
EXOC6,5.390610612,3.945094711,6.834401156,4.52599765,4.332261196,4.287622648,4.274503674,5.180816608,4.634035718,4.733775499,5.428502291,4.808825409,4.004018922,3.469283433,4.040361214
FGF12,5.643687594,6.356552456,7.52885352,4.674515538,5.309302544,4.527293441,5.812636825,5.030051028,5.332681427,6.153426064,7.082674398,5.696920059,5.102155543,3.062919851,4.935837655
RAB26,6.334620341,5.711920373,8.039409027,4.774466462,4.378433322,5.630261145,3.818591032,5.723270078,5.95649815,3.339531756,5.976734637,5.520802781,7.168346674,3.752135403,6.828515977
RAB3B,1.675259624,0.90886903,5.206591772,0.829597233,0.848549546,0.719911152,0.84890533,0.782285482,2.560097671,2.993151069,1.69948109,0.962267907,0.40694644,1.222013982,1.788810531
ASPM,4.564923097,3.813560775,0.617244132,4.851388367,3.474800139,4.179369563,3.718379947,4.191916204,3.440244965,4.296138353,5.22058454,4.9980834,0.902269731,2.12381774,3.769514491
DBI,10.38557784,12.83926716,10.36814402,12.8503316,12.01424188,13.07033723,11.59459296,10.2300149,12.17514259,13.15180299,10.39085689,14.24282035,12.65912051,11.85561292,13.4622173
TTC26,6.761480007,3.319360433,3.82741261,3.328937278,4.933229238,3.813449057,4.967971938,4.896956245,2.850285994,4.759577283,5.339770952,5.285496667,2.144602329,4.420704108,5.276804631
ZC3HAV1,6.846442521,4.801936328,4.212866212,5.057834202,5.798705478,5.491900561,6.71426927,6.585272512,4.711719795,6.120617344,6.256694427,5.791704994,4.402587973,5.245763206,5.554611803
FBXO8,5.313121467,5.106474764,5.813136773,5.770050346,6.455584353,5.532804479,6.650854258,4.997910656,5.490500638,6.602723688,5.130878909,6.864160833,4.773030338,5.343709067,5.96306885
ADD2,7.621880656,5.501172475,8.216329741,5.474665718,5.942243837,4.588540717,5.605964631,8.108440544,6.17973409,7.840143395,7.472618497,7.215358898,5.308024771,4.261404381,5.835691743
STX1A,7.774222463,6.072161022,9.790867351,6.209458551,7.096966719,6.852164496,7.945934878,7.646734051,7.65675749,6.35868786,6.175697796,7.249156921,7.027702681,5.851014905,7.320124225
NIPAL3,6.585913317,3.615131834,8.432093889,5.3584399,5.010193334,5.623391151,5.960009298,7.060187936,4.480390428,7.215724968,7.62823893,3.915527902,3.422499891,4.976943917,5.037675278
GHITM,8.193629711,7.515849401,10.32229496,7.779179051,8.490102283,7.698855096,8.53858512,7.599322816,7.920592759,9.381460698,7.855268929,9.009613539,7.977782895,8.01926448,8.387986579
SYNJ2,4.031781373,3.136669381,6.859257527,5.028688525,4.26284593,5.047010554,6.541180005,6.971941417,3.547305702,6.53337317,6.920042469,4.180975803,1.481464774,3.663872752,3.492427981
SUCLG2,9.010679932,5.471266567,6.361689301,6.707810461,6.983708401,6.315597116,7.251164733,8.035111042,5.407671272,6.892339111,6.749693765,6.449056826,5.820373946,5.460095273,7.346610096
CPVL,6.79986011,8.108472668,4.823103783,6.667409549,8.535807964,8.654895018,8.327485346,6.203694106,6.601370231,6.596771949,5.961946289,5.85891845,7.426979059,9.244194112,7.198431709
STMN2,7.002686294,5.496231009,10.7368143,0,7.041448688,1.745461239,6.101385091,0,6.590681858,7.087472846,4.755460927,6.403605343,7.168891311,2.662407278,6.90091849
DISP1,5.440050317,3.686281667,3.134270362,3.927086594,4.466567776,4.278905416,3.522001657,4.497969831,4.273193058,4.451958443,4.171476587,4.324461191,3.392967492,4.204140343,4.493133194
TSC1,6.691755396,4.607906706,6.647270953,4.786124346,6.229345598,5.112256643,6.127169028,6.231603025,4.885022864,6.866847338,6.400729938,5.883958269,4.980851625,4.113742941,5.144625009
CAMK2N1,8.480272031,7.733037101,11.24114735,7.529861794,9.845105754,8.206919097,10.26120695,7.853952276,6.177354864,9.488839533,6.041468042,7.719219869,7.108281589,9.339752598,9.233202847
RYBP,3.490260136,3.178399647,5.836434422,4.146456999,4.898441869,3.619940886,4.885061529,3.560445827,3.448161297,5.610419943,2.891886412,4.254501581,3.039769487,3.307804248,4.268308075
LRTM2,3.289107468,2.415824431,6.62179683,0,0.368667644,0.234472535,0.594369296,0,0.083690366,0,2.279008263,2.320976602,2.610085596,0,2.453467489
BAK1,7.082693207,5.989006666,5.17037992,5.830410114,6.615137091,6.311328783,6.835145332,6.748706535,5.986705766,6.387932787,6.286674943,6.171127403,4.856541031,5.623451993,5.385475599
NUP35,7.173189324,5.674496953,4.755454498,5.98887126,5.969314044,5.369965407,5.745676675,7.028719289,4.098102509,6.028115777,6.837380935,6.004548747,4.922620709,4.703497283,4.758596203
UBE2L6,8.22922132,8.829606586,8.067575343,8.594271655,9.589172432,8.936859565,9.623526371,7.56682699,9.880729632,9.274978127,6.869431985,9.592377284,8.385543243,9.058340796,9.555066972
CDC20,5.980865409,8.892858605,1.814409381,8.119869478,6.144307238,8.282455485,6.456375246,6.786827597,8.981566612,6.58599655,5.788406663,7.368692289,4.650469538,6.146382301,6.614478817
PARP9,8.096760041,6.022616597,4.662918085,6.501420124,6.825120462,7.203180261,7.539074025,7.40467891,6.48498634,7.314768852,6.916211768,7.243363635,4.773030338,6.404203204,7.567552632
TIAF1,3.824015197,6.693062556,4.467856968,5.462002699,6.147273495,7.560493519,5.975120928,3.268769603,6.227663,4.658060277,3.613438057,6.387352881,8.075132561,6.683975858,7.115211922
PDE1A,4.094880723,2.01638744,7.553080111,3.086499119,3.502862077,3.321971784,2.573486814,2.594303188,1.68249994,4.446673766,4.611277001,2.378491002,3.123072071,2.495150286,2.920585886
HERC1,10.01030405,3.1701496,8.267579458,6.076926419,5.435994257,5.09993636,6.178845396,8.844067134,5.631007748,7.211057297,9.200478828,6.859960263,3.923684439,4.673673598,5.756964178
SYBU,7.876528888,5.590436037,8.572834606,6.006419254,7.855936185,5.013246538,7.779453558,8.062562706,5.998883411,5.888929957,7.089493824,7.266398492,6.106242463,6.545107248,7.673414236
DNM1,7.258342387,7.409915851,11.06018475,7.994208081,8.118763714,7.617785833,7.903998526,9.175729969,9.09730941,7.786770605,7.335927,8.051613299,6.927626949,6.013405594,7.901856416
LSMEM2,3.824015197,2.052742289,3.601281588,1.077427737,2.957815624,1.041845141,3.593379113,2.594303188,2.589026794,2.722837336,3.453481398,2.415598368,3.010897662,1.464245945,3.641792614
KCNS1,3.289107468,1.407027565,6.934957979,3.067517718,2.48175564,0.436111778,2.046737152,1.955838395,2.138926877,3.820074803,2.828079749,1.63225092,0.40694644,2.06988472,2.665366828
HAGH,8.665747586,8.51149453,9.337608071,8.507145689,8.737734411,8.478877496,8.184204716,8.529683821,8.615888128,8.926317478,8.141091803,9.232960135,8.826620613,8.719207166,9.635466775
MYRF,5.912452088,6.413577355,8.498714011,4.128253187,5.416456435,7.082510345,4.504839131,5.030051028,4.147558186,8.953352656,8.194255687,5.270383502,4.714544003,3.829910003,5.165095433
MPP7,3.393186765,0.207725252,4.667255585,0.222236434,0.594099211,0.497513818,1.496083183,0,1.011016389,1.864255849,2.18025032,0.68676193,0.283626714,0.665754212,0.843470507
AK2,9.501724785,8.883427519,7.487140425,8.976348842,9.395236202,9.398666433,9.406910754,8.935991134,8.622899234,9.358076911,7.639899697,9.312579377,8.143508615,9.442475566,9.325891877
TOLLIP,8.799617388,7.998032123,9.785141429,7.480937454,8.319145147,7.912233237,7.997005645,8.643130003,9.494908057,8.721399004,8.104528649,8.607459969,8.026377363,7.935035835,8.584248453
ERMN,2.219177937,2.927443053,9.10440621,1.288861286,5.119959728,7.598210291,3.773202999,4.247648942,1.570917289,8.64097068,7.400417093,4.900024068,4.513094513,3.988518391,4.804057361
CALB1,1.675259624,0.947998962,6.590165194,2.288637835,3.26141289,2.122027916,2.463486764,0,2.631361059,2.774369963,0.715665279,1.465326296,2.622862856,1.348207919,1.904641176
KHDRBS2,2.219177937,1.663627721,5.11429869,0.289308085,0.284952208,0.160469782,0.727243551,0,1.418086792,0.782591765,4.222001502,1.3550371,1.02285948,0,0.900394324
WSCD2,4.213358628,1.997860599,6.468689569,0,0.284952208,0,0.368848086,0,0.162790913,1.137742235,4.553262921,1.392744771,1.690114442,0.340897504,2.313770323
MCM6,5.894829554,6.026049212,4.953127448,6.082846324,6.044425615,5.912584896,5.814505044,5.62147078,4.969954532,6.413891162,6.262740579,6.655095687,3.98435077,4.954795823,5.869942478
DVL1,8.787730912,8.003846669,8.521352751,7.967578888,8.120651446,8.482441175,7.485554405,9.468859741,9.656732943,8.297444165,8.464622636,8.420450969,8.076294289,7.879291247,8.815730923
SH3RF2,1.675259624,1.615829523,2.49899755,0.473625437,2.071336581,0.81944879,3.171741276,0.782285482,0.503936105,0.910937516,0.973325103,0.858290467,0.076302898,0.889817461,1.411934633
GORAB,5.578950455,3.639240434,4.722487541,4.791918151,6.456780381,4.798280331,6.677787796,4.497969831,5.021268409,6.428708941,4.196960214,6.34950215,3.493789609,4.483935083,5.412634287
AUP1,9.076643879,9.588834005,8.081048613,9.587103241,9.694823635,9.873221157,9.751300764,8.686627333,9.377785307,9.346596045,8.498322485,9.805811964,9.427862638,9.558498912,9.677295006
MAPK8IP3,9.843491442,7.882855209,9.703552879,8.795130102,9.052523907,9.037676149,9.102892873,10.47077165,10.05567539,9.587426903,9.444075418,9.850428541,8.008840134,7.371248964,9.308744627
MBNL2,4.847382177,4.08770065,8.154335617,5.449227548,6.295012434,5.519914958,6.780758797,5.31730683,4.218701279,7.189863855,4.992203581,5.654865039,4.773030338,5.718533683,5.453626289
RND1,5.365240551,4.996458533,7.861099856,3.70558337,6.718471547,4.866780349,4.774238014,4.543214445,5.653435925,5.487142222,5.869883998,7.108937451,7.248858199,4.33565385,6.685027748
CHD5,3.176931778,2.415824431,8.070443843,2.884413041,2.770447953,1.889852527,2.021079688,1.286707618,1.88269756,2.948981777,4.270816682,2.433800169,4.509658802,1.464245945,4.114410043
MAPRE2,7.12865072,5.409528155,9.215569172,6.357450158,8.085128821,6.554636879,6.944967513,5.836645107,5.751059469,8.540060553,6.758278346,6.777733765,5.278047145,6.133294154,6.839474264
LSM2,5.286338412,9.267809201,6.667980736,8.251839509,8.562718744,8.970238945,7.902681891,5.683408127,8.521735005,8.414064253,6.344829251,8.841056922,9.035901108,7.661071539,8.519857104
KIF4A,5.929861958,4.849210038,1.150845158,5.148685631,4.363206214,4.921012722,4.269064267,5.723270078,4.020587203,5.706407127,6.73672035,5.631398503,1.536523669,2.425278291,4.426866373
PGM2,6.108666948,4.791217325,5.022482799,5.836029112,6.570533332,5.220923431,6.244064303,6.039726099,5.378969903,6.711377585,5.06320683,6.161602493,3.132037846,5.449574315,5.774199793
ACOT7,7.187735126,8.285027463,9.579881845,7.523346553,6.738279056,8.256326462,7.341394706,7.157964239,8.590853955,8.332248933,6.865464328,8.009378814,8.030578739,7.773600644,8.445301406
ERMP1,6.294862299,3.178399647,5.935056936,4.44005783,4.545135614,3.984044997,4.301397271,6.606743314,3.358596611,5.564806529,5.969359411,4.159261316,3.140948246,3.006615564,4.565317372
HRK,3.490260136,2.314664523,4.587112468,1.829290015,3.741390881,3.693941665,3.34718701,0.782285482,1.094088111,3.52145023,3.366320106,4.304816492,2.461517754,1.083714391,4.246518601
FBXO31,9.399209777,6.77558983,8.116770546,7.427506884,7.136313911,6.795992252,6.559119595,9.448194405,7.617368405,7.364657172,8.04086602,7.439651369,7.038471738,6.877578177,7.345329322
ARNT2,7.73514482,5.238589075,9.42376856,7.064406824,6.826971568,6.637099067,7.102356114,8.394255264,6.17973409,8.511240128,8.409827495,7.646945504,7.242145364,5.671021457,8.121642269
SYN3,3.289107468,2.269040273,6.26053832,1.783496236,2.518874467,2.082499242,2.071946275,2.902783536,2.986981883,4.518953656,5.305037368,1.534430512,3.844078076,0.713437379,1.201548641
GAS2L3,6.650345627,3.686281667,2.698657894,3.905871172,4.321796911,3.49001021,4.662509408,6.748706535,3.151167501,5.53523683,6.869431985,4.751929734,0.859724182,1.831400987,3.089214424
TSNARE1,7.867522358,5.966554052,6.284735388,5.438186652,5.516198938,6.52637464,5.448854068,7.799053659,6.392629847,5.77968936,7.632914553,5.819659584,6.223082879,5.828183971,6.700136248
GABARAPL1,8.115900935,7.089560328,10.88662248,6.997663393,8.224363106,6.917507979,8.445508314,8.391165247,7.301761032,8.999873089,8.271249376,9.044271678,6.95251359,6.958958606,8.580171004
CD58,4.733026863,5.381217307,4.526330874,6.525092757,6.588104113,6.582356084,6.735131745,4.30130851,5.734971142,6.38102329,4.036834575,6.904691843,3.949272805,6.554956386,7.404944288
POLD2,10.36572612,10.93705668,8.553926563,10.31034157,9.991655359,10.58804658,10.0743566,10.10922349,10.92031698,9.120519143,9.788557804,10.96007687,11.03887483,10.42631569,10.76043528
MVB12A,8.746568273,9.144137358,6.567138874,9.583454149,8.634763694,9.1082654,8.617216117,8.895130379,9.296806105,7.755590225,8.008848852,9.024515476,9.512261212,9.002003978,8.719162337
IGF2BP3,7.258342387,2.269040273,1.336597132,5.284337968,4.342650127,3.951501554,6.170117021,7.641542425,3.050760933,4.419956052,7.253315399,2.742054059,0.076302898,1.222013982,0.843470507
SPOCK3,0,2.826068303,8.710019937,0.289308085,3.346465636,5.245739773,2.998504747,4.247648942,4.551929372,7.987984142,6.136723698,4.003462237,3.123072071,2.508727593,3.799753233
ADPRHL1,2.613246987,2.221925937,4.928043324,2.988991601,3.205590559,2.878363385,2.675690695,2.411187474,2.838287794,2.275354251,2.18025032,3.462789061,3.788457117,4.086839477,3.076920148
SLC4A8,6.846442521,3.69205542,7.335281126,4.91382734,5.727159075,4.317724731,5.677511224,8.108440544,4.218701279,6.79588894,6.566314227,6.135427617,2.373531903,4.434996874,5.334746944
LYNX1,9.735017896,5.810757613,9.251580792,4.87886839,6.690276062,5.670807964,6.804453097,8.767493824,3.350171762,6.424682798,6.853495464,7.012319857,6.820088349,6.716517697,7.375758393
RAPGEF5,6.943918574,2.510353543,7.872884296,4.379781964,4.418270304,5.384259754,3.273039994,8.30840995,2.89730518,7.679352458,8.189502752,4.578719516,2.108717845,3.090268851,3.45491615
GRAP,6.68151385,5.142764362,3.46840405,6.433548592,5.152801362,5.908352045,3.217643146,8.600957513,6.097813238,4.878166974,5.600679651,5.052105007,4.047315739,4.998757129,4.935837655
SLC2A11,7.527830995,6.370121313,7.195125026,5.855525031,6.105180423,6.272334634,5.456052794,6.996548901,6.660485992,6.69140911,6.406202698,6.361437528,6.941080768,5.655847171,6.106050815
NAGPA,7.010889622,5.829213872,7.339364015,5.650778446,6.29099467,6.212937608,6.447975115,7.143346341,6.374050707,6.737579425,6.849483675,5.998447014,5.682234067,6.431191127,6.405465246
GPR89A,7.493116818,5.631577207,6.044140418,5.731378397,6.689258818,5.695582974,6.29312497,5.97515739,5.781141664,6.688053994,6.697085084,6.76790283,4.880679851,5.978458924,6.895678189
CARD16,4.651422041,8.173114781,4.697258343,7.089910279,8.127426905,7.278907604,7.775622625,4.75032338,6.668131707,6.816521382,3.757416586,6.37209559,6.545134347,8.555308921,7.854925973
HTR4,9.310610555,0,3.332996813,0,0.10136765,0,1.114557245,0,1.053150085,0.713866604,4.341075609,0,0.346603827,0,0.194628402
PRR11,5.083490966,3.161852103,3.070202708,4.013925661,4.358094585,2.934947167,4.984661077,5.061490953,3.597997009,6.407105165,5.90122873,4.822705519,2.660529379,2.192728593,3.346427025
TMTC1,5.173938592,2.574272675,6.210891549,3.168954138,3.618525867,2.745468477,3.973770058,1.286707618,1.928688664,4.793277175,5.305037368,2.11079622,2.648082821,2.75645891,3.616532875
HOMER1,10.70981201,1.940808306,6.492106255,4.406463046,4.567452345,3.021104179,5.37481937,8.498436323,2.356438793,5.697535748,9.106114951,4.586875837,1.563284679,2.351849282,3.426128003
MOV10,8.211535269,9.083242473,5.609576699,7.871330774,8.280828621,9.326610136,8.136835548,7.770800549,8.641358704,6.957884423,5.984072352,8.572204106,9.089959542,8.239845006,8.871292799
GPR37,8.571835695,3.031298166,7.9572202,5.580549607,5.794927492,5.334649265,6.91654726,7.599322816,4.376365435,7.737851923,6.701543159,7.124429535,3.276502764,6.41144949,6.028371572
TMEM37,4.918874833,4.092074158,1.990889851,3.304826654,4.40841371,3.751785887,4.184911892,3.645892097,4.678456829,4.223836734,3.067942213,3.793972849,2.126771655,5.761698687,3.546928015
LDHD,5.745518035,4.561351263,7.303589075,3.851426189,5.658130856,4.858027865,4.527795611,5.48899852,4.460959548,4.797434846,5.232956148,5.992319364,6.637750094,5.889146838,6.086253087
SMYD1,0.791819137,0.141751753,3.755902719,0.353399575,0,0.082464857,0.196179818,0,0.083690366,1.546256126,0,0.266903103,0.076302898,0.146156915,0.100593785
CNGB1,0,0.331257742,5.656147187,0,0.284952208,0.082464857,1.637879112,0,0.083690366,0,0,0,0,0.074928529,0.194628402
C2CD2L,7.105854954,5.93768407,7.170891608,4.732905637,6.374370131,5.726365976,5.840409215,7.470569808,6.123993927,6.615731723,5.65685403,6.912825396,5.851919657,5.463585278,6.510900676
C2CD4D,5.534120039,3.049403197,3.82741261,1.444093912,1.419090777,2.878363385,2.168595965,2.7567727,5.869273195,3.007578687,3.722746498,0.803349477,2.40346072,2.258497405,1.662861851
INPP5F,4.986991323,4.682308607,9.034567676,4.826200701,5.600859912,5.950131871,5.55323595,7.067949004,6.522023329,7.266096688,7.611753879,6.274476949,4.424647292,4.022042146,5.357795825
TMEM144,4.472905331,3.406221195,8.752739968,2.272152281,5.438417985,6.124473301,5.147662927,6.363581447,2.574634743,8.129512947,7.324411038,4.94513591,2.802069762,4.413504273,5.880591718
CMTM6,5.643687594,5.252331532,5.111118214,6.410196151,6.791387851,5.876925744,7.087754051,5.368481417,5.39952898,7.307499006,4.806019516,6.308167005,3.718751481,5.746021071,6.128561782
RGS7,1.675259624,1.615829523,7.326395024,1.038967573,2.624823275,1.304883477,1.797524218,3.268769603,2.356438793,3.761690613,3.919272139,2.340403949,3.700785821,1.78751909,4.257454474
LGI4,5.578950455,5.194526042,8.445413774,5.74637515,6.882318744,7.144406538,4.224794555,4.711212082,4.50716136,7.514873128,6.443941521,6.570222197,7.64073252,6.042867204,8.609541378
PDP1,7.027157656,3.51445465,8.422183056,4.800565464,6.346249973,4.229995729,7.849917339,6.299100891,4.347028008,6.1005679,5.702050947,5.656803462,3.639231181,4.691641689,5.360334228
HRH3,2.219177937,1.686945791,6.908637488,0.222236434,1.013683457,0.770538241,0.368848086,0,0.162790913,1.464947336,2.76131997,1.42949193,4.732340196,0.214033467,1.488189448
ZIC1,7.010889622,6.16434507,5.164255248,6.720776786,7.926698063,7.720342875,5.829364331,7.482233236,7.198191868,8.167352336,7.77081818,7.156979228,5.957825547,8.086732221,7.709699618
BTBD9,6.253977472,3.781424766,6.580998721,3.867976503,4.796323018,3.912582478,4.581445122,7.028719289,4.277642483,4.973116326,6.771060192,4.715195723,3.887080698,3.044394842,3.784713085
SST,0,5.664253319,9.061798519,1.529800635,4.970550749,4.447858854,0.78935652,0,0,1.895622605,0,5.505824993,6.967617768,4.60580709,7.285817455
SMAD5,8.716788564,4.074500009,5.264995446,5.298652289,5.800590767,4.934951928,6.02437955,7.928314357,4.227927375,7.262341616,8.649029252,6.25924729,4.023422542,4.161799562,5.889406429
FAM20B,6.846442521,4.607906706,7.102071193,4.829021145,5.233173037,4.538292456,5.733879131,6.2453576,4.123042255,6.432723879,6.321848056,5.505824993,4.098528077,4.554363918,5.252413492
TSR2,8.602014825,8.1971672,9.071239858,7.611986521,8.234161355,8.46044407,8.220236236,7.962024785,7.163751899,8.180146182,8.375364849,8.563705918,8.459972395,8.010343799,8.504734817
STMN3,10.47279166,8.158071365,10.78095023,9.567604251,8.525300592,10.09831286,9.489624583,10.5560206,8.816124942,10.10199274,9.371793086,9.855606594,9.697868881,9.128862295,9.512622807
KIF17,4.772161144,4.362099281,6.743867984,4.308818087,4.13718483,4.239012618,3.742131086,5.31730683,4.041668568,3.511361145,3.575080631,4.309752801,3.682593612,3.969006303,5.922419594
ARPP19,8.794874543,6.256846141,10.53259005,7.600477826,7.459325721,7.265732212,8.725435534,8.933869177,6.793045123,9.238363829,8.223999347,9.166485885,6.77858248,6.539330712,8.231097577
ADAM11,3.747532772,3.420202831,7.794258576,2.85150183,3.366967813,3.619940886,3.087721697,4.543214445,4.468763333,2.226852642,4.992203581,4.015597923,5.086097698,3.025628863,5.794989693
MYT1L,5.745518035,1.709892961,8.550995512,0.077945045,2.555062178,1.270117579,2.786441153,1.659723569,0.083690366,0.310424829,4.947861361,1.917382183,2.857178223,0.074928529,3.229111394
PLEK2,3.490260136,4.725174986,0.617244132,5.074567839,4.943503956,5.02371988,4.987975862,5.417902776,4.392865659,3.727235777,3.122156516,4.244224547,2.090435245,5.168746647,3.942112863
YWHAH,8.81140673,8.26531483,11.81182324,8.861203037,9.324111659,8.775416638,9.448860365,8.573959639,8.270363388,9.41786758,8.266743833,8.84849651,7.488485619,8.054116296,9.031175471
BRI3,7.43333655,11.3212023,8.729854301,10.15260145,11.0948522,11.12606967,11.04339021,8.149250895,10.74760342,10.20349153,7.736472507,11.02913923,10.76603022,11.1682858,10.85796416
MBP,9.484155143,9.257989858,14.73761753,4.242668337,10.08036309,13.67418238,8.189253232,10.70841069,7.688849261,14.51639116,13.11550455,10.64479021,9.771617478,8.664153951,9.953989126
ZDBF2,3.176931778,1.566393289,5.45006893,2.458538007,4.184155883,0.719911152,2.831421007,2.411187474,0.44185729,2.201976347,1.381616095,1.05925267,0.983772248,1.286490299,2.987795396
FN1,11.67688364,10.67970424,6.815962172,11.69461968,11.92588665,11.6943552,12.71038608,13.50478806,11.23207423,10.73294399,9.854096926,11.30482441,6.427166591,11.56149761,10.62594871
ATP2C2,3.176931778,1.349737964,4.095464015,0.99945397,1.703317349,1.122016764,1.885466075,0,2.658909143,2.807730022,0.973325103,3.772679345,2.053159952,2.548709282,2.49101652
CNTN2,5.440050317,4.358473248,8.516552873,0.584598503,4.567452345,6.659099543,4.213511567,8.454705152,1.88269756,8.39977833,7.968726527,5.649034092,4.278878665,4.612110401,5.132795879
MYH7B,1.675259624,3.662952773,6.068940681,3.168954138,4.119168786,5.126903434,3.702325804,1.659723569,3.869612114,3.54141917,3.535675463,4.524548888,6.794199197,5.651263587,5.313945268
CMAS,5.803335697,6.050975228,8.603430343,6.778089835,7.472394033,6.691483708,7.700327576,5.781071011,6.335091962,7.666908022,6.041468042,7.727082586,5.8064403,6.565550951,7.644026729
CYP19A1,4.472905331,5.976050408,0.384171225,0.873972735,5.42625842,3.967865035,6.00977775,2.594303188,1.481174692,4.472905669,0,2.198575572,3.218758181,2.948024326,3.799753233
SBNO1,6.123874562,2.549043829,6.072215404,3.729931831,4.784940395,3.541938154,5.427039826,5.723270078,3.399998315,5.502503908,5.666007398,4.68511986,2.373531903,2.779044073,4.377597222
GBP1,9.183926438,6.157058041,4.288020549,5.210555169,8.906107768,7.075605982,8.293730597,6.272479487,7.064248131,7.368155471,7.802291187,6.834496715,4.080115059,5.922497765,8.109622394
SSR4,9.646964383,12.20299853,9.595186275,11.51701481,11.61657978,11.98750065,10.65555469,8.163809389,11.65378819,10.86836472,8.559770319,11.51216217,12.72854647,12.27621826,11.99355232
MAGED4B,9.139723188,11.15573594,7.677628688,10.17064148,9.499746163,10.15360053,8.834410877,7.50528097,11.0945053,9.086944603,8.623414077,9.554278649,11.68144824,9.545898659,10.57958952
GNG12,6.447715018,6.050975228,5.270707852,6.840918322,6.704442684,6.236765605,7.284570931,6.912837159,6.493618118,7.575445033,5.501903518,7.114590203,3.944191311,6.526039697,6.315453572
PTK7,7.700061448,6.994640626,4.755454498,7.740754306,7.82338838,7.645600781,7.988342594,8.903829342,7.937211232,7.296525086,8.244002604,7.553795862,6.416198336,7.049989465,7.426301236
LRFN2,3.747532772,2.373335674,5.779474145,1.22176837,0.905720275,1.304883477,0.727243551,1.659723569,2.658909143,0.848191415,3.856691658,1.105404881,2.557813944,0.146156915,1.488189448
VAMP2,9.064872597,8.388880325,11.33354877,7.621778569,8.746563154,8.81853663,8.847015456,7.707618612,8.811337811,9.768290498,7.729940662,8.571947319,9.536942522,8.494981373,9.908100209
OSBPL1A,8.444379826,5.459466992,8.823674528,5.882927115,6.635348626,6.499424953,6.057886445,7.283259262,4.127978883,7.741093333,8.883878621,6.049507259,5.106710861,6.287950792,6.624016648
TOM1L2,7.427219992,5.63607686,9.183375308,6.006419254,6.967856633,6.522687237,7.828813733,8.231024127,6.919434123,7.836612317,7.475224456,7.234305361,7.533588118,5.864278006,7.192745777
TMEM71,8.307895804,3.102393699,1.71735235,4.458389017,4.057436667,5.669141071,4.119922768,5.642413409,2.138926877,3.091239682,4.592197014,4.109174719,0.520550028,5.02261339,4.711655765
G6PC3,8.382500893,10.15669441,8.170849592,9.560409285,10.18807664,10.35326021,9.519852886,9.197119751,10.19487262,9.459950573,8.68886593,9.876550853,9.651369328,10.18611278,10.62436557
TBRG1,6.952461954,5.985484665,8.02849254,5.711646615,6.844439625,6.14859921,7.578087281,7.435002866,5.490500638,7.416261302,6.438610325,6.722352592,5.789540322,6.007440381,6.184065459
HM13,9.196567995,10.65926438,7.924980964,10.28847926,9.95879248,10.70882812,10.27670555,8.948657747,10.89619584,9.24237238,8.854154039,9.098940464,10.53243085,10.88339658,10.33947669
NEIL3,5.622429688,2.682641623,0.106050045,3.563784687,2.624823275,2.758068577,2.903404772,5.39340371,2.305057358,3.41723638,4.962794046,3.497815692,0.40694644,0.400377392,2.632141758
PPP1R16B,5.622429688,2.985015883,8.840576277,1.662217761,2.537081784,3.700484527,2.021079688,5.465687069,2.776752784,5.713025044,7.178533756,2.651632089,2.889260375,1.955565053,3.582150177
SUGT1P3,0,0.695515793,3.134270362,1.557274237,1.703317349,0.770538241,0.727243551,0,1.627787116,0.848191415,0,1.465326296,1.784116149,1.119551923,0.657838811
CCDC144B,5.947064235,0,5.221415836,0.63703992,0.848549546,0.81944879,1.671252726,4.497969831,1.247126869,2.97857771,4.572861303,1.05925267,0,0.889817461,2.135564323
OAT,7.421077392,6.112545581,9.16891801,6.802689878,7.530347478,6.719134863,7.44271184,6.338134,6.844936799,8.251208302,7.096281167,8.547080521,6.479913268,6.686964725,7.697203687
COA4,7.043244293,9.193181338,7.235117901,8.894737727,8.822985393,8.970915631,8.413201434,6.541347842,9.009086767,8.826858015,7.155971752,8.845100315,8.29538945,8.526190774,8.851130107
ZFAND6,10.28092771,6.865834125,7.678703277,8.657716967,8.460298584,8.007982536,9.135765553,9.588346021,7.473520824,9.186402484,8.782318107,9.128401301,7.28648597,7.820625626,9.021384761
NCOA7,4.608820744,4.276303984,8.514748794,4.72080784,6.301683941,4.881250848,5.925850181,5.642413409,4.108130202,6.9550957,5.384818679,4.654403632,3.243789392,4.347035861,4.305665276
ARF3,10.90949729,8.84960173,10.7870665,8.883419782,9.011400059,8.914697378,8.961250677,10.93059125,8.742594591,9.493491841,10.35380993,9.463479103,8.30012049,9.028607754,9.142282783
SERINC1,7.463536298,7.386961997,11.10753517,8.981111257,9.385063373,7.737544215,9.090418098,7.982700688,7.904859611,10.01160852,7.26239633,8.927695146,8.176924772,7.945057291,8.335413732
CACNB3,5.876989096,6.596319556,8.40215477,5.690090785,6.085211755,7.347734742,6.929535002,5.723270078,9.063406063,6.883565916,6.005864196,7.778284919,7.22076717,6.822923057,7.804088498
INSM2,2.922446151,0.550504229,3.35467395,0.353399575,0.905720275,0.497513818,0.101421946,0.782285482,0.162790913,0.310424829,1.191866241,0,1.424220954,0.074928529,0.444744842
TMEM215,0,0,2.267198061,0,0,0,0.101421946,0,0,0,0,0,0.076302898,0,0
KLK5,0,0,4.089012169,0,0,0,0.594369296,0,0,0.400644028,0,0.559917738,0,0,0.722406629
NTN1,8.025670619,5.35233976,4.089012169,6.778089835,7.492360513,5.852164076,7.827426628,9.063748627,8.195918339,6.910686932,7.513759301,7.517453513,3.939091855,6.286966191,7.950681103
ALDOB,0,0.445041847,2.49899755,0.41476451,1.703317349,1.000024272,0.448004099,0,0.620612558,1.546256126,0,1.23561356,0,0.340897504,1.727210185
MKI67,4.692801364,4.744751602,0.106050045,4.556949572,3.77246152,4.202601912,4.628930543,4.931398644,4.681817849,4.77230717,5.693124129,6.1656923,1.76118367,2.535504784,3.445383787
CPNE6,2.922446151,3.370662546,9.243070478,0,3.416983688,3.739130554,0.90609332,0,0.828980142,2.669395575,4.533394633,7.636669375,5.505504627,4.996349662,5.390451722
CD276,9.58375293,8.259493955,5.699144662,8.893054108,8.991525197,8.965153656,9.559800012,11.23200707,8.69411322,8.910089812,8.475075914,8.653085416,7.817516113,8.850963228,9.144493571
FAM153B,0,0.695515793,6.69372257,0,0.848549546,0,1.065196689,0,0,1.239039056,3.791273016,2.177126343,1.237452911,0.616441018,2.729605978
CPSF4,9.422457869,8.84944028,7.669003037,8.009206951,9.602742233,9.009300762,8.062534933,9.03037365,8.272315523,8.603766098,9.048660694,9.278678746,8.221446782,8.997797761,9.405475507
ZNF217,5.912452088,1.979092741,3.592185696,4.646009964,5.343327593,3.91820704,6.694115778,6.299100891,2.645200853,5.415915626,4.630107942,5.615539371,1.828915678,3.763506071,4.059232774
OXCT1,6.373312044,4.532679378,8.642231238,5.794786684,6.22514046,5.829956928,6.206141941,5.15189764,5.546881929,6.409823396,5.837843101,6.412810916,3.928838549,5.267889056,6.143376295
BAX,11.52191909,10.4487685,7.223383301,10.35082934,9.883190035,10.93646995,10.93066814,11.89656818,10.73925997,9.184617951,10.79974682,9.236690856,9.874618777,10.44304148,10.44159469
MSR1,9.189357818,6.527752162,3.842833576,4.406463046,8.021890058,6.455616969,7.22330899,7.722446579,4.510945546,8.465594598,6.965234635,4.120456313,2.744772363,6.450666264,5.179541353
HLA-DPA1,10.06647963,10.67643142,8.038990686,9.337893348,10.39806104,9.127208302,8.658365435,10.54979876,11.08862194,9.253007716,8.104528649,9.053313622,7.092866276,11.17038962,9.403323114
GPX8,6.197597136,3.80292811,2.49899755,5.421465245,5.607336783,5.188708776,7.106174324,5.941755994,3.071409072,3.989549061,2.540226333,4.69269781,0.625857325,5.642052499,5.268719984
MAP2,8.243215695,7.318626247,10.8392356,8.27011489,7.657499316,7.440062429,6.903441535,7.235817792,7.302852849,9.226270912,8.907225062,8.40381124,7.842652537,5.855006654,7.671371372
HOXA7,5.643687594,3.281565981,0.204835494,0.736528786,6.241887965,5.835912338,6.38147576,5.15189764,3.131637453,5.363598054,0,6.720500325,0,0,2.632141758
SRPX2,9.653528857,5.960586929,1.10041383,5.831816916,6.460362529,5.652365347,8.149842161,8.568498904,5.726859196,5.810872914,5.117596055,4.957770094,1.203831446,6.435640436,5.648988624
STXBP5L,3.055292985,0.784677521,6.620678991,0.353399575,0.10136765,0.66744264,2.444309496,3.645892097,0.779641157,2.97857771,4.685169445,2.017328019,0.67576203,0.512450247,1.985792458
CDC25C,4.692801364,4.849210038,1.292352831,4.668229462,3.293898089,4.918208646,3.397909015,3.560445827,3.714161938,4.025439525,4.962794046,4.324461191,2.878645398,2.242334145,3.707066494
NPY,0,4.58326422,8.884081884,1.610700005,5.845114015,5.49001345,3.644686259,0,11.40109647,4.602116103,4.036834575,4.662144216,7.659456863,6.846505192,6.838564246
COBL,4.608820744,5.379429296,8.191323859,6.653156789,5.658130856,6.471962246,4.443384365,5.958553354,6.867249913,7.763581551,6.705987502,5.828285464,3.788457117,7.140529885,7.179869899
MOSPD3,7.963630562,8.653455405,6.564815899,7.628674609,8.290922761,8.445185001,7.906190253,7.794383063,9.055492674,8.144278414,7.200748344,8.816989106,8.202419907,8.358005536,8.398830822
BASP1,7.720213434,7.377587645,10.92159394,4.633157752,7.345127793,5.912584896,7.184829721,5.818357244,9.797002093,7.789904066,7.330180509,7.07237095,6.87586051,6.644546362,7.746550845
MAD2L1,3.747532772,6.573041912,4.315914671,6.423320057,5.615927626,5.351376366,5.573235723,3.560445827,5.81979132,7.00538496,4.772511417,7.23105643,3.72469066,4.161799562,6.202573711
CALR,12.24027227,12.10327597,9.52701553,12.29257118,12.1302858,11.88950776,12.34265661,12.62830646,12.3167515,11.33625205,11.60541731,11.73861294,11.0529213,11.96321169,11.7498304
ESPL1,6.660810031,4.302959855,0.297288132,4.696303586,4.833629278,5.155758324,4.823310083,6.574416083,4.705128272,6.033413342,7.762308112,5.593444436,2.3583314,2.453634446,3.843955191
CPEB2,5.415542235,3.870679667,6.852607444,5.474665718,5.766272774,4.84036197,6.453980195,4.35304363,3.391812479,6.163124932,5.035223454,5.242258015,2.610085596,4.583526066,5.179541353
EVX2,1.300130847,0.141751753,0,0.783813362,1.826863221,0.612993681,0.78935652,0,0.083690366,0.565739117,0.973325103,0.68676193,0.148772113,0.278859517,1.058815287
PABPC1L2A,0,1.615829523,5.270707852,0.222236434,0.196078129,0.304863828,0,1.286707618,3.272048754,1.926321879,0,0.345921971,0.723998028,0.146156915,0.590245317
PLD1,5.70564415,2.937199493,5.072395353,2.169075531,4.71469165,3.404434214,4.213511567,5.924760756,2.574634743,5.619841717,5.470901981,2.958670779,2.053159952,3.099271174,2.472364162
HELLS,3.747532772,3.686281667,2.989365885,4.246892754,4.246341344,5.148598525,4.909739822,5.122387111,3.845838397,5.219207025,5.232956148,5.327477045,2.672869475,2.242334145,4.08401689
TMEM59L,7.605722928,8.53075272,11.06260498,8.73380805,8.358391441,9.360314616,8.802762018,8.11594699,10.06704589,9.645807285,7.168907499,8.962394803,9.619648369,7.625682805,9.601269443
GRM4,2.613246987,0.550504229,4.55470244,0,0.522798811,0.436111778,1.162284695,0,0.828980142,0.214185173,1.191866241,0.911215713,1.394724127,0.074928529,1.201548641
FCGBP,11.94488416,9.019233029,2.312208553,6.821930718,6.952676782,9.095135154,7.619283139,8.606296986,7.12167972,8.619996232,7.109760803,5.768586158,4.208572462,9.663607975,7.264970332
FABP6,2.922446151,4.365716224,6.227141447,3.570541622,3.57513018,3.188704783,4.026301834,3.560445827,2.545412626,1.028792263,5.532252865,3.090721647,4.43916832,3.099271174,4.300387393
GPX7,5.858925256,6.401294333,4.170716125,7.761571632,7.194110253,7.198565477,6.740054849,6.299100891,7.00309232,6.990935277,5.245222566,7.29281574,4.599666496,6.63296929,5.989545689
CCDC6,5.339416354,4.020455379,6.869646117,4.375929779,4.9905082,4.102407435,5.182800177,4.671010865,4.750648747,6.15666627,4.5132489,5.568948563,4.242084893,4.113742941,4.707674241
CTPS2,6.30823709,4.696739384,4.942430469,5.157688246,5.592178603,5.966510807,5.703956167,5.15189764,4.810215282,5.861392877,5.853952497,6.033184691,4.90703542,5.33420835,5.451246968
KCNC3,4.651422041,4.741971154,6.462463586,3.375982365,5.290643465,4.355526827,4.374136873,4.073543647,3.131637453,4.121427862,3.011610803,4.615065212,6.217828731,5.024977462,5.147567198
BFSP1,2.77611423,1.259298084,4.108281787,2.771657132,1.856164574,1.556425387,3.251135844,1.955838395,1.786068556,1.585254253,1.549285232,1.05925267,1.364611608,3.11710903,2.974601645
AKAP6,8.131032882,2.857235606,7.587243958,4.642807629,5.6950862,4.234511218,5.620987686,8.481102598,2.685941041,6.243034334,9.791174593,4.603051432,5.010324884,3.84068614,4.407360154
KRT10,3.490260136,8.266766387,5.487342881,7.863442515,7.872162932,7.787950883,7.255297091,3.372686435,7.291347358,6.571503003,3.224831257,8.330717981,7.333882157,8.300378617,8.709737541
MANF,7.332216342,10.17446136,6.359010475,9.311162161,9.919861193,9.20447576,9.360511427,6.42530295,9.423424078,8.691551914,6.800451345,8.47777197,8.194952265,9.926582976,9.733326144
SCG5,7.469501122,8.146816349,10.15198431,8.592820358,7.798132583,6.64220596,7.989169892,7.179617069,6.52483333,8.353230098,6.2322532,8.301898453,7.288993338,8.090405174,9.122979365
C4orf50,0,0.648779606,4.815307731,0,0.594099211,0.160469782,0.101421946,0,0,0.111063732,1.381616095,0.183304167,0.217774517,0.146156915,0.657838811
CYP1A1,0,0,1.199572972,0,2.658478313,0,0.523042044,0,0.237779012,0.565739117,0,0.420836661,0.076302898,0.278859517,0.444744842
MCF2L,8.763660063,5.812083776,8.910850035,6.876797576,7.005939133,7.831076081,5.59296203,9.15765966,6.301620848,7.377905818,9.195746385,7.6763867,7.062119014,5.131933394,6.437071302
CPLX1,6.03012714,5.902010696,10.85613518,6.637153473,5.467189493,7.167023512,4.107785467,5.48899852,5.366492343,4.472905669,5.581458053,6.370915242,7.828933425,4.924725987,8.75938642
RALYL,0,5.617993425,7.482840489,1.610700005,5.196413634,4.359666564,1.568722506,0,4.036427036,6.528378964,3.224831257,5.654865039,3.514507241,2.662407278,5.657269912
HECW2,4.883571311,2.052742289,5.673500255,2.840362445,3.283150759,2.855093498,1.766977269,5.62147078,2.89730518,4.720699473,5.954494877,2.971187498,1.914545602,2.12381774,2.313770323
PALM,7.035223396,8.847663138,10.32435631,7.542804667,7.748698,8.523840959,7.266941566,7.348435909,8.294440028,8.39704109,8.756841526,9.343296358,9.232768112,8.654070799,9.640305252
HERC3,8.538176637,4.780418085,7.682993647,5.298652289,6.792335597,5.713484677,6.456375246,7.012723764,5.690614603,7.65263508,7.43563202,7.001682495,3.759821263,5.615630442,5.65313521
GABRA4,1.300130847,0.072616151,6.126777667,0,1.419090777,0.37197981,0.523042044,0,0.675593016,1.864255849,2.828079749,1.500292121,0.67576203,1.671593662,1.058815287
PLGRKT,4.031781373,7.481673124,5.404030546,7.45697873,7.922808508,6.585010538,6.485982649,3.268769603,6.233400541,7.089169639,5.06320683,7.291568685,7.095160446,6.450666264,7.979449674
DNAJB2,10.09666126,9.642373941,10.0311947,9.508684236,9.714456314,10.33024043,9.325238052,9.320822761,9.553415996,9.933478603,9.259872804,10.14638303,10.87155175,10.17876635,10.82927695
TRIM5,6.447715018,4.260847974,3.52685623,4.947959178,5.841455778,5.68076908,5.880198719,7.05238489,4.299686066,6.587197798,5.257385569,6.0959673,3.001143878,5.145033836,5.484205584
PDZD8,4.42459766,3.273886809,6.067300528,3.501504483,4.154978667,3.428281031,4.867172091,4.497969831,3.944277668,5.877192651,4.902112917,5.721206473,3.407809257,2.439526035,3.928492641
DGKH,5.25904872,1.488909829,4.299242999,2.543415553,2.675015925,2.179361526,2.501093087,4.825501948,1.973258817,4.08787471,5.351165437,2.697551366,1.270308653,1.436099633,1.524856809
STT3A,8.827751615,7.901352069,6.828603739,8.287905431,8.280828621,8.252992034,9.152479224,8.622197849,8.211408574,8.462979537,7.886929334,8.248269429,6.633810265,8.214436017,8.409287748
TLN2,8.021616594,3.775998475,7.739698481,4.458389017,5.684915421,4.898426011,5.359545354,7.32919021,4.544563844,5.679627638,7.016229623,5.995386442,4.553697235,3.851382381,5.978021815
NUBP1,6.168558596,7.642011839,5.791444965,7.886302224,7.622223045,7.408939905,7.470229833,6.496043722,7.319131709,7.563288252,6.637840498,7.268301565,6.780009188,7.520287281,7.554865141
LUZP1,6.4233379,3.633250948,6.663645419,3.884339105,4.517891711,4.451742295,5.288737607,6.285851592,3.208219755,5.426692186,4.854866129,5.028344776,3.184692989,4.912009526,4.20757674
HJURP,6.495267304,5.343195687,0.297288132,5.793343287,4.649240609,6.282182425,5.575440902,6.65906262,4.760219039,5.994105102,6.585737295,5.812721554,2.951360583,2.86600683,4.604388058
SMC4,7.669295642,5.121528251,4.370135282,6.767837208,5.964276919,5.784490059,7.505929897,6.86908639,4.376365435,7.914761123,7.528889586,7.583651873,3.095835507,4.54451072,5.839335615
RPL12,12.45409276,12.96649642,11.27830716,13.32554018,12.66710775,12.85892088,12.51271258,11.5696186,13.35379443,12.80100585,11.86961311,12.63016893,13.30607624,12.84183215,12.08391758
MPZL1,8.628913114,7.667878065,7.375599197,7.166612233,8.131177344,7.235076917,7.804579742,8.359895516,7.386080506,8.695177481,8.970469309,7.581612556,6.91209594,7.393832881,8.091020665
SFRP4,4.953335054,5.622535578,2.418949597,5.814844065,8.01012527,6.623391643,4.338225458,5.15189764,4.87036845,5.83938173,4.294618533,8.433512873,3.210316994,8.479766227,5.882358974
FGF13,4.772161144,4.796586781,7.992216383,0.473625437,3.304565948,1.40442046,2.675690695,0,4.651283001,4.409128868,2.952990191,2.712538646,4.68133632,1.571641668,4.822584698
ROMO1,8.566280103,12.30055905,9.749533453,12.23852306,11.58629916,12.63368488,11.29288851,7.028719289,11.99960262,9.822593648,7.808504228,12.13438423,12.47808851,12.90796805,12.39592029
SOWAHB,0.791819137,0.141751753,5.227303074,0.473625437,0.522798811,0.160469782,1.114557245,0,0.828980142,0.111063732,1.381616095,0.183304167,0.902269731,0.278859517,0.444744842
PRRC1,6.574889175,5.640562523,5.042655507,5.848592407,6.583731439,6.130542707,6.822204042,5.762060184,5.776433347,6.848931566,5.439219606,6.264341727,4.752828717,6.139853069,6.516601468
STYK1,0,0.389271261,5.688514834,0,0.522798811,0.497513818,0.448004099,2.411187474,0.309061226,0,6.034417219,1.864686845,0.983772248,0.214033467,1.372240513
SLITRK5,3.393186765,1.639926564,6.221253549,1.760042463,3.074604194,1.667457922,4.20213964,2.594303188,3.494768212,4.518953656,3.888321195,1.105404881,3.132037846,1.009252727,3.483141066
MYBL2,5.578950455,7.172952633,0.384171225,7.163822274,5.502365298,7.509241103,5.782411551,7.113658556,6.900806828,6.476166122,6.893011474,7.289696078,4.69954429,5.401256807,5.947959278
CAMKV,7.194953398,4.456708194,9.656058464,2.85150183,4.83730739,2.160502357,3.305285005,0.782285482,1.053150085,6.209105011,6.81286654,3.333031336,5.039208059,3.211459633,4.008349464
ARHGEF6,8.416862253,6.020323641,6.159475233,7.800531182,6.639567843,6.530970679,6.96613133,7.615300307,6.765590436,8.069751472,6.896904192,7.619378143,6.373363472,5.6451294,6.4762146
TRPV3,5.114274547,1.378667118,4.315914671,1.937792207,2.707533078,2.287615191,3.148230796,3.726559379,1.418086792,3.021863449,3.613438057,1.781849211,3.362817899,1.85285135,3.089214424
NIPA1,4.608820744,2.682641623,7.219696578,4.600517207,5.221961882,4.99206896,5.55323595,4.75032338,3.590863532,6.919297228,6.069331715,4.9980834,2.790790885,3.441236189,4.650747405
TUBB6,11.59228506,8.309882248,5.46010319,9.497979993,8.008902729,9.48255988,7.680489276,9.806996794,9.593338716,9.035950717,10.06988721,8.608962577,7.157410535,8.545050455,8.567869053
LIMS1,9.158306075,5.454380338,6.386893099,6.869281791,7.22812866,6.090004527,9.061408365,8.171033911,5.378969903,8.312411545,7.551291588,7.187470397,4.262641613,5.609342526,5.73756885
MEOX2,4.608820744,0.648779606,1.292352831,7.324344936,4.490123415,2.467165775,5.510081146,4.931398644,0.44185729,4.858403514,0,6.508229588,0.723998028,6.390517532,5.527763847
DECR1,8.073450628,8.811321174,8.424426945,8.612393063,8.769845693,9.156057155,8.501376078,6.596047854,8.302650019,8.709865063,7.058549313,9.21974416,8.79821165,8.970614285,9.07510579
EIF4EBP1,8.243215695,10.45456505,5.43233927,9.02189405,9.868436295,9.761501946,9.207544171,6.921430324,9.654703271,8.377386462,7.766569421,8.747745223,9.057238729,9.53722993,9.363071643
NICN1,8.104446899,4.989442335,7.801182473,5.908485692,7.075326716,4.915399109,6.820345774,8.653483281,5.615273741,7.834084816,7.37552402,7.295928672,4.05676331,4.82785717,6.660520141
TEAD2,3.747532772,5.260125989,3.689219033,6.626655306,5.725175274,7.170562424,7.11226252,7.316215615,4.295304212,5.027224245,5.328285755,7.132113636,4.864632264,4.981819879,5.973054694
CPNE5,6.67119908,5.03103665,7.885969589,7.237319708,3.685353163,5.179370903,4.5901959,6.507503823,6.068583274,4.882087384,4.318034062,5.490690076,7.500218756,3.194757587,5.138722568
SPTBN4,6.917980621,5.87815091,8.371248863,5.499663113,6.711474168,5.841843264,6.857063847,7.751652997,4.50716136,6.258196857,5.853952497,5.984623019,7.767329272,6.561485321,7.484471591
FNIP2,6.240087603,3.726220948,6.416825334,3.953174537,5.54797074,4.45561531,5.217101957,6.472846749,4.031166391,6.772847159,6.274757394,5.213573299,2.991323702,3.763506071,4.114410043
MS4A4A,6.909229961,6.994640626,3.195613445,4.465656768,7.36118475,5.849222799,6.774054058,4.711212082,5.435812769,6.293949659,5.532252865,4.450495153,4.662895611,7.520287281,5.606853773
KCTD16,1.972701591,0.648779606,5.77345128,0.289308085,1.670703954,0.160469782,0.78935652,0,1.481174692,1.028792263,3.575080631,1.3550371,0.520550028,0.512450247,1.058815287
SOBP,7.621880656,4.601785433,7.150897753,6.158794351,5.137965959,4.82247707,5.784319297,7.826764083,5.473147444,6.499321856,6.994594963,5.666456704,5.477639456,3.693897631,5.159276318
SPDEF,0,1.798197072,2.418949597,1.114889176,0.789019453,1.338831265,0.84890533,0,2.079008433,1.08429547,0,1.500292121,1.690114442,0.400377392,1.155522235
MAPKAPK3,8.761230741,6.863917238,5.904151639,5.991391222,7.771465848,6.613891668,6.771171032,7.263117924,6.811573701,7.270589911,8.09439393,6.616772548,6.128813036,6.805151937,6.859350797
GPR179,5.0198803,0.270813296,3.386590922,0.41476451,1.913040187,0.556408883,0.961100566,1.659723569,0.237779012,1.333687703,2.279008263,2.588040455,0.346603827,0.278859517,1.727210185
RB1CC1,8.025670619,3.959527958,8.40215477,4.826200701,5.785439017,4.463330287,6.076689542,8.331161292,4.162070235,6.699207504,8.295044148,5.852167109,3.979391548,4.204140343,5.090613002
GSTK1,9.600157193,8.792801025,8.277543574,8.829337309,9.98534961,9.997726116,9.687617728,9.455608909,9.613828358,9.314498955,8.805282898,9.925610286,8.976474965,10.25809266,9.507908275
SLC9A6,5.487851759,4.387229498,8.03270097,4.884302136,5.371504217,4.229995729,5.320637499,4.497969831,4.396961396,6.264217527,5.245222566,6.027203125,5.122542149,3.939234262,5.642746312
SORT1,8.85534767,6.569125526,9.167196327,7.094605766,7.634430284,7.301678916,7.659335242,8.711614485,7.291347358,8.406598796,8.473773389,7.252365389,6.359116035,6.412352722,6.681986968
CCDC68,0.791819137,0.141751753,4.84241157,0.736528786,0.662041154,0.304863828,0.78935652,0,0.162790913,1.028792263,0,1.693963845,0.283626714,0.278859517,0.657838811
NKIRAS2,8.061653156,6.696656946,5.694902124,7.273487075,7.46824876,7.282182736,6.917416757,8.469429989,6.819987086,8.035839909,8.202142612,7.780953479,5.818986621,6.176467325,6.987209178
DRGX,0,0.389271261,1.292352831,0,0,0.082464857,1.014087292,0,0,0.641703134,0,0,0.076302898,0.074928529,1.155522235
DNAJC12,2.922446151,3.870679667,7.280416814,5.175526676,6.182400867,4.869686083,4.961241847,2.201403741,4.647850001,6.047445809,4.363754933,6.24256502,5.955302055,4.724012994,6.053686891
ADRA1B,4.692801364,2.694195112,5.970588278,2.840362445,2.48175564,3.519911784,1.735769516,4.997910656,4.591781025,2.097946171,3.722746498,3.008098987,2.503576957,2.612977565,3.272883315
BTG1,6.360529761,7.46827742,6.234467688,7.902459448,8.747052059,7.627689466,8.709209123,7.172435507,7.386595526,7.752916582,5.916649362,8.346717024,6.34183128,8.388849094,8.602321667
LAMB4,6.211900125,0.740785346,0.384171225,0.958827589,3.010892035,1.719925888,0.90609332,3.560445827,1.68249994,1.08429547,3.888321195,1.80999357,0.574164306,0.457501815,1.33142328
SEC16B,4.651422041,3.447766051,4.887722506,2.383780804,5.003661422,3.052131202,3.124330828,4.587083175,2.617387212,4.943406981,4.592197014,4.94513591,2.432781259,3.489966736,3.376833195
EPN3,3.289107468,1.434841234,3.637102304,1.114889176,1.703317349,0.719911152,0,2.201403741,0,0.565739117,3.650802018,1.05925267,0.574164306,0.759594841,1.372240513
FRMPD2,0,0.498736499,4.582526803,0.151893904,0.10136765,0,0.196179818,4.711212082,0.083690366,1.028792263,2.828079749,1.781849211,2.697237458,0.616441018,4.001860986
GUSB,8.729271564,8.090005473,6.564815899,8.485187158,8.550166792,8.97074649,9.238662834,9.190025002,8.162626711,8.051155305,7.976104981,9.06649777,7.583872738,8.794577949,8.707745503
HOXB4,1.675259624,2.052742289,0,0.077945045,0.594099211,6.719940164,3.050159349,0.782285482,0.779641157,1.08429547,1.381616095,4.339021139,0.346603827,1.407393255,0.955157119
KCNA2,5.114274547,3.161852103,7.561260299,3.536435966,2.213968827,2.989395186,1.885466075,4.497969831,2.60327669,4.973116326,5.719740566,3.113484353,3.049266442,1.915352779,4.342079513
PRDM2,6.837245588,5.161613216,7.20336213,5.550105223,5.904172973,5.796755348,6.075131943,6.363581447,5.093710242,6.812418432,7.119788517,6.332624978,5.860036777,5.496325917,5.640659525
FAM107B,5.083490966,5.212714785,7.993944105,5.210555169,6.462745695,6.114708825,5.472711436,5.762060184,5.55789852,8.241704338,7.438305589,7.251082858,4.061463996,5.177273759,6.515463111
FAM111A,6.471687072,6.289584172,5.117472169,5.827592387,6.806477578,6.80208923,6.718266403,6.217716052,5.64657201,7.30311945,5.470901981,7.596837626,5.58926829,5.876111432,6.608085052
BORA,4.322840891,2.937199493,2.732167575,3.91651788,4.50869487,4.447858854,4.026301834,3.035365724,2.712475742,4.248342092,4.008329831,4.553970176,2.622862856,3.143458976,3.666617687
CKS2,5.231232854,8.951198373,5.247721248,9.082684526,8.109668054,8.609553104,8.404235248,5.343121017,8.652750311,8.781927474,6.367450103,9.819937225,5.772440025,8.16839642,8.986892412
MFSD1,8.138539751,6.901156308,6.911382673,6.977467978,8.118385871,6.798281639,8.003161844,7.482233236,6.52483333,8.480539902,7.079252558,7.733984869,5.864078274,7.602917967,7.474547486
VIM,13.60393167,12.93700811,9.812934859,13.61863108,14.04881783,13.55912331,14.2248256,13.64003678,14.1362502,14.34698179,12.0048288,14.46395217,10.73192797,13.3537763,14.09003288
KIF2C,7.345250819,6.613154248,1.150845158,6.196412371,5.238746112,6.513427285,5.55323595,7.386173801,6.094034052,6.069961417,6.912370869,6.840478535,3.718751481,4.31648198,5.18241326
OXR1,7.383662219,4.595638076,8.532094443,6.031123251,6.326757979,4.84036197,7.113021741,5.854704049,4.791669136,7.548563593,4.838766988,6.224381111,4.40997862,4.82785717,6.042666058
PPP2R2C,5.534120039,1.515202753,9.813179527,2.038701859,2.364300155,4.179369563,1.913627809,2.594303188,1.172635802,6.180738593,5.600679651,3.614116426,3.514507241,1.915352779,5.249677734
PNMA5,3.490260136,1.320216828,6.093321817,0.222236434,0.447790586,0.436111778,0,0,0.828980142,0.713866604,2.18025032,1.150126322,2.213799743,1.464245945,1.727210185
CD93,9.11329834,5.157445812,2.220737943,6.334807812,6.226543535,5.740721278,5.667209609,9.77178988,5.214661739,6.99365564,7.338791684,5.748730476,1.509256863,5.32656247,4.552055085
AP2A1,7.80285138,8.907666204,9.517737822,9.407121123,8.812279299,9.129634529,9.590380357,8.853078528,10.10806548,8.569836404,7.526378866,8.32219348,8.320852728,9.095228143,9.740894975
PYURF,0,8.759163006,8.404105189,9.152180182,8.960663066,8.852715633,9.272016539,7.143346341,8.593086972,8.995355838,4.47209333,9.250716085,8.055533254,8.45367998,9.381464496
AGTPBP1,7.955153259,4.020455379,7.21600041,3.590624598,5.460050229,4.463330287,5.010968523,7.527966287,3.765751368,6.012105359,8.840070159,4.574623998,3.049266442,3.819052767,4.750878093
FANCI,6.82798965,5.867985421,2.947182939,6.055411341,4.71469165,6.541941801,6.116607861,7.060187936,4.718281339,7.14733408,9.19179079,6.790149751,5.327669297,4.747107757,4.904873477
PABPC3,0.791819137,0.072616151,1.379524834,0,0.284952208,0.082464857,0.961100566,0,0.162790913,1.189279515,2.279008263,0.266903103,0.076302898,0.074928529,0.657838811
PPP1R9A,6.618489144,2.97557855,6.462463586,2.999044311,4.273745015,2.95697357,4.389257988,6.146202409,3.280940951,5.142838657,6.182092332,1.63225092,3.799754183,1.831400987,3.829371164
NPFFR1,0.791819137,0.072616151,2.312208553,0,0.284952208,0.082464857,0.196179818,0,0.237779012,0.713866604,0.715665279,0.345921971,0.346603827,0.340897504,0.100593785
ANXA2,11.26927749,10.55550339,6.00868785,10.97972222,11.23463353,11.09482483,12.50476161,10.09124739,11.6484567,11.06213261,8.717762716,10.73683191,7.681380919,12.00944162,11.77816828
PLEKHD1,1.675259624,0,1.905346475,0.151893904,0.284952208,0.160469782,1.496083183,2.411187474,0.503936105,0.214185173,0.715665279,1.392744771,0.40694644,0.146156915,0.366094105
UNC13A,6.077762189,3.447766051,8.490782251,5.261553095,4.611076128,3.967865035,5.548753652,5.15189764,1.011016389,5.562365404,5.373687929,3.765511093,5.069859108,2.561794019,4.008349464
FRRS1,4.986991323,0,0.543658953,0.736528786,2.236427818,0.866755392,2.145033751,1.659723569,0.503936105,2.556179348,2.891886412,1.23561356,0.076302898,0.970529284,0.282907114
FCHO1,6.398541794,5.466221419,7.019661335,3.963479043,5.635072002,5.959708834,4.863567429,6.496043722,6.094034052,5.730525829,6.516580763,4.126064199,5.368072145,5.066881417,5.252413492
ATP8A2,1.972701591,1.227846119,6.44741068,0.222236434,0.848549546,0.612993681,0.961100566,1.955838395,2.037634034,2.014684594,4.720743239,1.105404881,2.179615869,0.457501815,1.985792458
DEGS2,4.692801364,1.320216828,4.767625445,1.662217761,2.641748929,1.270117579,2.675690695,2.594303188,3.31597159,1.69629637,2.952990191,2.75658837,4.372640856,4.064030215,3.492427981
C2orf69,4.986991323,4.343877285,6.194456533,4.443742748,4.929788006,4.60955124,5.687739802,5.29102232,3.89878872,6.22308177,5.090657735,5.247412692,4.290937642,4.10035392,4.939237452
CACNG8,3.289107468,3.935391696,7.271185171,4.96087475,2.641748929,3.764331171,3.494297611,1.955838395,2.965079857,3.67395974,2.279008263,2.301284072,3.57493272,3.427005407,5.028128297
ZMAT4,1.300130847,0.986095546,5.755230336,6.156550681,1.532336487,2.436138688,2.302418049,5.97515739,2.801682619,0.565739117,4.886535278,1.63225092,1.975589404,1.254612304,2.729605978
PYDC1,0,0.90886903,5.38308779,0,0.848549546,0,0.961100566,0,0,1.08429547,0,0.559917738,1.453126763,1.719087353,1.959246011
YPEL4,5.664636811,4.470211249,7.230728603,3.937578448,5.643499744,4.261311325,4.184911892,5.343121017,5.443753392,5.440050663,5.976734637,5.898776174,5.294112692,4.833262972,5.760812148
MAN2A2,8.092901198,4.476915676,8.808782652,6.469239991,7.334106081,6.376109491,7.430581811,9.465925612,7.119822366,9.368070104,9.023955111,8.282255911,5.142644683,5.185750768,7.406173239
PNPLA5,2.219177937,0,2.989365885,0,0,0,0.368848086,4.133943638,0,0,1.549285232,0,0.346603827,0,0.194628402
ZYG11B,5.997473586,3.533874577,6.985332514,4.465656768,4.873581783,3.984044997,5.20290853,6.272479487,3.424280781,6.169554808,6.041468042,5.356391564,3.472770124,3.550294856,4.102329508
YBX3,8.092901198,8.438238869,5.554444807,9.17328053,9.743045716,8.915224839,10.14982444,8.543666536,8.854605412,9.209207716,7.495904381,7.371645894,6.006171451,8.423757861,9.267754547
SPOCD1,11.62070435,8.629961175,1.905346475,8.367902438,10.62407623,9.432099034,10.79750613,12.5485568,8.987690011,9.051482544,8.39062993,9.251357656,3.132037846,10.313234,9.654982559
SCAPER,6.471687072,4.189170581,7.13297691,5.028688525,5.999172959,4.929392397,5.956629553,6.338134,4.967202575,6.48650347,6.829255666,6.184626249,5.559670536,4.312616842,6.271625429
NMT2,5.622429688,3.905884846,6.469931548,4.543275077,4.915940403,4.01587051,4.957864992,5.29102232,4.911031439,5.743513493,5.339770952,5.819659584,4.995663518,3.556844873,5.102791632
TCEAL6,3.581211572,4.777705597,8.644157911,0.687641783,6.389480476,3.270132675,4.997874763,0,5.121203199,5.532745112,2.458298626,4.545625139,3.43704244,2.467606224,4.40244211
CPXM1,6.585913317,7.492879798,2.418949597,8.178544186,7.688883193,7.906938937,6.870595719,7.770800549,8.145992527,8.391550979,7.350193876,7.767561044,6.101685663,8.227581373,6.482053835
PDPK1,8.053734236,4.429316915,7.638400543,4.91382734,5.81558504,4.031523806,6.309114653,8.241356463,4.698506495,6.727809416,7.28336549,6.315548032,4.43916832,4.507795426,5.918979885
HBS1L,7.710172627,5.420003113,7.958990319,5.976205,6.644824571,5.422359574,7.277815876,7.775547991,5.233106551,7.759857773,8.053127741,7.267033129,4.983330858,4.589927263,5.709969735
GRM5,4.213358628,0.072616151,7.215260039,0,0.368667644,0.082464857,1.496083183,3.875506047,0.563453521,1.08429547,4.341075609,0.183304167,0.076302898,0,0.194628402
STXBP4,5.725718845,2.429713753,3.880679899,2.999044311,3.493568614,2.570789014,4.472073723,5.890157601,1.905876371,6.302751114,4.008329831,4.654403632,1.76118367,2.453634446,4.001860986
UBAP1L,5.390610612,3.808254238,5.954707374,4.229920356,4.623910126,5.107341148,4.971325246,5.642413409,6.139966108,5.429373795,4.838766988,4.860201284,6.162020315,4.086839477,5.031317649
PPIB,10.44657193,11.88353394,8.996938949,12.08401155,11.48684335,12.4265908,11.85964902,10.06627982,12.2688251,11.22985711,9.547989095,11.70779975,11.58213137,12.39046321,11.98084959
IL12A-AS1,0,0.207725252,1.814409381,0.63703992,0.522798811,0,0.594369296,0,0.376986657,0.641703134,0,0.68676193,0.67576203,0.146156915,0.282907114
LSM11,4.155335548,2.122813941,5.136367835,2.937649704,3.147521048,2.420371274,3.584647679,3.268769603,2.942840198,4.72507133,4.064787019,3.622075609,2.071917982,2.013856932,2.760683805
STK32C,6.506914449,7.283204934,8.224079022,6.341736656,6.380685352,7.254660052,6.054728631,7.510985828,7.021115868,6.412536514,6.531681641,7.601373991,7.342115325,6.847173336,7.899240347
NRG4,2.922446151,2.052742289,4.884000477,3.018941998,3.77246152,3.404434214,4.161616801,1.955838395,2.119229279,3.787002263,4.429729158,3.480408674,1.61536202,2.600350908,3.799753233
LRRC59,8.301222326,7.400689943,7.017964156,7.476447288,8.235555689,7.573472717,8.513502717,8.714089562,7.688849261,9.208036934,8.734174385,8.375546549,6.021933309,7.326430304,7.885207294
NUP205,8.353765292,8.068249821,5.38044844,7.579276708,8.038760408,8.216366287,7.581931204,7.727355561,7.318592029,7.124348929,7.419485717,8.3968693,7.786975518,7.624124296,8.389851391
TRHDE,1.300130847,0,6.478595591,0,0.522798811,0,0.285095627,0,1.88269756,0.565739117,3.174407097,0.420836661,0.148772113,0.074928529,0.722406629
RFC4,7.24449468,7.292735976,5.497122078,7.214852481,7.157064599,7.226035319,7.291965141,4.629657238,6.52763787,8.160105624,6.679113731,8.046447319,6.351459477,6.420456464,7.826292445
ADH5,9.1113922,7.598868224,7.79326673,7.843356727,8.566878577,7.716312998,8.25022278,8.901659513,7.669933875,8.551798645,7.86722315,8.831649535,6.557665711,7.502584031,8.422101354
PITHD1,7.37733092,8.417913925,9.473067404,7.896421674,7.840441504,8.738538126,8.633181976,7.044539412,8.06400882,8.584346619,7.400417093,8.541321003,8.803833178,8.954271984,9.397464663
ARMCX6,8.267383885,7.650932601,6.319597925,8.068286973,8.37967221,8.415665912,8.118805056,7.840422225,8.399732275,7.760922691,8.440822101,8.577330265,6.564304863,7.977154451,8.529757316
UNC79,5.556709373,1.488909829,5.552101286,1.999180877,3.228179339,1.745461239,2.501093087,2.201403741,0.620612558,3.727235777,3.888321195,1.864686845,3.57493272,1.545532896,2.375303925
COPZ1,10.20162287,9.034793813,8.327042812,8.818911779,9.204789259,8.748635944,9.237096623,9.481989974,8.664052672,9.334665514,9.993323464,9.797819029,8.579903217,8.838752885,9.361488673
DPEP1,5.173938592,5.281346117,0.466117858,8.420741993,2.707533078,6.267936168,0.285095627,7.727355561,7.855488046,4.703078348,4.738206513,5.548212743,1.097993583,5.064585077,4.675420172
RPS6KL1,9.203742318,6.003009314,8.120729526,6.173293768,6.612992996,7.132358907,5.703956167,7.6876079,6.077542207,6.779167866,8.412549269,6.547416611,8.063756418,5.692000846,7.064742778
NECAB2,4.213358628,5.735874919,8.260060948,3.963479043,5.152801362,6.054692029,2.801590792,0,7.299027871,4.053522585,4.171476587,4.66599899,8.459304677,3.998176359,5.997721032
GPR62,2.922446151,2.401800091,5.777469316,1.114889176,2.78575713,5.007981216,2.344402204,4.010504033,1.418086792,5.542686267,6.710418195,2.813304177,3.370414572,2.032775657,3.445383787
RAD54B,5.964063811,4.927162015,4.076021268,5.513755249,5.019936085,5.186379968,5.174095768,4.010504033,3.790870383,5.055272921,4.902112917,4.741007405,3.57493272,4.402636697,4.796579288
CCNA2,4.564923097,5.228692266,2.377196014,5.824769145,5.000384342,4.904105927,5.356983889,5.092260311,4.616579747,6.191836349,8.471164805,6.308167005,2.733034661,3.523793298,4.866103003
AJUBA,6.168558596,2.052742289,3.070202708,4.46927696,4.929788006,4.467172359,6.291784463,7.510985828,3.235921536,4.733775499,4.789362747,4.762769994,2.709268821,3.346123341,4.587153804
SHOC2,8.236235476,4.667732025,6.886485905,4.8734141,5.66642535,5.104877106,5.922389361,7.631102788,4.359674311,6.597964263,7.829023222,6.004548747,3.969421669,4.612110401,5.385475599
UHRF1,7.292391071,5.949783515,3.159121457,8.004536533,5.907675774,7.29790857,7.056521111,8.2550188,5.68224864,6.701427896,7.925552114,6.269418239,4.225425983,4.18735285,5.768477437
PTH2R,1.300130847,2.457097569,3.458427558,0.353399575,0.522798811,0.082464857,0.90609332,0,2.530576566,4.342401779,2.371436809,1.42949193,0,0.400377392,0.366094105
PPP1R37,7.445492414,8.069359293,7.61389189,7.94987299,7.656979095,8.40819079,7.630991962,8.418739996,9.022238221,7.332784792,7.089493824,7.317533124,7.824100748,7.380971106,8.459873163
RPL10,13.10703286,13.34224395,12.24212195,13.60797752,13.44468345,13.39950711,13.56425721,12.4445242,13.65311794,13.60903893,12.37390697,13.18653755,13.53522628,13.30702998,12.92402049
RPS13,10.09280215,12.44032305,11.25944295,12.57599575,12.4202215,12.17473561,12.20594126,8.587521728,12.2469572,13.12250842,9.417222741,12.5088331,12.80784729,12.60478951,12.15250381
ZFP36L2,6.691755396,8.35629913,6.624029915,8.769849371,9.640335586,8.397408452,8.872347455,7.609994113,8.267570034,9.403448984,6.020211344,9.011697739,6.873857612,8.015108359,9.109651136
MYO5A,7.740087804,3.507922812,8.30598679,4.360417348,4.615366825,3.62682729,5.315369593,5.511939281,3.869612114,6.39891961,6.904658257,5.03432162,3.252037539,3.510357697,4.807781912
ARHGDIG,6.347633214,5.681769558,10.02908982,6.807702936,4.818822335,6.232257177,4.433693048,3.944583493,4.052094845,5.505048362,6.576058447,5.143416012,8.85820036,5.393959014,8.159665036
PPM1K,6.761480007,4.302959855,8.232518842,4.182189703,4.702643625,4.626829255,4.852699087,7.242691408,4.537160519,6.463139397,7.234980241,5.919914652,6.490409383,4.140153878,5.817333037
ADAM23,4.953335054,6.752981657,7.237307551,5.891047267,6.227945247,6.592065298,6.305133816,5.556754613,6.528571506,6.675684712,6.076214353,6.285794608,3.086641175,5.702377233,6.287717411
HPCAL1,8.444379826,7.684626801,9.542445396,6.829696599,7.809412,7.556892406,8.308388431,7.641542425,7.893670958,7.577259746,6.600134893,7.593805439,6.892444066,7.568487897,7.781537469
GLTPD2,6.373312044,1.997860599,4.775682738,3.70558337,4.31125617,3.680766241,3.100028249,5.264250032,4.825490336,3.53146925,4.977573752,3.113484353,3.865739604,4.104830748,4.450884017
PCDH7,4.847382177,3.488147963,7.430216073,3.263724643,2.641748929,1.197966761,4.196419885,1.286707618,4.843609447,5.584188237,6.637840498,3.020195896,4.152397746,1.286490299,4.096251093
ROGDI,8.906808635,7.849984553,9.599590105,7.766361566,8.071920573,9.222061975,7.627276725,8.529683821,10.01702999,8.759725613,8.998819071,8.383469817,8.622674316,7.921141673,8.625456988
TRIP13,4.094880723,4.369324122,2.61131162,4.204081403,4.611076128,4.816465825,4.662509408,4.896956245,4.342787818,4.478095296,3.453481398,5.533518274,1.61536202,2.897312331,4.235499199
C1orf131,5.70564415,5.395442175,5.334824552,6.288428318,6.967017486,6.013247289,6.724241416,6.606743314,6.001575651,7.371645308,6.219875537,6.952030126,4.875350464,5.856334786,6.058384455
CHRM1,3.289107468,3.067283834,7.698969851,0.584598503,0.447790586,1.795214764,0.368848086,0,1.810839303,2.575676523,4.611277001,2.359573159,3.60744013,0.512450247,3.573424926
GRIN2B,1.972701591,1.023211959,6.045807098,0.99945397,0.905720275,0.497513818,0.523042044,0,1.385477202,2.201976347,2.371436809,0.345921971,0.520550028,0.146156915,1.107978918
SYNPR,0,1.227846119,9.283010538,0,1.735209757,0.436111778,2.555726089,0,0.44185729,2.824125166,2.617750481,2.397163986,3.706799267,0.146156915,2.987795396
MTHFD2,8.138539751,7.003954484,4.108281787,6.24050816,7.4175536,7.239576556,7.666076261,6.574416083,6.516386852,6.55194896,7.055069702,6.830208751,5.308024771,6.855167018,6.104537521
GPR82,3.66676764,2.122813941,0.543658953,1.114889176,3.474800139,1.912572808,2.021079688,0.782285482,1.570917289,2.918765964,2.828079749,1.105404881,0.574164306,2.674504547,1.372240513
SH2D1B,0,0.389271261,3.46840405,0,0.196078129,0.160469782,0.78935652,0,0.44185729,0.565739117,1.381616095,0.420836661,0.346603827,0.278859517,0.843470507
TACR2,0,1.639926564,3.254454267,0.530178722,1.419090777,1.436129718,1.856743655,0,1.835191911,1.69629637,1.381616095,1.992983157,0.815885726,0.457501815,1.662861851
TESPA1,0,1.162807259,8.116770546,1.383989996,1.826863221,0.866755392,1.885466075,1.286707618,1.247126869,1.546256126,1.549285232,1.011575107,1.270308653,1.955565053,1.201548641
CELF2,6.373312044,4.567646144,7.873353678,4.91116806,5.653965657,4.807401732,5.727943983,6.217716052,4.902413906,6.681320263,6.350517803,6.450174968,4.90703542,4.934819064,5.602571807
SEMA4D,7.83554921,5.76355678,8.317415893,4.304771409,5.802473596,7.010617409,5.046375396,7.435002866,4.939390366,7.661215779,7.944482557,6.398980435,6.879192506,5.640511583,6.045823467
DTYMK,7.725207753,9.424174701,5.820944534,8.64416859,8.313544664,9.008641847,7.986272273,7.56682699,7.583627334,8.055935328,6.406202698,8.659866874,8.398837031,8.872619123,9.154766022
ZNF3,8.232732661,6.62376585,5.799370683,6.107448025,6.986195467,7.112870957,7.165930124,7.93257149,5.366492343,8.318572277,7.99256981,8.159455309,5.972874503,5.50142824,6.956500859
ANKRD24,4.986991323,4.739185337,6.804193891,3.70558337,6.063393366,4.965152199,4.74710654,4.75032338,5.179428957,4.121427862,3.613438057,5.782856923,7.028903221,5.774400306,6.548116188
BACE1,8.465425311,5.809430229,8.200331092,6.459262265,7.401494241,6.47482758,7.96960187,8.192492915,6.189211951,8.694620294,6.787928383,7.631257286,5.592519758,5.655847171,6.415264141
DRP2,4.374616234,3.51445465,5.728498146,1.321272834,3.40711827,1.436129718,2.724199791,3.035365724,3.576489883,5.027224245,4.738206513,5.115497171,3.833124113,2.767795687,4.538669749
CCP110,6.03012714,3.242754726,7.962965162,4.263667802,5.116936718,4.505040601,5.650572475,4.896956245,3.561971587,6.881609051,5.65685403,5.724906821,3.377971453,3.405392523,5.044005013
FAM102B,5.643687594,3.250600955,6.453701823,3.057932537,4.499439026,3.34720916,4.518656807,3.944583493,3.408137967,5.346674625,4.008329831,4.57051682,2.517328554,2.967820311,3.573424926
PRKD2,5.25904872,7.872405147,4.693010247,7.551369187,6.618347271,8.115015493,7.904437138,7.577740462,8.292792408,6.387932787,5.406825817,6.748037675,7.766249926,7.625682805,8.0741102
RXFP1,2.219177937,0.389271261,5.738838459,0.222236434,0.447790586,0.37197981,0.84890533,0,0.563453521,0,2.279008263,0.559917738,1.097993583,0.400377392,2.864468799
HPCAL4,2.922446151,2.156613492,9.739012254,2.840362445,2.404523895,3.363792098,1.338816413,1.955838395,0.922867482,5.072530401,4.341075609,4.109174719,5.207699404,3.626998103,5.864588234
E2F8,1.300130847,1.686945791,0.204835494,3.095896982,3.123622588,2.654044976,3.803619788,2.7567727,0.828980142,4.854418125,1.835504282,4.114826544,0.346603827,0.889817461,1.876543648
FRA10AC1,5.894829554,6.242163307,7.215260039,5.229891262,6.151711476,6.243501939,7.035850983,5.44199275,5.827398536,6.78441405,4.341075609,7.208767512,8.06785049,6.103404338,6.858453234
E2F2,3.824015197,4.043220514,0.106050045,2.978868353,1.940658678,3.428281031,3.160033927,4.543214445,3.101837535,4.101389757,5.710922869,4.511753742,2.889260375,1.348207919,2.509430799
ATRNL1,8.444379826,4.439649684,8.135675344,1.473232232,3.182642466,1.497531011,2.944931794,8.918927444,4.495748877,6.49420816,11.79348098,6.776842807,3.058701288,2.977617366,5.276804631
KIF11,3.581211572,3.748556589,2.556247268,4.217058726,3.627050536,3.878366686,3.967067024,3.469618468,3.576489883,4.916899763,4.47209333,5.687469177,2.144602329,2.258497405,3.582150177
ESYT3,4.213358628,1.462128811,4.981270934,1.383989996,2.144414656,0.956954814,1.253248978,3.875506047,0.44185729,1.895622605,2.617750481,1.23561356,0.902269731,1.154520761,1.595508859
GABRG3,0,0,4.348690944,0,0.726926847,0,1.014087292,0,0.828980142,0,4.703065986,0.68676193,0.40694644,0.146156915,1.007916987
S1PR5,2.77611423,2.299616187,5.820944534,3.414047667,2.859957068,6.14859921,3.973770058,5.122387111,3.071409072,6.19656652,6.18845865,3.380724241,3.284566503,2.410888434,4.883855209
FSTL1,9.469348536,6.441266239,5.634158147,7.687357628,7.904078949,7.345127304,8.06841832,10.39566866,6.360482058,8.596029646,8.253142157,8.231784122,5.228748363,7.689664841,8.169830406
DNAJC27,4.094880723,2.574272675,5.230237708,3.229978543,4.184155883,3.112252433,4.235989987,4.010504033,2.60327669,5.10643814,2.458298626,4.715195723,3.392967492,2.86600683,3.625002024
TMEM60,3.490260136,7.276015102,5.894934405,7.329333489,8.038361017,7.577921365,7.660374374,4.010504033,6.312503059,7.078104642,2.952990191,7.996042526,6.239768711,7.463465087,7.59259771
ASPHD2,4.26913805,3.96430713,5.701261261,4.981302139,3.876223601,4.837396508,4.53687689,3.469618468,4.495748877,4.733775499,3.791273016,3.736476518,2.709268821,2.73351455,4.431701995
TYRP1,0.791819137,0,3.043757194,0.077945045,0,0.234472535,0.594369296,0,0.779641157,0.214185173,0,0.62473343,0.076302898,0,1.058815287
DKK3,11.48926414,8.568710781,11.54828742,8.400264581,9.189582588,9.295884912,9.740532261,10.95486195,8.735536622,9.76776085,11.27727254,9.479585291,8.581540454,9.652756842,9.700395085
ARRB1,7.561729468,4.82313833,8.806326628,3.927086594,5.058262178,4.973280088,4.389257988,6.472846749,4.325701329,6.596771949,7.526378866,4.594986305,6.495628943,4.673673598,4.638250964
SGK2,4.986991323,2.574272675,5.31561066,2.133012423,3.566292176,3.860949593,3.367690297,4.30130851,4.088004629,5.888929957,6.501320148,3.645693041,2.941194408,2.844752618,3.262064209
MAPK8IP2,6.347633214,6.950162036,10.27102752,5.112102654,5.660208954,7.110416349,6.876867418,5.991572503,7.815884685,6.636767811,6.406202698,5.601518164,8.691193702,5.803609638,7.171944359
PABPC1L2B,0,1.639926564,5.32936093,0.687641783,0.196078129,0.436111778,0,0,3.298562592,1.506174465,2.371436809,0,0.148772113,0.146156915,1.246151947
EIF3E,8.307895804,9.455698856,8.817101996,9.819619772,9.640993376,9.498369749,9.482298066,7.452895939,8.998849183,9.709245086,7.19126966,9.294328453,9.801515908,9.375623258,9.392357689
SCN1B,7.396242067,7.235076149,9.248146495,5.499663113,6.716475757,8.299795129,7.549768081,7.428988851,7.819703621,8.094460893,8.019600384,5.210937093,7.652853083,6.939666447,7.601208117
NEFL,0,4.470211249,10.22910023,0.077945045,0.662041154,0.234472535,2.191779534,0.782285482,3.487104203,2.496055189,4.703065986,2.62018662,4.156797392,1.317679114,4.890895376
HSPH1,6.435577945,7.422994209,8.87777946,8.131911088,8.1438564,7.840733706,8.790949617,6.699593508,6.992304471,8.869197505,5.763038322,7.604390329,7.954911894,8.175596232,8.377686804
TGIF2,4.953335054,4.632135336,3.310988993,5.423332779,5.064552029,5.570796163,5.849549129,5.723270078,5.200671709,5.363598054,5.182820144,6.134036748,4.875350464,4.166089998,5.40773422
SEC11A,9.11329834,8.396193686,7.396650152,9.753146992,9.382548251,9.314265152,9.663592021,7.522328311,8.024513935,9.364571598,7.851262076,9.813869445,8.800322291,9.480115334,9.461522139
SRPK2,8.410675298,5.230677066,9.124064438,6.012635024,7.672504681,5.892724463,7.673815422,8.019186618,5.135981423,8.040670862,7.796051274,8.148475743,5.079160671,5.548199408,6.600589667
ZNF382,6.046180883,2.189639279,7.290292962,3.6994315,3.465323538,2.866775357,5.084035117,7.276576677,2.177533168,5.906358788,6.511511806,3.978880253,2.247192361,2.410888434,3.294281122
CABYR,4.733026863,4.411929457,5.38044844,2.133012423,4.943503956,3.978671813,3.475528206,0,4.152411773,4.625690368,3.979250518,3.201105164,3.620240737,3.835308133,3.699066949
CPEB3,3.824015197,1.162807259,6.257664739,1.22176837,2.258542534,1.497531011,1.968353894,2.411187474,1.418086792,3.89182731,3.174407097,2.667101479,3.132037846,1.622483094,2.135564323
EXO1,4.42459766,4.092074158,2.172731709,3.900518208,3.19416214,4.45561531,3.531119365,5.180816608,3.179975631,4.89766335,5.924298304,4.759165617,1.66562482,1.975258539,3.616532875
CACNA2D3,2.613246987,1.349737964,6.473651082,0.289308085,2.607696689,1.160491499,0.727243551,3.156782629,1.094088111,0.910937516,4.064787019,1.917382183,3.210316994,2.587612764,3.473793981
IDH3A,7.051220843,5.153266335,8.379863754,6.693953192,7.248299361,6.551021098,7.290623555,6.895495737,5.366492343,8.143462063,6.546626093,7.535475759,5.640432377,5.948883319,7.559290848
PITRM1,5.980865409,7.315824327,7.991351746,6.137337272,7.370099193,7.717523143,7.262158159,6.767892974,7.899456581,8.283061336,6.998223345,7.938643582,8.389520892,7.208145501,7.923045253
SPOCK1,8.407571843,4.295394015,9.337267857,2.221534281,5.886530247,5.471005321,5.033600484,2.594303188,6.43805713,7.363956494,6.175697796,3.862763537,5.311975134,4.57063783,5.892917289
RALGAPA1,8.239729807,4.221467613,7.224855357,5.955704796,5.926790624,5.45368121,6.278310433,7.004659001,4.807140767,6.110627451,7.268418683,5.841980486,5.041589091,4.195771014,5.615379764
CACNG3,0,0.600478562,7.259741451,0,0,0.082464857,0.727243551,0,0.162790913,0.111063732,1.69948109,0.962267907,2.489693018,0.278859517,3.137369881
KCNA3,3.289107468,0.868648125,5.439964391,0.353399575,1.495566841,0.37197981,0.101421946,1.955838395,0.96761507,2.454533655,3.495163702,1.42949193,0.283626714,0.146156915,0.722406629
PCDH9,6.495267304,2.28440923,7.452376652,5.320863144,4.784940395,3.789099137,7.182661592,7.499553463,2.920252331,6.42333825,6.62850608,4.339021139,5.638860663,3.819052767,4.81520229
ADAP1,7.439427285,5.758062737,9.188665371,3.603859597,5.729140151,7.177027967,4.78571139,6.070958144,4.708427798,7.543002868,8.393388129,4.866915219,6.897710796,5.909761561,6.321979562
SLC7A4,3.289107468,0.498736499,4.775682738,0,1.457835492,0.556408883,2.021079688,1.286707618,0.503936105,0.400644028,3.722746498,1.42949193,1.509256863,0.713437379,0.900394324
CLCN6,7.043244293,5.134307391,7.332552765,5.184363855,6.499190068,5.994733982,6.008146168,7.098582383,5.876624573,6.877687339,6.162823063,6.643412007,6.264441101,5.153701839,6.460921048
ARHGAP31-AS1,0,0,0.754029861,0.958827589,2.404523895,1.000024272,1.296666987,0,0.620612558,0.910937516,2.18025032,2.504394331,0,0,2.414914994
TP53I13,10.58487469,9.414821611,6.627373073,8.457203518,9.014043014,9.975475029,9.046781117,9.852641455,10.17346906,8.37251777,9.217699503,8.968455519,8.813618449,9.968561742,9.997342514
RUVBL1,7.881011155,8.138911687,6.276241511,8.00235182,7.138551529,7.85546649,7.490237096,7.641542425,7.831100146,7.748091504,7.859264686,8.189225238,7.239036566,7.38971123,8.661924513
RAB3C,4.608820744,4.105115691,7.750470233,1.610700005,5.438417985,2.613017485,2.021079688,0,1.76086506,1.985827543,2.279008263,2.198575572,3.548388895,3.11710903,3.336147539
RNF123,7.826282348,6.613914813,6.925936087,6.375890338,6.585919433,6.048294255,6.517290588,8.062562706,7.211043204,7.177156276,7.632914553,6.318000006,6.771427702,5.940141644,6.8789572
SLC25A23,8.372985813,7.469958701,10.77807037,7.931619092,8.090532558,7.431238576,7.168123525,7.88503751,9.089896596,8.375301891,8.104528649,8.917625709,8.35260201,6.521861019,8.243869921
PXK,6.360529761,4.791217325,8.452656218,5.08875808,6.681094936,5.849222799,6.271525932,6.070958144,4.246204428,7.850685069,6.213646653,6.065647217,4.888637199,5.059981402,6.450237425
ATRAID,10.0000384,9.809382578,7.675477105,9.617906324,9.75196391,10.00095984,9.3569906,8.888571562,9.532625432,9.451565652,8.51867626,9.765284662,9.902149259,10.39370081,9.966018325
ANO6,6.891567783,4.573913678,4.76357986,5.60543819,6.65215196,5.463331387,7.417734553,7.446956205,5.207683682,6.85193302,6.262740579,6.457977784,4.047315739,4.833262972,6.279693856
CRLS1,8.029713285,7.034384082,6.549624698,7.986333972,8.106242343,8.30838742,7.975875866,7.135981471,7.268057394,7.751310015,7.51629206,7.711314065,7.278937613,7.948797462,8.038494482
CHRM2,0.791819137,0.072616151,3.796067185,0,0.10136765,0,0.101421946,1.286707618,0.779641157,0,0.973325103,0.183304167,0.40694644,0,0.519328577
SMARCA2,7.202135735,6.34652022,8.791750359,7.557334242,7.766651626,6.256880975,6.932118578,7.476413309,6.651085865,8.506168577,7.353030399,7.458109975,6.882516825,6.197578892,7.708703917
BBS7,6.518468317,5.645034282,6.776355399,5.336804388,6.000813806,5.445914321,6.514994638,5.092260311,5.637945936,6.327400868,7.408620241,6.37680735,4.018596048,5.768768943,5.563451229
ACSL4,6.935324301,4.180982072,7.473582956,4.37206728,5.965957916,4.432219706,6.079799703,5.180816608,3.993794773,6.256687756,4.932772496,4.995022056,3.944191311,4.72109998,4.922157778
NMNAT2,3.055292985,2.415824431,9.055400848,1.18701437,4.26284593,2.234503482,4.789515661,5.62147078,1.88269756,5.734868055,4.171476587,2.469528997,4.609329337,3.601880759,5.857418191
EZH2,7.684760555,6.311316591,2.732167575,5.636359604,6.10974959,6.94807176,6.092173728,5.991572503,5.634481013,7.078104642,7.318618401,7.545972858,4.672145429,4.420704108,6.099988092
HMG20B,9.790869524,9.331385935,7.170127716,9.781179192,9.491745908,9.792168897,10.02972104,10.36764505,10.13972555,8.831173667,8.854154039,9.886910053,9.311336622,9.179347391,9.777086441
DNTTIP1,6.483525363,7.370854188,6.862098206,8.252890076,8.34036049,8.224617598,8.674913456,6.437336592,8.312169664,7.987984142,6.062416086,7.902748398,7.735695632,8.451704364,8.749737618
SCAF1,7.389965854,8.398623257,8.640853467,8.933911267,7.248299361,8.733562281,8.774008065,9.024402956,9.49908175,7.64688613,7.485601472,7.869702733,8.19575422,8.348362852,8.838895832
CPNE7,4.986991323,3.824115649,6.515148922,4.820543217,1.114126763,5.186379968,1.735769516,4.629657238,1.859140262,0.310424829,4.064787019,2.340403949,3.45143986,2.801281112,3.682933548
C6orf136,8.468406903,7.623247844,7.270472591,6.652360825,7.321687224,7.665802212,7.076120792,7.172435507,7.699666165,6.828760683,7.26239633,7.416955974,8.063170601,6.199673156,7.317514012
LMTK3,4.519647722,7.108033186,7.677628688,6.924388743,5.605181055,6.832193515,6.089090157,6.338134,7.822370874,5.13956721,5.035223454,6.016675336,7.375530085,6.64685067,8.349216928
PABPC1,10.09858695,10.22542879,8.608796037,10.34800546,10.49227543,10.10795787,10.59956962,9.264524316,9.611406942,9.777133322,9.084943476,9.774464021,10.77419642,10.27258987,10.08790878
MAD2L2,9.507534103,10.2993349,6.762232086,9.489760128,9.33244318,10.05804022,8.865605594,8.439828476,10.75873636,9.440973975,8.154161053,9.511937522,9.35972643,9.168428684,9.831156632
RAPGEF2,7.637859425,3.949921855,8.870979381,4.642807629,5.682872632,4.211791101,6.11357613,8.141916183,4.312752337,7.624243736,8.257690312,6.49094852,3.392967492,3.537104929,4.969480385
RWDD4,3.393186765,5.119387346,4.956675554,5.794786684,6.000813806,5.484337261,6.161335517,5.209167265,5.349685931,6.73649713,3.888321195,6.361437528,4.342058903,5.271875733,6.226423987
ZNF559,6.15381716,6.705960664,5.492240765,6.730614171,6.269375557,6.343037656,7.493156078,6.101528367,6.289554838,6.715777738,5.813336625,7.308930128,6.50601175,6.894484252,7.280466324
HOXD10,1.972701591,5.341359897,0.204835494,2.884413041,6.025205161,4.934951928,4.984661077,4.010504033,0.96761507,4.958338128,4.492817865,4.37243358,0.464866145,4.18735285,2.159081575
MBOAT7,8.182778725,7.697958921,9.437958683,8.112653843,7.297859499,7.697220314,8.812142794,9.857127488,8.637252918,7.810107335,7.551291588,7.120923186,7.315798821,8.02813034,8.34152911
TTC9B,6.4233379,6.940493157,9.980572796,6.748601123,4.657586226,4.86386875,4.527795611,1.955838395,7.91131665,5.762778362,4.222001502,5.377703393,8.83779514,4.304855362,8.11564485
FUT1,2.219177937,0.986095546,3.517277184,1.662217761,0.96071155,1.667457922,1.941250328,3.944583493,1.418086792,1.464947336,2.458298626,1.316317353,1.06091559,1.154520761,1.155522235
AMZ1,4.918874833,2.966079077,4.730800173,3.24695026,3.446181521,4.447858854,2.903404772,4.010504033,4.441263388,3.104723389,5.460418306,2.301284072,3.429789489,1.809626875,3.064520203
KCNH3,3.176931778,5.368654444,8.471070093,4.998941878,3.939191175,3.021104179,4.013347124,3.560445827,5.435812769,4.074231858,5.522207187,4.446018375,4.606115576,2.745032343,6.053686891
MROH1,8.029713285,4.909924475,6.72422666,4.263667802,6.241887965,5.200296761,6.125665015,7.172435507,5.87074647,6.198139804,6.422497507,6.382675492,5.507228458,5.173016503,5.91725695
FOLH1,4.918874833,2.917620184,6.954609755,4.364311121,3.825275212,6.063601515,1.994957647,5.703476772,3.569248998,6.869811789,6.182092332,4.494515089,3.077387871,2.686501222,3.900860259
GABRA2,2.429625731,0.90886903,8.058522748,0.151893904,3.356753144,3.363792098,3.160033927,0,4.828526035,6.554407758,4.145534714,1.392744771,1.995376545,1.518942907,4.966151197
EDEM2,8.037764789,6.512334026,4.938847111,7.087556793,7.59042817,7.288167904,7.332947345,6.007802941,6.78681567,6.233859735,5.99863676,6.543231129,6.025546335,7.671294711,7.009212496
DUSP26,6.334620341,5.966554052,8.025961577,3.44379292,4.536111356,5.129330173,3.644686259,4.543214445,6.986880145,6.35868786,6.829255666,4.829595816,8.131543852,2.561794019,6.138947892
RPL23,10.99106431,13.29559482,11.52644376,12.90582978,13.17076663,13.04521595,12.21847443,10.25402623,13.00784085,12.80743014,10.67324962,12.97363539,13.6346896,13.19297603,12.95024313
SPARC,13.83734118,11.96453524,10.08314705,14.15650035,13.79964674,12.82541657,13.86471383,14.20714437,13.42994915,13.2982079,12.35987381,13.25079196,12.43172711,12.46757828,13.50820594
ENPP2,4.953335054,3.726220948,8.47633246,3.204140641,6.227945247,6.464293414,5.847725772,4.629657238,4.132898676,8.909849802,7.464772259,4.71147035,2.930956087,4.652424014,4.969480385
PPP1R18,8.453436938,8.704334192,5.669181517,7.774065714,9.239254914,9.060744384,10.13644431,8.814385193,8.913329757,8.501079135,7.798134245,8.363134317,7.765169771,8.30378996,7.643505778
PPP1R12C,8.236235476,10.18595118,9.42792844,9.80402582,8.893797142,10.2345842,9.722611474,9.13936014,10.93108101,8.56953255,8.36556593,8.715792636,9.86633169,9.811900804,10.25332918
SPPL2A,8.555104325,5.90822455,5.730572146,6.497879796,6.550506985,6.308119225,7.761649592,7.625854503,5.581483067,7.425021286,7.341650692,6.315548032,4.930350667,6.34960728,6.113593566
DRD5,1.675259624,0,4.359452957,0,0.10136765,0.234472535,0.196179818,0,0.162790913,0.400644028,0.715665279,0.183304167,0.943596455,0,0.590245317
PHYHIP,5.0198803,5.786675827,10.41749731,2.699515546,5.396650384,4.667471294,4.404222258,3.560445827,4.782305885,3.700843668,7.327298658,5.768586158,6.999198526,5.637424807,7.391356276
GBE1,7.463536298,5.075888217,4.783695282,5.41772291,8.051878661,4.789100893,8.228317144,4.587083175,4.559257487,6.990027349,4.854866129,5.826564409,4.107647202,6.104522482,5.946270627
INTS9,6.618489144,5.522392043,4.667255585,5.583892997,6.312294594,5.90693833,4.731370634,6.363581447,6.172584608,5.69084623,6.710418195,6.360248424,5.062843368,5.281794493,5.711958705
IGSF22,2.429625731,0.740785346,1.613291836,0.783813362,0.848549546,0.436111778,0.727243551,3.726559379,1.627787116,2.722837336,0.715665279,0.68676193,1.536523669,2.548709282,1.155522235
MADD,7.774222463,6.540609263,8.631172046,6.538078293,7.45334622,6.844061513,6.991950492,7.636332049,7.85846134,8.100362363,7.609383419,7.368100841,7.524679715,6.424043567,7.483889706
FXYD7,5.622429688,7.639399526,10.22588764,4.65557454,9.418441756,7.094358786,3.240057781,0,6.318993202,9.282227869,6.327627765,6.649265674,7.257589655,3.959150397,6.959852365
KCNQ5,5.894829554,2.549043829,6.560158697,0.353399575,1.603178421,0.160469782,4.30671635,0,2.87398713,4.436045982,4.572861303,2.712538646,2.744772363,0.713437379,2.545568904
STEAP2,0.791819137,2.457097569,6.150208445,1.760042463,3.693493052,2.234503482,3.619260756,1.286707618,2.215133229,4.260440427,4.318034062,1.500292121,2.475674167,1.695535936,3.435788021
UBTD2,5.231232854,5.067028761,4.795631272,5.837430448,6.270736284,5.670807964,6.520727677,5.061490953,5.216980278,6.819590956,4.685169445,6.786613216,4.478363568,4.881024758,6.107562523
IGFBP7,13.18873508,11.04712571,9.374881667,12.6993717,12.12756602,11.99215381,12.0248833,13.52510443,12.90104534,11.5518958,12.31120463,11.29800932,9.459036181,12.35071509,12.08897233
MAST1,5.440050317,6.235259841,7.910875192,4.762713607,5.464813662,6.004020332,5.799491116,4.191916204,7.418172924,5.432050429,5.406825817,6.261796757,7.580601701,5.185750768,6.600589667
STAT4,3.055292985,1.378667118,5.79343048,2.019076693,2.607696689,1.304883477,2.191779534,0,1.905876371,1.765843659,3.27355238,1.891275092,0.574164306,3.18633349,2.271239725
MORN4,5.534120039,6.268485757,8.342042222,6.662674257,6.393233463,6.168793716,6.352193877,4.997910656,7.945623997,7.470646597,5.29327116,9.515814206,7.608171935,6.572032222,7.718630139
ACO2,8.045771608,8.66726055,10.02877382,7.716970054,8.193845548,9.162439787,8.429445305,8.592911067,8.521500544,9.178255007,8.454093065,8.036431815,8.86089938,8.068798851,9.030179458
FBXL20,6.168558596,3.202870442,5.722258196,3.414047667,3.959584102,3.372012632,3.94676901,6.376138802,3.151167501,5.264962655,6.745382243,4.202368298,2.648082821,2.548709282,4.014808891
FADS6,1.972701591,0,5.045990371,0,0.196078129,0,0.662335622,0,0,0,2.540226333,0.68676193,0.815885726,0.278859517,0.282907114
AMIGO1,4.472905331,3.003707341,7.144689633,3.834683808,4.869995113,4.220922129,4.179123288,5.872539729,1.905876371,4.703078348,4.318034062,5.848779554,3.17604951,3.797090056,4.883855209
GNG5,6.226062704,9.548030008,7.587816091,10.42732686,10.23962514,9.85445857,10.15158064,5.180816608,9.677400392,9.362293011,4.246615546,10.2659751,7.928137958,9.831447791,10.2304436
ETV1,9.341836538,6.116844528,6.569458115,8.573609236,6.406911486,6.683249123,7.79041116,9.036319735,5.668761366,8.659076467,9.310365606,8.643097554,6.527405535,5.118712902,6.914800279
YY2,1.972701591,1.407027565,1.934428171,1.916734782,3.159323444,1.40442046,3.694231238,0,1.210362059,3.104723389,1.835504282,3.008098987,1.06091559,1.348207919,2.545568904
IQSEC2,6.108666948,5.540106461,7.939398528,4.32089046,6.258443286,6.037998434,5.36210228,4.30130851,4.58461667,5.769143239,3.949572998,6.168412411,5.809237816,6.305559662,6.727922317
AIMP2,6.398541794,7.2917857,6.115711698,7.893393285,7.904078949,7.542397386,7.460121183,6.338134,6.930072243,7.286946362,6.449253089,8.450653687,6.91923508,7.55382772,8.100541309
LINC00622,0,1.407027565,4.056312913,2.443893258,2.916686262,2.32196693,2.573486814,0,1.418086792,0.565739117,0,2.06481893,1.714195284,1.188662025,2.892800176
HMGN2,9.080546393,11.35679329,9.200497565,11.38509997,10.77846786,11.41790104,10.48143618,9.03829633,10.4138716,11.00142327,8.854154039,11.37858399,10.9009035,10.30017881,11.09940531
EPB41L1,6.563780144,4.864629864,9.547012937,6.456529048,7.82338838,6.635392745,6.976180731,7.440991915,6.718093148,7.616028232,7.030474565,7.009288606,5.269946781,5.880034436,6.887781873
TSPAN15,7.035223396,7.274091747,7.274742797,6.942082594,6.701418668,7.741118686,6.313084536,7.893797358,6.973229426,7.371645308,8.398888758,7.299655345,5.768133092,6.256105411,6.784776199
LY6H,6.197597136,9.606806809,10.77499634,3.344790042,8.502027282,8.060108464,4.107785467,4.191916204,5.278212534,3.982262567,6.182092332,6.139592194,10.21827751,5.453089833,7.765347828
PGR,1.300130847,0.072616151,1.246708608,0,0.522798811,0.160469782,0.448004099,0,1.385477202,0.310424829,1.191866241,0.094561382,0.148772113,0.278859517,0.100593785
PVT1,10.48019631,5.146974329,2.479398086,5.040904193,6.308324739,6.010617032,6.560233447,8.60362972,5.052761339,5.243790482,9.039885759,5.297971148,3.548388895,6.741889087,6.093899783
DBP,7.364584352,7.173984466,7.808564244,7.457890093,6.23911018,7.78025033,7.696280361,6.805516928,6.291756178,6.017461931,5.117596055,6.825046313,9.796854648,7.921141673,8.0605157
KCNK3,3.490260136,3.824115649,5.049317544,0.687641783,3.325667896,1.934940819,1.941250328,1.659723569,0.44185729,2.516376259,2.279008263,1.2765297,3.949272805,1.894818364,2.472364162
DENND2D,6.197597136,5.966554052,2.398223851,3.840286218,6.515351807,5.443966047,4.934003067,4.965037913,3.875494831,5.710822443,5.428502291,4.294892912,2.846323649,5.864278006,5.202358108
RASGRF1,2.429625731,0.784677521,7.031486008,0.873972735,1.884882639,3.789099137,0.523042044,1.659723569,0.237779012,5.340989078,4.064787019,2.697551366,4.823714528,0.278859517,4.621418863
ARHGAP35,7.469501122,5.745624104,7.970443451,6.245794646,5.438417985,5.802849109,7.410341568,8.507025707,6.652799541,6.682444737,8.68886593,5.953420374,5.851919657,5.123133208,6.394361346
TMEM147,7.627226601,10.09211433,8.53417385,10.54847924,10.16109046,10.19509497,10.30978053,7.898157416,10.7231917,9.453707617,7.814690627,9.01717806,10.07605943,10.15751031,10.34797501
NIPSNAP3B,0,2.846921138,5.506835433,2.221534281,3.159323444,2.436138688,2.675690695,0,2.454017632,4.854418125,2.279008263,3.371310958,0.859724182,2.625494669,3.262064209
SLC6A13,2.219177937,2.7283106,5.279234275,1.662217761,3.023861548,2.287615191,2.608365476,1.286707618,2.631361059,3.050015531,0.715665279,2.397163986,4.492356437,2.75645891,1.959246011
CDH18,0,2.95651664,6.498205887,0,1.940658678,0.66744264,1.114557245,0,4.142688215,2.791146415,3.41055889,2.451775185,2.475674167,0,3.641792614
RHBDL1,6.321489025,6.909853362,7.264759252,4.610387144,6.529062068,7.039289806,5.444034883,5.991572503,7.986967327,4.508847035,3.687222679,6.493120008,8.124822443,6.73179401,7.07791217
PARM1,2.77611423,4.483589091,7.47296367,2.662045263,4.593784581,2.270127643,4.940861127,5.578650816,5.457545177,3.860377021,2.76131997,2.682406757,2.835386788,4.857341506,4.621418863
BEND4,1.300130847,0.868648125,2.518334315,0,0.368667644,0,0.196179818,0,2.177533168,3.050015531,1.835504282,0.183304167,0.770673314,0,0
ZDHHC17,6.935324301,4.126592971,7.860152929,5.710117549,6.614065442,5.469090661,6.959392628,6.437336592,4.616579747,7.193023337,6.829255666,6.980943411,4.225425983,4.859992259,6.600589667
SLC26A9,0,0.072616151,2.459528685,0.353399575,0.196078129,1.667457922,1.419591675,0,0.237779012,2.516376259,2.074231976,0.183304167,0.574164306,0.759594841,0.282907114
TP53I3,8.864430286,7.254228086,4.869015586,7.184341334,8.004820095,7.935300077,7.584123141,7.348435909,8.314878064,7.515504229,7.490762124,7.223882923,5.698923124,7.38050963,7.575767374
OPCML,7.589382187,5.264007482,7.90078031,4.690111934,3.592645403,2.287615191,3.531119365,1.286707618,4.544563844,4.528989968,5.813336625,2.521516036,4.25445404,1.317679114,4.241019421
COL4A1,11.13170419,7.335785536,4.016069641,9.783907262,9.37101704,8.749424949,8.725187274,14.39118855,8.713537507,9.774235681,10.44569933,8.846799412,1.93518186,7.989917017,7.525196837
SLC26A4,0,0.207725252,4.811393849,1.114889176,1.457835492,0.866755392,1.208483649,0,0.503936105,1.189279515,2.371436809,1.193503044,1.203831446,0.278859517,0.900394324
ILF2,8.895776567,9.375333774,8.147366268,9.348006302,9.353144173,9.165103225,9.331612101,8.41265766,9.266347174,9.682378211,8.82380412,9.686706572,8.891085484,8.603361257,9.563490607
CDC40,4.155335548,4.503426098,6.60380662,5.03603033,5.374038649,3.906935903,5.786224523,4.35304363,4.286500375,6.219987505,5.117596055,5.918299566,4.19151973,3.829910003,4.446112369
TUBA4A,5.643687594,5.578017289,9.585622146,5.41772291,6.584825851,5.216365144,7.097760883,5.15189764,5.985346327,5.343834652,5.144040583,5.257667121,6.908839161,8.184876162,6.8789572
CDK17,7.12865072,4.470211249,7.890150495,5.960857221,6.169328127,5.518064161,6.306461982,7.379952307,4.896640155,6.832817484,7.181728288,6.453524201,4.372640856,4.580314785,6.357989407
SLC25A22,8.969182609,7.352287429,9.489235053,6.455616824,7.07142804,7.446888306,6.872390417,8.123414582,8.070113444,7.914761123,7.506134234,7.875956727,7.339698679,6.61817036,8.074496738
HTT,8.480272031,5.915646017,7.39141614,5.515507127,6.878753755,6.158137729,7.134119321,8.524052566,6.275163672,7.176358323,7.604630782,7.741311087,6.131050793,5.431867069,6.948931382
EIF4A3,7.812269481,9.100439761,7.14702081,9.340737069,8.676427321,8.816843877,9.022539398,7.012723764,8.851997147,9.544010233,7.526378866,8.571176685,8.853973007,8.613803824,9.123913348
CDC42BPB,7.984608416,5.442441265,8.358564604,6.407368286,7.364374807,6.466214447,7.48789765,8.160183515,6.285142058,7.603022883,7.26239633,6.841331059,6.633810265,4.904325497,6.169664995
DTL,6.483525363,3.844996524,0.466117858,3.680816914,3.52127131,3.599082223,3.726340519,6.007802941,3.375300136,5.366399425,5.984072352,5.213573299,1.737880769,1.378104069,3.519935336
FBXW7,11.682351,4.193247472,8.415430374,5.56540772,6.285620188,5.036705535,6.664383878,11.05832023,4.671711205,6.51455508,10.72589826,6.003025731,3.676478205,4.524600114,5.405277931
KCNK1,1.300130847,3.657061126,8.110811631,0.151893904,2.888600483,4.184046059,2.323562845,1.286707618,3.720712409,5.904432616,5.449857892,3.380724241,2.930956087,1.873987451,4.529676696
GABRA5,3.490260136,0.827273665,8.71185823,0.077945045,0.522798811,0,0.594369296,0,2.81398783,0.214185173,4.870787599,2.571694714,3.493789609,0.512450247,3.699066949
SCIMP,5.25904872,4.310486225,2.593189357,3.212804793,4.803861844,3.940488537,3.726340519,6.563477338,3.440244965,4.742427467,4.145534714,3.055889682,2.342969034,4.358328777,3.149161718
XK,1.300130847,1.566393289,5.233166385,0.873972735,0.905720275,0.770538241,2.096722457,0,1.011016389,0.910937516,1.549285232,0.345921971,0.283626714,1.436099633,1.847888013
ATP1B1,5.286338412,7.078031319,11.0070092,5.96599131,8.008087126,7.686960739,6.889329611,6.039726099,5.883938682,9.783566319,7.607009057,6.503928688,6.824934463,7.371248964,8.832282501
C4orf47,4.883571311,5.439011875,3.397074906,4.817706134,6.686202773,5.369965407,5.120736735,4.587083175,4.268729868,4.901531207,1.381616095,5.732279166,3.887080698,6.353374703,8.176687767
PPP1R3E,5.725718845,5.161613216,6.717968167,5.119032996,5.455271017,6.39740802,5.320637499,5.683408127,3.341697425,6.02457323,5.522207187,4.472673008,7.182440836,5.347491905,6.134505855
KIAA0232,6.88265494,5.439011875,7.164769113,5.123634798,5.662284064,5.508774392,6.11357613,6.758331649,4.132898676,6.965294769,6.20739076,6.153387932,5.142644683,4.797757669,6.231978976
AEN,9.417838125,5.140654762,4.587112468,5.872028657,7.167329083,6.930785483,7.648378925,9.098265005,4.967202575,7.347037294,8.959343887,5.525053743,4.195801847,5.945143371,6.622959997
AK5,1.972701591,3.119633328,9.665981304,0.829597233,4.347816673,5.672472933,3.627785808,2.902783536,2.631361059,5.877192651,6.156342353,3.548810986,4.052047258,3.160761979,4.687600107
MYO9A,8.642176503,2.344298331,6.088478441,3.563784687,4.316536167,3.234508639,5.43434795,7.577740462,2.764124437,5.31802014,7.580629876,4.362965868,2.857178223,2.907598338,3.988795824
ATP6V1B1,5.511171373,5.452680793,1.421212035,5.774446515,4.149071739,5.786028935,5.737822374,3.372686435,4.510945546,5.352337854,4.917524151,4.472673008,5.062843368,4.514540808,4.300387393
DYNC1H1,9.624419068,9.136350311,9.131931797,9.688227632,9.907558529,9.96472912,9.554779381,9.751451176,9.569608614,8.640681447,9.297907112,9.068683462,10.53496807,8.712989241,9.468744955
ANLN,6.518468317,4.343877285,7.655421359,6.19750407,5.511602448,7.011275422,5.970101285,6.65906262,3.170436695,7.733518682,6.889108225,6.592672883,3.541675922,4.391686636,5.021728363
C1orf226,3.490260136,4.522994043,3.917558723,4.996435082,5.6950862,5.302753428,5.816370846,5.781071011,5.05535498,6.127239049,5.2814082,5.055047709,4.398878403,4.769838636,6.229204155
ARHGAP26,9.105658623,3.86046121,7.183059198,4.451084469,4.887839958,4.684073283,4.874354507,7.93257149,4.072724037,5.56724353,7.210165158,4.494515089,3.999126964,3.699828344,4.321384054
BTG3,5.464149007,7.317225967,5.673500255,7.551369187,7.708094214,7.32303675,7.936100898,5.343121017,7.497560342,8.824058639,5.305037368,8.588797958,5.282080335,6.522697723,8.546293977
UBE2C,7.881011155,8.349008601,0.687257517,9.300786669,7.595866689,9.075920804,8.083991056,7.098582383,8.470671324,7.979775319,8.331455189,8.555676914,5.857336141,6.322956196,7.544299352
GNB5,6.650345627,4.372923019,8.251781181,5.150941557,4.960467529,5.472917443,6.481286106,7.702641894,4.573802985,6.608650975,6.585737295,6.325331024,4.755732039,5.053048228,6.140425537
XRN2,7.963630562,5.026473839,6.164086401,6.868596592,7.06516816,6.327270333,7.428753478,7.609994113,5.216980278,7.009870967,7.324411038,6.911202349,4.250342763,5.648199754,6.566919583
SLC7A14,2.922446151,1.059397375,6.430924152,0,1.670703954,2.831442119,1.885466075,1.659723569,0.162790913,4.533982063,4.119117811,1.500292121,2.40346072,0.970529284,2.292661744
TTYH2,7.358168586,5.541706129,8.645807299,7.233599384,6.517645917,6.881252083,5.597309264,8.203103897,5.861884165,8.828382661,8.468551497,7.79642246,6.459579735,4.967142273,6.927694253
TBR1,0.791819137,0.445041847,7.568235161,0.41476451,2.020476823,0.497513818,1.114557245,1.286707618,0.376986657,3.899583911,2.279008263,1.891275092,1.76118367,0.804321213,3.039395925
CACNA2D2,3.176931778,1.591323147,5.126950937,1.979006842,2.739333447,1.912572808,2.786441153,3.802954053,1.810839303,2.774369963,2.828079749,2.933306772,3.243789392,0.847702574,3.730802385
SNPH,5.487851759,4.551857141,8.776774436,4.519028324,5.287958072,5.119598626,6.390270942,7.075668544,5.707202381,5.626867886,6.714835323,5.711913865,5.587639804,5.424722865,5.971395179
TMEM74B,5.25904872,5.658366992,6.281909648,6.031123251,6.255697225,5.826969979,5.033600484,7.561339138,6.922278634,4.538956943,3.949572998,5.401019726,5.98405909,5.419341399,6.166767572
SLC17A7,2.613246987,3.119633328,11.34734112,0.99945397,1.766412369,1.527278705,3.694231238,1.955838395,1.481174692,0.565739117,5.939475594,5.126729624,6.065873815,2.351849282,6.934524207
DERA,5.556709373,6.601697387,6.13932142,6.550947989,7.112227515,6.035412957,6.915677239,6.472846749,5.606457907,7.555331055,5.693124129,8.098719834,7.100309027,6.596080922,7.10843285
INA,5.643687594,3.427143163,9.07144442,0.151893904,0.662041154,0.66744264,1.671252726,0.782285482,0.083690366,4.121427862,3.067942213,3.079204181,5.375641273,1.119551923,4.659018633
PACSIN1,1.972701591,3.488147963,10.26621024,0.687641783,1.637336219,0.719911152,2.237058091,2.411187474,2.196455688,1.506174465,5.157083268,3.729125646,4.784448372,1.154520761,5.093667311
MRAS,9.165672723,6.37820179,9.260579544,6.696272,7.312467592,6.43418558,7.221197966,8.681577547,6.290655928,8.182929776,6.920042469,7.924231573,6.686491503,6.506716759,7.649744811
GLRB,4.883571311,3.645205157,8.028913936,4.768602002,5.202130249,3.313460255,4.662509408,4.402987571,3.772072242,6.530878228,4.648696253,2.240540416,3.058701288,4.077759,5.65313521
DSCC1,3.289107468,4.193247472,3.121682422,4.646009964,4.593784581,4.831447234,4.089385884,1.955838395,3.845838397,5.440050663,3.224831257,5.084149243,3.860354637,3.93421197,4.229957773
C21orf62,4.42459766,5.646521793,1.648819213,6.571303649,7.235812851,4.633682935,6.483636288,7.446956205,1.835191911,6.280645973,5.104189769,5.677955975,4.625291628,5.878727952,6.850349943
HCN1,0,0.141751753,6.267697329,0,0,0.160469782,0.285095627,0,0.922867482,0.485551871,0.715665279,0.266903103,0.625857325,0.074928529,1.372240513
VSTM5,0,2.034679376,4.487612778,0.829597233,2.046130812,0.81944879,0.90609332,4.543214445,1.28297802,2.150898735,3.27355238,1.968220424,1.02285948,1.083714391,2.334574504
GLS,10.27753187,4.73639413,9.082447908,6.292521034,7.132576818,5.996064269,8.120693781,8.41265766,5.282646528,7.812163557,8.701162202,6.670528181,4.901802684,5.424722865,6.226423987
CLCN4,6.168558596,3.326801947,7.963406136,3.263724643,4.125199166,3.83739481,4.467331607,6.617360065,3.797082391,6.198139804,7.203894117,3.044089604,2.447221055,2.997014115,4.727472884
UBE2O,7.45754671,5.457773433,7.252542754,5.75529894,6.501510002,5.885564667,6.319676828,7.539176566,6.142407747,7.710553149,7.216409059,6.798075398,5.605452842,5.322724281,6.600589667
GRIPAP1,7.627226601,6.945939873,8.174282211,7.034784307,7.839524849,7.355528901,7.74607237,8.015177895,6.789933759,7.917628834,7.76444034,7.990673299,7.301961866,6.586509493,7.875923361
GSTCD,5.912452088,3.022159728,4.310378826,4.539836105,4.337465013,3.270132675,4.279922649,5.723270078,3.289778676,5.237683778,4.870787599,4.850071431,2.57106048,3.025628863,4.241019421
LIMD1,7.550518245,3.781424766,4.022855293,4.417748452,4.466567776,3.726363226,4.443384365,7.651907061,2.196455688,6.364304219,7.422189348,4.66599899,1.828915678,2.823180595,3.807214915
SH3GL2,3.490260136,4.761322689,9.666793852,1.999180877,6.37816258,2.338840861,3.7960755,0,3.65382953,5.83938173,4.720743239,4.414285818,6.42807686,1.254612304,6.146321029
OR2W3,0,0.141751753,2.85892622,0.353399575,1.013683457,1.270117579,0.594369296,3.268769603,1.133896458,0,0,0.266903103,0.148772113,1.119551923,0.194628402
ZCCHC9,6.062057951,5.279429861,5.582274092,6.706277321,7.574539527,6.487178688,7.541895945,5.264250032,6.228812335,7.032094117,5.552136775,7.156979228,4.547008974,6.334438426,6.619785395
ZNF93,5.664636811,3.930515607,2.537415329,4.487242897,4.980563984,3.592061776,5.62950257,3.560445827,3.646967492,4.616306836,4.977573752,4.58280344,3.068074835,2.948024326,3.137369881
RIMS3,7.136169962,3.406221195,9.07817874,1.916734782,3.601323912,2.667465563,3.50359153,3.156782629,2.826188973,4.353739492,5.763038322,4.68891381,4.258553635,2.662407278,4.284436895
ZNF554,6.294862299,3.427143163,5.310073646,4.225645874,4.670014823,3.680766241,5.036804833,6.312229619,3.977477185,4.720699473,6.226077643,4.839869949,4.028232943,3.368635586,4.81520229
RBMS1,8.146007762,4.209440795,4.977782876,6.199684993,6.369297975,5.554636362,8.698626463,7.322717498,4.757035991,7.310411342,5.460418306,6.072924294,3.626598701,5.265891579,5.190994837
GDAP1,5.664636811,4.730795464,8.217809007,5.342737233,5.846939661,5.618217101,5.918920219,5.343121017,3.720712409,6.340282208,5.117596055,4.976516307,5.308024771,4.040854534,5.432069804
CDCA4,5.534120039,4.882413802,2.646887198,5.807712683,5.26082559,5.530970154,6.492998919,6.146202409,4.460959548,5.012992726,6.116834575,5.025347043,3.57493272,3.993355457,4.543145341
PPFIA2,5.578950455,3.067283834,8.087940591,0.829597233,4.765767482,3.141398891,6.961923331,4.587083175,4.062446313,5.626867886,5.269446885,5.282988775,3.639231181,2.366837115,4.021239525
RAB13,8.186404796,10.07322781,7.274031973,10.28373271,10.92063405,11.02657196,11.33522821,8.540880814,9.869719962,9.719004211,6.965234635,10.79205629,9.013940051,10.19302785,10.50254303
ZMYM1,7.105854954,2.623444182,3.428077346,3.636425455,4.21840705,2.878363385,4.3485774,5.15189764,2.764124437,4.862377925,5.813336625,5.072578977,2.327441321,3.18633349,3.807214915
CALN1,1.675259624,0.986095546,6.558992044,1.444093912,1.114126763,1.08248778,0.368848086,3.035365724,0.876687424,4.307844034,4.318034062,3.079204181,1.302432772,0.340897504,2.697843922
PSD,6.771171178,6.732116733,11.29705909,5.836029112,6.193922463,6.462369819,5.014223478,5.703476772,6.55171818,7.660645317,7.86722315,6.537982142,8.016728023,7.056359607,7.875479775
KCND3,4.155335548,3.59678226,7.129051442,5.121335732,4.368299795,4.965152199,4.797094241,5.907562921,4.785433726,6.725629289,5.94700478,3.842468533,2.835386788,2.93802353,3.599443951
PYGL,8.636885771,6.655140226,4.568681699,6.858969484,8.97826035,7.938763101,8.664593208,7.583166394,6.597816231,7.500918592,6.571194564,6.979395257,4.995663518,7.178720583,7.027694956
LIMA1,7.043244293,6.132852445,6.015508229,8.131054298,7.975496336,7.302216734,8.82910704,7.677497488,6.645932589,8.67780383,7.531395945,7.249799186,5.029644441,5.706801512,7.418405515
DDX39A,11.01267144,9.449001427,6.934957979,9.937099872,9.43370732,10.18251589,9.874841753,10.60485226,9.945341742,8.886620988,10.59154016,9.535306327,8.942158739,9.528821175,10.00820796
RABGAP1L,7.844756929,5.238589075,6.884624495,4.934926935,5.772049429,5.787566171,5.397431405,6.42530295,5.029206325,5.959273248,6.723629212,5.439812642,5.911713247,5.648199754,5.695969626
ATP6V1G2,6.334620341,5.0057607,10.67340518,5.911149916,7.277697955,5.621668529,5.878413714,5.122387111,6.597816231,7.941307304,4.932772496,7.326694046,6.700873822,4.881024758,6.863830252
SMAD7,6.79986011,3.590613502,5.611828764,3.723883132,5.713214844,4.174677859,5.966745127,6.507503823,4.468763333,5.133001977,6.316045098,4.418861997,4.107647202,3.802612158,5.17089117
KPNA2,6.986138362,8.246065198,6.712731937,8.195035407,8.422845363,7.782179325,8.162732559,7.172435507,7.714100481,8.904800361,7.618841979,8.781228467,5.967875606,7.453846381,8.408061448
CYTH1,8.928622868,7.408601471,8.01110847,6.188747259,7.846841833,7.693945181,7.549207208,8.406549572,7.218583712,8.53881939,9.147548026,7.108937451,7.833406462,7.592993655,7.652854239
TERF2IP,8.222172896,7.550824354,10.04188207,8.187637677,9.056079418,7.990068868,9.006080838,8.463558077,8.208207269,9.594164286,7.424887921,9.196945411,8.110434621,7.787591343,9.071431042
PNMA2,9.090256741,5.684668366,9.918476446,6.808417668,7.67969317,6.279999829,6.702210989,9.225154911,5.186544685,7.248741849,8.530000316,7.30769693,6.157636593,6.188116898,7.706211654
RBMX,8.967076077,8.442526628,8.286734749,9.193119251,8.822057576,8.721549762,8.858605748,8.526870941,7.982545262,9.749636129,8.702274865,9.141958013,8.347799755,7.901011871,8.238705564
MDH1,8.543841297,9.001614968,10.9611574,9.04603371,9.259100347,9.344866525,9.062391365,7.40467891,8.30155805,9.428126942,7.772937876,9.031068713,8.921461155,9.372493831,9.829669004
PLEKHA8P1,4.374616234,3.571947373,1.648819213,3.50855877,4.517891711,3.934950341,6.021147453,0,3.151167501,5.129708123,6.076214353,3.793972849,2.951360583,3.774787822,5.193844056
SLC23A2,7.533536343,4.564502137,7.764202491,5.354530227,6.263919776,5.885564667,7.081561322,7.440991915,5.037100805,7.899369646,7.289301121,6.748946596,4.864632264,4.894016045,5.974712302
GABBR1,8.049758416,7.038355526,10.29697643,7.185992322,7.972154575,7.657419299,8.807460031,8.353559409,7.033007677,9.985652955,7.86722315,9.184401993,9.495750164,5.283770088,7.557079692
FSD1L,5.365240551,2.659253314,6.022296516,2.978868353,4.235232447,3.243497455,3.718379947,2.411187474,3.235921536,5.434722106,3.919272139,4.755552212,3.694747204,2.767795687,4.796579288
KIAA0319,1.675259624,1.979092741,6.326470467,1.18701437,2.144414656,1.436129718,2.071946275,0,2.305057358,2.299006989,3.453481398,2.75658837,1.237452911,1.935599016,3.039395925
PLEKHG2,7.113493634,5.954595023,3.91025799,6.653952314,7.230927649,7.256881293,8.30107813,9.467393422,6.569064582,7.815242407,7.188096209,7.117408295,5.730257713,5.631231369,5.915531955
YES1,5.725718845,4.867183888,5.609576699,6.433548592,5.445664833,5.218646088,6.469477421,5.762060184,5.075937938,7.47324781,5.737215908,6.234799964,4.71155651,4.984251695,5.453626289
BEX4,7.858459249,7.810719527,10.50619916,8.267258331,8.887602211,7.565430419,7.478501747,7.835883863,8.08668994,9.200207347,8.489326608,8.970989551,8.653551428,7.428176223,8.887002446
RPL13AP5,5.487851759,6.899285813,6.052454632,9.126474186,6.739262329,7.460925714,7.758256417,5.941755994,8.386404136,6.463139397,3.824353104,6.552631445,8.579083901,7.894885438,6.341382259
LMBRD2,4.986991323,2.836532396,6.699028124,3.077039635,4.777301779,3.420375808,4.683106121,4.402987571,3.408137967,5.041316746,4.196960214,4.762769994,2.802069762,3.361170469,4.460380227
C19orf81,6.722050906,9.220903617,5.938649709,7.00391692,7.669928659,7.657419299,7.147520925,4.711212082,5.230813804,6.118957158,5.104189769,7.115999937,8.967267815,9.144846473,8.993039529
PDCD1LG2,4.608820744,3.058371217,1.246708608,2.383780804,3.973020983,2.843316275,4.476800302,5.209167265,2.26975742,2.97857771,2.074231976,2.995899789,1.424220954,2.927952925,2.892800176
CCDC15,3.66676764,2.052742289,1.782777024,3.765700946,3.717640735,2.758068577,3.83340851,2.7567727,1.905876371,3.269425365,2.458298626,4.175577745,1.302432772,2.897312331,3.325794284
SLC12A5,3.490260136,4.809923637,9.546571549,5.43633826,4.522468239,5.372016148,5.608120384,0.782285482,4.711719795,5.231551116,5.600679651,5.344414194,6.935970286,4.783865687,6.342666541
JPH3,3.896646329,3.844996524,9.571372991,1.321272834,3.911544305,3.06232701,2.537743988,2.902783536,0.44185729,3.852406143,4.720743239,4.853455958,5.537910317,1.378104069,4.336933414
R3HDM1,8.005285602,4.869733398,8.552461782,5.463818521,5.674672429,5.359667746,5.78050128,7.05238489,4.200070174,5.953695784,7.503583563,6.223073448,4.767287253,3.959150397,5.5255038
MRPL36,7.881011155,8.865656151,7.582658712,8.725128472,8.937717939,9.196397454,8.819603744,7.303123275,8.823371094,7.896465373,6.679113731,9.07032056,7.473573511,8.804760593,9.838002796
CAMK2A,6.077762189,3.136669381,11.62460817,4.25530466,1.532336487,3.895576015,4.026301834,8.998240544,1.094088111,2.496055189,7.286336358,3.966430387,3.748205853,2.823180595,4.52515906
RBM11,0,1.259298084,5.492240765,0,1.913040187,2.693937914,1.532859968,0,2.500438744,3.930199894,1.959800392,1.663437338,1.424220954,1.188662025,1.246151947
S100A10,7.816955576,12.17700286,6.521152106,10.45057755,12.98298863,12.00602389,12.63727862,6.325239949,11.68748752,11.00344925,5.19551843,10.8277679,10.68181587,13.19867268,13.00080481
GNAI3,5.894829554,6.780340293,5.909653845,7.092846749,7.993738923,6.882691181,7.864868945,5.534520956,6.383370185,7.381372177,4.363754933,7.689702097,6.020726953,6.327751569,6.632442106
STX10,9.327129498,9.619360025,7.593524971,9.46186591,8.934931256,9.452713671,9.042802216,9.042241414,9.940702353,9.084607392,8.458050666,9.776805468,9.173480465,9.284463479,9.681234247
TFPI,6.563780144,5.058114563,2.196934495,4.831836086,6.640620722,5.855099369,6.675733743,6.007802941,4.879178949,7.003586645,5.245222566,6.773273461,5.360463096,5.756017428,5.869942478
KIF5C,7.783828697,6.288631817,10.51344469,6.353537798,6.963656005,6.753363176,6.242677404,7.135981471,6.492661578,8.362730816,7.736472507,7.63076427,6.241840936,4.127008845,7.211846658
ZNF480,3.289107468,4.325422187,3.108983682,5.855525031,4.698605154,5.039288699,5.179904539,1.659723569,4.744233098,4.414552617,2.617750481,3.779812157,4.72346954,5.740277614,4.040361214
PRDX4,9.656146306,9.885683099,6.519953466,9.668975143,9.718824627,9.229856898,9.376407775,8.039064834,10.0736975,9.357020958,7.883009572,9.345701662,8.302852439,9.808817162,9.823703107
RSPO3,0,0.072616151,4.775682738,0,0.447790586,0.556408883,1.703871737,0,0.309061226,1.378780936,0,0.266903103,0.217774517,0.565382398,1.201548641
MELK,5.339416354,5.033312656,0.543658953,5.81626612,4.929788006,4.7921672,5.33632678,5.854704049,4.417267462,6.520855089,6.556503744,5.711913865,1.8066898,3.006615564,4.747003498
PRPH,8.225701412,8.242135065,2.459528685,5.419595291,8.240077987,7.246299808,6.857969931,6.437336592,7.463791725,6.035174882,4.977573752,7.198823622,6.8638012,7.531969902,9.18765516
CDHR2,0,0.072616151,2.74863499,1.414354929,1.419090777,2.021098199,1.797524218,1.286707618,0.083690366,0.310424829,0.973325103,0.345921971,0.815885726,2.12381774,1.524856809
SYNE1,8.459443577,6.151830393,8.563847828,6.143014885,7.194110253,5.432220831,6.151022411,8.549221896,6.289554838,8.327943979,8.608061264,7.375770808,5.547994294,5.50142824,7.147168292
PPM1E,4.26913805,0.947998962,5.859361816,0.63703992,2.16797394,0.497513818,2.463486764,3.035365724,0.44185729,6.367104221,5.170009097,3.157959853,0.520550028,0.340897504,0.657838811
TRIM21,7.504781268,6.195164902,3.654684567,5.062635079,6.664627259,6.357599956,6.809145615,6.131464236,6.171389575,6.522111796,6.551573372,5.664531216,4.242084893,6.11676521,5.918979885
SFXN3,8.061653156,6.51803358,7.830485606,6.449215052,7.969643165,7.404939361,7.939100951,8.108440544,7.369502049,7.882345041,7.058549313,7.51531837,6.128813036,6.744760468,7.526327543
PDS5B,6.855581196,2.705656812,7.180026908,5.212716467,4.690494138,4.296287524,5.838574263,6.285851592,4.057279863,6.143661551,6.055467146,5.26021938,3.385488957,3.346123341,4.213204633
FOXD3,6.093297321,4.365716224,0.297288132,3.889752325,2.624823275,2.901263891,3.644686259,1.286707618,5.255835815,5.579367166,3.949572998,3.222203408,2.910258858,2.088087338,1.662861851
CLSTN3,7.325654674,6.949559626,9.49427912,6.154303516,7.582231756,6.471962246,6.97701503,8.156548506,8.933560399,6.236924422,7.400417093,8.156033162,6.575028743,6.462924038,8.070626688
ERGIC1,10.03061877,7.474572146,7.299403526,7.867906394,8.345212348,7.576588211,8.904496222,8.912476167,8.647388117,8.562831532,8.749325314,8.275333119,6.576671519,7.392917975,8.377686804
HOXC9,3.96579551,3.668820458,0,1.352972195,1.25278463,4.252433158,4.448205719,3.268769603,0,0.782591765,1.69948109,4.829595816,0.574164306,5.164464115,4.876780518
CACNB4,4.733026863,1.881406617,7.128265065,3.472937259,3.601323912,3.396396869,2.591031546,5.236971518,1.995037956,4.733775499,5.245222566,4.279878371,3.507634368,2.351849282,3.921634004
CHRD,6.459750835,4.372923019,7.088389467,5.616907539,6.154662564,7.395897369,5.941321949,7.889424083,4.964445357,7.679352458,9.250775925,6.771485471,6.809648677,4.26940252,6.066179896
MAPK8,7.481357291,3.559367749,7.541903714,4.119064414,5.583444738,4.852163236,5.444034883,7.05238489,4.491924566,7.10099164,7.662942233,6.322891488,4.973388258,3.517091138,5.084484916
PPM1A,6.459750835,5.283259832,7.338004336,6.130494511,6.400710274,5.898426825,6.67264717,6.231603025,4.529719007,6.447350456,6.18845865,5.656803462,5.500320739,5.265891579,5.984618153
ZFP92,2.613246987,0,3.995519061,0.222236434,1.603178421,0,1.766977269,1.955838395,0.503936105,1.137742235,4.064787019,1.567779727,0.574164306,0,0
SPINT2,7.223470664,6.318799604,8.724661112,4.425223309,6.83251068,5.902688854,6.335376504,6.472846749,6.001575651,5.593782315,5.737215908,4.98887981,6.113050788,6.988330465,6.702138813
RIMS2,5.664636811,1.776622566,7.674400109,0.289308085,0.10136765,0.612993681,0.78935652,3.372686435,0.828980142,3.183081716,6.395236338,0.911215713,1.270308653,0.146156915,0.784208081
PRIMPOL,7.202135735,6.786425137,5.200619231,6.812698636,7.092356823,7.393375614,6.151022411,7.012723764,6.155763394,6.465754169,5.924298304,7.153551195,6.572561068,7.063276924,7.43113875
ABCC3,9.327129498,7.931866073,2.629209064,6.33182809,9.302155266,6.337801005,8.997472273,8.706651557,6.178544967,5.706407127,4.196960214,6.006070157,1.203831446,7.612774476,7.22583418
FOXM1,5.784319442,6.320664308,2.071643674,6.400748297,5.493068624,6.862411996,6.13316945,5.600219657,6.897196917,6.769676391,6.33911818,7.39215353,3.771343901,4.281317199,6.253987482
CHCHD3,7.637859425,7.737929527,7.051534087,7.683466877,8.398777971,7.906938937,8.594834635,7.361125206,7.327202771,8.342955449,7.472618497,9.398787143,7.156312348,7.55013928,8.250385012
F2R,6.077762189,5.406019533,3.108983682,7.624622108,6.385717701,6.383243995,7.263526466,7.458811318,6.216119007,7.621314995,5.552136775,6.910390141,5.074517386,5.588715441,5.683860442
AURKA,7.427219992,4.713867912,2.267198061,5.903142439,5.010193334,5.759642152,6.068884679,6.617360065,5.052761339,6.159899215,7.172123393,5.501516908,2.19680905,4.26940252,4.719586001
CDK5R1,6.447715018,3.258404741,9.097592629,4.356513038,5.319857516,3.577917554,4.113866881,4.671010865,5.065683166,7.076394777,6.292597002,6.315548032,4.152397746,2.686501222,5.509583557
MSN,9.989699177,8.116008629,7.37626171,8.730794985,9.840416937,8.668724881,9.770916835,10.08361098,8.382020016,10.07388258,8.883878621,9.375728661,4.612535955,8.322169233,9.053503924
IMPDH2,8.915573949,9.767956297,7.58380639,9.170920352,9.710952116,8.894152882,8.955547675,8.237920566,9.587190657,9.303578352,8.790711296,9.256479981,10.42482125,9.440152431,9.942388316
DLG3,5.511171373,4.725174986,7.103672311,4.41399645,4.726639894,4.93772368,5.61885109,5.703476772,5.370663532,5.668321126,5.328285755,5.821388891,5.311975134,4.273385023,5.768477437
GREM2,0.791819137,0.270813296,5.264995446,0.41476451,1.208029878,0.234472535,0.84890533,0,0.675593016,1.08429547,0.973325103,0.62473343,0.67576203,0.214033467,2.395245401
BRSK2,7.272058439,6.953771225,8.350158462,6.38358466,5.916395751,7.353454573,4.443384365,5.030051028,7.816649281,6.881609051,8.237877243,7.863001788,7.866687224,4.922191646,7.318819709
RNF122,4.692801364,4.851791481,2.518334315,5.060236637,6.23911018,5.789101771,6.01303539,5.343121017,6.076265761,5.997723165,4.703065986,7.061437316,4.018596048,3.969006303,5.284844226
INTS12,6.03012714,5.805440736,5.537959646,6.581374779,7.022995939,6.317726557,6.887555875,5.818357244,6.176163778,7.103512371,5.470901981,7.239488479,5.079160671,5.781408738,6.889540349
PDXP,8.222172896,7.611871176,10.47877679,6.927023787,6.715476825,7.057880673,6.782668728,6.596047854,7.548157752,8.027457244,7.857268191,7.093277201,7.514002249,5.518306824,7.732902925
NISCH,9.617720484,7.431216266,9.135653817,7.307253656,8.218381538,6.999385008,8.352775213,9.735702254,8.422010816,8.601687285,8.986084892,8.091930268,7.854550667,7.348305889,7.874148199
CHST1,6.909229961,5.911940056,8.809273356,6.837420901,6.157607627,6.031526033,6.600852837,7.221971524,7.035637042,7.21339302,5.969359411,6.934559662,7.740833163,6.402385932,6.770532847
UCP2,5.76504918,8.710214118,4.826986067,6.301687411,8.50549896,8.87276858,6.752776846,6.805516928,8.680316909,8.442882278,7.968726527,7.687807405,7.212337764,8.445761233,7.422662426
PTGER3,0,0.600478562,3.706181132,0.222236434,0.284952208,0.160469782,0.594369296,0,3.408137967,0.713866604,0,0.094561382,0.625857325,0.616441018,0.282907114
KCNB1,2.922446151,1.541025056,6.815962172,1.22176837,1.637336219,1.270117579,1.253248978,0.782285482,0.376986657,3.930199894,2.617750481,1.465326296,4.217023833,2.305928272,3.942112863
MIAT,8.253623105,4.817866969,8.958081184,5.600494704,5.670554783,7.388825319,6.844318549,9.545906292,4.290909009,8.378774504,7.277405336,6.900607806,6.563476638,5.521658974,6.115097395
DBIL5P,0.791819137,2.269040273,4.049683175,2.133012423,4.388496168,1.745461239,1.766977269,2.201403741,3.809426734,2.824125166,1.69948109,3.222203408,1.784116149,3.71747559,1.959246011
BAIAP3,6.410993119,6.926479625,7.849695506,5.925715847,7.878424371,6.484337803,2.675690695,9.18824585,4.858536792,5.975877419,6.110143465,5.674133059,8.326965943,7.787243224,9.156592716
TNNI3K,0,3.022159728,5.095109806,2.169075531,2.555062178,2.901263891,1.532859968,0,3.784631512,3.937753439,0,3.211692854,2.802069762,4.281317199,5.102791632
NDUFB2-AS1,3.66676764,1.940808306,2.334197918,1.151402449,2.641748929,2.527287125,2.608365476,2.902783536,1.094088111,2.097946171,1.959800392,2.75658837,1.995376545,2.453634446,1.788810531
ADAMTS16,3.66676764,0.740785346,2.123072901,0.222236434,1.703317349,1.527278705,2.424873872,0.782285482,3.955429278,1.799399177,2.279008263,0.68676193,0.283626714,0.759594841,0.194628402
CALHM1,2.219177937,0.141751753,3.72294612,0.077945045,0,0.160469782,0.285095627,0,0,0.111063732,1.191866241,0.559917738,0.520550028,0.340897504,0.784208081
DPP10,1.675259624,3.273886809,7.474820732,2.748008507,2.800905557,1.160491499,1.208483649,4.861671428,3.597997009,6.522111796,4.720743239,2.451775185,3.754025248,1.407393255,4.246518601
RPL21,9.912985496,12.7113964,11.81029195,12.41825369,12.22633527,12.08151239,12.12601709,9.21819703,12.32491983,12.16658804,9.609773451,11.68835734,13.96233892,12.73103863,11.91665347
CAMSAP1,7.88547954,5.108634903,6.921403896,5.342737233,5.632957351,5.146204008,6.003240319,7.036651035,6.109091758,7.132600013,7.361506658,6.844736129,5.310001304,3.194757587,5.665503936
HDAC5,8.486168201,7.235076149,8.127041384,7.021283951,7.271594137,7.390849444,7.149002336,8.931744095,8.751618679,7.777855328,8.855154789,7.169253134,7.857594391,7.12242917,7.960334509
HMMR,3.289107468,2.907729974,1.962935206,4.190986285,3.601323912,3.197982631,3.734257406,2.7567727,2.738531206,4.616306836,4.992203581,5.143416012,0.859724182,1.831400987,2.313770323
CCNY,7.867522358,5.864154819,7.940742817,5.91778903,6.896491253,6.286537736,6.872390417,7.766037433,6.282930595,7.882834257,7.787689184,7.3804706,6.563476638,6.190224933,6.6677113
C1QL2,1.972701591,3.910844754,6.407781086,3.81774485,3.147521048,1.000024272,2.537743988,0,4.098102509,5.564806529,1.381616095,2.017328019,3.876449612,3.785982034,2.580823861
GALNT9,5.664636811,4.272455478,8.194332523,4.067452595,3.484214897,2.613017485,5.774755243,4.711212082,6.968420995,3.820074803,4.870787599,3.497815692,7.031301306,3.893391532,5.69998354
NUP160,6.574889175,4.463475519,5.029238424,5.469252314,6.049190983,4.948757743,6.345748835,6.70955078,4.840605354,6.312952069,6.531681641,6.556789783,4.107647202,4.413504273,5.292839267
LEPROT,7.83554921,6.064391878,7.023049714,6.840918322,7.509175073,6.483389597,7.580285062,6.669302591,6.063438794,7.653782126,5.532252865,6.908764351,5.394392158,7.164852299,6.323281225
GPR158,5.173938592,3.633250948,6.354982885,3.40651453,4.722668131,2.160502357,1.941250328,4.671010865,2.725562294,5.892821267,5.245222566,5.479781377,2.910258858,2.801281112,4.47450836
BLCAP,7.325654674,7.368602701,9.287596063,8.181581723,8.47571994,8.548757014,8.522959795,7.106140163,7.660595306,8.15241662,6.825175806,8.669019591,8.674414468,8.386322988,9.019177684
TROAP,7.621880656,6.872841002,0.466117858,6.657923371,5.187796013,6.565430162,5.548753652,7.732247895,5.973053389,5.91403786,8.256175853,6.923330922,3.939091855,4.48736796,5.859214045
MGAT5B,5.415542235,3.481495651,8.156265587,5.227755561,3.325667896,6.204906677,5.32588624,6.131464236,3.101837535,3.67395974,4.47209333,4.07479076,5.861385201,1.85285135,4.869670962
EIF5A,9.944376318,10.75196394,9.809505151,10.87972476,11.05848358,11.2670417,11.28877859,10.32860546,11.18344221,10.87900946,9.637957557,10.7742541,10.7211993,10.99390829,11.3335606
ZNF702P,4.155335548,0.740785346,4.587112468,0.873972735,2.691366113,1.08248778,1.885466075,3.372686435,1.053150085,4.319455501,3.722746498,1.011575107,0,1.009252727,1.201548641
FANCD2,6.334620341,6.179837284,2.459528685,5.074567839,4.398489311,4.474825943,4.758796848,6.541347842,4.961682861,4.943406981,5.813336625,6.449056826,4.457116454,4.331839804,5.709969735
USP20,6.79986011,8.016556775,7.013712454,7.243146617,7.784860828,7.935300077,7.015692618,6.980190635,8.413696627,7.025019885,6.194796998,7.906011712,8.642221424,7.330258659,7.904902512
TSPYL4,6.281362353,5.302258645,9.135653817,5.936217638,7.084640777,4.61994286,6.122652277,6.70955078,5.804455483,7.69782013,6.244525571,7.173998261,5.302078871,4.402636697,5.855620098
EPCAM,3.055292985,2.122813941,5.029238424,0.687641783,2.236427818,2.082499242,1.162284695,0,0.620612558,2.097946171,1.549285232,2.588040455,1.76118367,1.647247339,2.729605978
PRRT3,5.929861958,4.205409473,6.618440709,3.783258347,4.765767482,3.751785887,5.269798312,6.596047854,4.695184174,4.784925714,5.501903518,4.769951845,3.979391548,4.073197239,5.090613002
ZBTB18,6.30823709,4.796586781,7.878974374,4.8734141,6.033244826,5.313463918,6.112057872,6.231603025,4.969954532,6.720164512,6.496197193,7.585179471,6.593808658,4.673673598,6.741617212
ECT2,7.113493634,5.287079663,5.133235694,5.817686776,5.269019048,5.252434431,5.446446488,6.648749447,4.825490336,6.216886588,6.837380935,6.692427113,3.010897662,4.077759,5.463104524
PWWP2B,5.84063237,6.04647514,6.325098575,5.481852136,4.661740999,5.840362817,5.205758408,6.023852816,7.379368468,4.805714414,5.666007398,5.805749996,5.668434311,5.866916057,6.238892769
KCNC4,4.322840891,3.639240434,7.044882301,3.878905498,4.589429116,3.782946895,3.826018794,3.560445827,3.235921536,4.446673766,3.856691658,2.894404533,4.72643249,3.543714966,4.837237142
MPP2,6.67119908,4.722356515,7.444817024,3.783258347,6.22233021,5.265731266,5.873045411,6.563477338,5.397486206,6.936365173,7.200748344,6.311862238,5.414740494,4.233056462,6.143376295
GLT1D1,5.202870123,2.705656812,7.011155405,0.353399575,1.967758367,0.612993681,1.065196689,1.659723569,1.627787116,3.304904363,4.036834575,2.538436924,2.279829525,0.400377392,3.599443951
PTPRD,7.027157656,4.043220514,8.717620521,5.150941557,6.066530554,4.508773326,5.162407587,6.86017474,4.388758261,8.577109753,7.60224858,5.56275905,5.736149808,1.78751909,5.516428042
SCAI,6.722050906,2.156613492,5.39359717,2.736037219,3.04945595,2.912579255,3.171741276,5.417902776,2.037634034,3.952742908,4.806019516,4.021627699,2.846323649,1.571641668,2.820900419
ZBTB44,8.74164748,4.043220514,6.411664137,4.33286265,5.02639489,4.795227003,5.162407587,7.249532432,4.533444561,5.706407127,8.773875802,5.325041138,4.05676331,4.300958907,5.167996212
TGFBR3L,4.26913805,5.857747795,8.510530481,5.485431966,4.393501392,3.549206176,3.953566795,0,5.80753572,3.67395974,4.947861361,4.66599899,7.238517781,5.096405912,7.206918809
DEPDC5,9.420919598,5.857747795,7.751491932,5.06502954,4.950313339,5.713484677,5.59296203,8.097107132,5.511430495,7.388280007,7.781385655,4.925974728,4.778750651,3.633209701,5.347597312
CNNM1,2.219177937,1.259298084,6.077113594,0.077945045,0.447790586,0,1.253248978,0.782285482,0.675593016,2.722837336,1.959800392,0.345921971,1.737880769,0.074928529,1.107978918
GRM1,0.791819137,0.695515793,5.72434118,0,1.37927676,0.497513818,0.368848086,0,0.44185729,1.189279515,3.791273016,1.05925267,2.126771655,0.214033467,0.519328577
CREG2,2.613246987,1.378667118,8.67140452,0.151893904,2.343759761,1.640490586,2.786441153,2.7567727,1.786068556,1.69629637,4.533394633,1.723857793,3.077387871,1.009252727,3.206717123
PLCL1,4.651422041,2.034679376,6.340118108,2.304937137,4.100924913,3.092489101,2.816582997,3.035365724,2.438205959,6.194991519,5.305037368,3.876136645,2.126771655,1.955565053,3.101404816
MEST,6.410993119,8.900982638,6.535458642,8.625430755,10.23536279,8.757291354,9.786467482,7.32919021,6.131387681,8.669037912,6.845460699,9.19677888,5.120291145,6.489701227,8.43570509
ARHGEF9,7.715201766,5.652456549,8.671674404,5.276094135,5.959222146,5.654051724,5.253364361,6.669302591,5.658562516,7.260836846,7.687871057,6.624717131,5.282080335,4.758517964,6.24988638
STK36,8.366607382,6.460844415,6.528323108,7.724184467,8.52473044,7.81684377,9.354745592,9.626948356,8.086055892,8.056369091,7.61412045,8.042004565,6.50601175,6.47334844,8.639109906
KDELR1,7.082693207,9.128654059,7.688872151,9.568026369,8.992350215,9.345127528,10.3090353,8.220617258,8.834172536,8.546867925,6.38418598,8.263296765,8.328916714,8.915616621,9.241832621
PRKCE,7.067042844,3.474812523,7.816884844,3.81774485,4.125199166,3.713481901,3.749962027,6.189534538,3.694330159,4.913072945,6.714835323,4.638796745,2.733034661,2.336704107,3.921634004
TANK,9.637723647,5.936468526,6.594726683,7.272451405,7.667348028,6.909764779,8.270440295,8.199575568,5.517086331,7.851185137,7.424887921,7.081058586,6.175092124,6.269127491,6.706135622
RELA,8.994223958,7.957260053,6.81498514,7.531594234,8.432908084,7.956638038,8.469124147,9.191801963,8.145079668,8.707657629,8.392009689,8.382298742,7.810203223,7.166459306,8.181001999
DDHD2,9.383500278,5.180218981,8.434640509,5.548394883,6.757818297,5.889864807,7.171042882,7.93257149,5.353905924,7.733518682,8.253142157,7.721073779,4.94059327,5.438976069,6.958177586
PLXNA2,7.907616195,5.017304694,6.477361052,4.756801079,4.378433322,5.172327619,5.141722608,8.95704079,5.39952898,5.827232583,7.378311223,5.255110339,4.383943998,4.391686636,5.266015003
POLR3A,7.396242067,3.997325253,6.137759403,3.932342059,4.437783742,4.412429309,5.171182588,5.97515739,4.18593723,5.975877419,6.411654776,5.382396904,4.801407754,3.808113205,4.497752075
NR1D2,6.935324301,3.178399647,7.22264671,5.383597737,4.722668131,4.363794456,5.510081146,6.007802941,4.566548567,7.050500604,6.238402435,5.726753442,4.764407115,3.72331036,5.559038286
DLEU1,4.608820744,4.369324122,3.811825026,6.156550681,5.785439017,5.551020581,6.01140749,6.42530295,3.815559521,5.512654907,4.822486166,5.031336293,4.047315739,4.564150277,5.235920581
TMEM171,1.972701591,1.227846119,3.583032091,0.917023935,1.495566841,1.197966761,1.941250328,0,1.28297802,0,0,0.345921971,0.217774517,1.286490299,0.282907114
LINC00507,1.972701591,0.141751753,5.273555596,0,0,0,0,0,0,0,0,0.183304167,0,0.146156915,0
CYP17A1,0,0.648779606,2.123072901,0.151893904,0.594099211,0.719911152,0.368848086,0,0.779641157,1.08429547,2.074231976,1.392744771,2.162215317,4.036174385,0.519328577
STEAP3,8.751472338,6.621498497,2.975441497,5.96599131,8.055830454,6.055968186,8.675427535,8.011158002,4.695184174,7.504101951,5.39586421,6.88911061,3.759821263,8.357302155,7.649225921
NALCN,6.183150926,1.488909829,6.834401156,0.736528786,3.973020983,3.404434214,2.875040792,4.543214445,3.141435525,5.28286617,7.446296696,3.801001411,3.694747204,2.686501222,3.82202349
PTTG1IP,10.3705155,9.417764582,8.564429313,9.88545226,10.54966142,9.882152048,10.54582938,10.04382709,8.897878085,9.618014711,9.669589128,10.3126745,10.21359983,9.727326952,10.02959671
RTN4R,4.692801364,4.193247472,7.942085854,4.515530996,3.725600972,5.549209286,5.222740459,2.7567727,3.18945191,2.757396127,4.171476587,2.604203071,5.051074115,2.844752618,5.516428042
TCF20,7.105854954,4.147755205,6.039128793,3.953174537,4.750243555,4.807401732,6.178845396,6.606743314,4.484245396,5.995915268,6.837380935,4.964045936,3.933974311,3.763506071,4.804057361
SHMT1,7.862997921,5.110791812,5.880063238,5.685429477,6.151711476,5.966510807,5.691811014,7.157964239,5.093710242,6.463139397,7.687871057,6.003025731,5.803637349,6.345829992,6.416484336
SH3BGRL2,2.429625731,3.161852103,7.114830656,3.515578732,4.706670823,3.278902915,4.076987822,1.659723569,3.640072659,5.355161154,2.617750481,4.329330852,3.020585945,2.917811529,3.955605702
MYH10,7.872032651,4.620071882,7.884107512,5.878849835,6.687222174,5.640505183,6.518437195,8.41265766,5.86484432,7.332068458,7.642220583,6.55990069,5.218262272,4.859992259,6.711116113
RAPGEFL1,5.912452088,4.879886622,8.156651272,4.590579281,5.594353832,5.259098168,4.369061076,5.799834582,6.329745644,5.051796514,5.954494877,6.357867271,6.564304863,4.794989953,6.208221116
OPN4,0,0,1.71735235,0,0,0,0,1.286707618,0,0.310424829,0,0,0.625857325,0.146156915,0.282907114
RIPK1,6.410993119,5.853889878,5.088656372,5.77736987,6.755876238,6.490957854,7.126619839,6.070958144,5.731731835,6.807273281,5.522207187,5.887264315,5.205577519,5.544908433,5.760812148
MIR7-3HG,0,3.128176501,6.503067092,0,4.476036234,2.640498371,1.114557245,0,0,3.063888211,2.458298626,2.946044515,4.286929172,1.671593662,5.311323842
TMEM150A,7.907616195,6.844606965,4.819211023,6.30675479,7.441916433,7.461888795,7.184107373,5.836645107,6.797699624,6.518338386,5.796764608,6.547416611,6.939166458,8.07964246,7.540387105
MAPK1,9.437751045,5.161613216,9.245248102,6.101628416,6.203928927,5.916805365,7.253920953,9.205939403,4.876248091,8.51408506,8.535004839,6.511446869,4.875350464,4.934819064,5.997721032
IRX5,3.66676764,3.602924753,0,4.132825719,3.65232642,2.512490037,2.917380348,2.411187474,3.869612114,5.407780048,3.687222679,5.81098182,0.520550028,2.987348338,5.260589776
EPHA10,5.114274547,1.732480846,5.865037181,1.18701437,1.637336219,1.467156996,1.568722506,0,0.309061226,1.623225892,3.224831257,1.917382183,4.103094844,0.970529284,2.271239725
REXO1,5.390610612,6.189053382,7.24240385,7.088734016,6.75198426,7.055330614,7.288608834,6.988392953,7.206966547,7.006283278,6.93904487,6.782180322,6.30860627,5.690512393,6.724970707
NHLRC1,1.300130847,3.067283834,4.755454498,1.18701437,3.566292176,2.000036408,1.856743655,2.902783536,3.298562592,3.727235777,2.540226333,3.352298104,2.57106048,2.051449501,3.738628354
ATP6V0C,6.183150926,11.18871778,11.46287646,11.28831872,11.18930315,11.27291841,10.7978603,6.904192504,12.18385445,10.40451442,5.829720441,10.27846142,10.86215289,11.50127457,11.431225
STOML1,8.724291318,6.86838602,8.270789721,6.600483452,7.423071219,7.788718683,7.153437465,8.203103897,7.575067308,7.477140857,7.51629206,7.581612556,7.569094312,8.001367615,7.665225364
SH2D5,4.883571311,2.497222716,7.745350857,1.077427737,5.460050229,2.570789014,3.980442092,5.48899852,2.356438793,2.367723875,3.27355238,2.933306772,2.126771655,3.152136418,4.326585818
CRHBP,0,1.407027565,5.732643169,0.41476451,2.16797394,3.49001021,1.913627809,0,0.96761507,3.438690094,3.791273016,1.753144865,2.311744664,1.188662025,3.97561126
SRBD1,9.097978236,3.808254238,3.680662607,4.649205207,5.143918439,4.216363839,4.670783412,7.784996265,3.667456461,5.383094372,7.665226374,5.066758859,3.260238799,3.556844873,4.833587959
FAM169A,8.631575565,3.319360433,7.294504988,3.95833599,4.50869487,3.776768305,4.032735825,7.172435507,3.081623368,6.328837821,8.306795964,5.334760184,3.810963474,3.405392523,3.914742605
SLITRK1,3.581211572,1.290078974,6.434745492,0.687641783,1.967758367,0.866755392,2.302418049,0.782285482,1.905876371,4.128045855,4.008329831,1.23561356,2.489693018,0.340897504,1.411934633
KLHDC8A,9.38980462,6.381778637,4.967267816,9.582618774,8.556595877,8.242101609,8.746872226,10.11485393,6.960140501,10.45638092,6.511511806,8.522575052,5.698923124,6.900290501,8.792892844
CAPN13,1.972701591,0.141751753,3.564548785,0,0.284952208,0.497513818,0,0,0.237779012,1.378780936,1.959800392,0.420836661,0.520550028,0,0.366094105
PNMA3,5.664636811,2.682641623,7.357595365,3.105234023,4.674134009,3.505038464,1.532859968,5.122387111,2.850285994,1.333687703,5.245222566,2.840847305,4.998117449,2.175806999,5.345036379
NSF,6.398541794,5.411279272,10.02592673,5.36039077,6.469871665,5.39841386,6.234327892,6.484491858,5.461461591,7.344198036,6.576058447,6.669568471,5.341263022,5.140680226,6.390640972
SLC43A3,8.232732661,7.49742064,4.437706557,7.075731423,7.80001862,6.467174005,7.774663301,8.347195351,7.718198184,7.926197921,8.152533857,7.173321341,3.407809257,6.584908063,7.155961453
USP32,7.600296554,5.834444011,6.944817328,4.490809392,6.170786517,5.902688854,6.206141941,7.012723764,5.658562516,7.768355185,6.825175806,5.812721554,4.807016865,5.577485171,6.02197272
WEE2-AS1,5.511171373,2.457097569,2.398223851,3.927086594,5.977670365,3.732761013,5.631623462,6.055426635,3.605095387,5.261957016,6.18845865,5.969106052,3.849524025,3.85670091,4.829929522
GABBR2,3.393186765,4.899981185,8.19658491,4.356513038,4.490123415,2.989395186,4.727409693,2.594303188,4.698506495,4.644276295,5.305037368,5.870657802,5.339328886,3.877781098,5.392933362
PNCK,6.13892354,7.528812539,9.37868886,4.887011354,7.164403818,6.28545014,5.402408533,6.338134,6.27293685,7.114384931,6.18845865,7.87761989,8.542355287,6.505024208,7.020490861
SOAT1,8.599297206,4.638129446,4.623282327,4.768602002,5.911170092,4.80132721,5.98510812,7.784996265,3.597997009,6.910686932,6.65633008,5.615539371,4.066149415,4.969598934,4.976115802
BTBD3,7.516352164,3.895913579,8.142311828,6.67369919,5.919869037,6.086262124,6.899926474,6.729261493,5.026565203,8.394984746,7.152719611,6.467948362,4.075474849,4.670657039,6.116599659
PDE1B,4.847382177,4.561351263,7.828066283,2.711792451,5.464813662,5.01587201,4.409176053,5.209167265,4.108130202,4.67623642,5.090657735,3.380724241,5.129274165,4.289206001,4.235499199
PCNT,8.688939743,5.044639134,6.720057349,5.699368463,6.439945074,6.047011288,5.880198719,8.237920566,6.177354864,6.1338305,8.134512511,7.026631961,5.164657147,4.395345899,6.441872897
EEF1A1,14.05855553,14.07906792,13.19221288,14.91958627,14.74259038,13.90034378,14.58245047,13.80316309,14.09163965,15.04446792,13.38546409,14.47373136,14.98250971,14.12397494,13.78143833
KCNJ9,6.240087603,3.792216501,8.522849444,2.151156658,2.99780487,3.795225255,3.240057781,4.30130851,5.49623896,6.764376241,7.181728288,5.888914501,3.227150266,4.593117243,4.397507243
ADRA2C,4.094880723,3.930515607,5.506835433,0.873972735,0.96071155,2.304893301,0.448004099,0,2.305057358,1.08429547,3.888321195,2.087990724,3.308490771,2.396353602,3.206717123
SNX5,9.612339132,7.802403054,7.915440528,9.005937123,8.598107328,8.793699553,9.075694082,8.568498904,7.808985022,8.904077568,8.417977461,8.625141307,7.965922697,8.285173519,8.851130107
BHMT,0,0.600478562,4.022855293,0,0.726926847,0.497513818,0.448004099,0,0.728554886,1.69629637,2.279008263,3.515015186,0.346603827,2.10606315,0.100593785
SNCB,6.471687072,5.61191489,11.26861598,3.375982365,6.16494409,6.120819363,5.225551468,3.875506047,2.560097671,5.562365404,6.292597002,5.97533288,7.899545719,4.789438542,8.069463645
RAD51AP1,3.824015197,4.118040388,2.74863499,5.391251171,4.777301779,4.265730004,5.267072288,2.411187474,3.440244965,6.145293566,3.949572998,5.793468115,2.503576957,2.69839896,4.659018633
LDLRAD3,10.94792283,5.35233976,4.872776426,7.560731805,6.695351554,6.843322617,6.535527825,10.46930728,6.845686156,9.006173573,10.65928044,6.34710318,3.688683206,4.87317346,6.788550795
SLC25A12,6.88265494,4.750296473,8.074123553,5.680753058,6.186732256,6.18521482,6.121143546,6.023852816,5.031842621,6.378250199,5.771544096,6.280775496,5.420240589,5.637424807,6.130050098
ASH1L,9.028971274,3.136669381,6.925936087,4.661915877,5.314589683,3.90126714,5.838574263,7.953670736,3.487104203,6.719069069,7.950113589,5.831721426,3.854949494,3.483105196,5.005603206
PCMT1,7.35172416,8.230280015,9.91312199,8.276844356,8.873117732,7.161698816,8.086699086,6.8512077,7.905219095,8.978289047,6.580905988,9.297903998,7.959955834,7.458226472,8.282191689
CDKN2C,8.843913394,4.570783314,5.694902124,9.273352364,7.834932816,9.086106605,7.787560669,9.098265005,7.002420438,8.593043005,8.735261887,9.473824249,4.79012368,6.525204929,4.465104994
MATK,3.581211572,4.096434448,7.830485606,2.597347487,5.230378406,4.072454153,2.958512688,2.7567727,3.463864826,3.53146925,5.144040583,2.433800169,6.126571803,3.988518391,4.520627233
DISP2,4.26913805,4.065631998,6.356326665,5.246864,4.758026399,5.748635154,5.367202575,2.411187474,3.494768212,3.293174708,2.952990191,3.947551795,7.084230502,5.456596805,5.824704577
TMEM25,8.711764963,6.131790759,8.04400279,6.210540426,6.902648213,6.096220374,6.830536758,8.196038588,7.422197541,6.81856849,7.639899697,7.534948894,6.347615905,6.096677213,6.632442106
MOAP1,7.844756929,5.188411809,9.725296979,6.737385585,7.093126162,6.111030041,7.140835684,7.50528097,5.057943966,7.394468901,7.210165158,6.610785268,6.345690273,5.170883154,6.561414567
E2F7,1.972701591,1.861049819,0.297288132,2.584052335,3.88335726,3.082504973,4.899215059,4.451260225,1.210362059,3.844390981,3.919272139,4.003462237,0.67576203,1.378104069,3.707066494
DHX40,6.732009666,5.681769558,6.174788822,6.275046237,7.478884064,5.5600431,6.987817238,6.070958144,5.863365002,9.040781299,5.931906907,7.055571985,4.580144461,5.740277614,7.150838625
BMP1,7.946625849,7.469538564,5.123798262,6.899112823,7.550093435,7.306512071,7.372163377,8.923212325,7.720242679,6.623948911,7.758034179,8.106187101,5.772440025,6.939039804,7.424482978
PHLPP2,7.292391071,2.497222716,5.811178213,3.212804793,4.13718483,2.978668734,4.404222258,6.823967243,3.029812979,5.119781196,6.005864196,4.38651966,3.077387871,2.855418864,3.666617687
DLGAP1,5.25904872,6.156014026,8.692039263,3.927086594,4.623910126,2.62682336,3.305285005,5.092260311,4.372210723,6.56175911,7.096281167,3.462789061,5.31788047,3.090268851,5.802475989
PLEKHG3,6.495267304,5.413028265,7.294504988,4.048217251,5.800590767,6.575253568,4.715461197,6.65906262,5.140874048,6.689173234,7.768695364,4.951466832,6.651065601,4.18735285,5.735614899
DUSP3,7.237520661,6.833548644,8.208910572,6.302702312,7.850031381,7.682836393,8.020260746,7.289911035,6.361530343,7.415585249,6.62850608,6.766108167,6.613948098,7.087795121,7.870146081
TPRKB,6.722050906,8.035414415,6.599273795,8.608499707,8.00113582,7.953902422,8.081277933,6.007802941,7.50801214,8.065448124,6.089881899,8.383762438,7.693544688,7.840223361,8.327327486
GNAL,3.490260136,3.602924753,7.024740924,1.711959102,3.787749457,2.32196693,2.537743988,3.560445827,4.417267462,6.013893094,5.763038322,2.651632089,4.615735462,2.73351455,2.806080251
EXOC6B,9.449869926,3.447766051,6.762232086,4.221358689,5.358764839,4.363794456,5.546507269,7.662197766,3.32459794,6.283612968,8.504713941,5.687469177,3.670336765,3.835308133,4.66724271
NAV3,4.155335548,3.51445465,6.549624698,1.077427737,4.442621139,3.41242703,3.980442092,4.671010865,2.81398783,5.055272921,6.753992441,4.304816492,3.626598701,2.75645891,3.843955191
HDAC1,8.263955975,7.632285024,6.824725811,8.330076894,8.483075784,8.42853174,8.592114482,9.102049676,7.80475226,8.776935441,7.898625122,8.600175216,7.283974237,7.8867845,8.211548789
DOK1,9.591978377,7.628902712,5.250614683,6.462898518,7.204115419,7.22773494,7.263526466,8.994173113,6.812340585,6.866847338,8.308258233,6.936156657,6.7461028,7.341208928,7.193457745
AFAP1L1,7.165861055,4.025037235,3.171388299,6.129350889,5.092521858,5.254659098,4.97800857,7.822182482,5.070819663,6.646019623,5.702050947,5.629425619,1.394724127,4.521254799,4.059232774
RYR1,4.374616234,5.567062494,5.853664036,4.57722132,4.866399503,4.304900669,2.214596437,4.30130851,5.034474109,4.508847035,5.245222566,4.787751598,6.273585541,4.996349662,6.327179183
CDKN3,7.143650218,6.568340971,4.649826786,7.048764528,6.778053616,6.856565197,6.405224764,5.907562921,7.064248131,5.383094372,4.947861361,6.797196917,3.83861149,4.752824141,6.140425537
TNFRSF10B,9.068807039,5.260125989,4.540586399,5.725335773,7.755517566,6.853632889,7.494904637,8.663762789,5.083581463,7.06953498,8.624588323,4.941960001,3.429789489,6.61973531,6.714096176
BTN2A2,7.963630562,5.033312656,3.796067185,4.616929788,6.398222307,4.834424938,6.418797589,7.470569808,6.435072744,6.680194913,7.188096209,6.160236643,3.377971453,4.761356471,5.380482253
BAIAP2L2,3.393186765,4.711027242,4.497390152,3.800604642,4.476036234,4.412429309,2.071946275,3.645892097,7.256269886,2.887903749,2.617750481,3.751066845,5.512387629,3.988518391,4.392555438
PKP4,7.992914886,7.087918957,8.856332869,6.697815803,6.756847594,7.487178959,6.481286106,6.971941417,5.977162685,8.310230872,8.46199744,6.350700141,6.528254723,5.311148063,7.118214648
SYCE1,0,0.695515793,3.888131467,0,0,1.338831265,0,0,0,0,0,1.60037543,3.095835507,0.565382398,1.75833911
VNN1,1.972701591,1.227846119,0.297288132,0.829597233,2.301780258,1.978662576,1.296666987,1.955838395,0.563453521,1.464947336,0,0.746233097,0,2.336704107,0.657838811
ABCG4,4.031781373,0.986095546,5.968832341,1.288861286,3.436514419,1.371998565,2.237058091,2.902783536,4.514719833,3.281348906,1.69948109,2.487066985,0.770673314,1.491853626,1.959246011
LURAP1,4.847382177,3.797582247,5.570743724,3.556995957,3.77246152,4.102407435,4.241555291,5.15189764,4.705128272,5.708616474,5.470901981,4.377144238,2.230592663,3.829910003,3.666617687
ABHD14B,7.976253842,6.568340971,5.763356957,5.74637515,7.714608113,6.578809197,5.892632292,6.627899259,6.137520329,6.66548491,5.90122873,6.83706339,6.883844411,7.051149767,7.289817818
CADPS,4.42459766,7.524774057,8.885245984,4.560348039,7.59042817,7.329382928,9.873162147,7.428988851,6.275163672,7.568163264,5.976734637,6.544278638,7.258101628,7.222120907,7.742664596
PSD3,11.38108848,3.533874577,8.641129126,4.623442895,5.042416521,4.136584616,4.654187678,10.00695781,4.286500375,6.233859735,10.0582023,4.696471911,2.447221055,4.026768291,5.342470892
FBXO4,6.108666948,5.838354209,4.846242312,5.977476642,6.371836282,6.313464528,5.871251528,5.854704049,5.126146112,5.129708123,4.806019516,6.558864466,4.147984642,6.187061725,6.401773434
ZCCHC4,5.876989096,3.311880336,4.462875453,4.536388916,5.161629925,4.150987709,5.258863171,5.991572503,3.640072659,5.187876654,5.170009097,4.507463352,3.486817086,3.219738702,4.781505842
PIANP,3.824015197,5.935251956,8.292010836,5.974932236,5.594353832,6.231127865,5.537486598,4.711212082,7.712047257,6.405744127,4.294618533,6.796317902,6.99244522,4.54451072,6.294369787
CELF3,6.518468317,3.987968359,8.333197795,4.395088663,5.134980484,4.252433158,4.30671635,1.659723569,3.121772382,6.42333825,5.501903518,6.003025731,5.954038652,2.779044073,6.186928383
RAB9B,2.77611423,3.022159728,5.771438058,2.597347487,5.006931075,2.640498371,3.397909015,1.659723569,3.416231952,5.352337854,2.617750481,4.057286513,3.210316994,1.975258539,4.326585818
RPL18A,12.42484422,14.17920408,11.93337165,14.88159062,12.99818825,13.72411092,13.74257314,11.61899066,14.25849002,12.9802557,11.60898132,13.13769799,14.42718783,14.29235233,13.11754194
TNFRSF19,7.451532152,3.559367749,3.714587978,6.837420901,6.095998447,5.918209448,7.365807127,6.596047854,4.654707853,7.614850761,5.29327116,6.203314924,3.514507241,4.794989953,5.758889446
DUSP8,4.374616234,3.905884846,7.838681088,4.919131239,5.032824909,5.434185019,5.087129499,5.343121017,5.624036032,7.150587982,4.977573752,6.596717554,5.310001304,3.044394842,5.563451229
PTPN7,6.108666948,4.96342034,0.754029861,3.151033747,5.740969818,4.12203628,5.397431405,5.703476772,3.982936914,4.513909196,4.685169445,3.157959853,1.93518186,5.013118171,3.658390035
TTC7B,7.43333655,4.711027242,8.545704567,6.516370342,6.934762697,6.417404122,6.359890112,7.682561551,7.097974692,6.224626418,7.298159029,5.915063959,5.362369124,5.417543107,6.337522539
CDT1,4.213358628,6.56755599,3.637102304,5.496118465,4.413350424,5.805886365,5.253364361,6.131464236,6.504098412,5.794325603,5.035223454,5.902048475,5.373752711,3.872539857,5.153433637
TRIM37,7.325654674,5.324731813,8.183017535,5.830410114,6.463935804,5.554636362,6.267439864,6.895495737,5.533922007,8.176559365,7.451599615,7.039318276,5.621457843,5.566166797,6.875412161
PTTG1,7.043244293,10.47391242,4.417250437,9.023587804,8.236948676,9.193356389,8.183120589,6.55245502,8.911541531,8.473736247,7.950113589,9.245734211,6.456014027,7.308590804,8.059344474
GABRA1,1.300130847,0.827273665,8.919739253,0,0.196078129,0,0,0,0,0.214185173,3.174407097,2.04126888,2.597194162,0.278859517,3.948875057
GRIN2C,4.42459766,4.213460885,7.054848515,1.895365448,3.074604194,3.860949593,2.021079688,2.594303188,3.626183344,3.551300938,2.952990191,5.202999451,5.824527933,3.252387897,6.477384339
ARHGAP11A,7.223470664,3.697806158,2.888949039,4.44005783,3.986333869,4.179369563,4.951087476,6.388587799,3.307293351,6.093822352,7.86722315,5.372994564,1.536523669,2.351849282,4.479187158
GNG13,0,0.550504229,3.332996813,0.530178722,0,0.304863828,0,2.201403741,0,1.189279515,2.6913204,2.155353399,0.723998028,0,1.818651649
HENMT1,1.972701591,4.043220514,6.234467688,3.177831544,3.810381833,3.713481901,3.567024663,2.594303188,5.851475529,3.811877473,2.617750481,2.281319017,3.771343901,4.354574285,3.483141066
SIAH3,1.300130847,0,3.72294612,0,0.368667644,0,0.84890533,0,0.309061226,0.310424829,0.401761701,0,0,0,0.282907114
PRRX1,7.916376619,6.439551166,4.146065663,6.540661433,8.062523758,6.277813926,9.136139079,7.028719289,7.017130049,7.547946792,5.976734637,7.269568886,6.151035931,6.801709174,7.336976456
DNAJB14,6.046180883,3.639240434,7.028117408,4.966008777,5.319857516,4.556439829,6.079799703,4.35304363,4.132898676,6.439390712,3.453481398,5.505824993,3.292585422,4.237140427,5.047159497
STS,4.608820744,2.846921138,5.938649709,3.375982365,4.082447375,3.388314497,4.645817667,3.469618468,3.561971587,3.930199894,2.828079749,3.352298104,2.756415337,3.244294606,3.510824368
FAM156B,6.88265494,7.712944864,7.4359471,7.645171867,8.219086541,8.416908008,7.817679375,7.428988851,8.167130218,8.805342043,6.226077643,8.255322992,8.669611827,7.908713522,8.365102835
HACE1,6.447715018,3.720582586,6.808127327,4.958300869,5.725175274,4.193353819,5.707981936,5.818357244,4.195374559,6.073394379,5.796764608,6.013653231,3.799754183,3.419837028,4.608664645
CALM1,9.92930738,9.641068703,12.88807011,11.05705033,10.54439719,10.50235384,11.1315009,9.510747366,9.818632479,11.33955255,9.085796327,10.72758209,9.669283523,9.345675117,10.13304866
LSM12,7.051220843,6.450662869,6.631818602,6.700128416,7.498761541,6.84775033,7.838486299,6.963644759,6.412996543,7.73406105,5.924298304,7.728004801,5.727302617,6.108986413,7.534779711
MINK1,8.327732997,6.902401959,8.894756341,6.691630651,8.638457679,8.161402592,8.042350024,8.837271457,8.209663288,8.633722392,8.263732301,8.280056806,7.61817704,7.62100222,9.159146209
MTUS2,1.972701591,0.072616151,4.981270934,0,0.789019453,0.160469782,0.594369296,3.156782629,1.735213425,1.028792263,1.835504282,0.962267907,0.464866145,0.278859517,1.289417523
BRAF,9.270175874,3.609041204,6.625145162,4.067452595,5.435994257,4.420378075,5.729925079,8.268552967,3.576489883,6.049190309,8.500882466,6.264341727,3.72469066,3.829910003,4.894402619
NPC2,9.323840807,11.06555576,8.1658769,9.301040619,11.29284244,10.95958175,11.24364635,8.568498904,9.381794864,10.4572845,7.222626053,9.141438949,10.23988676,11.81067508,10.07579641
TCF19,5.487851759,5.230677066,2.518334315,5.212716467,4.811361482,5.604328223,5.562158984,5.723270078,4.588203295,5.814980256,5.629040232,5.934369634,3.794116708,3.988518391,5.372959679
FRK,0.791819137,0.445041847,2.018313109,1.18701437,1.703317349,0.912559914,0.662335622,4.073543647,0.503936105,1.422507337,2.458298626,1.105404881,0.076302898,0.759594841,0.519328577
SPTB,3.289107468,2.761637959,6.428370958,2.038701859,3.660654257,2.934947167,3.26212949,4.825501948,1.835191911,2.411781606,5.170009097,3.645693041,3.167353934,1.622483094,2.806080251
RPS28,9.21621217,14.76884621,11.69307758,14.74038939,13.6930163,14.32251937,13.71700461,7.9494755,13.98064989,12.15438215,8.203714836,13.269252,15.37575304,14.57444435,13.63997301
DENND6B,6.077762189,6.834201485,6.743867984,5.404547755,5.902418377,7.743100682,6.459960384,6.101528367,6.593361384,6.464447375,4.553262921,6.171127403,7.277423191,6.238897231,7.338908337
RAD51,5.231232854,4.791217325,1.199572972,4.623442895,3.787749457,4.585009021,4.472073723,4.497969831,3.910296127,5.990477943,5.157083268,5.863961302,3.415173273,2.987348338,4.144176094
DLK2,5.083490966,4.39078406,5.176478701,1.557274237,4.884288603,3.122033492,1.208483649,0,5.755851189,3.501201007,4.685169445,2.06481893,4.258553635,1.491853626,2.545568904
AGAP1,8.391953629,4.713867912,8.097614731,6.724568338,6.156135847,6.235639818,5.747633587,8.248203804,6.189211951,6.911646173,7.443637908,6.423097456,4.070819667,4.819710296,6.314144824
USP31,6.046180883,3.997325253,5.65832777,3.895145309,4.201383109,4.330435804,4.719455035,5.818357244,4.57741656,5.291735294,6.321848056,4.033612168,2.597194162,3.227970531,4.184843022
USP3,8.523916907,5.482970418,4.718313194,6.314825755,6.299019039,6.502236313,6.102914617,7.631102788,5.445731737,6.256687756,7.646851183,7.035598574,6.886495922,5.792551892,6.497126156
THEMIS,2.429625731,0,4.176813488,0,0.368667644,0.304863828,0.662335622,1.286707618,0.620612558,1.239039056,0.973325103,0.420836661,0,1.119551923,0.657838811
ZC3H12B,1.675259624,1.798197072,4.380739092,0.353399575,0.368667644,0.37197981,1.338816413,0.782285482,1.570917289,3.104723389,3.366320106,1.2765297,1.302432772,0.074928529,0.784208081
WDR17,3.747532772,2.857235606,7.281831839,2.905944011,3.890455818,2.866775357,4.20213964,3.645892097,3.170436695,5.432050429,4.363754933,4.615065212,2.432781259,2.242334145,3.865558474
ANKRD34C,0,0,2.918359793,0,0,0.160469782,0,0,0,0,0.401761701,0,0.148772113,0.074928529,0.366094105
B4GALT4,6.855581196,6.952569165,5.638582849,6.057817812,5.857845287,6.702118881,7.13262254,5.781071011,6.586204893,6.726719764,6.103421178,7.198823622,6.79913291,6.869050262,7.260900376
CDIP1,6.68151385,7.600787789,9.392672382,7.402162971,8.305268964,7.777932126,7.721888949,7.242691408,7.863279912,8.02524316,6.800451345,8.031211087,9.356263553,7.653451838,8.792422975
CCNB2,5.083490966,6.437834051,1.336597132,6.75677079,5.122976416,6.36893953,5.827515268,3.875506047,5.169886394,6.37129406,5.144040583,7.242073072,3.500728596,4.178885277,5.539011276
ZDHHC4,8.994223958,8.734546505,7.680850057,9.084898491,9.480176447,9.551587114,8.965880956,7.717520838,8.403808592,8.562831532,7.820850611,9.483276707,9.06749829,9.404962343,9.511481304
USP46,6.552584907,3.940251361,7.547208591,4.623442895,5.210662923,4.229995729,5.675456778,4.931398644,4.453113322,6.439390712,8.735261887,5.763198017,4.586681201,3.550294856,6.17832251
KNTC1,6.197597136,6.870933408,3.953518284,6.811986023,5.826729354,7.235076917,7.273068448,6.070958144,5.315474103,7.044391164,7.136348023,7.958424384,5.331566306,5.53166894,7.845897384
PIF1,7.504781268,4.470211249,2.097587444,5.0958012,4.800097355,5.508774392,4.703412917,7.316215615,4.791669136,5.191040486,7.553759362,6.236097045,2.597194162,4.26940252,5.434480936
ECM2,7.180480557,4.283970335,3.299857893,4.560348039,6.414317926,4.432219706,4.687190411,8.344002764,3.18945191,5.407780048,6.623816125,6.191328601,2.071917982,4.615251758,6.052117631
LINC00205,1.675259624,5.59198089,5.233166385,5.556926379,6.150233665,5.793698788,5.120736735,3.469618468,4.668326529,4.230002206,3.174407097,5.550299788,5.607061356,5.281794493,6.337522539
NCAPH,4.651422041,5.212714785,2.045224804,5.877488177,4.640846434,5.748635154,5.277945616,3.875506047,5.200671709,5.912121921,5.893456161,5.710048139,3.218758181,2.366837115,4.595796666
LMO7,6.943918574,3.731837361,7.366291927,4.364311121,4.993807765,4.193353819,6.362446427,6.496043722,4.046891125,6.334571363,7.241117888,5.554464843,2.126771655,3.338540513,4.436521464
RHOV,0,1.861049819,3.21943852,0.783813362,1.670703954,1.640490586,2.214596437,1.659723569,1.247126869,1.895622605,0.973325103,0.962267907,1.850804338,1.348207919,2.011859248
SNAP91,4.472905331,4.047730749,9.148120963,1.501793674,4.56301653,1.819462544,5.168263514,2.411187474,5.308968074,6.800039102,6.268761498,2.881200465,5.452807966,1.317679114,4.822584698
PDE6G,0,3.178399647,0.937592608,2.862555864,3.387182711,2.287615191,3.765497533,2.594303188,3.101837535,3.118082241,2.828079749,3.714310574,2.342969034,4.257388622,3.97561126
STAU2,9.819173195,5.073678448,8.269007124,5.81626612,6.002452788,5.495667394,6.183189861,8.100894837,5.490500638,7.097623799,8.883878621,6.691481865,5.222465859,5.147205724,5.675730816
TRPV6,0.791819137,0.740785346,4.016069641,0,1.37927676,3.962431137,1.014087292,0,1.210362059,2.433315986,1.549285232,2.62018662,1.93518186,1.695535936,1.876543648
RPL36A,9.887594366,14.15817968,12.45054136,14.09114648,13.52914428,13.71129163,13.31596435,8.145588201,13.15150453,13.30280803,9.417222741,14.03114094,14.12732498,13.56000651,13.43391489
AGPAT4,6.97779267,7.026408245,6.823754698,5.826181457,7.171705889,6.626830728,6.749850942,6.87794333,7.535209336,7.413555186,7.781385655,6.487685148,6.828386033,6.356193829,6.354173921
NCKIPSD,7.396242067,6.676412034,8.024271798,5.70858686,6.933904072,6.200297421,6.455178218,6.777391348,6.308160019,7.021469718,6.143292937,6.689589511,7.186749945,5.878727952,7.243817544
TDRD9,2.219177937,0.827273665,6.017208297,0.584598503,2.384552205,1.584994863,1.735769516,1.659723569,0.376986657,1.660223696,0,1.392744771,1.93518186,1.348207919,1.107978918
HABP4,7.251435148,7.693288689,9.031626876,7.108601224,7.669412902,7.505976558,7.66193167,6.963644759,7.736091078,7.916673563,7.367129957,8.072820309,7.795465288,6.735407509,8.221356294
CALY,3.66676764,6.70524712,10.58654492,2.255476168,3.272322766,3.967865035,2.214596437,0,4.246204428,0.971068009,6.298494851,5.419405218,8.702711289,4.54121131,7.723567756
DOK6,0.791819137,1.901480167,7.384188227,1.584234414,1.796954393,0.81944879,1.913627809,0,2.530576566,4.376151069,2.6913204,1.723857793,2.38857392,0.457501815,2.414914994
FBXL2,5.173938592,4.105115691,7.369622849,2.916590185,6.259814359,2.45173564,2.482412456,4.497969831,4.441263388,5.136288328,5.19551843,4.477067959,3.72469066,4.937331339,5.832038644
PRCP,9.128457467,8.329925273,7.641710604,8.974598677,8.896223606,8.842213879,8.186370529,7.476413309,8.810186533,9.812614426,8.208421255,9.890930065,8.522249666,8.505812374,9.581144169
ATG4A,5.929861958,5.040119208,4.082531341,4.636381555,5.768200897,4.751787688,5.286047168,5.600219657,5.116243291,5.783886318,5.339770952,5.384737945,4.708562819,4.959747089,5.412634287
CDYL2,8.775745689,1.819453695,5.749105187,2.304937137,2.84541924,1.693930411,2.903404772,8.622197849,2.545412626,4.313661449,8.804246936,2.06481893,2.230592663,1.719087353,2.681696761
RAB27B,3.055292985,2.070581843,6.741813023,0.829597233,2.830733424,0.160469782,4.058188637,0,2.119229279,4.141191459,0,1.663437338,0.770673314,1.464245945,2.580823861
SDR16C5,0,0.270813296,4.751374591,0,0,0,0,0,0,0,0.715665279,0,1.06091559,0,1.818651649
MAPK11,8.053734236,6.943521649,7.769255524,6.56455029,6.900891761,8.685724791,7.749494288,8.994173113,5.705552159,8.036719468,6.841426473,7.385155131,7.888014408,6.607956595,7.772036167
KIF19,5.144414981,4.791217325,5.069121038,1.783496236,1.826863221,3.396396869,1.703871737,3.372686435,1.481174692,2.856366869,3.174407097,2.320976602,1.097993583,1.348207919,6.042666058
TIMELESS,6.183150926,5.454380338,3.397074906,6.136199063,6.066530554,6.064869819,5.908462458,7.020743695,5.210013453,6.824692442,7.133051293,6.548461086,3.561721854,4.300958907,6.072386062
NLK,7.561729468,4.641117188,7.872884296,5.563715436,6.083664195,5.285449517,6.145095937,7.6876079,4.118088677,6.481344054,7.079252558,6.0361662,4.781602324,4.808775737,5.731699039
FOXO4,7.972058343,5.102144759,7.220434677,4.895108615,4.898441869,4.99206896,4.662509408,7.93257149,5.809073375,6.442048842,8.030272384,5.67986364,6.075201025,4.841333884,6.020368562
PURA,7.967850606,3.645205157,6.818889304,5.03846932,5.24982809,4.404436506,6.446771094,8.397338677,4.227927375,6.492926899,6.965234635,5.505824993,3.754025248,3.824491598,4.789062251
GPIHBP1,3.96579551,2.429713753,5.868808393,3.543321904,2.046130812,5.45368121,0.90609332,3.944583493,4.708427798,5.175151481,5.51209107,2.651632089,4.533538708,3.376062275,2.835569892
ATP6V1H,7.648414458,8.582570058,9.562522617,7.650762146,8.454921783,8.538066122,8.347623565,6.689567036,7.033665468,8.028784065,6.723629212,8.133241091,8.83591014,8.405728892,8.863708863
STK17A,8.146007762,5.330295829,5.340267561,7.327340137,7.402115225,6.833682365,8.476812655,6.886746227,5.692281989,7.913803952,6.076214353,7.985669632,3.700785821,5.911040253,6.304950194
KIF23,6.873686692,3.651145321,1.990889851,5.653963156,4.235232447,5.131752838,5.458444409,5.48899852,3.694330159,5.670589528,7.775054463,5.49719592,1.097993583,2.876517657,4.342079513
CAMTA2,5.487851759,7.016663644,8.256106988,7.033562209,7.949817723,8.321180663,7.552569181,7.012723764,9.399127067,7.297259283,5.853952497,6.824184108,7.461620751,8.050059513,8.566495672
WDR47,6.82798965,3.590613502,8.106426064,4.658748692,5.861462253,4.5199139,6.413876778,6.437336592,4.072724037,7.021469718,6.619110874,6.545325387,3.712787751,3.448299284,5.238682526
POLD3,7.445492414,4.909924475,4.036331593,4.865193806,5.238746112,5.410436398,5.562158984,6.507503823,4.834578337,6.185505231,5.829720441,5.554464843,4.161183662,4.627749232,5.751172909
RFXANK,8.580129173,11.11481354,7.717387865,10.88807423,9.933241819,11.0568456,10.0356394,9.41206452,10.36896765,9.045595761,8.514881736,10.21795954,11.66910943,10.6453927,10.71355563
HOXA10,3.581211572,3.093696012,0,4.348672575,3.592645403,4.077489753,4.389257988,2.411187474,3.494768212,4.797434846,5.693124129,7.344241895,0.283626714,0.512450247,4.939237452
LRFN5,0,0.695515793,5.963551672,0.289308085,0.196078129,0.234472535,1.065196689,2.201403741,2.38970381,3.989549061,3.41055889,1.23561356,2.660529379,0.565382398,2.434320015
ECI2,7.067042844,8.241643044,7.474201977,8.781726459,8.507231671,8.89913875,8.885959506,7.636332049,8.50996503,8.847556659,6.800451345,9.042604735,8.093321993,7.490660014,8.403761171
KCNMA1,5.622429688,7.289883269,8.096811026,5.714699895,6.67596895,7.030228432,6.220303749,4.825501948,8.190029471,7.988438821,5.754482102,5.593444436,6.960085445,7.386497342,8.354319475
ATP2B2,5.894829554,3.1701496,9.001455029,4.276122312,3.171030069,2.667465563,3.494297611,4.35304363,4.015268374,5.754247941,5.65685403,3.934827411,4.945687431,3.072093911,5.873500966
FRRS1L,3.055292985,2.682641623,7.807582187,2.038701859,1.296192689,1.08248778,0.78935652,0.782285482,3.358596611,3.480663522,3.949572998,1.753144865,2.756415337,2.141356485,3.555814501
FAM50B,4.031781373,3.80292811,7.118794956,6.366214367,4.452247544,5.380190087,5.214274421,5.799834582,7.599708352,6.889420636,4.318034062,6.930559423,3.928838549,3.669927926,3.6910228
CBLN2,0,1.663627721,7.334599519,0.077945045,0.284952208,0.234472535,0,0,2.826188973,0.214185173,4.451066739,2.320976602,1.737880769,0.400377392,2.527613002
CAMTA1,6.761480007,9.962187487,9.103006042,9.751754207,8.997906776,9.898160793,9.416475553,5.818357244,9.324620915,9.81428243,6.149832399,10.83826855,9.946023625,9.638932447,10.58169849
IL10RB,6.077762189,6.115770992,5.107930711,6.17551157,7.236509388,6.596457069,6.616999799,5.642413409,6.00291989,6.889420636,4.270816682,6.957544835,5.461725499,6.144209172,6.725955248
KCNH1,5.144414981,0.207725252,5.795413267,0,1.967758367,0.082464857,0.101421946,2.902783536,0.828980142,3.293174708,6.465071457,0.492052541,0.076302898,0.713437379,1.727210185
PAK1,7.992914886,5.512637163,9.630185041,5.383597737,7.311806787,6.057243216,6.183189861,6.606743314,6.50694351,6.424682798,6.889108225,6.879182417,4.147984642,5.768768943,6.270276293
TMEM233,0,0.331257742,4.559377259,3.953174537,1.013683457,0.66744264,2.675690695,0,0.828980142,1.239039056,0.973325103,0.858290467,0.723998028,0.512450247,1.246151947
HOXD1,2.77611423,2.574272675,3.417817046,0,3.010892035,3.082504973,0.90609332,2.594303188,1.247126869,4.703078348,4.755460927,1.2765297,1.481464774,1.083714391,2.355082941
ANKRD12,11.39055044,3.83980457,6.674459383,4.714720686,4.943503956,4.616487297,7.788511458,10.21872947,5.302432572,6.434059712,9.718799926,4.919530693,3.479810701,5.029694017,5.755036336
RPRML,1.972701591,3.461352667,7.680313661,3.328937278,2.800905557,5.057242487,1.941250328,0,3.151167501,0.782591765,4.772511417,2.813304177,4.755732039,1.083714391,4.64659394
PPP1R9B,8.85762369,7.230124166,9.359886625,7.211614124,7.771946388,7.628976246,8.021878693,9.75986069,8.477214452,9.106764192,8.575642865,7.971722064,7.343080852,6.657555708,7.841816012
LDB3,0,1.227846119,5.642994021,0.289308085,1.703317349,5.236764961,1.419591675,2.411187474,0.309061226,5.898638623,3.067942213,3.146968856,3.095835507,2.013856932,2.182221614
CHRNA4,4.213358628,2.122813941,6.148658176,3.723883132,1.25278463,1.956967318,1.253248978,0,1.094088111,4.011190303,3.011610803,1.42949193,4.042568651,0.146156915,2.334574504
NAGLU,8.413772092,7.465330455,6.110943032,7.012006191,8.69934495,7.751789265,7.812079804,8.568498904,7.807062579,7.683289646,8.500882466,7.931455573,7.566203066,8.168930973,8.357817037
AMPH,5.725718845,3.012963036,8.296567889,2.487388936,5.351066863,3.91820704,4.823310083,3.372686435,4.025886494,6.088742412,5.491643515,4.454958082,3.355181014,4.741368634,5.460740797
APH1A,10.05462478,9.095955486,7.849218363,8.985858002,9.275799303,9.225893836,9.199524456,9.793016959,9.291728238,9.599382806,9.396062611,9.593642721,8.826448019,8.976733399,9.449204463
ATP6V1E1,8.602014825,9.242950021,10.43198794,8.79549064,8.835912569,9.453803275,9.457404825,7.893797358,8.543836816,9.376605759,8.147641227,8.451491446,9.134556643,8.862079751,9.387076982
OPRK1,1.675259624,0,3.988603297,0.077945045,0,0.556408883,0,0.782285482,0,0.400644028,1.381616095,0.911215713,0.723998028,0.074928529,0
PART1,1.300130847,1.195693164,6.123624613,3.186654659,1.25278463,2.216356004,0.727243551,1.286707618,2.26975742,1.378780936,1.835504282,2.261073791,2.19680905,1.378104069,3.089214424
SLCO1A2,0.791819137,0.947998962,7.380230412,1.557274237,1.856164574,3.613021453,1.419591675,2.201403741,0.309061226,5.547631274,3.856691658,3.849265306,4.938039429,0.804321213,2.395245401
SS18L1,5.803335697,3.83980457,6.569458115,5.60543819,5.611638599,5.911175325,6.00977775,5.44199275,4.804059686,7.10099164,5.90122873,5.97066528,4.72643249,4.691641689,5.779899542
TNC,12.81996527,6.760557148,2.49899755,9.366566811,10.11968765,9.110416612,10.84352061,10.59615683,7.015133003,10.36154764,9.147548026,9.808430135,5.542961116,9.097616652,9.248528192
NUSAP1,7.583893883,5.890757866,2.045224804,7.342717053,5.682872632,6.885565078,6.458766327,7.876224149,5.904223089,8.00740709,8.763252972,7.79201965,3.184692989,4.452665982,6.004228114
SLC13A4,4.374616234,2.611307528,1.501137967,1.829290015,3.939191175,2.934947167,3.50359153,4.825501948,1.88269756,3.220720615,5.745874835,3.699341786,2.779423135,3.489966736,2.878704032
THY1,11.34179486,9.675628968,11.71235777,10.5361808,11.11217664,9.231693197,10.03503864,11.02880003,9.90717402,9.668967539,9.347108294,10.66075539,7.683669451,9.508585749,9.26538638
GPRASP1,5.464149007,3.296802779,8.328755165,4.173339155,6.080564084,3.606068673,5.404890672,5.44199275,4.181195313,7.191444461,6.775295766,6.514656992,3.57493272,3.626998103,5.429654635
NT5DC2,8.033744654,9.609478755,6.562489177,9.781543233,8.748761923,8.903753107,8.674913456,8.694169024,10.67039905,8.983088135,8.251622913,9.368945576,8.980048336,8.867194375,8.998549629
CDKL2,2.219177937,0.141751753,5.669181517,0.151893904,1.967758367,0.866755392,0.727243551,0,0.620612558,2.687430353,3.791273016,0.803349477,0.076302898,0.665754212,0
FAM13C,6.168558596,5.216725775,7.070488887,3.794845687,4.057436667,4.73595112,3.9936943,4.010504033,3.263101409,6.155047076,5.837843101,4.9980834,6.605926027,2.967820311,4.565317372
TENM2,3.176931778,0.648779606,5.924224622,4.72686942,0.726926847,2.482432624,3.788491553,0,0.96761507,4.776525626,3.174407097,0.62473343,0.723998028,0.889817461,1.411934633
ZMYND11,6.68151385,5.060348282,8.367921698,6.174403095,6.471055913,5.74230753,6.689033106,6.55245502,5.95649815,8.353936004,6.965234635,7.655695731,6.551831284,5.210886974,6.454995472
GBF1,6.360529761,5.350515576,6.584442977,5.18215963,5.779715832,5.400424587,5.803259272,6.823967243,6.619010077,6.902989955,6.286674943,6.503928688,5.855983925,5.003560045,5.697977979
RAB15,8.029713285,4.394329886,8.348133678,5.628286427,5.798705478,5.713484677,5.725960161,7.871797196,5.963419268,5.773370943,6.837380935,5.641222655,5.140424851,4.118178476,5.589649124
HOXB7,0,3.770551698,0,1.255704815,1.296192689,7.233949812,4.572640941,0,1.973258817,3.104723389,3.366320106,2.667101479,2.432781259,4.350809997,5.96306885
FAM210B,6.211900125,5.346860274,6.394761577,6.624221765,7.175343112,6.669975235,7.839862816,6.42530295,6.375089182,7.601240308,5.532252865,6.940937063,5.793783912,6.72889668,6.6981309
ELMOD1,7.364584352,3.925622981,8.137630422,7.006410761,6.272095729,5.209500597,7.763584972,6.437336592,5.855945572,6.921203669,4.429729158,3.60611309,2.418195475,5.430084332,6.01554536
SMO,8.407571843,6.72650141,4.310378826,6.690080211,6.978721371,7.273432472,7.376596147,8.486903677,6.656220798,6.725629289,7.427581456,8.491956904,6.493021524,6.220450272,7.360624081
ELAVL3,7.798119172,5.292790513,9.776635177,7.479591871,6.535868648,6.036706274,8.495565465,5.180816608,6.83213781,8.808177937,8.840070159,9.467902108,4.98827658,3.693897631,6.671804497
PAK3,7.230512766,2.28440923,7.223383301,1.383989996,3.099321568,1.270117579,2.145033751,0,2.356438793,3.989549061,6.123494795,4.164720655,3.60744013,0.665754212,3.195388269
SIRT5,7.872032651,4.949026175,6.346893817,4.636381555,5.78353381,5.193355145,5.951545043,6.35091383,5.111266273,5.65921168,6.796289091,5.53562667,5.194921024,4.72109998,5.056581774
ANG,5.390610612,6.243146825,3.195613445,5.102810104,6.373103763,5.388317974,6.947523625,3.469618468,5.99348381,5.829264559,2.18025032,5.109847979,3.40040746,6.230727688,5.65313521
LINC01007,0,0,5.66701729,0,0,0.160469782,0,0,0,0,0,0,0,0,0
SCN5A,0,1.997860599,1.814409381,0.958827589,1.296192689,0.436111778,0.523042044,0,3.821666348,0.485551871,3.067942213,0.559917738,0.40694644,0.214033467,0.590245317
AFAP1-AS1,3.289107468,0.389271261,1.10041383,0.151893904,0,0.304863828,0.448004099,4.543214445,0.237779012,0.910937516,3.650802018,0.68676193,0.076302898,0,0.590245317
NOL4,6.809297696,2.907729974,6.165620188,1.916734782,4.822538342,2.719933256,3.67790457,6.507503823,3.289778676,5.394117963,7.787689184,4.860201284,3.45143986,2.20945401,4.387586579
BRWD1,8.834700273,5.319146254,8.236902704,5.43633826,6.391983552,5.285449517,6.452781177,7.464702543,5.707202381,6.461830232,7.865237646,7.090411529,5.381292172,4.688662505,6.828515977
DLGAP2,0,0.141751753,5.487342881,0.077945045,0.284952208,0.234472535,0.368848086,1.286707618,0,0.214185173,2.891886412,1.23561356,1.302432772,0.074928529,1.058815287
CD22,3.176931778,3.83980457,7.143911737,1.636688829,4.589429116,5.770565808,3.377833695,3.726559379,1.88269756,6.22308177,5.647642216,3.786909877,3.486817086,3.633209701,2.94784655
TM2D3,6.9004259,6.238222515,9.134675268,7.589292526,8.037561904,7.317194795,8.286681963,7.625854503,6.939228918,8.834718065,7.335927,8.495481453,7.180821596,7.212300495,8.36383838
TUB,9.012723793,4.539100333,7.654875423,3.878905498,4.933229238,3.923809759,4.333021498,8.954949591,3.626183344,6.712478882,9.669020156,5.915063959,5.595763915,3.18633349,5.794989693
SLC6A17,3.393186765,1.023211959,8.434958521,0.473625437,0.96071155,0.234472535,0.727243551,2.594303188,0.503936105,0.565739117,4.838766988,1.891275092,3.132037846,1.317679114,4.707674241
NKIRAS1,4.847382177,4.711027242,7.456768211,5.342737233,5.854219231,4.082507838,5.56659989,3.560445827,4.747444489,6.49420816,4.064787019,5.591418924,5.003012825,4.534589765,6.297022172
PRKAR1A,10.54164709,7.297004488,10.61158887,8.50780591,8.921999426,7.947728253,9.475672238,10.2300149,7.302307044,10.93834081,9.658166821,9.185073735,7.021684954,7.944120731,8.739536439
PDXK,10.53739421,9.231721202,9.131539447,8.381895211,8.766955841,9.153227902,8.630002908,10.02501193,8.848449799,7.571808742,9.322717435,8.290394793,9.498135965,8.91720834,8.449777799
ERBB4,4.094880723,1.515202753,5.963551672,2.806418743,3.446181521,1.819462544,2.537743988,3.035365724,2.26975742,4.348081773,4.341075609,3.032192215,3.40040746,2.051449501,3.356633785
EPHX4,0,3.119633328,6.356326665,4.159960689,3.426782104,2.197977341,2.259175389,0,3.424280781,4.602116103,3.722746498,3.978880253,1.563284679,3.284314541,4.679491587
PIP5K1C,7.725207753,6.409202557,8.608796037,7.264139172,6.900012733,6.952875031,7.559826689,8.231024127,7.684667222,7.512345958,7.079252558,7.014589124,6.619537124,6.280055104,7.07791217
SELE,1.675259624,0,0.466117858,0,1.532336487,0.612993681,3.315875153,0,0.309061226,0.485551871,3.366320106,0.183304167,0.67576203,0.074928529,0
LINC00940,0,0.141751753,2.018313109,0.077945045,0.368667644,1.08248778,1.162284695,1.955838395,0.44185729,1.287139424,0,0.492052541,1.02285948,0.146156915,0.444744842
AATK,7.605722928,6.317866347,9.087311538,4.791918151,5.351066863,7.939108947,4.645817667,6.895495737,6.20214317,8.961481196,9.688801884,6.257970864,6.136630048,4.724012994,6.41159735
LAMP3,0.791819137,1.059397375,0.617244132,0.783813362,2.944235704,0.956954814,2.62549361,1.955838395,1.95114585,3.021863449,0,0.68676193,0.723998028,1.378104069,1.246151947
SLC40A1,6.935324301,5.03103665,5.424673634,5.259463787,6.684161808,4.70699971,6.152500233,7.741983072,5.07338107,7.744327477,6.062416086,6.368551644,4.720500492,6.315250289,6.477384339
HNRNPAB,10.39187312,9.337039555,7.788297244,9.712295549,9.539377481,9.496726054,10.01232767,10.93059125,9.389780702,10.23199445,10.85131256,10.32171351,8.268706665,8.712439312,9.697261065
PCDHA5,3.393186765,0.207725252,4.049683175,1.414354929,1.37927676,1.234493166,1.827437769,0,0.779641157,1.239039056,4.008329831,1.864686845,0.67576203,0,1.33142328
DHRSX,6.79986011,5.368654444,3.697725011,5.770050346,5.773969853,5.901269577,5.315369593,5.742795497,5.672145024,5.279897637,6.604902339,6.233501714,4.625291628,5.397612525,6.321979562
SPTBN1,10.74035143,7.504000091,10.08131984,8.531807693,8.716172536,8.256881451,8.637145985,10.91722737,7.061025301,9.430471291,10.13560745,9.159495955,8.880816455,7.757697209,8.89402731
APOL4,5.114274547,6.87664864,2.045224804,5.438186652,7.236509388,5.345126408,3.848075348,5.030051028,4.950579671,5.474214673,4.738206513,4.549803691,2.779423135,2.987348338,4.235499199
SV2C,0.791819137,0.740785346,3.52685623,0,0.662041154,0,0.961100566,1.659723569,0,0.641703134,3.122156516,0.62473343,0.148772113,0,0.194628402
TSPYL5,3.824015197,2.717028171,6.501853326,2.186774572,2.84541924,2.570789014,2.405172837,5.030051028,4.958915064,4.457223832,4.755460927,2.933306772,3.260238799,2.290290608,2.271239725
TP53I11,8.190021776,6.027191605,7.541903714,7.034173388,6.706455179,7.229432562,6.197577645,9.219939648,7.400941931,7.433060486,8.227094881,6.388519863,4.978368123,5.722908765,5.602571807
PTK2B,8.780551733,6.187010442,9.069602318,6.391238163,7.260678728,6.715909159,7.093150968,8.767493824,5.705552159,7.113551483,7.816746879,6.925744448,5.493379785,7.499187214,6.883376284
ENPEP,3.490260136,2.387638082,0.993932964,5.958283309,4.545135614,3.912582478,3.81112483,6.299100891,3.561971587,4.862377925,2.891886412,5.075480254,0.283626714,2.927952925,3.137369881
ITPK1,9.126571264,7.520724238,9.882670896,7.823340988,7.897928105,8.329383079,7.422642246,9.249246586,8.208789853,8.446196157,8.898514361,7.760817917,8.896357166,7.068443232,8.26941799
BEX5,2.429625731,6.007646824,8.604561622,3.114511023,6.29099467,3.967865035,4.500203672,0,6.4160269,4.348081773,2.371436809,4.951466832,5.086097698,4.086839477,6.298346538
FMN1,6.15381716,2.189639279,4.502254102,0.530178722,1.16184219,1.956967318,3.826018794,5.29102232,0.237779012,2.042975741,6.406202698,0.68676193,0.520550028,2.351849282,0.843470507
DLG1,9.501724785,5.019602449,8.385139769,6.069790318,6.572741418,6.062332095,7.69272971,7.88063756,4.147558186,9.046906012,8.758981842,7.833742029,4.669068741,4.365808575,6.366853161
TMEM88B,5.083490966,3.565671272,9.075733532,2.186774572,3.733517528,8.110723579,3.367690297,8.807447914,3.640072659,8.077037835,10.95553641,4.634868499,3.854949494,4.18735285,5.138722568
RUNX1T1,8.462437544,0.868648125,5.996674047,0.63703992,1.856164574,2.234503482,3.644686259,4.543214445,2.251778182,5.030760297,7.635246694,2.397163986,2.961455621,1.154520761,1.56061529
MEGF9,4.733026863,4.176870323,7.425742814,4.806301678,5.325106185,4.795227003,5.20290853,4.497969831,3.955429278,7.067814923,5.417704765,5.833436344,3.049266442,4.324181328,5.012074913
NIPAL1,6.410993119,1.129154206,2.715510024,0.687641783,1.826863221,0.082464857,3.217643146,5.417902776,1.418086792,1.799399177,5.449857892,2.301284072,0,0.074928529,1.289417523
LZTS2,9.280391284,6.934417035,8.081048613,7.509348247,7.968805056,8.475543435,8.171869978,9.219939648,9.230362023,9.108647607,9.469784197,9.205413064,8.0146086,7.325951045,8.505595041
CYLD,8.045771608,4.796586781,7.287478098,4.46927696,6.223736019,5.090003815,6.412643948,6.638362019,4.551929372,6.917388265,7.155971752,6.09739534,4.631627419,5.153701839,5.613252986
SLC1A6,2.219177937,4.343877285,6.648368385,0,0.196078129,0.497513818,1.208483649,0,4.031166391,4.348081773,4.318034062,1.2765297,4.747004484,0.214033467,3.935318825
RAPGEF3,7.002686294,5.617993425,8.175424605,5.257371449,5.877627311,7.098080272,4.045518362,8.152904315,6.258378113,7.152212185,7.149460123,6.127062221,6.670426644,5.46706686,6.166767572
TTLL7,6.471687072,4.825766805,8.515651115,5.08875808,5.637183557,6.062332095,6.723247297,6.131464236,4.855563653,6.845923853,6.614390227,5.845384025,2.709268821,6.440076066,6.785720774
CDCA7L,7.414908526,5.693330005,4.043022829,7.506708376,7.128079491,7.30704809,6.801630243,7.012723764,5.81979132,6.449993975,6.096667421,7.756304925,5.151490013,6.628312323,6.258076958
SLC38A6,7.230512766,5.559186398,5.095109806,5.980016568,6.795175105,6.000047785,6.864296637,6.833104664,4.142688215,5.827232583,6.710418195,5.069671853,4.767287253,5.943894564,6.251254709
PRRT1,4.213358628,5.742845339,8.608796037,5.892396194,6.44236218,5.865326116,5.548753652,5.31730683,6.967732766,5.995915268,3.575080631,6.030197008,7.043826271,4.862638151,7.203388583
SLC22A6,0,0.90886903,1.648819213,0.151893904,0.789019453,0.866755392,0.196179818,0,0,0,0,2.06481893,6.336023368,0.930737728,4.446112369
SPHKAP,3.96579551,1.407027565,4.887722506,0,1.16184219,0.082464857,0.101421946,0.782285482,1.247126869,3.063888211,1.191866241,0.858290467,1.76118367,0,0.657838811
ZFYVE27,8.001173805,6.086479364,7.74021325,5.855525031,6.694337883,6.410436968,6.622342208,7.858434242,7.066821222,7.998405678,7.747293624,7.378122618,6.906881559,6.218385974,6.81192088
YPEL3,7.389965854,9.593565147,10.89635476,9.515812995,8.893576352,9.27726748,8.789050624,7.361125206,10.63339419,9.174064021,7.19126966,9.234745596,11.10635732,9.857878933,10.19355266
MYCBP2,9.858342724,3.468098292,8.852766906,4.968568956,6.044425615,4.670807011,6.821275207,9.130122594,4.90529214,7.187489694,8.9062598,6.203314924,4.008894348,4.249323414,5.108842609
ABLIM2,4.772161144,4.567646144,8.323268466,4.44005783,4.466567776,4.909763568,4.113866881,4.35304363,4.376365435,4.518953656,5.491643515,5.224070212,5.160281441,4.615251758,5.651063407
TBX2,6.67119908,5.847437001,4.477768689,7.394567357,6.102126253,6.816467117,6.922622759,8.369347805,7.404506351,8.147132011,6.316045098,6.183282034,5.998838257,6.336343278,6.103022638
NXPE3,5.440050317,3.786830725,6.613953702,3.24695026,4.442621139,4.000045509,5.267072288,5.061490953,3.960972923,5.985020047,6.136723698,4.737348175,3.252037539,4.050169529,4.213204633
PPFIA4,7.35172416,5.001117114,8.01068184,3.927086594,6.919228708,5.665801495,6.042027798,6.729261493,5.601142432,6.006728824,4.772511417,6.587601046,3.639231181,4.086839477,6.738693515
BCDIN3D-AS1,2.613246987,1.663627721,4.988221852,1.895365448,3.685353163,3.160507786,2.121080318,2.902783536,2.515586351,4.20518063,2.540226333,4.324461191,4.004018922,4.241212865,3.251163355
PRELID1,8.089032007,10.41817984,8.662198292,10.3406127,9.896032046,10.19574638,9.553521489,8.475278098,11.16359603,9.32965024,8.203714836,10.46453341,9.676578889,10.65181262,10.47886606
PDE4C,6.639804765,2.574272675,4.981270934,1.873674823,5.729140151,1.667457922,5.250607077,3.560445827,3.151167501,5.835343371,3.366320106,1.567779727,2.126771655,3.081210002,3.149161718
PLCL2,6.435577945,4.006621851,5.979336046,2.895218692,4.513300619,3.072451268,3.686091,5.723270078,3.881353658,5.564806529,5.702050947,4.092085172,3.9081107,3.383450928,4.2519969
INPP5A,6.943918574,4.725174986,7.102871974,5.132794599,4.615366825,5.484337261,5.036804833,7.193873828,5.070819663,5.65921168,6.356184012,5.748730476,5.088402648,4.507795426,5.419953323
LDB2,6.732009666,3.226933081,7.927695255,5.513755249,5.128990935,4.779862675,5.699919132,4.587083175,3.517518944,5.902503869,6.506424977,4.391184622,3.844078076,3.601880759,5.382981087
PRKCZ,6.046180883,7.717198125,9.762134479,5.600494704,6.572741418,6.169972871,4.703412917,3.875506047,6.455834956,7.051371272,6.443941521,6.494204527,7.331451668,4.477044728,7.256137537
ATAD2,5.286338412,4.061177467,4.194952466,4.867939112,4.678241467,4.428283286,5.185690015,5.122387111,3.720712409,5.851429421,5.104189769,5.486336489,2.779423135,3.276398873,4.659018633
AGTRAP,8.232732661,9.426016411,6.295983322,8.139031284,9.605306128,9.134776754,8.824942568,8.178222436,9.597682427,8.258012595,6.609654083,8.522043454,8.830928757,9.93979877,9.326703351
NCALD,4.322840891,5.984308751,9.417988852,5.682313549,7.164403818,5.606071663,4.666652342,5.465687069,6.05309447,8.199912165,7.28336549,7.514249613,6.338930247,5.173016503,7.723567756
GOT1,7.074889247,5.931596081,9.547748285,5.96342655,6.424134402,6.481491313,6.836984647,5.723270078,6.257252102,7.091711093,6.551573372,6.80158398,6.144404932,6.159352779,7.308340899
MAN2B1,9.754690742,7.430784692,6.369696065,7.821217824,8.018249173,7.682423309,8.799700086,9.798858362,7.694267851,7.895011041,9.215363298,7.575989526,6.921822396,8.100527894,7.40432942
CDK1,6.864662346,6.426622713,2.918359793,6.694726542,5.870465193,6.113483606,6.218893807,6.131464236,5.473147444,7.643425731,7.459517625,7.537055201,4.05676331,4.789438542,5.646910853
CRISPLD1,6.435577945,5.366850785,3.62823016,6.883596296,7.068301495,5.770565808,5.705970456,5.854704049,5.255835815,7.945996718,6.590552477,7.941429275,3.613854631,4.830562603,6.806346489
MAP3K9,5.052036191,1.591323147,6.150208445,0.353399575,3.159323444,0.956954814,2.642420777,1.955838395,2.469657889,2.042975741,3.453481398,0.492052541,1.364611608,0.847702574,1.488189448
KIAA0930,9.303949652,9.522435172,9.92313118,6.948581191,8.085515474,9.536467127,8.292055472,8.825873707,8.148423997,8.515032125,8.61161875,9.094656693,8.778361992,8.777328667,8.793597359
SSBP1,7.980437177,10.20941493,9.003171729,10.16569943,10.59123388,10.31991982,10.69361097,7.361125206,9.439025328,9.817484721,7.099662902,11.18560727,9.774125359,10.35099889,10.42054062
CYP26B1,0,1.819453695,7.162466461,0.736528786,3.087015815,1.08248778,4.384235205,4.133943638,2.93159047,4.348081773,4.246615546,4.021627699,1.02285948,0.930737728,1.904641176
SPTAN1,9.617720484,8.21732615,9.981226186,8.024051489,8.719414976,7.790253057,8.029941322,10.20911082,8.950205226,9.053439479,9.325608443,9.128226667,9.069103894,7.218510633,8.728525964
MACROD2,1.300130847,1.960077513,6.516351559,1.584234414,0.96071155,1.160491499,2.28095873,3.469618468,2.215133229,1.799399177,5.170009097,3.179693791,2.373531903,0.930737728,2.806080251
TRPM6,3.055292985,0.270813296,2.418949597,0.353399575,1.25278463,2.436138688,1.065196689,1.286707618,0.44185729,2.097946171,2.279008263,0.746233097,0.574164306,0.847702574,1.007916987
ALOXE3,1.300130847,0.141751753,2.289878834,0.151893904,0.522798811,0.81944879,1.419591675,0,0.828980142,0.111063732,0,0,0.723998028,0.457501815,0.194628402
ACSL6,5.144414981,3.420202831,8.248890087,2.968673568,4.726639894,5.209500597,2.519534921,4.75032338,1.599632404,5.28286617,6.123494795,6.382675492,4.242084893,4.324181328,6.37440756
ANKRD36BP2,7.223470664,1.434841234,4.457876679,0.151893904,0.447790586,0.304863828,0.727243551,2.201403741,1.88269756,0.641703134,5.144040583,0.559917738,0.943596455,1.78751909,0
MPRIP,9.01680285,9.411544588,9.258604629,8.951165838,9.448963307,10.31539789,9.370863955,10.4744261,9.483036664,8.977602158,9.353496263,9.019628014,10.1154418,9.503508721,9.802859315
RIMKLA,4.472905331,1.901480167,6.293179549,2.304937137,3.325667896,3.330433391,2.259175389,1.286707618,1.35211345,2.97857771,3.535675463,1.992983157,1.237452911,3.300016763,3.599443951
WWTR1,7.632552809,5.870533516,5.191613803,7.613214168,7.992502411,7.310260029,9.193435411,10.26166005,6.038748823,8.05506741,7.585462106,7.841432406,4.570283479,6.741889087,7.776319498
HHIP,0.791819137,2.95651664,5.757266286,5.107463861,1.940658678,4.55282857,2.405172837,3.268769603,2.631361059,4.759577283,4.270816682,3.146968856,0.815885726,1.188662025,3.283621889
GINS2,1.972701591,5.924256419,2.732167575,5.173308897,4.645049626,5.80132808,4.754910594,4.497969831,4.190663611,5.586592745,3.122156516,5.855546728,4.008894348,3.543714966,5.268719984
RTN1,6.077762189,7.046265765,11.94349329,7.873381507,7.00102849,6.934259348,6.739071571,7.831331179,7.082164131,8.390519254,6.983654741,6.085931241,10.03205863,6.544283443,8.721138684
PSMB8,8.615526657,9.83659804,6.04247181,8.681319823,9.595701867,9.911176081,8.830030848,8.757929845,9.593896333,8.490204087,7.367129957,8.974102263,9.032463596,9.40484889,8.971201471
CELF4,5.25904872,2.739505481,9.548777143,0.736528786,3.074604194,1.912572808,4.727409693,0,1.735213425,3.339531756,5.305037368,3.323300596,4.798594999,1.119551923,4.431701995
SV2B,3.824015197,0.498736499,8.833598131,0,0.726926847,0.556408883,1.496083183,1.286707618,0,1.464947336,4.962794046,2.198575572,2.920644588,1.873987451,3.137369881
TBC1D12,5.912452088,5.012698175,5.832577514,5.62990468,4.580678539,7.326213329,5.20290853,6.039726099,6.240255605,6.725629289,6.389721739,4.65051771,5.827290627,5.872177731,5.903398894
VWA5B2,4.519647722,3.829364269,7.292400512,3.238489358,3.283150759,3.41242703,3.749962027,3.268769603,3.667456461,3.590164753,4.806019516,4.239058446,5.884117663,3.503592682,4.574091646
SLC2A6,7.451532152,4.980034008,6.507911973,4.693211082,5.811851057,5.508774392,5.496180692,6.437336592,6.447960733,5.961127621,7.985275296,6.012139802,4.67521557,4.709388745,4.915268887
ENO2,9.743657794,9.304666158,11.334103,8.168279827,10.77852764,9.763846681,11.55078558,8.779360322,9.737986289,9.875787182,8.124586969,10.09940715,9.070416242,9.036830973,11.12136482
SYT5,4.031781373,4.500138814,9.11098876,3.95833599,4.682337264,4.188707445,5.807017611,1.955838395,2.485130406,4.032511705,5.269446885,5.317708643,5.8946926,4.819710296,7.620925034
SLC2A10,5.534120039,4.545492837,3.772102931,5.344709438,5.781626084,4.776770076,6.650854258,6.299100891,3.921712473,5.835343371,5.232956148,5.267849177,2.857178223,4.974499742,5.17089117
ANKRD34A,3.747532772,1.094697358,6.235928483,2.68713327,2.120464252,2.654044976,2.302418049,3.268769603,3.061121942,3.899583911,4.341075609,2.712538646,1.8066898,1.622483094,3.089214424
TRIM72,3.747532772,0,2.220737943,0.353399575,0.789019453,0,0.727243551,0,0.309061226,0.713866604,1.191866241,0.911215713,0.346603827,0.665754212,0.590245317
MYO1D,5.534120039,2.77257816,5.472548661,3.583961287,4.05111565,4.512496417,3.522001657,6.400930293,4.004571526,6.238454328,6.162823063,4.170159413,1.690114442,4.068621008,3.013826346
SOCS7,7.487249036,2.329557512,7.148572838,1.895365448,3.959584102,2.32196693,4.006825884,7.32919021,4.009929864,6.572716376,7.738643233,5.564825173,2.053159952,1.935599016,2.850091704
HK1,9.273589054,7.41646985,9.316189004,7.253156177,8.050294908,7.693125235,8.502245655,9.410539293,8.162325977,8.943068511,8.051382434,8.355396693,7.161247621,7.608051755,8.383313977
MCTP1,7.358168586,1.515202753,7.137673417,1.711959102,3.618525867,2.512490037,4.662509408,7.05238489,1.68249994,3.480663522,6.837380935,3.497815692,1.394724127,1.59728633,2.249494819
DHRS4L2,6.471687072,7.710102375,5.965314043,7.401689414,5.809980434,7.582799086,6.592166655,4.30130851,7.211043204,6.518338386,5.666007398,6.169770546,9.129948689,7.49535621,7.663170863
ACADSB,3.747532772,2.523365935,6.591306919,3.436413904,4.321796911,3.216361227,4.731370634,4.451260225,2.965079857,5.315123139,5.208105923,4.839869949,2.971480512,3.081210002,4.407360154
HLA-A,12.55536503,10.11506107,8.97239242,9.835046971,12.68030314,12.34035684,11.94423055,11.09771184,12.06521272,10.68451968,10.56089253,11.76226944,11.34533591,12.83380617,10.67016132
DARS2,5.947064235,4.043220514,4.364804006,4.560348039,5.252585334,4.404436506,4.611843408,5.683408127,3.101837535,5.39686075,5.916649362,4.599024504,2.40346072,4.554363918,4.758596203
ESCO2,4.772161144,2.739505481,1.048155552,3.44379292,2.48175564,3.188704783,2.642420777,5.511939281,2.099259016,3.609210985,4.992203581,3.399368528,0.815885726,1.188662025,2.204996352
SLC27A4,7.209282492,8.001523662,7.287478098,7.129915017,7.097733605,8.005342654,6.840656259,7.386173801,7.589007614,7.243418235,7.498468653,7.431748528,7.385874012,6.830376206,7.371360595
KCNB2,0,0.072616151,4.521547557,0,0.284952208,0,0.368848086,0,0.922867482,0.214185173,2.458298626,0.183304167,0.217774517,0,0.843470507
RHEBL1,2.613246987,3.786830725,4.84241157,2.806418743,3.387182711,4.126902044,3.627785808,4.825501948,4.834578337,2.963855635,3.613438057,4.051404248,2.697237458,3.711617127,4.493133194
TMEM179B,7.445492414,7.92022982,6.434745492,7.610757829,8.312223738,7.95595462,8.023898579,7.098582383,7.845782301,7.929516647,7.058549313,7.595827605,7.50065149,8.072231962,7.979449674
KIAA1217,3.824015197,2.105612504,6.050795618,2.771657132,3.65232642,2.420371274,2.145033751,4.073543647,1.570917289,4.114779369,5.049282989,3.869465586,2.090435245,3.376062275,3.995343195
COL26A1,5.0198803,2.156613492,6.396068828,1.038967573,1.419090777,1.467156996,2.214596437,0,3.479399264,1.422507337,3.122156516,1.05925267,3.500728596,0.616441018,3.000869581
SLK,7.299105431,3.210935997,6.318219479,4.246892754,4.993807765,3.978671813,5.185690015,6.585272512,3.833802997,6.637927537,6.443941521,5.88064463,3.17604951,3.988518391,4.53418023
C1orf115,3.176931778,2.28440923,8.755798087,4.417748452,3.250419883,2.866775357,0.84890533,4.671010865,3.714161938,3.974939086,3.949572998,4.07479076,3.429789489,2.561794019,4.2519969
TMCC2,5.231232854,3.954732902,7.667921196,3.556995957,4.661740999,6.088758138,4.899215059,5.236971518,5.10126043,6.283612968,6.496197193,5.007228647,5.704944323,3.94423913,5.429654635
SEC61B,7.648414458,10.9148161,9.000595912,10.71262902,10.83388798,10.69235632,10.74110142,6.669302591,10.46865212,10.49537287,7.216409059,11.04864811,9.944990569,10.61079329,11.18941649
CDCA8,4.733026863,4.946613123,1.875666472,5.069806572,4.50869487,5.031525291,5.253364361,5.030051028,4.658124593,5.349509019,4.363754933,5.627450034,2.144602329,3.353666522,4.120412588
FADD,7.621880656,6.470114795,5.749105187,6.750089963,7.386509855,6.508774925,7.297319045,7.722446579,6.622512311,7.131777025,7.37552402,7.31998173,4.837483122,6.847173336,7.208328484
CPSF3,6.062057951,6.590921602,5.629719833,6.710871862,7.091587073,6.76042561,6.986160615,5.958553354,5.528331916,6.946697043,5.638371205,7.19415958,6.703131665,6.424043567,7.068628623
PPP3R1,7.754815947,5.893266091,9.549658437,6.518992608,7.063598937,6.300602372,7.349792893,7.157964239,5.140874048,7.491326153,7.256348732,7.130719568,6.193410092,5.758860854,6.653292959
EZH1,8.10060859,5.469586811,7.965608987,5.958283309,6.651107466,6.515284036,6.64351618,7.677497488,5.89556467,7.72481296,8.033812246,6.83706339,6.50601175,5.997844438,7.169775271
RPS6KA5,4.213358628,1.349737964,5.499556554,2.272152281,2.518874467,2.021098199,2.168595965,3.726559379,1.172635802,4.067361744,5.460418306,2.635995027,2.311744664,0.930737728,2.395245401
LINC00511,8.267383885,7.349093475,5.834507257,7.695107793,7.422459191,7.343560576,7.707382998,7.40467891,7.033007677,8.753853935,8.735261887,7.804750961,6.493021524,6.733240496,8.534822522
HLA-DRA,10.90345139,10.0245789,7.944321475,8.902624523,10.50952327,9.308789008,9.992145104,9.776534073,11.16149099,9.148862573,8.1129202,8.771197734,7.366536618,11.46620289,9.044653425
PPIC,3.66676764,5.656891649,3.706181132,6.488990779,7.028637019,6.283272486,6.307788927,4.451260225,5.347571297,6.51455508,2.458298626,6.632618204,3.72469066,7.019489343,6.684014867
EFHD1,4.213358628,5.095625287,8.653752867,6.260494577,7.301858216,8.339898396,5.827515268,5.907562921,5.58507748,8.472111589,5.754482102,9.002009145,7.423788174,7.097374585,8.299490208
NKX2-5,2.77611423,7.511366284,0.687257517,6.712400129,5.756593314,6.841843687,7.220493604,6.596047854,1.011016389,1.422507337,6.116834575,1.2765297,0.902269731,4.31648198,8.084894315
CDCA7,5.415542235,4.564502137,2.418949597,5.46563206,5.5276265,5.525453145,5.648479278,4.931398644,4.142688215,6.989118848,4.738206513,6.201988018,3.114050229,3.441236189,5.783686903
EGR4,0,0.695515793,4.049683175,0.63703992,0.789019453,0.37197981,2.145033751,0,0.828980142,1.287139424,3.067942213,1.42949193,0.283626714,0.759594841,2.56330407
DNAL4,8.435265496,7.209138208,7.524676307,6.9621337,7.528642325,7.144406538,7.401046741,7.911159084,7.695931023,7.490684384,7.194436146,6.959901844,6.958196204,6.539330712,7.617745945
SCD,8.153437313,7.570155936,10.5089205,7.609938119,8.769845693,8.15605707,9.519566601,8.046940059,7.140733644,10.2342007,9.086648675,8.863471414,9.228202581,7.131233639,8.656512803
NEFM,2.613246987,2.401800091,10.04844376,0,2.555062178,2.102398956,1.994957647,0,4.299686066,5.562365404,5.481310022,3.090721647,3.095835507,1.436099633,5.268719984
LMNB1,8.541011747,5.735874919,3.46840405,7.237319708,6.517645917,6.659099543,6.724241416,8.671424637,6.692495844,7.971059477,9.767450847,7.774719144,2.930956087,4.118178476,6.02996686
PPIP5K1,8.94369892,3.440924458,8.553047873,4.067452595,5.618067368,4.334648062,5.652662639,8.224094562,3.778365544,5.992292662,7.570916587,5.696920059,3.588023711,4.249323414,5.377979084
GTDC1,8.652700112,5.07146529,7.175466489,5.578875002,6.276166396,5.826969979,6.458766327,7.766037433,4.668326529,6.601535303,8.1129202,6.548461086,5.438424261,5.241703611,5.520973058
BRINP1,5.70564415,3.296802779,7.732472371,1.873674823,3.315155504,2.32196693,3.710375206,0,5.453618102,4.606861873,6.395236338,1.891275092,5.90649748,2.721904064,4.321384054
FAM53B,8.694043314,5.625555755,6.761217968,5.527711066,5.536703821,6.194515066,5.165338522,8.643130003,6.260627504,6.625118983,8.297991089,6.503928688,5.403676995,5.883946801,5.779899542
HOXA-AS3,5.487851759,1.663627721,0.297288132,0.736528786,3.04945595,1.819462544,2.424873872,3.372686435,0,1.69629637,2.279008263,4.599024504,0,0.512450247,2.159081575
TMEM179,7.383662219,6.869660276,8.08955746,6.147540942,5.006931075,6.544671595,5.225551468,0,2.658909143,4.616306836,6.361828055,4.777098121,8.658795541,4.747107757,6.801684652
LANCL1,6.211900125,5.377639067,9.390870367,5.784652445,6.667729301,6.320914836,6.765387638,6.988392953,4.658124593,8.394984746,7.681114894,6.715859228,5.386921024,5.18786226,6.39807215
CXCL16,8.591113499,7.833753797,6.295983322,7.588044345,8.587499705,7.612591605,8.338563678,8.085683982,6.917297054,7.772057123,6.411654776,6.328982611,7.243180143,8.094631609,7.81477054
NONO,10.71797752,8.9287562,8.383493086,9.526711994,9.517621977,8.987563269,9.774520352,10.62142837,9.066302156,10.16890878,10.96784813,9.998883334,8.514342608,8.016297044,9.489329482
LRRC73,2.429625731,5.0057607,6.088478441,3.642851334,3.757009843,3.556437766,3.417708814,1.286707618,5.827398536,4.409128868,3.011610803,3.589971977,4.089350943,4.040854534,5.303430863
TMEM51,7.165861055,5.889502116,4.891434958,6.761945684,6.713476885,6.083761784,5.786224523,7.446956205,6.19510415,5.970363901,5.090657735,5.687469177,4.809813265,6.292863743,7.027694956
BTN3A1,7.658892828,4.991784861,5.101534501,5.188762227,6.888536355,5.648986666,6.401500814,7.354794509,6.647652394,7.010766496,6.378628898,6.87419258,4.82647878,5.299478205,6.033152155
ATP2B3,2.922446151,0.648779606,7.077023916,0.530178722,2.258542534,0.497513818,0.727243551,0,2.099259016,0.111063732,3.174407097,1.011575107,1.784116149,1.348207919,2.271239725
SGSM3,10.00928076,9.702603821,8.218548072,8.166608433,8.067229816,9.612700195,8.012143682,9.458564074,8.965798815,8.637206115,8.846122951,8.176445329,9.655747352,8.314700677,9.11134746
SEMA4F,5.685286175,3.915787669,6.478595591,4.013925661,5.36132173,4.160510501,5.939611035,4.497969831,4.372210723,5.487142222,6.020211344,4.696471911,3.422499891,4.391686636,4.10838242
KCNC1,3.747532772,4.415423754,7.42830066,3.168954138,4.201383109,3.606068673,2.659151638,0.782285482,2.89730518,4.528989968,4.092208157,3.124732427,4.499302304,3.025628863,4.071678052
KBTBD11,5.84063237,4.614002117,7.796735213,4.137383805,4.632403132,4.60955124,3.367690297,6.627899259,3.298562592,5.73919725,6.792114794,5.853857908,5.880131991,3.693897631,5.864588234
CKAP2L,5.25904872,3.266166543,1.150845158,4.013925661,3.304565948,3.428281031,4.083200171,4.629657238,2.545412626,5.165533397,5.491643515,4.715195723,1.453126763,1.719087353,2.806080251
UHRF1BP1L,5.947064235,3.602924753,7.007738942,4.267831263,5.826729354,4.092491946,5.102502632,5.781071011,4.741014544,5.699758712,4.870787599,4.995022056,3.706799267,3.620759644,5.815484252
RYR2,0.791819137,0.141751753,6.604937604,0.41476451,0.96071155,0.304863828,0.285095627,1.955838395,0.083690366,1.08429547,4.222001502,1.42949193,0.283626714,0.074928529,1.372240513
BOK,4.953335054,5.216725775,7.587243958,5.719267733,4.800097355,7.091250197,3.377833695,5.663056373,7.080255167,6.950435817,7.044580229,4.53723155,5.652944827,5.003560045,4.687600107
SLC9B2,7.45754671,4.411929457,7.664128349,4.560348039,5.798705478,4.697218676,5.577642715,6.980190635,4.380508217,6.47486873,6.633180839,6.518926074,3.276502764,4.293134284,5.446476522
RASGRP1,5.25904872,1.515202753,6.540196133,3.344790042,3.618525867,3.160507786,3.160033927,5.642413409,1.418086792,4.784925714,4.553262921,4.58280344,2.697237458,2.844752618,3.955605702
CCDC80,8.207971892,7.501125273,3.254454267,8.041787209,6.888536355,7.967867944,6.349619314,8.72640165,5.766970363,7.266096688,6.13012441,8.100857285,8.293892208,8.164916986,8.565396025
ACBD7,3.747532772,0.695515793,8.601165119,1.895365448,1.826863221,0.234472535,1.797524218,4.671010865,2.81398783,4.046552903,4.806019516,4.120456313,2.279829525,0.616441018,2.159081575
DGKB,7.24449468,2.052742289,6.838253199,1.18701437,3.228179339,1.795214764,1.568722506,6.039726099,0.779641157,4.13463363,6.865464328,4.180975803,3.493789609,0.889817461,3.435788021
PNLDC1,0,0.600478562,3.171388299,0.63703992,0.662041154,1.304883477,0.594369296,0,1.786068556,1.464947336,0,0.746233097,1.364611608,0.457501815,1.107978918
STRN,5.997473586,3.311880336,6.088478441,3.661959007,4.378433322,3.90126714,4.770393188,5.799834582,2.422219071,6.318748965,5.619648515,4.626979774,2.697237458,2.637904107,3.82202349
MYO15A,2.922446151,2.401800091,4.412090763,1.557274237,4.63663096,1.041845141,2.659151638,1.955838395,1.418086792,0.713866604,1.835504282,3.313503778,0.520550028,2.637904107,2.545568904
CRHR2,1.300130847,0,2.947182939,0,1.013683457,0,0.727243551,1.286707618,0.237779012,2.201976347,0.715665279,0.420836661,0,0.713437379,0.366094105
SGSM1,2.77611423,1.921278244,5.998396441,1.806574815,1.637336219,2.197977341,2.168595965,2.594303188,1.172635802,2.791146415,3.979250518,1.63225092,3.235493817,1.222013982,2.545568904
DPYSL2,10.61814509,8.385543775,9.763907593,8.503619401,10.06230627,8.352935673,8.729896921,10.24121273,7.655475946,9.013340593,10.62125617,9.291991792,8.62406517,8.135408334,9.407624695
KRT31,0,0.445041847,2.664351332,0,0,0,0.285095627,0,0,0,0,0.266903103,0.148772113,0,0.444744842
UROS,6.952461954,8.766706193,9.20889011,7.090498052,7.815951164,8.195673889,7.049399532,7.150673804,7.812438978,7.692248788,7.330180509,8.684067052,8.747519016,8.104445406,7.875923361
CKMT1B,4.986991323,3.737431993,8.245630667,1.711959102,2.120464252,1.40442046,2.168595965,0,0.96761507,1.864255849,0,2.958670779,5.003012825,1.378104069,4.629859461
GRM3,2.613246987,1.349737964,8.031019071,3.927086594,3.123622588,4.530969104,2.168595965,5.030051028,3.272048754,5.75638528,6.041468042,3.751066845,1.76118367,1.809626875,3.492427981
NEDD1,5.25904872,2.705656812,3.46840405,4.580572423,5.067686701,4.207203823,5.97845768,6.823967243,3.399998315,5.814980256,5.796764608,5.288000207,2.263603232,3.645553237,4.659018633
TBCCD1,6.03012714,3.983267057,4.84241157,4.753835704,5.386644451,4.633682935,5.605964631,6.472846749,4.678456829,6.476166122,5.600679651,6.062726078,3.140948246,3.983665054,5.244190605
SUCLA2,6.013892745,5.104311386,8.113595521,6.84161679,6.967017486,6.07749191,7.07845496,6.669302591,5.728485238,7.566337065,4.992203581,6.803335076,5.138201598,5.782806349,6.444267715
BDP1,6.771171178,3.186602784,6.176311279,4.91116806,5.067686701,4.351375176,5.382396162,5.29102232,3.298562592,5.829264559,5.532252865,5.137875299,3.114050229,3.589156176,3.942112863
PLK5,1.300130847,1.709892961,3.924822697,2.794924353,2.343759761,2.819469421,2.214596437,1.286707618,1.655402879,0.485551871,0.715665279,1.723857793,4.761521215,2.561794019,4.591481707
MAP4K2,6.771171178,5.535296787,6.862098206,5.657140852,5.950757968,6.569903641,5.862248503,7.207991078,6.626878182,6.113965107,6.213646653,6.009108171,5.762370441,5.632782223,6.08164554
APLP1,8.274215365,11.00280899,12.19163793,9.23704886,10.62034519,11.64946322,11.53836916,9.762254432,5.334817983,11.76396525,9.805223816,8.526555809,10.89741595,10.34752042,10.41016523
OR2L13,0,0,1.336597132,0,0.594099211,0.956954814,0.961100566,0,0.376986657,2.389920916,0,0.68676193,0.67576203,1.009252727,0.194628402
RNF208,4.094880723,8.132556626,8.530904864,6.652360825,7.154855534,8.026002127,6.835145332,4.247648942,8.179071289,6.905881136,3.41055889,7.355624106,9.453905765,6.644546362,8.482187043
PGLS,8.64481461,9.875253574,7.380230412,9.994283394,9.594072277,10.08164942,9.597179293,8.969524723,10.30740206,8.839766434,7.981614162,9.187757582,10.19513705,9.848399387,9.514760693
DYNLT1,8.64481461,9.776388217,7.336643373,9.912878654,10.31253637,9.230987205,10.07484379,7.539176566,10.04511195,9.972612844,7.099662902,10.54123663,9.667453903,9.921040464,10.12542068
ASPDH,4.094880723,4.961031264,8.048997541,4.276122312,4.131204445,5.941872139,4.964610817,6.507503823,5.889763387,5.405057962,4.5132489,4.339021139,6.05176895,7.907432765,6.064624174
CCZ1B,10.24920693,7.741413986,7.542494109,7.60870768,8.709916519,8.934780005,9.038412712,8.87536379,7.609006829,8.277491073,8.070465656,8.29786707,8.058181529,8.441343075,8.355592297
SNCA,5.784319442,4.825766805,10.72795251,5.308790541,6.23771928,5.654051724,6.064181413,4.543214445,7.283072608,7.377905818,6.427888467,5.234491302,5.199193072,5.30726859,6.793255196
PRICKLE2,7.950895855,3.900907827,6.773340593,3.932342059,5.22757835,4.392363654,6.119633235,6.786827597,3.307293351,5.615138522,5.439219606,4.175577745,5.166840033,4.064030215,4.52515906
GRIA2,7.002686294,5.86031402,9.819891672,6.419582536,6.198219449,5.643903762,6.527577386,7.94526803,4.980910168,8.019915454,7.898625122,3.765511093,6.299681815,3.543714966,6.55699538
ACKR3,4.608820744,5.686115588,5.045990371,6.862415116,7.323655217,6.281091539,6.323617793,4.30130851,5.526463728,6.961594353,5.961946289,8.158429517,5.201324362,6.785068577,8.215059128
PANK1,4.094880723,3.281565981,4.61432452,3.458438682,3.205590559,2.482432624,2.903404772,3.035365724,3.619188218,5.532745112,3.650802018,4.541434449,3.465695019,2.767795687,3.346427025
EMX1,2.613246987,1.407027565,6.839214605,0.917023935,1.826863221,2.55643364,1.797524218,3.726559379,0.828980142,1.546256126,3.41055889,1.193503044,1.690114442,2.561794019,3.473793981
HTR5A-AS1,1.972701591,0,5.326621341,0,0.10136765,0,0,0,0,0,2.371436809,0.183304167,0.346603827,0.074928529,1.201548641
FBXW4,11.08535996,6.826347826,7.68192225,6.210540426,6.78187599,7.60694334,6.740054849,9.537545963,7.409076275,7.368155471,9.797956114,7.553275646,8.595382463,6.930238097,7.500094422
PAK6,4.26913805,2.269040273,7.201120307,2.019076693,2.859957068,3.592061776,4.006825884,4.35304363,3.687658519,2.594913714,2.371436809,3.57364823,2.475674167,3.284314541,4.946013105
RBFOX3,3.896646329,2.299616187,8.78527987,0.530178722,2.020476823,1.527278705,2.755656101,4.30130851,3.494768212,1.08429547,4.451066739,3.222203408,4.809813265,0.889817461,4.377597222
UNC5C,4.608820744,0.986095546,5.188599458,0.736528786,1.37927676,3.041862825,3.407842882,3.372686435,2.233572051,4.121427862,4.854866129,1.392744771,1.06091559,1.317679114,2.681696761
CYFIP2,7.725207753,8.921094801,9.757056399,6.413958036,7.92540271,8.198854499,7.82511182,7.428988851,8.823180872,7.696707581,8.126245976,7.900705072,9.407815198,7.47258714,7.671882359
AUH,6.435577945,5.127931971,7.143911737,5.067420033,6.117332856,5.753362726,5.941321949,5.991572503,5.1506098,6.512027353,5.702050947,6.11018449,4.792952983,5.913594242,6.521145939
GPR61,4.031781373,1.840401665,5.738838459,0.63703992,1.856164574,2.732757362,2.405172837,4.010504033,0.620612558,2.433315986,3.575080631,2.604203071,2.813261145,2.86600683,2.087347542
GIMAP2,5.964063811,4.415423754,4.164592883,4.674515538,6.180954177,5.01587201,5.562158984,4.671010865,4.718281339,5.458547135,3.453481398,5.752360985,3.104971614,6.002650388,5.619623939
MAP2K1,8.337550237,5.484634673,9.428088196,7.335792928,8.032356848,6.660778072,8.304405587,7.957853807,6.90512683,7.895980759,7.178533756,7.714574644,5.253608319,6.518509339,7.304391639
CCKBR,0,0.550504229,6.802223144,0.687641783,1.064779067,0.556408883,0.727243551,2.7567727,2.058469548,2.367723875,2.6913204,1.392744771,1.61536202,0.340897504,3.435788021
TSPYL2,8.868950241,7.096107203,9.584905856,6.286377599,7.92540271,6.982706263,7.82650115,7.924044626,8.445187165,8.665914577,7.976104981,8.506809962,8.059650695,7.606868655,8.092929827
KCNA1,1.675259624,1.615829523,6.10296006,0.63703992,1.603178421,3.889862351,4.241555291,0,2.058469548,0.111063732,2.279008263,2.504394331,4.282909534,2.481443988,3.879783012
KIF3B,8.025670619,4.841437877,7.642812273,5.46563206,6.478141054,5.787566171,7.034248639,7.94526803,5.683925718,7.12848037,7.611753879,6.350700141,4.893917819,5.30920963,6.506323766
DNM3,6.873686692,4.78582781,7.720521764,3.8624808,4.730600753,4.239012618,4.167475932,5.799834582,5.123676772,5.912121921,7.87316332,4.339021139,4.471315908,3.081210002,5.623855665
RAB40C,8.123486748,6.889896786,8.059760543,6.975560083,7.031850619,7.061697329,6.826839269,7.641542425,7.681732565,7.388280007,7.538889001,7.663911385,6.929556622,6.896422266,7.385137345
KCNJ12,0.791819137,0.445041847,4.680190386,0.289308085,0.368667644,0.612993681,1.065196689,1.955838395,0.503936105,2.496055189,2.458298626,0.62473343,1.509256863,0.512450247,0.784208081
CUX2,3.747532772,0.389271261,6.348245149,0.151893904,0.726926847,1.270117579,1.065196689,1.286707618,0.162790913,0.485551871,3.495163702,0.746233097,1.394724127,0.146156915,0.519328577
MDK,9.663970281,11.02585206,6.136195692,11.16799807,10.58564117,11.9954416,11.19987328,10.25232432,10.15854417,10.03512612,9.65931313,11.98830756,9.148016643,11.92687385,10.55507752
PTK2,11.42510657,6.834854031,8.620027422,7.6082973,7.7035673,7.729569097,7.531711097,10.74517877,6.55813325,8.511240128,10.43402593,8.323109233,6.729215343,6.578484507,7.960334509
LDOC1,4.322840891,7.611109532,8.515951764,6.969182148,7.811283359,5.871137588,3.206303868,4.997910656,8.49380219,7.083222111,4.806019516,7.106102747,9.083907725,7.344525188,7.432948644
ZNF25,2.219177937,3.824115649,7.147797033,4.159960689,4.851926776,4.207203823,4.863567429,2.902783536,4.769726265,6.12558647,3.41055889,5.85891845,4.978368123,3.819052767,4.952757084
PDIA2,6.751723297,6.909853362,6.876218301,3.95833599,5.50004674,6.645600539,3.160033927,5.578650816,4.372210723,6.710275446,7.553759362,4.395834549,8.366913604,5.212962023,6.196904112
DDX24,9.259887615,8.824030231,9.221480267,8.402869787,9.045187721,8.813641027,8.409188999,8.88198279,8.473825423,8.295240734,7.976104981,8.108667627,9.826412473,7.620611484,9.342516788
HOXD11,3.66676764,6.322526605,0,3.352651576,5.676726854,5.789101771,5.071590786,5.264250032,1.247126869,4.254403941,4.611277001,4.69269781,0,4.621514028,1.818651649
CBLN1,1.300130847,1.462128811,4.605310746,0.077945045,0.96071155,0.436111778,0.662335622,0,2.500438744,3.091239682,1.835504282,3.614116426,4.968391144,0.214033467,3.386827824
AMN1,5.534120039,4.052226928,7.815419985,5.49434287,5.092521858,4.872585977,5.814505044,3.944583493,3.875494831,6.097199069,5.439219606,6.40706432,4.618927889,4.33945784,6.026774518
MIR137HG,4.155335548,1.162807259,3.902920124,0.41476451,1.338332738,0.082464857,2.214596437,0,0.96761507,2.367723875,1.69948109,1.011575107,1.134142481,1.083714391,0.843470507
MKS1,7.556134747,6.516407432,5.509253588,6.932935097,7.031850619,6.894152576,6.727219667,7.379952307,6.44301743,8.328303217,6.849483675,6.88332747,6.186971452,6.128904919,7.578495259
DNASE2,8.602014825,7.851275159,6.168682878,7.738130892,8.155688691,7.67455216,8.677738629,8.248203804,7.479326946,7.648037754,7.604630782,7.554835731,7.46384171,8.524312063,8.227278485
ADAD2,3.393186765,4.118040388,3.057040546,3.028788867,2.624823275,2.831442119,1.941250328,1.286707618,2.177533168,1.832191938,3.174407097,3.020195896,5.243302013,2.69839896,4.173340399
RPL19,10.30364292,13.4107134,11.69566763,13.12596178,13.17515575,13.36565534,12.06949537,9.752655541,13.10526967,12.84378549,10.50492364,13.03614531,13.70854835,13.25560737,13.17677468
PPARGC1B,4.472905331,1.378667118,4.036331593,3.160021767,1.856164574,2.062321199,2.860646906,4.30130851,2.699269396,2.97857771,3.495163702,1.392744771,0.625857325,1.955565053,1.727210185
FAM153A,1.972701591,1.349737964,6.215341523,0.077945045,0.10136765,0.37197981,1.114557245,0,0.675593016,2.454533655,3.979250518,1.864686845,1.828915678,0.214033467,3.39675369
SERTM1,0.791819137,0.270813296,5.771438058,0,0.522798811,0.082464857,0.101421946,0,0,0,0,0.559917738,0.346603827,0.146156915,1.727210185
HCG11,1.972701591,0.827273665,4.739065183,1.288861286,2.120464252,0.66744264,2.889292487,2.411187474,0.728554886,3.293174708,2.279008263,1.723857793,0.723998028,1.622483094,1.155522235
SH3GL3,4.031781373,2.48397128,8.07534804,0,3.336104243,5.072455596,2.875040792,3.560445827,1.835191911,5.972204082,6.438610325,3.342696882,3.45143986,1.85285135,3.386827824
NRXN2,10.04066986,8.680027246,10.42903758,7.503181018,9.134032731,8.336751841,7.229623591,7.373703866,9.257364288,9.162828172,8.829925397,10.40890339,8.665951098,7.97195638,9.569810485
MYCBP,3.896646329,5.106474764,4.069481685,6.132779039,5.819309385,5.186379968,5.751539465,4.825501948,4.718281339,5.494843511,2.18025032,5.566888341,5.065185741,5.657371802,6.223638451
CASP6,5.144414981,5.585791525,4.321429356,5.626666356,6.209615899,5.807402598,6.491831908,4.825501948,5.517086331,5.841396678,5.245222566,6.417391769,3.887080698,5.836283268,5.835691743
PPP2R5B,7.916376619,6.357461027,8.055216761,6.696272,7.495855503,7.212365778,7.518591607,7.128578812,7.486071353,7.576050191,7.133051293,7.640592727,6.466684819,6.176467325,7.674434585
FBXL15,6.518468317,7.947337086,7.828066283,6.571303649,6.325449102,7.108572648,5.864053609,5.578650816,9.404222799,6.503145268,6.771060192,6.750762721,8.63514399,7.646943299,7.316207133
CSRNP3,6.347633214,1.259298084,6.170211789,2.186774572,3.239342468,1.693930411,2.786441153,5.368481417,1.88269756,4.969435944,5.638371205,4.063144891,1.8066898,2.158684571,3.519935336
CHN1,6.30823709,6.653661579,11.78647131,7.187641422,7.406454649,6.941182084,7.555364853,6.376138802,6.066013327,7.812163557,6.083064311,8.329807047,6.87185193,6.912471931,8.436607461
YBX1,9.596073581,11.60455771,9.544067792,12.30392465,11.83831878,11.42652913,11.70791836,10.09884359,12.93076952,11.94577891,9.000629099,12.19791642,10.83298198,10.9858153,11.49325444
NAPG,7.907616195,4.815224048,7.615014999,5.421465245,5.768200897,5.68076908,6.528715849,6.258982277,4.4091793,7.198535837,7.034013932,5.522929828,4.91484911,5.49972947,6.227814741
RNF11,7.285645317,6.382671465,9.792729596,7.461984121,7.72059495,6.807403032,8.306066442,7.986800547,6.450918605,8.563747142,6.069331715,8.084028538,6.782858377,6.766115572,5.008842688
TANC1,8.388809594,4.953840205,5.111118214,6.5137433,6.761694588,6.714293599,7.325760741,8.549221896,5.336951379,8.039354933,7.738643233,6.528485571,4.557029774,4.901755033,6.195483224
SLC7A7,8.459443577,6.152877439,4.846242312,4.53293347,7.03104789,5.978674123,6.271525932,5.556754613,5.174665565,6.783366338,6.54166179,5.176220725,5.201324362,6.276090997,5.850212335
SLC27A2,0,0.445041847,3.517277184,0.473625437,0.447790586,0.497513818,0.523042044,0,0.162790913,0.485551871,0.973325103,0,0.770673314,1.119551923,0.590245317
KLHL32,0,2.122813941,6.228609675,0.873972735,3.952818438,3.585006999,1.913627809,0,1.28297802,5.437388845,4.789362747,4.395834549,4.383943998,1.436099633,3.886843031
CDH12,0.791819137,0.072616151,4.176813488,0,0,0,0.368848086,0,0.779641157,0.111063732,1.835504282,0,0.148772113,0,0.444744842
KCTD17,10.21144404,9.059151703,8.722318064,8.078989037,8.471584226,8.926606073,8.423337009,10.17448212,9.090687006,7.947400575,9.352079157,7.784060572,8.782104665,7.501735576,8.87817299
TTC23,6.88265494,4.225454375,4.076021268,5.497891877,6.135371699,5.721548957,6.019528686,6.461106878,4.919597802,5.977710585,6.556503744,6.87002116,4.717525322,5.569409689,6.241649035
LRP2,1.300130847,1.349737964,4.771659716,0.077945045,3.668934297,3.41242703,1.941250328,3.035365724,0.876687424,5.458547135,4.648696253,3.333031336,0.770673314,1.188662025,1.662861851
ERGIC3,10.66243003,10.31870782,8.993272692,10.90471313,10.5722537,11.23151679,10.81470067,10.15366351,11.09840116,9.705239898,9.61981841,10.24131956,11.0705534,11.23096715,10.97080997
TVP23B,7.082693207,4.934486947,6.147106241,6.070982122,7.165867192,5.952874639,7.507663051,6.338134,5.702246042,7.181139431,6.889108225,5.666456704,4.72346954,6.277083045,6.724970707
SLC26A8,0,0.141751753,4.412090763,0.077945045,0.662041154,0.912559914,0.961100566,1.659723569,0.675593016,0.400644028,0.973325103,0.803349477,0.076302898,0,1.155522235
SYT14,0.791819137,0.141751753,4.022855293,0.151893904,1.114126763,1.122016764,1.797524218,0,0.083690366,3.233051816,2.279008263,0.746233097,1.453126763,0,0.444744842
LBX2-AS1,3.747532772,3.615131834,0.993932964,4.476490205,4.268305765,2.989395186,3.840760567,4.965037913,4.744233098,3.761690613,3.174407097,3.408601089,2.878645398,4.896600323,3.921634004
RGS4,7.504781268,3.226933081,10.15188759,1.288861286,5.319857516,3.989398243,9.600160705,8.864264188,3.399998315,6.616908476,5.428502291,3.232637942,3.385488957,3.376062275,5.252413492
EN1,5.745518035,4.387229498,0.466117858,5.251076168,5.670554783,5.68737182,6.610562684,1.286707618,4.308410049,5.540207393,6.741057797,6.070017867,0.217774517,3.05368708,6.347792267
PIPSL,0,0.072616151,0.106050045,0.222236434,0.522798811,0.304863828,0.90609332,0,0.083690366,0.782591765,0.401761701,0.746233097,0.346603827,0.146156915,0.366094105
GPR68,3.176931778,0.868648125,3.780135326,1.077427737,2.607696689,1.234493166,3.60205802,2.201403741,2.158359156,1.546256126,3.757416586,1.781849211,2.053159952,1.286490299,3.206717123
FEZF2,1.300130847,2.373335674,6.342832211,1.22176837,2.830733424,4.021107169,1.671252726,0,4.025886494,2.687430353,2.18025032,2.301284072,2.610085596,0.616441018,3.483141066
POFUT1,8.092901198,5.060348282,5.332095328,7.000168058,6.808352745,6.846275935,7.7372357,8.350380889,5.952329486,7.032975962,7.93882946,6.669568471,5.241231888,6.604799295,6.690081516
KIFC1,5.440050317,6.502510668,0.687257517,6.347649294,5.080157719,6.766674436,5.719992278,6.563477338,7.044802265,6.686933886,7.009054057,6.553672154,4.008894348,4.012543154,4.450884017
ARHGDIB,8.626245741,9.419614488,7.453632748,9.613209985,9.965004994,10.04741303,8.956816958,8.321454617,9.599904909,9.041876907,7.662942233,8.824553519,8.005794809,10.2765636,8.63832574
ALG3,8.112093018,7.786974346,5.625267823,7.552649491,7.437682528,7.444454198,7.415274432,7.667315723,7.323441894,7.86808514,7.768695364,7.423802158,6.718838394,7.420115849,7.419623057
XKR4,4.733026863,0.695515793,4.680190386,0.353399575,1.703317349,1.719925888,2.519534921,0,1.317959826,3.257402457,3.41055889,1.781849211,0.943596455,0.074928529,1.058815287
SLC6A7,3.176931778,0.498736499,6.993128029,0,0.662041154,0.436111778,0.368848086,0,0.237779012,0.485551871,3.174407097,1.80999357,2.544444653,0.512450247,2.665366828
ANKS1B,6.4233379,5.565490711,9.327023959,3.048283247,5.52990119,5.719939703,6.444360033,4.861671428,4.644408811,7.86363084,8.077342899,4.259612775,4.557029774,4.729821437,6.17255661
ATP6V1C1,5.643687594,5.302258645,8.859890039,5.786104559,7.326929252,5.54557986,7.214846297,5.465687069,5.453618102,7.555331055,5.591100864,7.187470397,5.218262272,5.703853501,6.547002436
STXBP1,6.15381716,6.235259841,10.48838423,5.385514905,7.247608494,5.347212737,6.314405407,5.180816608,6.15213319,7.307499006,5.908959649,6.656065069,6.607534014,4.483935083,6.704138602
CACNB1,7.312441123,5.767663626,8.184153036,4.843041244,5.989288493,5.923812158,6.661272901,7.067949004,7.418172924,7.116882389,6.81286654,6.898151822,5.645137272,4.969598934,7.025297586
SKA3,7.180480557,3.399179234,1.150845158,4.870679203,3.677167087,4.388316815,4.039141251,6.116573946,3.280940951,5.197347412,6.536680345,5.095627455,2.071917982,2.381670843,3.000869581
HOXD8,5.415542235,3.392102732,0,3.687048501,4.166720458,3.973278543,2.740013678,5.600219657,3.660659085,7.675969153,6.298494851,2.13324682,0,2.305928272,3.39675369
CNTNAP1,6.88265494,5.454380338,8.567333225,5.368167978,7.170977343,5.640505183,7.281197357,7.990888788,6.398770102,7.014343067,7.075822583,7.552234651,4.233779483,5.33420835,6.66975935
CNST,6.780797684,3.461352667,6.53308405,3.9427959,4.649240609,3.667469384,5.250607077,6.842184577,3.517518944,5.645438747,6.433259356,4.954621906,3.72469066,3.903705432,4.74311847
ID3,11.24644457,11.51997443,6.384260707,10.54253108,9.098842094,10.32064998,9.805614299,10.50118511,12.38656265,9.728969881,10.27299438,9.837668549,11.6196425,11.20647432,11.47664329
NUF2,5.365240551,5.182271554,2.220737943,6.034792634,4.905466772,5.447859966,5.004436498,3.372686435,4.837594993,6.372687974,4.611277001,6.541133825,2.213799743,3.26043604,4.911812066
CLTB,9.561586332,10.03895021,9.824146836,9.360243998,9.518338151,9.939109095,9.162415267,9.159476911,10.12158666,9.102989969,8.950006712,10.07324795,10.46606573,9.988004072,10.20551365
FAXC,4.031781373,5.514267563,7.040709307,5.236279461,6.292335168,5.49001345,5.557704366,4.133943638,5.469262667,6.246079614,3.495163702,7.030374824,5.831424775,4.220734738,5.864588234
STON1,4.692801364,4.365716224,3.171388299,4.048217251,5.113907361,4.599084226,4.984661077,4.931398644,3.141435525,5.652341649,4.145534714,4.239058446,4.589938499,4.161799562,5.589649124
POT1,6.994436054,4.673580343,5.411806359,5.434487497,6.196788542,5.667472249,6.53892179,6.507503823,4.388758261,6.611015088,6.076214353,7.132810165,5.169019621,5.661936051,5.657269912
ZBTB42,6.281362353,2.994391883,1.814409381,4.56373852,4.83730739,4.606070666,5.548753652,6.912837159,4.052094845,4.648885604,3.650802018,3.044089604,2.162215317,3.530464467,4.36248229
EPHA8,0,0.550504229,3.592185696,0.077945045,2.301780258,0,0.662335622,0,1.385477202,0.214185173,0.401761701,0.62473343,1.06091559,2.351849282,1.62957837
HYAL2,8.317848496,7.157385911,6.049134694,8.36765999,7.705581016,7.781793732,7.862161972,9.73326401,8.625301454,8.254992426,7.933154125,7.479076845,5.292114255,7.726444397,7.550981479
RBFOX2,8.512406766,5.395442175,8.842255612,6.592206414,6.722454865,6.386290871,7.45892726,7.702641894,5.778004494,7.788338186,7.556222922,6.419676752,5.003012825,4.715256246,5.385475599
SHOX2,4.26913805,1.881406617,0.204835494,5.326861771,4.977233955,3.420375808,1.114557245,5.417902776,1.449975563,4.26645176,3.366320106,7.198823622,0,2.561794019,3.784713085
ANXA2R,5.365240551,5.645034282,1.421212035,5.729870112,4.811361482,6.450774079,3.050159349,4.788402301,4.750648747,3.428003116,4.145534714,4.00954284,2.767965101,4.131403844,5.648988624
CEP55,4.094880723,3.969070523,0.384171225,4.242668337,3.7953331,4.036704056,4.545901363,2.7567727,3.487104203,4.689719808,3.575080631,5.510120252,0.943596455,2.897312331,2.835569892
CORO2A,1.675259624,1.129154206,3.764025564,0.783813362,1.495566841,0.556408883,2.237058091,1.286707618,1.449975563,2.226852642,1.835504282,1.316317353,0.67576203,1.622483094,1.201548641
ZRANB1,5.725718845,3.703534065,6.314076222,4.33286265,4.754140225,4.234511218,4.984661077,5.29102232,4.533444561,5.487142222,5.647642216,5.691256962,3.827615784,3.626998103,4.952757084
FAM174A,7.816955576,6.139206206,7.727807829,6.30675479,6.861698707,6.28545014,7.7372357,7.609994113,7.244953433,7.602428936,7.800214214,6.752576562,6.064703662,6.533530954,6.90091849
ASIP,4.031781373,5.311665044,1.292352831,5.322865459,5.891845755,6.004020332,4.369061076,3.268769603,3.547305702,3.709694791,3.122156516,5.566888341,5.507228458,7.543558679,6.227814741
PPP1R26,6.741900153,5.003440775,6.720057349,5.794786684,6.036448189,6.063601515,6.399012831,7.028719289,5.776433347,6.628623518,6.526665557,6.437827493,5.519237949,4.358328777,6.95398211
NPM2,5.052036191,5.264007482,8.663012973,1.895365448,3.239342468,4.837396508,2.482412456,3.645892097,4.123042255,3.384445503,5.501903518,3.408601089,6.102826213,3.26043604,5.636476874
STXBP5,5.231232854,2.139812696,6.814007446,2.20425911,3.493568614,1.843309511,3.584647679,4.587083175,1.973258817,4.128045855,4.870787599,3.190439198,1.714195284,1.74226047,1.847888013
HAUS1,6.410993119,6.853006503,4.963745696,7.378292662,7.438893484,7.10055594,6.446771094,5.836645107,6.08517726,7.127655028,6.623816125,6.76790283,5.514103261,6.865097235,7.409853824
HERC2,8.834700273,6.087574911,7.318833028,7.497873756,7.465280541,7.516211782,7.00100218,9.186464501,7.703805013,7.341353178,8.497040789,7.545972858,6.921822396,6.902863574,7.830875565
TIMP4,9.060927396,8.303767502,4.920795589,7.321844176,6.301683941,6.5645338,4.523233445,7.207991078,6.854648214,6.221535467,8.465933446,6.088805817,6.85028267,7.633450193,6.770532847
STAM,5.339416354,3.546677472,6.670143519,4.238431514,4.919414785,4.376107738,5.63374124,5.48899852,4.368044011,6.844919887,4.902112917,5.56275905,3.999126964,3.651685625,4.284436895
PI4K2B,7.24449468,5.925482292,4.942430469,5.758261312,6.56832186,6.530052642,6.528715849,5.723270078,5.656855675,6.442048842,5.719740566,5.715638094,5.405526813,6.229703235,6.168217011
KLHL34,2.613246987,0,3.772102931,0.63703992,0,0.082464857,1.458344316,2.411187474,0.237779012,0.782591765,2.074231976,0,0.464866145,0.214033467,0.100593785
CDH13,5.052036191,3.978550384,7.350869847,0.829597233,5.779715832,2.843316275,5.640075987,7.276576677,4.911031439,4.538956943,5.666007398,3.684216059,3.902881869,3.072093911,5.044005013
CD99L2,9.353172587,7.401571147,9.302312009,7.079289223,7.655938091,7.703341219,7.642080611,8.521228675,7.947719545,8.199519488,8.244002604,8.068822172,7.614982949,7.302757323,8.140963466
MAP7D1,8.928622868,9.336463669,9.541412011,8.745424598,9.504814232,9.851246359,9.467829258,9.344978574,9.849221313,9.370688427,8.416622326,9.415055181,9.377152912,9.659049021,10.0577283
LYPLA1,5.578950455,5.411279272,6.117297757,6.870651213,6.828820303,5.966510807,6.864296637,6.039726099,5.415767869,7.51928505,5.600679651,6.856590978,4.471315908,6.085395159,6.165316676
MDN1,7.035223396,6.766725826,6.013806154,6.038452708,6.580443214,6.518990385,5.869455412,6.496043722,6.310333173,6.509495189,6.701543159,6.706532002,7.64269435,5.990605361,6.345231681
TBC1D24,9.17482845,4.635135504,6.98446374,4.671375924,5.379094195,4.505040601,5.691811014,9.524913921,4.936579428,5.923579577,7.736472507,6.175190335,5.164657147,4.2970519,5.084484916
RPF1,6.168558596,6.929537645,6.297383168,7.59427448,7.516649484,6.912585299,7.46429215,5.209167265,7.029714217,7.215724968,3.495163702,7.549107152,6.144404932,6.824959555,7.958660289
EDIL3,2.922446151,4.276303984,8.667350189,2.458538007,4.936662281,6.162883442,6.704227715,5.15189764,7.353257927,8.072327334,6.356184012,4.2849006,3.718751481,4.627749232,5.028128297
RPS10,10.77688705,14.06612639,11.92269671,13.50829797,13.10848089,13.36768812,12.61930574,10.41100529,13.80838556,12.82147006,10.4654937,12.9865173,14.17508776,12.95320195,12.40710816
SNCG,0,7.05972608,11.60806401,5.460184589,5.110871629,7.24462193,4.527795611,5.799834582,6.566339504,5.240740361,6.162823063,7.882597907,9.641494454,6.689947414,8.093311356
MAPRE1,7.632552809,7.411229035,7.384846808,8.895915092,8.880935133,8.248813132,9.081136218,7.379952307,8.206458103,9.132499505,7.309885602,8.982048067,7.666030553,7.736937406,8.615663132
RAP1GDS1,6.639804765,5.773121298,8.336265467,5.608724462,6.435098681,5.912584896,6.701201569,5.924760756,6.028225293,7.627750395,6.465071457,6.896512174,5.020017001,5.217103187,6.182631863
CBFB,8.895776567,5.661313157,5.720172201,6.671343787,6.829743782,6.379171457,7.616073262,8.846325265,5.796725996,7.948335721,6.968937519,7.686384751,4.11218524,5.8943282,6.52680647
ADPRH,5.803335697,3.754086884,3.438265191,4.375929779,4.86279491,4.136584616,4.895689672,6.35091383,3.694330159,5.252902343,5.728504696,4.829595816,2.557813944,4.059424767,3.792252758
IFNAR2,7.498960832,6.454064708,5.312844809,6.055411341,6.317570799,6.24462161,6.228734583,7.56682699,6.077542207,7.106028706,7.200748344,6.444575576,5.562989321,5.604608538,6.776247073
KLF13,7.916376619,6.29623311,7.928598885,5.186564717,6.139846386,6.874034983,7.090840475,7.799053659,6.93077867,7.707242311,8.171940121,6.179241858,6.844839588,6.505870732,6.562517252
ZNF140,5.725718845,5.174043682,5.82288989,5.836029112,6.507293568,6.027628608,6.842488566,5.092260311,4.63056138,7.174761093,5.65685403,6.208610379,4.647346224,5.347491905,6.540301812
PTPN3,0.791819137,2.415824431,5.894934405,0.473625437,1.670703954,0.719911152,0.523042044,0,1.247126869,2.903417381,1.549285232,2.521516036,0.983772248,1.407393255,2.94784655
BUB1,6.837245588,4.020455379,0.384171225,4.768602002,4.251863878,4.474825943,4.89215565,5.907562921,3.383579931,5.421313968,6.619110874,5.300453153,1.364611608,2.351849282,3.39675369
KIF1A,8.112093018,8.39530919,11.0623477,5.810569467,8.059377835,8.367398904,7.009997432,6.484491858,8.305648682,9.181638814,9.529301995,7.153551195,9.593414838,6.627534698,8.250727097
PLCH1,4.155335548,0.648779606,4.935254831,1.937792207,2.343759761,1.436129718,2.62549361,2.411187474,0.620612558,1.926321879,3.122156516,1.917382183,2.648082821,1.222013982,3.251163355
ST6GALNAC5,7.24449468,0.550504229,6.654935504,1.829290015,1.532336487,0.612993681,3.062789109,1.659723569,0.96761507,4.729429979,3.122156516,0.962267907,0.520550028,0.847702574,1.876543648
PDZD7,3.490260136,2.01638744,6.27482099,0.873972735,3.847330909,2.934947167,3.206303868,3.372686435,3.341697425,4.053522585,4.119117811,3.598065107,2.835386788,2.844752618,4.077860662
SMPD3,6.183150926,3.978550384,6.109349967,2.414150095,4.229645756,3.420375808,3.653062817,4.133943638,3.827747435,3.428003116,4.408071248,4.254501581,5.870789046,3.419837028,4.305665276
SPRN,5.0198803,5.033312656,6.586734588,4.132825719,5.107829496,5.386290291,4.859953738,6.070958144,5.818265051,3.876187864,5.991372935,5.137875299,5.850562352,4.376956059,5.632282061
TMEM240,7.992914886,6.862637897,7.53776417,5.880210209,5.152801362,6.477687236,4.327798699,8.457662167,7.072593951,5.270955214,7.683370465,7.056306457,7.851161202,6.317180628,7.020490861
NR3C2,5.083490966,1.094697358,5.385722321,1.736201094,2.78575713,2.270127643,4.12595334,4.825501948,2.685941041,4.353739492,3.757416586,4.092085172,2.857178223,2.75645891,3.272883315
FANCC,6.855581196,4.772265273,3.121682422,4.590579281,4.746336332,4.748634251,4.504839131,6.285851592,4.658124593,5.385858177,5.144040583,5.505824993,3.959382412,3.236155657,5.031317649
TRIP10,7.632552809,7.00046883,5.321126504,7.564121385,7.853213894,7.687784195,8.359508953,8.085683982,7.919169541,7.326324941,6.096667421,7.591780434,5.933672266,7.262251146,7.660598615
PRKAG2,4.608820744,5.42867452,7.246033072,4.141927535,5.891845755,5.102408848,5.833055362,5.209167265,4.181195313,5.442707579,3.613438057,5.910196903,6.73069169,4.996349662,6.769578272
CD63,12.01461878,13.53692836,10.61881513,13.6375637,13.80264829,13.97881682,13.72880882,12.81412023,13.53964577,13.03777173,11.50410818,13.10599172,12.68753777,13.65375745,13.6800146
DBR1,5.231232854,4.577037264,5.130096738,5.271954486,6.108228142,5.22546736,6.375160497,6.217716052,4.913892548,6.459208332,5.619648515,6.662832569,4.208572462,5.217103187,5.511868662
RTBDN,2.429625731,1.639926564,6.072215404,1.806574815,2.830733424,1.956967318,1.671252726,1.286707618,3.121772382,1.422507337,2.617750481,2.958670779,3.712787751,2.453634446,4.316163467
FAM174B,4.651422041,4.577037264,5.72434118,4.536388916,4.494788739,5.245739773,3.387906274,5.092260311,4.246204428,4.260440427,4.917524151,4.391184622,6.395870698,6.250055345,4.441324886
ELMO1,6.9004259,6.036298325,8.768723255,7.848230686,7.209092102,7.000048164,6.403984515,6.116573946,7.778306762,7.650338248,7.959450075,7.068007435,5.162470953,6.824959555,5.844784225
S100A11,8.919936715,11.70699646,6.943029723,11.13810425,12.34561447,11.77507776,12.53341983,7.871797196,10.33140848,11.20356515,6.169274792,9.60924262,8.982528949,11.98251672,10.58101851
PINK1,9.305617763,8.902384088,10.41201548,8.393849967,9.194251079,8.799615766,8.369074387,9.25775418,8.764356485,8.982631766,8.269749091,9.071410928,9.87703732,9.36877607,10.02380389
PTPRK,7.421077392,4.397867018,7.407709777,5.562021164,5.384132087,4.732762839,4.981338658,7.898157416,5.037100805,6.853930527,7.456883114,5.072578977,4.182917176,3.537104929,4.887379587
ZNF33A,4.810261851,3.75959606,5.933257189,3.642851334,4.619644799,3.831445529,4.404222258,3.156782629,3.687658519,5.636183198,4.611277001,4.826154781,3.944191311,3.651685625,4.407360154
ZNF483,8.895776567,1.732480846,6.145552633,1.288861286,2.28032337,1.956967318,2.692042294,5.958553354,1.928688664,4.108100097,7.394922299,3.426890827,2.213799743,2.495150286,3.076920148
ANK2,9.372400954,6.05993351,9.535640993,6.782461612,7.854121895,6.923113408,7.821400383,8.731297214,5.093710242,8.274138562,8.106210868,7.829022094,7.338246745,6.36834678,7.485634658
PCDH11Y,0,0.550504229,0.106050045,0,0,0,0,0,0,0.111063732,3.27355238,0.345921971,0.283626714,0,0.722406629
GNL1,8.706723809,8.874410519,8.041498914,8.420508264,8.855088706,8.712878845,8.830723317,9.242404204,9.19154177,8.699904901,8.735261887,8.983400305,8.33451053,7.62840615,8.168020406
CLP1,5.622429688,5.279429861,4.654203765,5.57719845,5.952454781,5.214080589,6.366272426,4.861671428,5.902783623,6.171157809,5.208105923,5.773954251,3.748205853,5.556394153,5.683860442
TRUB1,4.883571311,3.363444422,6.305753839,4.141927535,4.829941765,3.497543905,4.852699087,3.726559379,3.408137967,6.37129406,4.341075609,5.537731988,2.610085596,3.227970531,4.634061314
SPC25,6.926678523,5.157445812,3.134270362,5.404547755,5.255337319,5.261312591,4.74710654,4.497969831,3.674221961,5.800553107,4.318034062,5.995386442,2.503576957,2.844752618,4.2519969
SLC30A3,2.429625731,2.457097569,7.877571251,2.699515546,1.735209757,1.338831265,3.050159349,0,0.237779012,0,3.067942213,2.320976602,2.660529379,0.889817461,4.224394981
ABHD17B,6.909229961,4.831009432,7.207090778,5.278159514,5.098664418,5.283271862,5.571027168,5.465687069,4.317081594,7.104351637,6.576058447,5.833436344,4.306861068,4.470121307,5.824704577
LIN7B,6.82798965,7.202580198,8.08955746,7.187641422,5.994239191,7.186963522,7.566493677,5.600219657,7.60988928,6.035174882,5.666007398,6.128459827,7.965922697,6.940292818,7.798483701
CHRM3,5.390610612,2.97557855,6.458715058,4.123666116,3.474800139,2.512490037,1.703871737,2.7567727,4.103125068,4.962046893,5.406825817,1.105404881,0.67576203,0.970529284,3.101404816
CHD3,8.512406766,7.723202194,9.376869282,7.3940913,7.608836093,7.625542278,7.676385944,9.413588135,9.365428093,8.318572277,7.927456376,7.964306122,7.966862582,7.177658512,8.056607911
HTR2A,1.300130847,0.389271261,6.342832211,0.151893904,0.447790586,0.082464857,1.379769288,0,0.96761507,1.506174465,1.381616095,0.803349477,0.943596455,0.512450247,2.062621069
MECP2,8.168182611,6.776269426,6.906804458,5.872028657,6.424134402,6.354491813,6.276956083,7.373703866,6.894302472,6.822654012,6.595351641,6.489861549,5.680707263,6.212175298,6.744534995
GNB2,10.17175173,11.87306895,9.581031734,10.73676598,11.37950797,11.6145148,11.25851908,10.16817776,11.86454791,10.7154727,9.698870696,11.34445116,11.6037683,11.18218747,11.25972329
TGIF1,8.291153868,6.740498948,4.559377259,7.90279414,7.248299361,7.644752885,8.249187162,8.298548458,7.117962618,7.833578785,8.126245976,7.003206928,4.665985478,7.104098467,7.991371661
CENPI,5.083490966,1.840401665,1.576867436,2.458538007,2.590364345,2.420371274,3.522001657,5.061490953,1.317959826,3.735926935,6.069331715,3.622075609,0.520550028,0.970529284,2.355082941
CEND1,8.438310008,8.36400516,10.36222025,7.616074621,7.116774452,8.860039904,7.249784646,7.309684297,8.03440732,7.689455028,7.203894117,8.579120126,8.48380669,9.200155679,9.350199359
EHD3,4.918874833,4.941774877,8.648826289,4.387455614,5.356203408,4.664127846,4.88861295,5.781071011,5.368579445,5.708616474,6.674585694,5.439812642,4.69046903,4.5673977,6.274319922
ATP9A,7.83092322,4.496844023,9.074509372,5.679190877,6.314935108,6.083761784,7.427533301,7.702641894,5.200671709,7.608948943,8.119598473,7.025882222,7.256565164,5.774400306,6.708129882
CLEC4G,1.675259624,0.90886903,4.535850191,0,1.013683457,0.770538241,0,0,0.237779012,0.310424829,1.69948109,1.011575107,1.93518186,0,2.580823861
MAGED4,7.338748301,8.128304312,7.290292962,8.488535768,7.736931791,7.452713463,7.891220431,8.72640165,9.687258384,8.269656395,9.452034718,7.586196972,7.888014408,6.833076923,8.564020286
GPR176,6.108666948,3.726220948,6.368364686,3.947994551,4.640846434,4.036704056,4.944277971,5.600219657,4.744233098,6.283612968,6.048484574,4.120456313,2.685104914,3.808113205,5.056581774
TMEM218,7.912003056,6.964544929,6.080369839,7.031114903,7.605065379,7.059790263,7.15712302,7.128578812,6.801566937,7.742172187,6.775295766,7.528611458,6.74829101,6.748341676,7.974901644
KCNK12,1.972701591,2.299616187,5.620802032,0.41476451,2.537081784,1.640490586,0.961100566,0.782285482,1.786068556,1.895622605,3.320681755,1.3550371,0.815885726,1.009252727,3.195388269
DNAJC5,9.117103081,7.012055075,9.017257095,7.3574435,7.975496336,7.924860847,8.064106184,9.245829452,7.448087396,8.497889092,8.740687133,7.838873499,7.598096961,7.512305566,7.874592194
SNRNP40,7.764551836,7.132655239,6.263406188,6.994526435,7.449145774,7.297369143,7.693237481,6.823967243,6.946233178,7.682727848,6.485896382,7.612902532,7.194794997,7.056937318,7.754774528
NCDN,7.997050256,5.73866713,11.12764301,6.299655466,7.131828236,6.456583599,6.864296637,8.779360322,6.509783009,8.181737465,7.616483146,7.379297086,6.05176895,6.606378809,7.862108382
NDRG3,6.952461954,5.823964704,8.736061553,6.048167752,6.499190068,6.588542231,6.363722888,5.762060184,5.771709614,7.457569711,6.2322532,7.47962451,6.912746415,6.513467175,7.088668008
MAPRE3,7.578384621,8.303767502,9.675298097,7.207284975,8.360310031,7.637099311,7.941240032,7.249532432,7.674158779,8.51187282,7.142918969,8.30715332,8.435285064,7.922093265,9.26437026
RPL7,12.3347933,12.74625082,12.33128465,13.6602715,13.31494803,12.3273535,13.25261861,11.27245248,13.61826749,13.24725534,11.92439506,13.08610213,13.02614473,12.68128769,12.56433486
MORC4,5.052036191,3.865579485,3.417817046,4.421490721,5.086353034,4.330435804,5.550996542,5.180816608,4.025886494,6.069961417,5.702050947,5.470994638,2.89979782,3.763506071,5.159276318
TAF12,6.691755396,6.233281339,5.298935454,6.454704022,7.089275355,6.788334614,6.742019396,5.511939281,6.252739245,6.813445264,5.754482102,7.259399003,5.25155294,6.71724882,7.35872108
SH3GLB2,10.61276532,8.785224599,10.21833285,8.228264296,9.26730358,9.519106519,8.292390653,10.87250409,9.47409886,9.679565253,9.75838603,9.531481739,9.10640124,7.773600644,9.048987119
FAM114A2,11.53192949,4.043220514,5.39359717,5.114416469,6.013873827,4.773670833,6.105968812,9.301202612,4.44522419,6.803143907,9.220031931,6.526366706,3.594524929,4.952313804,5.719887281
RHOBTB2,7.082693207,5.573332559,7.625083827,5.336804388,5.637183557,6.074976311,4.69937436,7.410794906,6.406916667,5.948096675,7.625895424,6.531658046,5.245369173,5.818676963,7.067075541
KCNIP3,6.253977472,6.613154248,7.991351746,5.292534963,4.973896222,6.264628496,4.113866881,4.997910656,7.187591318,4.905388721,8.179949649,6.124262942,7.769844612,4.758517964,7.696701591
CC2D2A,5.534120039,6.478491031,5.979336046,5.913809229,6.476962611,6.522687237,5.573235723,5.663056373,6.714815679,6.424682798,5.339770952,6.484414377,6.819394716,6.352433769,7.33633192
PTPN5,7.067042844,2.887743799,8.273281663,4.988888452,1.913040187,2.654044976,3.294616545,6.638362019,4.678456829,5.527748728,4.917524151,3.113484353,4.302896658,3.025628863,5.432069804
ZBTB7A,7.194953398,4.809923637,8.292712859,6.107448025,6.127882905,5.355528012,7.626745195,8.070311044,6.648511528,6.778116336,6.561417325,6.189990619,4.50621489,4.939839246,5.723835289
PFN1,10.95431737,12.15359012,9.499001476,11.83386183,12.3344135,12.56495454,12.51544292,11.32399914,12.7381603,11.61015181,10.57796563,10.84800421,11.17713178,12.46812133,11.89599873
ZNF365,5.980865409,2.804909633,7.701086707,3.151033747,3.7953331,3.436143173,4.083200171,4.402987571,3.977477185,6.427368141,5.182820144,4.279878371,2.584186495,2.612977565,4.2519969
CERCAM,9.446849736,9.267325861,10.21971778,7.566658353,8.058590282,10.29324964,8.186370529,8.595598205,8.320279659,9.550952959,8.81457323,8.906671194,8.245141113,8.364320581,8.428768097
PTBP1,10.36732434,8.587224936,7.210066773,9.602226388,9.370223848,9.295749885,9.684301108,11.22898155,8.769696697,9.637569069,10.57310818,9.565285452,8.207200202,8.452802263,9.005052983
AHI1,6.650345627,5.650975147,7.356252767,5.86929113,6.326757979,6.175854231,6.825913414,6.461106878,4.925280582,7.278047658,6.511511806,6.936954492,5.164657147,5.53995785,6.707133097
ADARB1,6.211900125,4.727987962,6.563653007,4.472888091,4.611076128,4.846274669,5.43191602,6.70955078,4.972701251,4.707503847,6.73672035,4.334184132,4.625291628,4.643220355,6.020368562
SNAI3-AS1,5.556709373,4.217469804,6.390832702,4.432659636,4.936662281,4.372014976,3.788491553,6.563477338,4.518484271,4.462470073,5.417704765,4.068979577,6.001286799,4.747107757,5.372959679
ARHGAP23,7.230512766,5.09780172,8.513845907,6.394097792,6.390732557,6.970577038,5.880198719,8.492681524,7.281965713,8.508389574,7.981614162,6.919299383,4.71155651,4.835958296,7.036451385
RGS14,7.764551836,6.616953072,7.808564244,6.372027734,6.810225477,6.989400917,7.495487019,6.996548901,5.480885755,4.909235949,4.838766988,6.677228331,4.49583355,7.723900126,6.437071302
MIR4500HG,0,0,4.751374591,0,1.114126763,0,2.675690695,0,1.905876371,2.042975741,0,0,0,0,0.444744842
C2CD4C,4.847382177,5.885728296,7.028960296,4.432659636,5.179126607,5.092493369,5.801376424,4.825501948,7.230681887,4.639652212,5.710922869,4.269781157,4.56698145,3.236155657,4.675420172
PRKCB,5.784319442,2.739505481,9.15971187,2.937649704,3.749221499,2.62682336,2.985296856,5.578650816,4.715004298,7.000884961,5.076997572,3.090721647,4.237938165,2.897312331,4.342079513
SYN2,0,3.242754726,9.8124454,0.530178722,0.726926847,0.81944879,1.065196689,0,3.091765855,4.793277175,5.049282989,3.57364823,5.642002381,1.518942907,4.699678074
TPRG1L,4.094880723,6.21935533,9.16317106,5.328855784,6.789490489,6.228866587,5.833055362,5.578650816,6.123993927,6.577559686,4.947861361,6.779514033,6.937249605,6.89835768,7.193457745
HID1,7.754815947,5.940112091,8.418971435,5.644387856,6.607618776,6.611289872,5.770911797,7.392368582,6.856136493,7.031211733,7.231901598,7.107520795,5.012754024,5.727270621,7.026896275
NEGR1,1.300130847,2.836532396,8.407350038,0.289308085,2.537081784,2.355519713,3.124330828,0,4.057279863,5.948096675,2.76131997,2.555161652,3.833124113,1.894818364,3.000869581
PDE4A,5.556709373,4.253057428,7.023049714,5.040904193,5.042416521,4.179369563,5.986765951,4.133943638,2.986981883,4.192607837,4.870787599,3.960164931,5.036823092,4.830562603,4.904873477
GCC2,5.876989096,3.83980457,7.032326931,4.246892754,5.561375915,4.321974211,6.098321167,4.896956245,3.375300136,6.108955723,4.977573752,5.04915629,4.143557997,3.503592682,5.090613002
HTR1E,0,0,3.981654221,0,0.196078129,0.160469782,0,0,0.162790913,0,0,0.68676193,0,0,0.843470507
PRKAA2,2.429625731,1.515202753,4.701493967,2.829136381,3.557399695,2.304893301,3.710375206,3.156782629,2.287515351,4.217644799,1.835504282,2.82714147,1.784116149,1.955565053,2.648849937
HMGCR,8.407571843,5.188411809,7.691003864,6.163271251,5.911170092,4.837396508,5.924120809,8.397338677,5.449680308,7.191444461,8.621062714,6.720500325,4.812604254,4.157496328,5.731699039
CDC42BPA,7.955153259,3.86046121,7.316763767,5.551813538,5.520780831,5.332544675,6.075131943,7.354794509,4.33853513,6.397550824,7.672057177,6.111598534,3.979391548,4.761356471,4.703681697
SPRYD3,8.423022788,6.992887564,9.824632342,6.450131332,7.463496675,6.918911379,7.766965652,9.306132721,7.958498319,7.822910906,8.223999347,7.506746062,7.347898814,7.363797391,8.159665036
TRIM44,6.771171178,3.680484714,7.984850395,4.458389017,5.309302544,3.592061776,6.46472675,7.044539412,3.479399264,7.327044132,6.623816125,5.910196903,3.316378168,3.448299284,4.155912658
NEUROD2,2.429625731,0.868648125,7.982676751,1.414354929,1.766412369,1.556425387,2.786441153,0,0.728554886,0.111063732,2.074231976,1.316317353,2.517328554,0.278859517,2.820900419
PLSCR1,7.113493634,6.542208373,5.909653845,7.178824358,8.398777971,7.618217842,8.371931694,6.272479487,6.297244875,7.800300054,6.116834575,7.305227367,4.960862869,8.036356272,7.581217996
DIXDC1,7.516352164,3.83980457,7.057329348,3.556995957,4.943503956,4.126902044,5.53522259,5.556754613,3.904553897,6.277672864,6.400729938,5.046201534,3.854949494,4.257388622,5.015299912
HSD11B1L,7.793371391,7.803403565,9.216864295,7.845099318,7.898368322,8.109494969,6.952622302,8.039064834,9.37493304,7.348454831,7.116453684,8.016944563,8.614700755,7.968275844,8.896871418
NRM,5.0198803,7.745584259,3.731256118,7.192029828,6.301683941,8.13839547,7.941240032,5.600219657,7.898373543,6.933534501,5.19551843,6.88663496,6.245976478,5.967439001,6.104537521
PAFAH1B1,8.057699129,6.168492621,9.301789016,6.848582933,7.76809758,7.239576556,8.073887919,8.61691701,6.882666266,8.628189235,7.987102385,7.443586614,7.103161431,6.976164778,8.01934787
KIAA0513,7.325654674,4.143547519,9.073488444,3.911204347,5.016695806,4.493784129,5.093298424,8.054772529,5.563375428,6.085345821,7.19126966,6.088805817,5.715421328,4.580314785,5.745358299
CASP2,8.911197948,4.851791481,4.714126734,5.045761645,5.826729354,5.660777592,6.481286106,8.897310042,4.380508217,6.538350147,8.704497621,6.537982142,4.729389367,4.51117206,5.193844056
RTN4RL2,3.896646329,6.500866919,7.869594344,6.129350889,4.908966437,3.807399998,4.443384365,3.268769603,8.364087593,5.072530401,3.919272139,5.052105007,5.041589091,3.543714966,5.891162927
KIF20A,7.769395252,4.213460885,0,5.602144416,4.540630541,4.975979241,4.59889392,5.642413409,4.147558186,5.129708123,7.990749636,5.599503964,1.690114442,2.779044073,3.851192288
RUFY3,8.503713493,7.630406941,8.79893337,7.767097069,8.42986618,7.704155381,7.954432014,8.196038588,9.023232184,8.739879681,8.350031886,8.692123166,7.92136611,7.235962231,8.267728789
CASP1,7.798119172,6.865195446,5.273555596,5.467443323,7.394645711,6.588542231,7.578087281,7.682561551,6.327601557,6.351636525,6.116834575,5.883958269,5.835547109,7.28462082,6.285047848
MICU3,5.622429688,2.373335674,7.366958727,3.729931831,4.327038541,4.041865772,4.443384365,4.402987571,2.965079857,4.398219812,4.822486166,4.68891381,3.736496167,2.242334145,3.599443951
SYT13,5.440050317,2.329557512,8.383163524,0.077945045,2.424222882,0.66744264,1.703871737,0,0.309061226,1.137742235,5.745874835,1.753144865,3.57493272,0.457501815,3.240179508
CNP,10.03766188,9.391613698,11.04552541,8.992791766,9.106292234,10.38920531,8.066459856,10.82577786,9.610525419,10.67473555,11.95190253,9.590857292,9.224932619,8.447524714,9.552294383
CNTN5,0.791819137,0.141751753,4.942430469,0.222236434,1.735209757,0.37197981,0.594369296,0,1.172635802,1.333687703,3.919272139,1.193503044,0.217774517,0.214033467,0.282907114
SECISBP2L,6.267734888,3.578196289,7.924075065,5.47105904,5.26082559,5.259098168,6.261973709,5.781071011,3.857774225,7.672011909,6.13012441,6.220454561,4.580144461,4.131403844,5.65313521
SHCBP1,4.26913805,5.690448566,3.083245873,5.225616693,5.26082559,4.684073283,5.245076648,5.29102232,5.214661739,5.717420183,4.611277001,5.918299566,4.139117728,3.919039334,4.727472884
ZER1,7.027157656,7.013785014,8.52583818,6.498765693,7.15264308,6.674967266,6.676761135,7.625854503,7.536138087,7.418287563,7.181728288,7.221265506,7.886028324,6.323916547,7.478642153
SLC17A6,1.300130847,0.445041847,5.31561066,0,0.726926847,0.082464857,1.856743655,0,0,2.594913714,0,0.68676193,1.169407711,0,0.519328577
MCM10,3.581211572,2.415824431,1.336597132,3.095896982,2.144414656,2.640498371,2.424873872,3.875506047,2.712475742,5.276922984,5.94700478,4.658279116,1.302432772,0.804321213,2.182221614
EMX2OS,6.281362353,2.237802289,7.509054184,2.748008507,2.815896576,2.570789014,4.399251394,5.092260311,1.35211345,4.55868667,1.69948109,2.742054059,3.718751481,3.26043604,3.738628354
CAP2,5.643687594,3.202870442,8.804112627,4.417748452,5.486056592,4.677455396,6.361168835,4.931398644,4.113118032,6.599155592,6.156342353,6.389685901,1.76118367,2.834006926,4.679491587
SLC22A17,10.12716803,8.420307223,10.85476908,10.00476723,9.067868233,8.791402877,8.328139372,10.22481721,10.24095714,9.36352039,10.15442843,9.149721634,9.818363781,7.680321555,10.50920648
GPRASP2,6.82798965,4.432769401,8.447621847,4.741912872,6.005725179,3.497543905,5.414776745,5.907562921,4.522238913,7.015235826,7.787689184,6.245144112,3.66416907,3.455327967,5.481876205
HPRT1,8.061653156,5.311665044,8.539507173,5.900463372,6.822339341,5.905523228,7.116054636,6.258982277,5.429828488,6.280645973,6.438610325,6.015165075,5.313946266,6.079720873,6.559206666
CNTNAP4,1.972701591,1.709892961,6.750015361,2.096024681,3.701587272,4.837396508,2.424873872,3.469618468,2.885693265,7.135887279,6.719238968,2.78522496,3.300560015,2.06988472,2.961286119
KCNC2,3.289107468,0.90886903,8.101626555,0,0.905720275,0.082464857,0.196179818,3.268769603,0.44185729,0,3.067942213,2.240540416,2.709268821,0.759594841,3.715021927
ARHGEF17,8.526780151,6.080989114,7.914528616,7.262575283,7.186200082,7.186963522,7.748028745,9.272942552,7.974688252,7.630083442,7.394922299,7.382814767,6.628276366,6.11676521,7.697705608
EPHA5,5.84063237,0.740785346,6.188433437,1.736201094,3.709636332,0.866755392,4.25812354,3.802954053,2.251778182,3.590164753,3.535675463,3.90903693,0.464866145,1.286490299,1.904641176
NME4,9.30894821,10.0491787,8.376887495,10.30262593,10.09886717,10.46441407,10.12058132,9.346574672,10.96238136,9.645807285,7.912151439,11.0887328,10.31746492,9.999995642,10.56769451
CAMK2G,6.960955039,5.425212209,9.533415209,5.31080967,6.504982923,5.912584896,6.137653444,5.890157601,6.112831756,8.194404932,6.853495464,8.059327749,7.196398638,5.609342526,7.682064283
HMGN1,7.793371391,9.777322062,8.462672561,9.707801321,10.4038086,9.975475029,10.09784586,7.862902326,9.601014867,9.699419496,7.793965291,10.67397592,9.760729442,9.097335856,10.32987608
PCDHGC5,8.239729807,6.018027035,7.683529048,5.406437303,5.868669094,7.212937935,6.976180731,7.242691408,8.695568757,7.433728401,5.157083268,6.416247918,5.615077134,4.703497283,6.449045458
BTN3A3,7.550518245,4.401395499,5.045990371,4.56373852,6.839863234,5.094978635,6.337976586,8.031146384,6.050496759,7.025906063,6.310218705,6.877521055,4.56698145,5.089645998,5.387965806
TIAM1,7.916376619,5.119387346,6.666898127,4.443742748,4.480747261,5.853632469,5.727943983,6.146202409,5.918539303,5.802622983,6.942815499,4.843278464,6.986278298,5.210886974,5.846595866
SLC5A5,0,0.498736499,0.204835494,0.289308085,0.368667644,0.37197981,0.727243551,0,0.44185729,0.214185173,0,0,0.346603827,0.457501815,0
SPTBN2,6.360529761,7.893543351,9.254106106,6.533762755,6.193922463,7.568116169,5.245076648,7.044539412,5.970307342,6.229250464,8.455413472,7.133506359,8.231909836,6.215283978,7.361891356
CA7,0,0.600478562,5.475024924,1.937792207,0.789019453,1.122016764,1.379769288,0,0.563453521,0.310424829,0,0.492052541,1.02285948,0.889817461,1.932201921
MAFG,7.583893883,5.311665044,7.189858639,5.067420033,6.552745912,5.430253964,7.674329893,7.620587056,5.918539303,7.621314995,7.26239633,6.664760324,4.089350943,5.299478205,6.098468421
GRM7,2.77611423,0.072616151,5.062550032,0,1.013683457,0.234472535,0.196179818,0,1.709097426,2.322278191,3.535675463,2.261073791,0.574164306,0.146156915,1.450565796
KIF5A,6.30823709,5.283259832,11.75695052,5.139626486,6.157607627,5.382226355,5.793820365,5.762060184,6.240255605,9.133733193,6.244525571,6.953607909,5.656056057,5.657371802,6.552562615
LRP11,6.321489025,4.020455379,7.565333065,5.128221968,5.152801362,4.630260165,5.267072288,6.484491858,3.456034428,5.894762993,5.481310022,6.121458221,4.19151973,4.077759,5.563451229
SMIM17,3.176931778,0,6.145552633,1.711959102,1.796954393,0.556408883,2.958512688,0,0.309061226,1.864255849,0,3.480408674,0,0.512450247,0.900394324
TSPYL1,8.104446899,5.955795397,9.662590749,6.51724496,6.80083741,5.420379209,6.847971567,8.839540241,6.077542207,7.92191974,8.590141049,7.272732329,6.108515476,5.830888792,6.580046543
RPS6KA4,9.697392265,7.476664299,7.692600584,7.031727119,7.306509421,8.045406525,7.237304091,9.552836414,8.327271633,7.31911324,9.084943476,7.100416576,7.218138267,7.603708971,7.68155689
FHL3,6.347633214,7.07140171,5.13949319,7.193672045,7.207671944,7.755328658,7.587404816,7.555830331,7.573258707,6.837872496,5.719740566,7.036343282,5.9877681,7.293962635,7.356179835
WDR76,5.685286175,4.812576277,2.518334315,4.765660809,3.325667896,5.56542965,4.495553271,5.890157601,3.772072242,5.814980256,6.116834575,5.658739285,2.857178223,3.455327967,5.83751483
TESK2,5.643687594,2.794212781,4.811393849,1.999180877,3.992944526,3.613021453,3.417708814,2.7567727,2.801682619,4.685239333,4.533394633,3.622075609,3.979391548,2.396353602,3.682933548
LPAR3,0,0.141751753,3.850482684,0.151893904,0.10136765,0,0.101421946,3.156782629,0.675593016,0.565739117,1.69948109,0.094561382,0.076302898,0.146156915,0
ARHGAP32,9.082493698,3.084945569,7.657057927,4.150972288,4.884288603,4.432219706,5.475075617,7.067949004,3.977477185,6.524621932,7.599862437,5.848779554,4.147984642,3.476210867,4.762439829
GP6,0,0.141751753,2.574836553,1.895365448,0.447790586,1.371998565,2.021079688,0,0,1.378780936,0.715665279,0.962267907,0.346603827,0.400377392,1.695394753
HOXA3,4.094880723,2.122813941,0,1.22176837,5.230378406,4.49001237,5.757378527,0.782285482,0.237779012,4.147719614,1.835504282,6.624717131,0,0.457501815,4.942629256
SORCS2,4.322840891,2.269040273,6.565977854,4.348672575,3.171030069,3.599082223,5.816370846,5.511939281,1.905876371,5.663773593,4.703065986,3.242997549,2.920644588,2.625494669,4.155912658
KL,4.733026863,0.072616151,3.108983682,2.186774572,0.447790586,0.234472535,0.285095627,1.659723569,0.620612558,1.506174465,2.279008263,0.62473343,0.217774517,0.074928529,0
MCCC2,8.253623105,5.178163484,6.446149153,5.82335545,6.670824687,5.986726399,6.427368828,7.599322816,5.550563481,7.423004467,6.417086328,7.180076296,5.088402648,5.837628741,6.056820299
RPS19,10.45185414,14.77261347,11.57868319,14.94934722,14.15486275,14.6128493,14.01077562,10.69656936,14.22734612,13.04278778,10.05863676,12.98638483,15.0738965,14.63748018,13.75067309
SULT4A1,5.313121467,3.226933081,9.97926513,0.41476451,1.670703954,1.819462544,1.458344316,2.411187474,0.376986657,2.226852642,5.157083268,3.706845594,5.44383497,1.518942907,5.604714379
NPTN,7.816955576,5.416519904,10.11663871,6.988862664,7.524655778,6.617353447,8.179138472,6.921430324,5.763802191,8.28713257,7.533897957,7.025132092,6.05883862,6.53270051,7.672903791
PIP4K2B,8.660542748,7.222165469,9.182428609,6.814122808,7.433436161,7.254104207,6.432243912,9.923865538,7.534744736,8.412709767,9.211461196,8.032704652,7.621761959,6.590505308,7.774893134
BDNF,1.300130847,1.059397375,3.663395992,3.168954138,2.691366113,1.640490586,7.532846304,3.469618468,1.247126869,0.782591765,1.549285232,1.837599373,0.67576203,1.518942907,3.6910228
CHRM4,4.213358628,0.331257742,5.262130738,1.288861286,1.532336487,0.556408883,1.338816413,3.035365724,1.418086792,1.333687703,0.973325103,1.500292121,0.217774517,0.400377392,1.695394753
ACTR3B,7.600296554,4.99412359,7.579785515,5.616907539,6.516499318,5.708624383,5.667209609,7.044539412,4.804059686,7.083222111,6.438610325,7.358008961,5.007891646,5.275851424,6.71012139
CYP4X1,2.219177937,0.90886903,5.960020456,2.038701859,0.522798811,1.527278705,0.594369296,1.286707618,1.35211345,1.799399177,1.835504282,2.087990724,1.02285948,0.759594841,1.372240513
ASPHD1,8.049758416,6.807854629,9.692955601,7.802684987,7.385254102,8.244901872,7.56038345,8.281961348,5.042339894,8.109587601,7.556222922,6.294536257,8.36738822,8.187252813,7.466323122
HOXB2,3.055292985,6.114696656,0.106050045,0.99945397,3.685353163,7.357600252,3.037418048,4.010504033,7.854743764,6.625118983,3.888321195,7.23495427,1.481464774,5.18786226,3.356633785
TMEM138,8.32115086,7.707610594,5.682099139,7.062011329,7.771946388,7.791019632,7.972951396,8.217131553,6.622512311,7.797708072,7.94823902,7.369283493,7.735695632,7.497911342,8.267728789
PAIP2B,3.289107468,2.586723559,7.16400197,1.473232232,3.147521048,3.866778685,2.537743988,2.7567727,1.995037956,5.270955214,6.2322532,3.953872147,3.339784885,1.975258539,2.850091704
FANCE,5.578950455,4.526229718,3.231205119,4.195364545,4.373375456,4.351375176,4.641614382,5.368481417,4.933763001,4.99861942,5.316708391,4.903293543,3.74236289,2.834006926,4.10838242
S1PR3,6.650345627,5.914411754,3.80396762,6.645177321,6.979553741,6.097460336,6.383994146,7.550300409,5.471206363,6.28805205,5.130878909,7.114590203,1.589558318,7.006986846,7.64142009
THRB,6.253977472,1.979092741,7.839642208,3.263724643,3.356753144,1.234493166,4.509459743,4.671010865,3.131637453,5.191040486,5.561976897,2.177126343,2.014895965,2.508727593,3.39675369
GABRB2,0.791819137,1.195693164,8.379533362,0,0.447790586,0.160469782,0.448004099,1.955838395,1.172635802,1.287139424,4.772511417,1.05925267,1.481464774,0.074928529,1.788810531
TRIM3,7.475441385,6.156014026,7.599778757,6.082846324,7.018953048,6.841103654,6.889329611,7.121137972,6.939930876,8.164940808,7.454243783,7.424940037,6.160925633,5.807734539,6.951458956
IKZF5,1.300130847,3.136669381,6.409076598,4.204081403,4.549626663,3.843319658,4.481511446,1.955838395,4.209415802,6.021021962,3.824353104,5.962852231,3.765594085,3.71747559,4.241019421
TTLL11,6.618489144,3.935391696,5.942233556,3.729931831,4.284562379,4.493784129,4.394263344,6.563477338,3.893000413,5.979541426,6.904658257,4.175577745,2.327441321,3.276398873,3.935318825
ASIC2,3.490260136,1.615829523,6.463710934,0.077945045,0,0.37197981,2.121080318,3.469618468,0.876687424,1.239039056,1.959800392,0.911215713,1.714195284,0.340897504,1.75833911
DCLK3,0.791819137,1.059397375,2.629209064,1.557274237,1.495566841,1.40442046,0.78935652,5.030051028,2.356438793,1.287139424,1.191866241,1.465326296,0.076302898,0.759594841,0.282907114
ZNF581,4.953335054,7.126805472,5.11429869,7.317833921,5.678778357,7.107957558,7.204910001,5.683408127,7.523549221,5.783886318,3.757416586,5.601518164,7.609777422,6.944045346,6.983920697
HOXB3,3.393186765,7.194976033,1.048155552,2.978868353,1.457835492,8.300333649,6.728211053,3.875506047,6.154554341,3.480663522,4.145534714,7.979874524,4.089350943,5.430084332,6.924267112
MED12L,6.70192475,2.887743799,4.684476343,2.916590185,3.397184925,4.247973502,3.124330828,6.65906262,2.037634034,3.628009045,5.813336625,2.946044515,5.323761733,1.046963903,3.546928015
GNAQ,8.620896154,4.859508213,8.320517271,5.522493442,6.22514046,5.438105391,6.512695028,7.544749209,5.210013453,7.379293361,5.94700478,6.641455494,5.25155294,4.89917998,6.333652466
LONRF2,6.168558596,2.7283106,7.570552641,4.687006114,4.78874459,3.338845659,5.177003077,5.890157601,1.995037956,6.686933886,4.962794046,4.906555626,2.461517754,3.390801934,5.037675278
ST18,6.03012714,1.881406617,6.513945282,0.077945045,3.530388579,4.690660952,3.531119365,4.497969831,0.728554886,6.746208679,7.414063208,3.263496229,1.364611608,2.032775657,2.271239725
JPH4,6.891567783,5.234638495,10.0107533,5.062635079,6.274810783,4.869686083,5.665140429,4.629657238,7.109875893,7.344908374,6.771060192,5.33717975,6.51375011,2.574761148,6.674866792
CHGB,4.094880723,3.797582247,8.957859899,5.443717662,4.619644799,4.274526967,5.803259272,0,1.905876371,3.828225818,3.27355238,4.294892912,6.372418008,3.705734777,6.053686891
AR,3.747532772,3.145112557,2.377196014,2.649335738,3.416983688,2.758068577,2.831421007,4.35304363,1.735213425,3.914973115,3.979250518,3.90903693,3.407809257,2.93802353,3.052012755
PDIA5,7.493116818,6.154969254,3.146749418,5.821940369,6.185289904,6.408440157,6.217482487,6.231603025,5.765387147,6.620432988,5.328285755,5.300453153,4.67521557,6.232774415,6.37440756
MAL2,1.675259624,0.207725252,7.707945114,0,0.447790586,0.082464857,0.101421946,0,2.305057358,0.310424829,5.19551843,2.588040455,1.955527096,0.214033467,3.416402868
ANKRD36C,6.82798965,1.462128811,5.653963304,1.937792207,2.971268909,2.32196693,3.484943432,6.131464236,1.172635802,3.952742908,6.18845865,2.894404533,2.767965101,0.400377392,3.229111394
APC,8.376164484,3.844996524,8.680552373,5.02623293,5.962593962,4.637097604,5.38993337,7.379952307,4.223321702,7.144888828,8.405735182,6.536930049,4.781602324,4.178885277,6.302312358
GAD2,0.791819137,2.01638744,7.314691534,0,0.368667644,0.160469782,0.285095627,0,0.162790913,3.281348906,3.067942213,2.397163986,2.790790885,0.146156915,4.595796666
RPSA,12.24788389,13.61861077,11.21360901,13.05470809,12.5115171,12.94331748,11.99949801,10.96268884,13.46856696,12.09373622,11.54576832,12.08334335,13.89692351,12.70252327,12.46916885
INF2,8.005285602,8.708612877,7.830002066,7.546236578,8.264529641,9.283273031,8.233563021,8.160183515,9.296395051,8.098257465,7.508680404,6.82848999,8.489486245,8.17026649,7.582849176
NPM1,9.604229279,9.581367863,9.727115921,11.05437899,10.89989884,10.2599302,11.20161425,9.13936014,9.082127573,10.63303273,8.341487739,10.77926757,9.1818695,9.757672704,10.47367344
BARD1,10.09858695,2.804909633,2.874015726,4.164433977,4.279163836,3.63368098,5.346692307,8.568498904,2.589026794,5.636183198,8.59134268,4.957770094,1.02285948,2.957956272,3.814638203
FAXDC2,6.541302116,4.201366853,7.301497818,6.018824129,5.462433911,6.237890514,5.67956275,7.098582383,4.232518392,7.705584038,6.968937519,7.011562641,6.08907974,5.147205724,6.647069284
PAQR6,7.643146594,7.489568368,10.36414188,7.075137603,7.821532667,10.09839027,7.468451092,8.394255264,6.414007369,9.483204625,9.228552048,9.164784144,10.36470246,7.710009529,9.974224126
PEG3,4.155335548,4.998789704,8.609923118,4.31687755,2.518874467,3.776768305,6.197577645,6.484491858,3.547305702,4.639652212,5.049282989,5.178921076,4.326521339,3.523793298,5.412634287
JAG2,5.980865409,6.131790759,6.894832657,6.067403752,6.10059674,6.45947961,5.867657057,7.48802978,6.862074302,4.846414164,5.481310022,4.913057746,6.960714643,6.360880164,5.83386635
ZNF813,3.581211572,2.01638744,1.613291836,2.610521236,2.424222882,1.61300955,3.357475077,4.191916204,1.385477202,2.556179348,3.366320106,2.11079622,1.714195284,2.12381774,2.159081575
SH3TC2,4.608820744,0.90886903,5.348393763,1.895365448,2.120464252,2.467165775,4.107785467,5.15189764,0.675593016,4.984101473,5.619648515,2.397163986,1.097993583,1.695535936,1.62957837
CDK18,7.230512766,7.011477968,8.42314515,4.522517196,7.687355582,8.688195865,6.909572359,6.786827597,5.219295097,10.09483164,7.966876002,6.62966037,6.299681815,6.450666264,7.269704148
TSPAN7,7.035223396,7.91653563,11.34493167,9.052986461,8.632913149,7.736748684,6.938128992,6.146202409,8.224143231,8.96402645,7.188096209,9.840336203,10.07053197,7.451651339,9.769586245
SLC6A1,5.912452088,4.047730749,9.540968905,5.969829923,5.904172973,5.384259754,4.333021498,6.689567036,4.127978883,8.070181102,6.433259356,7.238194444,5.629394249,4.031479003,5.747299107
OMG,4.564923097,5.94132457,8.943403047,5.328855784,6.641672833,5.047010554,2.046737152,3.035365724,3.605095387,7.104351637,5.2814082,5.932770659,7.01564202,3.346123341,6.42499693
SOCS1,4.094880723,6.405693142,1.379524834,5.040904193,7.866324305,5.005341332,5.055882888,3.726559379,6.619886433,4.101389757,2.371436809,5.178921076,2.610085596,5.750313708,5.185279461
NEFH,3.055292985,2.358890056,7.208579543,1.114889176,3.062084868,2.45173564,1.913627809,2.902783536,3.31597159,3.077628764,3.856691658,3.598065107,2.910258858,1.975258539,3.829371164
ARHGAP20,4.322840891,1.349737964,5.082173942,3.522564701,3.40711827,1.934940819,4.247099209,3.469618468,1.88269756,5.440050663,3.067942213,2.415598368,0.815885726,2.274481585,2.580823861
PPP1CC,6.495267304,7.734786301,8.065522917,8.350586516,8.199215069,7.925908176,8.542817364,6.988392953,7.601927717,8.732027149,7.312802413,8.845737711,7.511427855,7.390169773,8.870180012
TMEM45A,8.190021776,6.774909914,4.036331593,6.849277701,8.445313266,6.036706274,8.10551429,4.247648942,6.056982289,6.760122057,5.362470634,7.014589124,3.500728596,6.45680817,6.551452292
DIRAS1,6.732009666,6.518845967,8.834080468,7.266741893,6.005725179,7.227168622,8.035958861,7.620587056,5.883938682,7.509180759,6.697085084,6.306933154,6.835950547,6.29188249,7.375758393
E2F5,5.858925256,4.95624121,4.164592883,5.703985024,6.465124932,4.670807011,7.069095542,5.742795497,5.81979132,6.681320263,5.961946289,6.766108167,4.089350943,4.618386291,5.842970308
GNAS-AS1,3.055292985,2.329557512,1.421212035,1.529800635,1.766412369,1.843309511,1.913627809,8.41265766,2.545412626,1.239039056,4.270816682,1.567779727,2.213799743,1.59728633,1.818651649
KCNJ6,4.692801364,0.141751753,4.114648219,0.289308085,0.96071155,2.270127643,3.171741276,0,0,0.400644028,1.191866241,0.962267907,0.943596455,0.616441018,1.007916987
LARP1,8.560703036,6.470114795,8.75910375,6.670557797,7.395269649,6.808160551,8.40144127,9.040270221,6.665587635,8.783762299,8.281707912,8.071731006,6.244943703,6.182833296,7.621454201
ETS2,6.97779267,6.374616053,7.584379887,5.481852136,7.538843145,6.136586686,6.237116435,6.904192504,5.66197015,6.376861651,6.406202698,5.730439609,4.896550898,5.786991074,5.768477437
CDC25A,4.564923097,4.722356515,1.814409381,4.348672575,3.932328968,3.505038464,3.869799763,5.97515739,3.869612114,5.152608722,5.991372935,5.162642629,3.227150266,2.088087338,3.537986453
ALG6,5.980865409,5.782622823,4.675891658,5.580549607,5.813719257,5.376108906,5.258863171,5.15189764,3.869612114,5.877192651,4.222001502,5.96598253,5.211933836,5.77860945,5.783686903
RIMS1,8.450424214,1.488909829,7.796735213,0,2.691366113,0.556408883,1.532859968,5.556754613,1.905876371,3.646565316,8.796974298,2.469528997,1.714195284,0.146156915,2.227417143
MMP17,7.292391071,8.866613758,7.960758268,2.711792451,7.294518747,5.471005321,4.804633218,4.711212082,8.705303797,6.307131787,7.523863768,5.372994564,8.101618444,5.343709067,7.513840765
ZBTB4,7.325654674,5.248418455,8.17466311,5.784652445,6.975387081,6.453681764,7.426922825,7.822182482,6.012294653,7.745403916,6.816981309,6.701845678,6.738050849,5.813216125,7.198431709
IQGAP3,5.964063811,4.074500009,1.048155552,4.164433977,4.43293007,4.412429309,5.341518853,6.627899259,3.933039188,4.889896388,6.6836276,4.769951845,1.76118367,2.453634446,3.013826346
DHDH,0,3.296802779,2.629209064,2.288637835,3.787749457,1.527278705,3.726340519,0,3.071409072,0.848191415,2.074231976,0.62473343,3.479810701,2.801281112,3.137369881
KIFC2,9.648279669,8.217075894,9.541264324,7.5328922,9.056868343,9.134021693,8.349879675,9.302847854,8.742996862,8.345442244,6.604902339,8.29786707,9.066767879,8.508982549,9.142651483
SEMA6B,6.943918574,8.685645174,9.173308553,8.454238066,7.948542971,8.74824128,6.830536758,7.751652997,9.554906,6.040446636,7.225724532,7.358008961,8.70082945,7.568082675,8.583705458
PCDHAC2,3.896646329,1.259298084,5.775461697,1.22176837,2.691366113,1.08248778,2.860646906,2.902783536,0.620612558,4.805714414,4.720743239,2.378491002,1.424220954,0,1.62957837
ITGA5,9.130341207,6.578507052,3.517277184,7.295576019,8.518157445,7.265180618,8.631593318,10.30990995,6.960140501,7.97335823,7.451599615,6.72512654,3.44425911,6.786462648,6.781938756
ALOX12B,0,1.162807259,2.796938615,0.958827589,1.064779067,0.082464857,1.603715153,0,0.162790913,0,0,0,1.06091559,0.400377392,1.727210185
LMAN2L,7.082693207,6.239208722,5.514077772,6.474653441,7.481236856,6.745475264,6.607333324,6.729261493,6.450918605,7.097623799,7.19126966,6.328982611,5.960344633,6.597670004,6.656394757
SCN3B,4.692801364,2.917620184,8.685906492,1.383989996,4.784940395,4.816465825,5.080934083,3.469618468,0.96761507,3.876187864,3.122156516,3.313503778,6.106242463,2.997014115,3.865558474
SLC24A2,1.300130847,1.754720523,7.477293101,2.771657132,4.100924913,3.940488537,2.444309496,6.131464236,1.905876371,5.421313968,5.117596055,1.723857793,1.955527096,2.141356485,2.598133446
ZFP57,1.300130847,1.639926564,4.212866212,0,3.26141289,3.984044997,1.208483649,0,1.094088111,3.428003116,3.067942213,1.23561356,1.270308653,0.340897504,1.985792458
TRAM1,7.594849692,5.379429296,7.128265065,7.380216888,8.281503765,5.901269577,8.897682989,8.130843719,6.095294881,8.784547938,7.075822583,7.883011967,4.061463996,6.15504223,6.747446889
PTGDS,9.187549629,12.40024198,12.9544582,7.342223574,12.83313676,13.08369406,10.30289324,8.152904315,7.637846455,12.64905577,11.74247317,11.24302366,13.48217263,10.87600844,13.12073868
TRIM54,3.581211572,2.510353543,4.200948463,0.584598503,2.28032337,1.61300955,2.021079688,0,0.728554886,1.028792263,1.381616095,1.392744771,3.528155535,3.143458976,4.305665276
KIF18B,6.97779267,5.570200933,1.246708608,4.927050704,4.722668131,5.223197184,4.707440201,6.325239949,5.703900048,6.00852323,7.149460123,6.362625653,2.685104914,2.650207713,4.883855209
NPTX1,5.114274547,2.659253314,9.797560214,2.23860504,3.861849583,2.304893301,1.856743655,1.286707618,1.735213425,2.176663575,5.035223454,4.603051432,3.201826127,0.278859517,4.201926806
FCER1G,7.358168586,10.31870782,6.719013136,8.680929589,11.020669,10.38850905,10.31143521,6.285851592,8.96975695,9.885706441,5.439219606,8.22330679,7.67487696,10.71224331,8.954708212
KCTD2,8.112093018,6.993472155,7.907212493,7.283289034,7.23232511,6.996729333,7.026210113,7.348435909,6.835159568,8.110005532,7.271420458,7.673517341,7.202263451,6.738291806,7.879467146
UHMK1,6.552584907,4.446497311,7.255426545,4.687006114,5.897141751,4.643902791,6.527577386,6.44927069,4.052094845,6.487790445,6.116834575,5.277959874,3.944191311,4.676683864,5.326981421
LIMCH1,7.151091889,4.217469804,8.062232951,4.91382734,5.940534965,5.518064161,6.888443016,7.098582383,3.927386946,7.555331055,7.152719611,6.759809209,5.769570166,4.878412403,6.135988054
TMEM151B,5.511171373,1.515202753,8.539211394,2.570633521,2.930526742,3.234508639,2.917380348,4.497969831,3.208219755,4.128045855,4.962794046,3.821883952,3.928838549,1.188662025,4.52515906
KIF14,4.031781373,2.401800091,0.466117858,3.229978543,2.404523895,2.693937914,2.985296856,3.156782629,2.158359156,3.74456605,4.572861303,3.380724241,0.770673314,0.930737728,2.864468799
RANGAP1,8.787730912,8.729291655,9.086299633,7.999225051,7.603986219,8.81175367,8.061748665,8.568498904,9.087681141,8.348633267,9.055642416,7.788929668,8.732123108,7.470420449,8.352408134
KIAA0040,5.980865409,5.476294134,3.003157162,5.937525003,6.778053616,6.04572718,5.162407587,5.600219657,5.123676772,5.588993252,4.47209333,5.075480254,1.76118367,5.050729747,6.479720976
SEMA4A,6.529930391,4.197312875,6.914122644,2.352758457,4.17255571,3.556437766,4.438546844,4.825501948,5.433820765,3.735926935,5.130878909,5.772167105,4.834739896,4.077759,4.284436895
MAPK10,6.607712058,5.978414763,9.243070478,6.164388309,7.099266155,5.99739333,6.328855722,6.886746227,6.143627019,7.243418235,6.701543159,7.111766595,6.7461028,5.603027084,6.916526148
YWHAG,8.736709846,7.397601482,11.06625339,8.427503713,8.919832806,8.056287596,9.847388414,9.133824713,6.966355323,9.473655673,8.52749153,9.606737889,6.644814786,7.705226612,8.360989297
NRXN1,8.816095623,3.792216501,8.998876143,2.937649704,5.301335328,1.843309511,3.407842882,3.372686435,2.454017632,6.978171985,5.737215908,6.554712112,5.880131991,2.625494669,5.370443413
PLEKHB2,9.656146306,6.649216522,8.756816021,6.511111467,7.643912243,6.506909772,7.924902905,9.292948139,6.58261329,8.310594546,9.028397965,7.550671749,6.57173757,6.243979802,6.876299238
HSPA12A,5.511171373,4.872278411,8.305291199,3.50855877,4.694555346,4.10733974,4.616134202,3.156782629,2.438205959,6.193414796,5.629040232,3.934827411,3.694747204,2.927952925,4.262891481
LINC01018,0,1.059397375,4.876527487,0,0.789019453,0,1.065196689,0,0.675593016,0.310424829,1.549285232,1.105404881,0,0,0.282907114
PPP3CB,5.464149007,5.383003105,9.331130251,5.885638914,6.524506443,5.963793865,6.622342208,4.402987571,5.968932355,7.603616586,5.182820144,7.064361063,6.224131417,5.56128875,6.337522539
PPP1R26-AS1,4.608820744,1.162807259,4.359452957,1.18701437,2.624823275,1.843309511,3.567024663,6.116573946,0.309061226,3.876187864,2.074231976,3.629991122,1.850804338,0.889817461,2.906759922
PIGF,5.440050317,6.369220682,6.24321035,6.430766176,7.042245652,6.273432159,6.815689603,4.711212082,5.978529853,7.568163264,5.157083268,7.439088313,6.100544211,6.353374703,7.082531638
TTBK1,6.281362353,5.180218981,7.138454683,4.076974941,5.119959728,4.664127846,5.179904539,7.004659001,6.595144974,6.179146208,6.889108225,6.213886468,4.955822105,3.462322574,5.037675278
TPRN,6.650345627,7.267339738,7.07946694,6.392192003,6.619415746,7.49707823,6.626601936,7.228911269,7.554588638,7.266846531,7.472618497,6.942527018,7.502813212,6.30458701,7.811064011
GLA,6.846442521,8.249984655,5.504413218,7.260487456,7.984231805,7.966511389,7.384792474,6.8512077,6.979388238,7.50282945,5.99863676,7.103973059,7.012004073,8.06392125,7.95824143
RUNDC3B,1.300130847,1.407027565,6.659297034,3.543321904,2.518874467,1.956967318,1.419591675,2.902783536,2.574634743,3.021863449,5.969359411,2.995899789,2.981436222,1.083714391,2.878704032
SSTR1,1.675259624,1.960077513,6.356326665,0,0.196078129,0.234472535,0.448004099,0,3.50997516,0.400644028,3.650802018,0.266903103,2.878645398,0.214033467,1.058815287
GNAZ,6.88265494,6.334573292,7.856833782,5.620167818,5.058262178,6.684899804,6.161335517,5.991572503,5.876624573,6.825710579,6.674585694,6.046553222,6.942355565,5.358781265,6.486708266
NECAP1,8.721794733,5.033312656,8.576874874,5.74637515,6.849912199,5.563636367,7.207044976,8.046940059,5.641402557,8.052895328,8.400260645,7.219955014,5.205577519,5.293607686,6.755183328
KLHL3,7.12865072,2.415824431,5.684240875,2.723965764,2.815896576,2.45173564,2.816582997,5.15189764,2.672488404,3.795341746,6.908519717,4.860201284,1.995376545,2.242334145,4.132343268
ANKRD26,6.846442521,1.686945791,4.887722506,3.375982365,3.010892035,2.706994134,3.7960755,4.247648942,3.416231952,4.809836447,6.013055605,4.520296436,2.920644588,3.427005407,3.464385943
PALLD,8.175499127,6.274270538,6.681981215,6.418646641,8.863004142,6.912585299,8.534340423,7.276576677,6.217277572,8.487954894,6.787928383,7.776948786,4.758629531,6.454179126,7.500094422
B2M,13.24230225,14.24315543,12.48484979,14.20826807,15.10325085,14.51778667,15.01602154,11.92675801,15.2374215,14.94760512,11.70438675,14.59482164,13.29079322,15.27437529,15.05834133
CDC42EP2,5.511171373,5.254284098,5.722258196,5.081680406,5.445664833,6.741515076,5.291423038,5.872539729,6.81003871,6.171157809,5.51209107,4.787751598,4.983330858,5.358781265,5.244190605
SLC38A8,0,1.997860599,3.171388299,0,0.789019453,0,0,0,2.058469548,0,0,0,2.991323702,0.804321213,1.985792458
NRSN1,5.725718845,2.299616187,8.97239242,2.610521236,3.366967813,2.388309861,6.362446427,0,1.385477202,3.511361145,4.119117811,3.828778164,5.086097698,1.74226047,5.395410741
HECW1,6.267734888,2.314664523,6.617320265,0.353399575,2.404523895,2.000036408,1.994957647,1.286707618,3.280940951,2.496055189,4.789362747,1.23561356,2.179615869,0.847702574,1.56061529
ANXA11,7.764551836,8.345807373,8.311193064,7.376847806,8.359031255,9.282728104,9.129025489,7.398536876,9.051438446,7.289162488,7.590278205,8.457620196,9.253842162,9.54239616,8.213305026
RUNDC3A,7.80285138,7.983686652,10.86164582,6.995154372,6.410619459,7.452713463,5.458444409,4.896956245,6.733560251,7.206374476,7.568478012,7.372825644,10.4852158,6.90927625,8.387053269
SGIP1,4.733026863,4.083313843,7.425742814,3.151033747,5.064552029,4.782948658,5.88554052,3.944583493,4.834578337,6.680194913,4.738206513,4.405089681,4.980851625,5.114279012,4.41714623
HOXA5,4.692801364,4.418909607,0,3.687048501,5.93539617,5.179370903,5.721984317,2.411187474,0.162790913,3.362163403,0,6.37680735,0,1.622483094,5.460740797
CLMN,5.173938592,3.920713706,6.006977705,3.845866956,4.373375456,4.986725634,5.023944513,4.671010865,3.081623368,5.584188237,4.492817865,2.813304177,3.17604951,4.220734738,3.738628354
SSR2,10.57176463,10.50463582,8.232152918,10.28276866,10.39260299,10.31746112,9.956105182,10.00695781,10.62730588,10.0721677,10.17461131,9.861186501,9.91811113,10.087137,10.20020989
R3HDM2,7.637859425,5.220725644,7.645562768,6.356473062,6.80177897,5.871137588,6.802571808,6.946906918,7.021779102,9.462080134,6.561417325,7.145980729,5.645137272,5.129738375,6.566919583
C10orf82,0,0.740785346,3.134270362,0,0.196078129,0.37197981,1.253248978,0,0,0.782591765,0.973325103,0.492052541,0.464866145,0,0.194628402
ATP6V0A1,8.236235476,9.006256954,9.626291541,7.690850355,8.611593739,8.81458378,8.268737892,8.085683982,8.593979212,8.865241863,7.814690627,8.191567134,10.20950265,8.40050359,9.320361715
FAM13B,8.823100513,3.578196289,7.345466767,4.803436422,5.707197239,4.55282857,6.118121341,7.379952307,4.123042255,6.803143907,7.277405336,5.571005846,3.227150266,4.036174385,4.739222952
RTN4,10.79540739,8.976848627,11.07296085,9.9773015,10.1954393,9.24727791,10.4572755,9.336971492,9.291040667,10.5614197,9.857097214,9.940406506,7.934878169,9.48977501,9.589146843
HMGCLL1,0,1.378667118,5.636372194,0,0.789019453,0.770538241,1.065196689,0,2.920252331,2.856366869,5.06320683,1.011575107,4.442775854,0.400377392,2.182221614
GPR162,8.560703036,9.176674747,9.04064033,6.460172188,7.543353794,8.256326462,7.093150968,8.149250895,9.599460686,7.670879271,8.440822101,9.46624507,9.498027605,7.224694154,9.985880999
CDH22,3.824015197,3.1701496,6.766281446,0.687641783,2.888600483,2.234503482,1.671252726,1.659723569,0.728554886,1.985827543,3.320681755,2.017328019,4.965886082,2.06988472,5.031317649
EIF3CL,7.764551836,8.486587463,6.392143516,8.337523702,7.750649739,7.867145341,6.702210989,5.343121017,8.3135245,7.030328808,6.990957432,7.4702858,8.721210239,7.367993636,7.689149113
RPL30,11.96032169,13.58611398,12.13218259,13.87364907,13.37253209,13.29842283,12.9696327,10.91507761,13.57049318,13.30008634,11.40269276,13.86428014,13.81187175,13.60754171,13.30610638
SCN8A,6.077762189,1.023211959,7.237307551,1.610700005,3.484214897,1.304883477,5.014223478,5.368481417,0.96761507,3.753153739,4.648696253,2.971187498,1.333857146,1.254612304,1.595508859
OTUD7A,6.38598207,1.434841234,7.094844092,1.958546696,3.19416214,3.225463467,3.194874759,5.890157601,3.208219755,5.783886318,6.766812147,4.299863234,3.260238799,2.013856932,3.633421746
AFF2,4.094880723,1.840401665,4.913511259,0.077945045,0.10136765,0.234472535,0.196179818,4.133943638,2.920252331,4.742427467,5.845920284,0.746233097,1.481464774,0.074928529,1.75833911
NSMF,8.372985813,9.590283962,10.3561881,7.939796705,9.22370667,8.80512841,7.989169892,9.550068359,8.180556997,8.147946289,8.233266095,8.962394803,9.98086959,7.707068072,10.52498945
SERPINH1,10.23439534,8.887207355,4.84241157,10.53989749,9.800464488,9.96752907,10.51154686,11.34650786,9.421666186,9.600870352,9.122000011,9.708596745,5.901262788,9.549290031,8.927150137
EPS15,10.80723104,5.430402564,8.760119355,5.415848095,6.350116967,5.866781181,6.771171032,9.144874409,4.113118032,7.04613936,8.55854209,6.776842807,5.986532823,5.832239303,4.305665276
GJC1,6.38598207,4.82313833,3.939241835,6.364271361,5.49772445,6.041867982,5.484493787,8.234476467,5.482813865,6.49420816,6.286674943,6.41510316,2.597194162,4.939839246,5.532273346
TCTN1,7.475441385,9.012326983,6.784364219,8.796211446,8.962137732,9.191906007,8.297409041,8.41265766,8.516803306,7.677097803,7.738643233,8.76109677,9.184026517,9.559620421,10.32004817
TMEM43,8.211535269,6.11146884,6.254785424,7.167169578,8.024715518,5.916805365,8.277907097,7.539176566,6.904407728,7.969217834,6.367450103,7.165854177,5.315914709,6.414157492,7.344047409
NCK1,6.960955039,4.295394015,5.679954218,5.834626413,6.507293568,5.259098168,6.482461676,4.543214445,4.66153326,7.215724968,6.156342353,6.791032531,3.854949494,6.096677213,6.026774518
WNT10B,2.219177937,1.094697358,6.56829896,0.99945397,1.419090777,1.770552469,1.014087292,0,1.133896458,2.226852642,2.617750481,1.781849211,2.40346072,2.548709282,3.799753233
EFHD2,8.591113499,8.335008142,9.284246537,8.463343126,8.544834114,8.791019742,7.873407674,8.755528911,8.607959692,7.833578785,7.829023222,8.301898453,7.714960577,8.300378617,8.584791243
CACNA1S,0,0.072616151,1.150845158,0,0.10136765,0.160469782,0.101421946,0,0.083690366,0.111063732,0.401761701,0.345921971,0.283626714,0,2.159081575
ABTB1,7.45754671,7.664945289,8.470449727,6.80053608,6.493373858,7.111030392,7.449340138,8.251615326,8.010548217,7.289162488,6.723629212,7.171966546,7.536123305,7.467381603,7.656473455
DAGLA,5.70564415,3.494769742,6.772334256,4.876143823,4.661740999,4.400423437,5.027170356,5.958553354,5.216980278,5.800553107,5.384818679,5.845384025,3.730605489,3.681962558,5.395410741
HLF,2.922446151,1.259298084,8.452970284,2.019076693,2.424222882,2.527287125,2.93122184,1.955838395,2.099259016,5.843408816,1.959800392,3.480408674,3.077387871,1.915352779,3.251163355
CPEB4,7.305788686,4.034157521,7.51026191,5.033587211,6.09753284,4.7921672,6.427368828,7.090984802,3.927386946,7.611312568,7.062020551,6.32044782,3.777070891,4.373249793,5.527763847
RPN1,11.09214145,9.096907861,8.002122646,9.215116505,8.956652785,9.09885464,9.492836501,10.68841103,9.282072295,9.484494545,10.51413991,9.422480168,8.272005756,8.770652569,9.323942474
MEF2D,7.621880656,5.690448566,7.933108565,5.578875002,6.317570799,5.799805446,6.852524869,7.826764083,6.137520329,7.160305884,7.009054057,6.118648037,5.350894999,5.617198149,5.947959278
SSTR2,4.564923097,2.01638744,6.677687829,1.937792207,1.796954393,1.956967318,2.860646906,0,2.617387212,3.007578687,3.27355238,2.415598368,2.230592663,1.873987451,3.101404816
GJB6,0,0.389271261,8.632836339,1.151402449,3.182642466,0.160469782,0.727243551,0,0,0.214185173,0.973325103,3.849265306,2.779423135,0.278859517,1.876543648
FAM219A,7.594849692,6.697374751,8.934883756,5.781743825,7.662172877,6.272334634,8.118427014,8.61691701,6.789154868,8.361678265,8.950943153,7.544926579,6.069378589,5.599858966,8.026957149
ZFYVE9,6.447715018,3.507922812,6.952834251,4.665076123,4.710686811,4.174677859,4.819594003,6.484491858,3.821666348,5.764903109,7.207033045,5.51440276,3.844078076,3.769157974,4.29509013
C10orf88,3.055292985,3.304361254,5.479964734,3.765700946,4.17255571,3.91820704,4.662509408,3.156782629,3.605095387,4.759577283,3.575080631,4.866915219,3.17604951,3.503592682,4.331768893
GAS7,10.3185901,5.200614471,9.854062366,6.217014694,7.168789494,6.885565078,8.088630286,10.82577786,4.171664465,7.792510095,9.183846913,7.22714803,5.602230424,6.837791048,7.402483241
SGSM2,9.182111424,8.812315522,9.397738713,9.022356181,9.205500933,9.950132607,8.696601887,10.4064214,10.60169467,9.121970339,9.065187447,8.32524373,10.73822617,8.921655831,10.42463965
ELOVL4,3.055292985,3.770551698,6.606067703,3.765700946,4.593784581,2.287615191,4.937436172,3.469618468,3.32459794,5.869314393,0.973325103,4.239058446,3.377971453,2.548709282,3.272883315
AGAP3,9.892042439,9.841395679,10.59061839,8.549229904,9.224584623,9.873311645,9.101554607,9.230351388,10.29750851,8.98900783,9.675266547,10.45474804,10.61463901,9.017372167,10.14220464
ACTR1A,8.593846563,8.399505724,8.945859797,7.851702031,8.152001514,8.453924222,7.675872206,8.862033983,9.269003237,9.145604773,8.970469309,9.090180864,8.634158262,7.993844563,8.348897419
BRSK1,8.71929382,7.568979785,9.779267464,8.278134894,6.78187599,8.240138186,7.890777782,10.06434122,8.73654702,7.467388471,8.751476802,7.048944858,7.832719205,6.529373948,8.544062795
CAND2,5.487851759,3.296802779,5.801345328,4.32089046,3.890455818,5.595579282,4.633170892,6.777391348,4.591781025,6.028115777,6.580905988,4.777098121,3.528155535,3.177859914,4.560910142
NYAP1,5.202870123,6.543805714,7.928598885,5.592217731,6.749058371,6.150989758,5.887316734,5.872539729,8.49523563,6.619259108,5.571750358,7.229103553,6.311568863,6.738291806,8.238360615
KIF12,0,2.088203495,3.428077346,0.289308085,0.368667644,0,0.523042044,0,0.44185729,0,0,0,1.02285948,0,1.695394753
BRI3BP,5.70564415,3.258404741,6.003551322,2.884413041,3.825275212,3.654048832,4.179123288,5.511939281,3.11183939,4.920716457,5.684141731,3.714310574,2.295875346,3.72331036,4.587153804
RELL2,6.506914449,6.176752121,6.847838547,5.190956395,5.870465193,5.869686913,5.291423038,6.484491858,6.138743737,5.453286582,5.969359411,6.513587744,4.90703542,6.576874139,7.39321674
PTBP2,6.240087603,5.010389388,7.018812995,5.556926379,6.26118413,5.7721196,6.203292821,5.15189764,5.749458686,6.844919887,6.048484574,6.440080363,5.46350241,4.395345899,5.625966883
NKRF,2.77611423,3.834593863,6.25190035,4.677648335,5.12598681,4.534635427,5.267072288,2.594303188,3.893000413,5.326676402,3.27355238,4.995022056,3.933974311,3.888206799,4.739222952
CNTNAP2,1.300130847,1.162807259,7.241676908,0.99945397,1.296192689,2.585002954,1.968353894,2.411187474,2.287515351,3.868304102,3.824353104,2.320976602,3.458585046,1.222013982,2.775975223
CALM3,9.978239792,10.21443838,12.8304945,10.07297586,9.351859027,10.03606045,10.67335779,10.78927237,11.09879409,9.713926708,9.613326722,9.8477795,10.6063695,9.580262853,10.37850545
TPBGL,1.972701591,2.156613492,4.482699129,2.304937137,2.770447953,1.436129718,1.458344316,3.035365724,2.322388627,1.864255849,0.715665279,1.753144865,1.02285948,1.915352779,2.204996352
BAZ1A,7.439427285,3.003707341,3.417817046,5.46563206,6.310972522,5.607812998,6.301141964,6.767892974,3.720712409,6.177552063,6.417086328,5.433042192,2.709268821,3.861999904,5.081411084
CDH9,2.219177937,0.141751753,6.179351381,0,0,0.160469782,1.014087292,0,0.44185729,0,0,0.911215713,0.40694644,0,1.788810531
BHLHE22,6.855581196,0.740785346,5.042655507,0.353399575,2.770447953,0.612993681,2.740013678,0,1.172635802,2.097946171,3.122156516,0.858290467,0.076302898,0.074928529,0.843470507
TRIM2,8.119698827,6.084285771,9.304228029,5.267802924,7.313788295,6.122038371,6.865198191,7.588571997,4.495748877,8.241704338,8.352868727,7.201482035,5.810634542,5.353147628,7.335687096
SHANK2,6.093297321,2.7283106,6.802223144,2.288637835,2.364300155,1.122016764,1.458344316,3.469618468,0.083690366,3.021863449,3.791273016,1.193503044,3.020585945,0,2.355082941
MAPK7,7.136169962,5.471266567,4.658567504,6.33083348,6.885874945,6.887716749,7.209886703,7.179617069,8.13622546,6.925009009,7.225724532,6.25924729,5.337392153,6.472482611,7.343406025
CORT,0,3.945094711,6.288963646,2.711792451,2.518874467,4.117154049,3.062789109,0,3.727233273,2.014684594,1.381616095,3.706845594,6.103965862,4.208306871,6.282373336
RPS3A,8.744109974,13.67535248,11.83691785,13.4988575,13.00551135,12.92976384,12.63199134,8.76271976,13.60612249,12.73174809,8.59494158,12.57221321,13.80499007,13.54154901,12.60031456
NDRG4,10.46161293,7.411666497,11.37838589,8.047247357,8.110808152,8.908882538,8.685160403,11.04658453,8.792028843,9.637424119,10.60111604,9.683501178,8.535825254,8.333896077,10.33117064
RHBDL2,4.733026863,3.786830725,5.270707852,3.352651576,4.019088344,4.355526827,3.67790457,4.75032338,2.93159047,4.272438149,5.754482102,4.459407248,3.651754008,3.657792058,3.792252758
BEX1,6.70192475,10.34379641,11.62303903,9.845618124,9.120134801,6.629404673,8.860867476,6.496043722,8.543374987,9.539828504,7.660654471,9.238471709,11.62168293,8.503271209,8.749979626
RBFOX1,2.77611423,0.947998962,9.321530659,1.038967573,3.847330909,0.81944879,4.554869735,0,3.091765855,2.687430353,5.130878909,2.359573159,2.090435245,1.119551923,3.650115193
MYD88,7.035223396,5.48629701,4.293642686,5.826181457,7.374535844,5.922413519,7.080785358,8.203103897,5.779573932,7.350578527,7.292259804,6.154760278,3.594524929,5.702377233,5.981323754
SYNGR1,8.932946411,6.022616597,10.33197487,6.015113853,6.550506985,6.854366525,6.746919092,7.561339138,7.469637054,7.582690232,8.005247128,6.502851457,6.62113002,5.239669522,7.002727907
KCNS2,0,0.389271261,5.46010319,0.151893904,1.013683457,0.082464857,0.368848086,0.782285482,0.162790913,0,2.279008263,0.266903103,0.346603827,0,0.843470507
MCF2,1.300130847,1.349737964,5.526068125,1.038967573,3.557399695,0.81944879,2.168595965,0,2.885693265,1.464947336,2.18025032,0.803349477,3.227150266,1.436099633,2.204996352
OLFM1,8.142278589,8.529745515,12.17716857,7.641566643,8.495058762,8.079376273,8.240180531,7.263117924,3.904553897,9.733588032,6.292597002,8.186208633,8.372598724,5.223292731,9.454856936
NR1I3,4.883571311,2.815527757,4.076021268,2.501600886,2.691366113,2.706994134,2.875040792,4.073543647,2.177533168,3.820074803,3.122156516,2.13324682,2.544444653,2.637904107,3.039395925
PACS2,9.122791444,8.14365968,8.671134585,7.676436972,8.631325075,9.282864355,8.642151478,9.338576468,8.571732448,8.995129604,8.748248365,8.013544885,9.574938011,7.813121802,7.991781012
PLEKHH1,6.585913317,4.463475519,9.085692149,5.105138859,6.714477201,7.6485645,4.920188362,4.997910656,5.026565203,8.531349908,8.372571943,6.279517984,5.782439814,4.649362647,6.220847526
ULK2,7.098175615,4.213460885,7.430853979,4.717767473,5.73900493,5.472917443,4.550392518,6.055426635,4.405118152,6.58599655,6.968937519,5.468789565,4.139117728,4.904325497,6.334943644
ZNF90,4.213358628,3.565671272,1.379524834,3.81774485,4.466567776,3.031520838,4.559333101,4.247648942,2.712475742,3.860377021,4.092208157,4.619047675,2.867951739,2.967820311,4.506945708
MCM2,7.611128969,6.752981657,4.022855293,6.440020104,5.179126607,6.449803547,6.200438063,8.199575568,6.466592313,7.0866237,8.991556167,7.686384751,3.74236289,4.741368634,6.737717632
PITPNM3,4.374616234,1.591323147,8.00169335,2.988991601,3.65232642,2.667465563,3.171741276,4.896956245,2.885693265,4.364988799,4.630107942,2.301284072,2.89979782,2.225987746,4.310923921
NGB,4.847382177,1.488909829,6.833436537,0.289308085,0.789019453,0.770538241,1.208483649,0,1.449975563,0,4.222001502,0.420836661,2.090435245,0,1.56061529
CRTC1,5.0198803,7.128403217,8.107224432,7.467424814,6.281576146,7.285450451,6.244064303,6.35091383,7.229534041,6.37129406,4.318034062,6.077272986,7.607770284,6.149635869,6.694111821
NPAS4,0,1.094697358,0.878962309,0.222236434,1.670703954,2.252425517,2.519534921,0,0.162790913,3.118082241,2.18025032,0.858290467,0.40694644,0.565382398,1.007916987
C11orf87,2.219177937,0.868648125,6.951945678,1.038967573,2.84541924,0.160469782,0.285095627,0,1.210362059,0.713866604,1.549285232,0.858290467,0.723998028,0.146156915,2.037463407
TSPAN4,10.05561641,8.129900399,6.191448128,8.086079893,8.245278471,8.343821965,8.131225188,9.467393422,8.250978239,7.484895577,8.179949649,7.43570536,7.147496625,8.230144907,7.912705927
HOXD4,0,4.213460885,0.204835494,3.629970827,4.943503956,4.80132721,4.409176053,4.825501948,2.322388627,7.225015247,5.417704765,4.334184132,0,2.834006926,5.402817453
LARP6,7.516352164,6.696656946,8.876843421,6.5398009,8.256653972,9.043317035,8.684394401,5.742795497,7.467691242,9.206474412,7.438305589,7.967823689,7.113949422,8.427783516,9.175634647
IQSEC3,3.176931778,3.969070523,7.951896776,2.058063641,1.735209757,2.978668734,1.797524218,1.286707618,2.965079857,1.69629637,3.41055889,3.293708276,5.673048912,1.188662025,3.528989126
KIF18A,4.953335054,2.937199493,0.617244132,3.687048501,2.957815624,3.451740076,4.101678309,3.156782629,1.995037956,4.425339325,4.789362747,4.309752801,1.237452911,1.286490299,2.729605978
RGS7BP,4.322840891,0.868648125,7.918627688,0.99945397,1.940658678,0,0.84890533,3.944583493,1.570917289,4.462470073,4.119117811,1.567779727,0.815885726,0,0.366094105
VKORC1,10.03766188,9.997003795,7.580360612,9.28559558,10.29884629,9.385530263,10.12284471,8.518399245,10.13053089,9.714888688,8.763252972,9.714541319,8.433246371,9.867955183,9.979290446
TXNDC12,6.13892354,8.10523088,6.611704955,8.015410748,8.26247926,8.012590738,7.958239458,5.556754613,7.43868142,7.743788956,5.647642216,8.030089898,7.960270495,8.260306391,7.568101739
STK33,8.435265496,5.898269496,4.062912324,6.380704096,6.399466827,6.865326533,6.604096719,7.702641894,5.721970044,6.464447375,8.691109425,6.25924729,6.125449879,5.880034436,7.174831414
ANKRD33B,4.374616234,1.320216828,5.504413218,0.353399575,3.336104243,2.179361526,2.675690695,5.236971518,1.418086792,2.705242462,3.453481398,2.983596555,0.346603827,0.665754212,2.453467489
HIP1R,8.882425756,8.724721918,8.713432048,7.787902828,7.054147585,8.64156895,6.53892179,9.424208628,9.613938326,8.442550471,9.194165448,7.732607052,8.532231679,6.144209172,8.874626021
P4HB,11.81387834,11.47193763,8.59463272,11.3395619,11.74073958,11.58859783,11.85398325,11.55588636,11.9692799,10.86422099,10.88183188,10.75882632,10.18258357,12.12097062,11.52556038
NOL11,6.334620341,8.133617749,5.742953922,7.480040538,7.240681566,7.797900545,6.955164899,4.997910656,6.692495844,7.759857773,5.610195258,7.285943556,7.659844381,7.286099871,7.935866074
PICK1,7.567302577,8.214069428,7.646112239,7.131058193,7.583327305,7.578809451,7.291965141,8.30840995,7.646043012,7.249500764,7.034013932,6.730658486,7.731646126,7.567271889,7.499518805
FAM161B,5.415542235,6.473471128,6.055766947,6.174403095,5.923333981,7.149795321,5.114684271,5.180816608,5.044952322,4.920716457,4.854866129,4.120456313,7.14694385,6.445380882,6.182631863
FRY,4.031781373,1.861049819,6.928648583,4.771537212,4.86279491,3.252430611,4.735320731,6.116573946,3.921712473,6.110627451,6.226077643,5.401019726,3.568342409,3.05368708,4.213204633
TRIM17,4.772161144,2.549043829,5.951154418,1.288861286,2.404523895,0.81944879,3.075309263,4.896956245,1.053150085,1.422507337,5.591100864,2.397163986,4.11218524,1.188662025,1.450565796
VPS13A,5.84063237,4.096434448,6.022296516,4.519028324,5.371504217,4.647293385,5.382396162,3.802954053,3.640072659,4.94715428,5.117596055,4.780658028,3.235493817,3.829910003,4.506945708
SLC1A2,8.631575565,3.910844754,10.96204032,6.770773972,6.044425615,6.39740802,5.665140429,8.96329626,4.637501709,7.740013672,6.923863025,7.276519326,6.512034058,5.559659062,7.035657539
RPL29,12.5793515,13.18485109,11.51385455,13.00117595,13.12172537,11.96674482,12.98918738,11.16393423,13.39597983,12.75190629,11.19192104,12.8593289,12.46453827,13.17880525,12.69556691
ZNF169,5.173938592,2.401800091,5.537959646,3.077039635,4.576283267,2.807396531,4.274503674,5.836645107,2.515586351,4.916899763,4.685169445,5.037300782,1.784116149,2.710199381,3.6910228
PLEKHG5,7.439427285,5.214721674,7.581510119,5.062635079,5.190674277,5.933564847,4.77807262,8.640530032,5.92847679,6.113965107,6.465071457,5.069671853,6.002509513,5.911040253,6.144849413
DCLRE1B,4.519647722,3.128176501,3.555217566,4.212745909,4.873581783,3.967865035,5.153578886,3.645892097,3.784631512,4.776525626,3.979250518,5.247412692,2.40346072,3.227970531,4.506945708
DEAF1,8.257075625,9.080768897,9.349971283,8.136756642,8.413328138,8.58191358,7.180490199,7.476413309,8.923303069,8.375649529,7.802291187,8.476675022,9.924414502,8.060468282,8.98195579
PROS1,8.025670619,6.005329932,4.299242999,6.543239956,7.355424811,6.25354783,8.659665107,6.400930293,6.241394955,6.236924422,4.720743239,5.877323363,4.070819667,6.264132899,7.148637546
DCAF6,7.754815947,6.003009314,7.877571251,6.101628416,7.040651283,6.036706274,6.884891175,6.719439798,6.008284355,6.480051312,6.585737295,6.512517704,5.140424851,6.496531541,6.63034035
BTRC,5.858925256,3.621196858,6.930454085,4.31687755,4.653419452,4.338848058,4.628930543,5.417902776,4.25073774,5.968521369,6.201107621,5.585325271,4.848404163,3.595532497,4.629859461
MEF2C,7.237520661,4.542300125,9.772111479,5.150941557,5.808107384,5.45754903,6.003240319,7.067949004,4.392865659,7.699487345,7.023369675,5.918299566,4.536918084,5.046081575,5.044005013
MAPKAPK2,8.827751615,7.856104676,6.227141447,7.511544456,8.648436791,8.034766418,8.650281234,9.069559009,8.116801132,8.317125058,8.404368494,8.067001167,7.250917419,8.456747793,8.401298103
RP9,4.692801364,6.931369351,5.728498146,7.293535441,7.562923732,7.384260626,7.876093648,6.160791543,6.67826337,6.688053994,5.328285755,7.832456305,6.741716399,7.687801019,7.199849697
ABCB7,6.294862299,5.142764362,5.075662252,5.711646615,5.933679162,5.570796163,5.892632292,7.379952307,5.021268409,6.172759032,6.244525571,5.972222825,4.955822105,5.100894989,5.691944514
SLC45A1,0,6.121130704,6.412956168,5.36039077,4.980563984,5.298446869,4.500203672,3.875506047,6.429085386,5.126406731,2.18025032,6.199330538,6.347615905,6.263131902,6.98638776
HINT3,4.322840891,5.184321211,7.587816091,6.013874971,6.437523913,5.104877106,5.836736974,5.578650816,5.49623896,7.418962351,5.647642216,6.596717554,5.386921024,4.894016045,5.693958474
PDIA6,9.956106759,9.018658787,7.848741062,9.655830454,9.697102627,9.231834354,10.04372525,9.223418584,8.701790191,10.28828813,8.272748103,9.373667618,7.461620751,9.049078579,9.422580022
IQGAP2,4.374616234,3.737431993,2.097587444,6.28123801,5.902418377,5.167612921,5.652662639,5.343121017,3.399998315,7.322002248,3.687222679,7.523308912,1.203831446,4.18735285,6.005850309
TSPAN10,4.155335548,3.900907827,1.875666472,4.963444048,5.348491717,4.716714877,4.119922768,5.264250032,4.890843203,2.722837336,3.453481398,4.703990621,4.523352824,4.947336917,5.663449832
HS3ST5,1.300130847,0.827273665,3.376030193,2.186774572,2.322922694,2.122027916,4.594551465,3.035365724,2.138926877,3.753153739,2.76131997,1.193503044,0.283626714,0.400377392,1.246151947
MRAP2,6.046180883,2.794212781,6.107755142,3.480132271,2.971268909,0.770538241,4.026301834,3.372686435,2.233572051,4.742427467,2.18025032,1.465326296,2.709268821,2.032775657,4.663136531
HTR1B,2.429625731,0.141751753,4.029609179,0.353399575,0.196078129,0.37197981,1.379769288,3.875506047,0.563453521,0.971068009,3.722746498,0.492052541,0,1.009252727,0
PIP5K1B,0,1.162807259,6.015508229,2.096024681,3.19416214,2.270127643,2.191779534,0,1.88269756,3.362163403,1.69948109,1.663437338,2.090435245,2.439526035,3.229111394
SNRPG,7.370971713,10.01856031,8.237267426,10.35749872,10.14216474,10.17827395,9.834441888,7.470569808,9.460709758,9.78827439,7.707951759,11.0092681,9.158064158,10.05547018,10.42524593
MFNG,7.997050256,7.077480013,4.587112468,5.886992904,6.841695533,6.702118881,5.205758408,7.727355561,6.100327206,6.265718776,7.755892456,6.681995173,5.92079571,6.579289017,6.174000247
CASKIN1,6.062057951,4.493541689,8.603147384,5.278159514,5.155750223,5.092493369,4.523233445,5.991572503,7.510849538,6.465754169,5.591100864,6.362625653,6.156538577,3.693897631,6.508614036
EIF4E3,6.70192475,2.917620184,7.137673417,3.296699397,4.536111356,3.889862351,5.090217259,6.921430324,3.081623368,6.036934275,7.318618401,3.515015186,2.971480512,3.734909579,4.014808891
MPHOSPH8,7.180480557,4.96342034,7.661956523,6.021292356,6.713476885,5.684074227,7.919705139,7.157964239,5.179428957,7.439725767,6.692613189,6.664760324,5.337392153,6.079720873,5.638569715
ABCA2,8.75635979,9.728117946,10.25625725,8.329330095,8.912659787,11.02856405,8.138700831,9.973260122,9.36725582,10.12915335,9.80936041,9.50428734,9.539366528,8.511092135,10.65544463
IDI1,3.490260136,6.190073769,8.667079494,6.213781192,6.306999022,5.915399913,6.323617793,4.788402301,6.834404722,8.193222071,7.19126966,7.69960861,6.654958651,5.533330537,6.854857389
CD151,12.69013549,10.83193265,7.570552641,11.18522882,10.96617405,11.41227589,11.39906548,11.95867916,10.45545762,10.57465239,10.10606699,10.81876022,9.820185156,11.55299918,10.78986287
MTMR9,5.894829554,3.34889892,6.293179549,3.998976023,4.251863878,3.606068673,4.06448229,5.600219657,2.885693265,5.116456984,5.984072352,4.503160164,3.40040746,2.834006926,3.935318825
LRRC7,1.675259624,2.815527757,7.324336589,1.22176837,1.603178421,2.270127643,1.885466075,0,4.295304212,3.170313992,3.320681755,1.968220424,2.108717845,1.348207919,2.94784655
NECAB1,1.300130847,4.08770065,8.500538241,3.336885434,4.088632887,4.229995729,3.397909015,0.782285482,2.699269396,6.081941214,2.952990191,4.131650371,3.104971614,2.69839896,3.836681606
CYP46A1,4.810261851,5.421741569,8.888035999,5.2405226,7.019762533,5.865326116,4.358855592,4.711212082,5.155453149,4.446673766,4.408071248,6.153387932,6.917939679,5.338016148,6.686039919
SH3PXD2A,4.213358628,3.501361267,6.992263938,3.95833599,4.201383109,4.234511218,4.389257988,6.116573946,3.440244965,5.93683284,6.250622829,5.297971148,2.432781259,3.292187015,5.044005013
MTA3,7.764551836,6.178809629,7.535986438,5.735893814,6.369297975,6.094979345,6.777889152,7.004659001,5.962037698,6.647171939,6.800451345,6.888285865,5.616674959,5.840315929,6.517738929
LPGAT1,7.627226601,3.96430713,7.551321163,4.616929788,4.822538342,4.471004226,5.788127236,7.416885083,4.388758261,6.420645388,8.117931801,5.625471739,3.300560015,4.365808575,5.19668766
ARHGAP44,2.429625731,1.259298084,7.636189609,2.711792451,2.462831839,2.570789014,2.708210639,4.587083175,3.333173016,3.257402457,4.667048107,3.008098987,2.824366382,1.831400987,3.555814501
CLVS2,1.675259624,0.207725252,6.157934896,0,0.848549546,0.160469782,0.662335622,0,0,4.563577229,0.715665279,3.928422885,1.169407711,1.348207919,1.595508859
TGFBI,9.818004896,10.67638591,2.418949597,8.942564348,10.85858734,9.211507361,12.0776616,8.592911067,8.94706618,9.54509241,5.581458053,9.159666845,5.820373946,10.96480485,11.3680647
CBLN4,0,0.550504229,6.657117917,2.501600886,0.10136765,0.66744264,2.889292487,4.133943638,0.620612558,1.660223696,2.540226333,1.193503044,0.148772113,0.565382398,1.33142328
CPLX2,6.046180883,4.358473248,11.93024513,1.636688829,3.04945595,4.136584616,2.214596437,4.010504033,0.563453521,3.233051816,8.137805907,5.004186668,6.651845052,0.847702574,5.925851121
SPATA2,2.429625731,4.253057428,6.71692244,5.740395143,5.486056592,5.679113663,6.217482487,3.469618468,5.475085916,6.239982613,4.363754933,5.556542869,5.149283759,5.544908433,6.333652466
TMPO,8.924286329,5.742845339,6.44741068,6.476453419,6.219514475,6.316662229,6.886668189,8.834999099,5.55240074,7.10686651,9.478252981,7.305845154,4.44637439,4.735606588,6.063066772
FBXO43,1.675259624,1.059397375,0.543658953,2.699515546,1.703317349,1.719925888,2.831421007,1.659723569,1.053150085,2.251307257,1.191866241,3.222203408,1.097993583,1.59728633,2.011859248
SFTPC,2.219177937,5.388347273,6.174788822,2.515674199,1.25278463,5.285449517,0.727243551,0,0.96761507,3.727235777,4.572861303,2.946044515,4.089350943,2.612977565,3.283621889
LBR,6.846442521,5.818696367,5.359157984,6.177725968,6.853549084,6.113483606,6.624473644,6.833104664,5.5958073,7.73406105,7.155971752,7.01836332,5.069859108,4.972051419,5.167996212
PNPLA7,5.415542235,5.404262016,5.39359717,4.462027469,6.564998285,6.178200078,4.838079419,6.023852816,6.205649842,5.255926886,4.838766988,5.853857908,4.993205405,5.096405912,7.263614956
RFC2,8.773336649,8.184679282,5.87444679,7.809841203,7.532617886,8.219786348,7.174683791,7.527966287,6.095294881,7.280277485,7.488184105,8.391931803,7.101450666,7.12463533,7.615091343
DDI2,6.88265494,2.966079077,5.609576699,3.577267058,4.490123415,3.776768305,4.679010235,6.363581447,3.071409072,5.371985901,5.22058454,4.533016372,3.218758181,3.60820121,3.715021927
UBQLN2,5.083490966,5.633078651,7.681386253,5.546682513,6.559441921,5.675797119,6.798801854,5.264250032,5.237681142,7.364657172,5.2814082,6.493120008,5.809237816,5.41032744,6.310211442
ATE1,8.215089867,3.119633328,6.314076222,3.735955275,4.678241467,3.989398243,4.620412273,6.929972608,3.778365544,5.83938173,7.389406497,5.135096942,3.184692989,3.169336276,4.326585818
GALNT6,5.534120039,2.705656812,4.627740459,0.917023935,3.147521048,2.640498371,3.136330303,6.563477338,1.88269756,5.276922984,6.262740579,3.044089604,1.850804338,2.977617366,2.227417143
GAPT,4.26913805,3.406221195,1.10041383,3.391329216,3.283150759,3.000042475,3.475528206,2.411187474,2.233572051,3.480663522,0,3.435949474,2.544444653,5.364392989,3.738628354
KCNH4,1.300130847,0.90886903,3.376030193,1.18701437,0.848549546,0.612993681,1.208483649,0,0.376986657,1.378780936,0.401761701,0.62473343,0.346603827,0.400377392,1.524856809
SKA2,8.190021776,8.092190393,7.677091093,9.140165326,8.536090888,8.551021487,8.607281697,7.48802978,7.576422272,9.839829904,7.422189348,9.575824786,7.553328864,7.651923057,9.19709348
TTC27,6.447715018,4.44307756,4.507101708,4.993923922,5.525348218,4.613023436,5.36210228,5.556754613,3.674221961,6.080235893,4.47209333,5.611547197,3.974415221,4.676683864,5.375471565
SP140L,6.607712058,4.526229718,3.003157162,3.973710471,5.905925436,4.710245373,6.004877456,5.600219657,4.18593723,4.35937511,4.363754933,5.031336293,2.824366382,4.724012994,4.625645335
CALD1,9.076643879,7.626643424,7.259741451,8.186263554,9.323947814,8.131754049,9.513828937,8.901659513,7.164352711,9.373302007,6.771060192,9.216626508,6.185895546,7.912868146,7.547644284
PRR18,1.972701591,3.978550384,8.337966915,5.660311564,4.929788006,6.006662633,4.797094241,5.62147078,3.272048754,6.632119561,6.511511806,4.07479076,3.415173273,3.530464467,5.623855665
CACNA1D,4.847382177,1.290078974,4.605310746,2.255476168,3.087015815,1.160491499,2.096722457,2.201403741,2.454017632,4.211426175,4.720743239,2.087990724,3.235493817,1.994686816,2.665366828
TRIM4,7.487249036,4.912399626,5.262130738,5.278159514,6.350116967,4.761206852,6.978682182,7.060187936,4.317081594,7.492608836,6.020211344,7.475786477,4.391430525,4.949827506,6.489029863
SNHG16,9.01680285,7.504820417,5.931455194,6.986969788,7.228828917,6.90268926,7.905313962,8.104672624,6.830624554,8.121658705,9.342120244,6.833640141,6.702379443,6.701816882,7.161793927
IPO13,7.451532152,8.0779289,8.087131477,7.22719928,7.943859222,8.847382189,7.615537587,7.911159084,7.71901633,8.40455604,7.403156661,7.888383966,8.609694807,8.00376673,8.434802154
EPHA6,3.747532772,0,4.609824673,0,0,0.304863828,0.368848086,0,0.828980142,2.226852642,2.540226333,0,0.217774517,0,1.488189448
GRIN3A,1.972701591,0.550504229,4.898831323,0.41476451,0.789019453,0.234472535,1.014087292,1.286707618,0.376986657,1.422507337,2.617750481,0.962267907,1.394724127,0.340897504,1.33142328
PGP,7.258342387,7.501947234,7.545442465,6.633124752,6.451990307,7.134776495,5.797603341,7.05238489,7.785354352,6.906843577,6.81286654,7.352039415,6.843475603,6.796183607,7.422662426
PAOX,5.745518035,5.980775248,5.323876539,4.57049567,5.348491717,6.034118479,5.446446488,5.511939281,5.165091338,4.854418125,4.822486166,5.814459192,6.46934023,5.674037256,5.846595866
CNNM2,5.114274547,2.599067908,5.437427159,2.487388936,3.272322766,2.989395186,3.826018794,5.030051028,3.471652953,5.13956721,5.460418306,4.033612168,3.058701288,2.745032343,3.836681606
SGMS1,7.916376619,3.384991347,6.227141447,4.128253187,4.466567776,4.372014976,4.793309927,7.609994113,4.020587203,6.689173234,8.472469687,5.566888341,3.561721854,3.20313278,4.184843022
TXNIP,9.022899891,7.950050126,7.854933693,6.408311524,7.757945334,6.225468009,7.143810727,8.334382392,6.613740733,9.193715795,8.652487256,7.471387615,7.163435668,7.381893617,6.226423987
CARNS1,4.322840891,3.834593863,8.815393107,1.501793674,4.912457634,8.270687252,4.495553271,6.786827597,2.751384573,8.900216541,8.281707912,5.107015065,5.553009973,4.706446021,5.255144072
SLC6A12,3.96579551,3.559367749,6.145552633,4.29664384,3.52127131,3.505038464,1.968353894,4.402987571,4.325701329,4.108100097,5.893456161,4.274838597,3.40040746,3.405392523,4.336933414
LRRC8B,3.66676764,3.440924458,6.906804458,3.336885434,4.803861844,3.674133132,3.710375206,4.861671428,3.479399264,5.407780048,4.533394633,4.59093677,4.560354632,2.69839896,3.942112863
HOXC8,2.219177937,0.740785346,0,0.584598503,1.884882639,2.807396531,3.926181332,0,0,0,1.191866241,2.378491002,0.283626714,1.671593662,3.064520203
INHBA-AS1,0.791819137,0.600478562,4.359452957,0.584598503,0,0.436111778,1.162284695,0,1.95114585,0.782591765,0,1.23561356,1.690114442,0.759594841,0.657838811
NAP1L3,5.440050317,4.972937278,9.109594969,4.998941878,6.793282721,5.160511858,5.697896371,4.671010865,5.347571297,7.036497962,5.417704765,6.195335117,6.445263721,4.178885277,6.647069284
MEF2A,7.980437177,3.726220948,8.04483645,5.377830899,6.585919433,5.497547128,7.106936755,6.921430324,4.66153326,7.372342263,6.20739076,6.177892614,3.588023711,4.934819064,5.918979885
AP3M2,5.964063811,5.0057607,7.58380639,5.023773149,6.329372178,5.117155448,6.136160327,7.020743695,4.54086693,7.196175916,6.055467146,6.851522252,5.138201598,5.30920963,6.958177586
ADCY1,5.685286175,2.917620184,8.330465488,4.96087475,5.202130249,4.91258409,4.173311364,5.663056373,2.976072432,4.991378708,5.449857892,3.699341786,2.635527947,2.637904107,2.974601645
TRPC1,6.809297696,3.384991347,6.117297757,4.328882949,5.725175274,4.73595112,5.808893115,5.991572503,3.821666348,5.559920142,6.20739076,5.841980486,4.302896658,4.012543154,5.179541353
VANGL2,6.70192475,5.0846936,4.568681699,5.819106034,6.665662014,5.434185019,6.049978912,5.683408127,5.675520764,7.340641087,5.94700478,7.026631961,6.349538971,4.473587171,6.963196104
BSPRY,0,0.947998962,3.592185696,0.530178722,1.940658678,0.866755392,0.961100566,0,0,1.378780936,1.191866241,1.968220424,1.61536202,1.154520761,2.111657357
ELAVL2,3.581211572,1.840401665,7.640056523,0,3.315155504,0.082464857,0.368848086,0,0.828980142,3.996798938,4.838766988,3.211692854,3.736496167,0.340897504,3.172460133
STK17B,6.197597136,4.074500009,4.271021473,4.123666116,4.963836438,4.01587051,5.188574077,5.264250032,3.993794773,5.119781196,4.630107942,4.722617732,4.066149415,4.57709634,4.09014696
ATAD1,6.38598207,4.917337226,7.501786519,5.75529894,6.334586407,5.508774392,6.56134644,5.600219657,4.969954532,7.130953567,5.610195258,6.737085728,5.169019621,4.755673862,5.842970308
NCAM2,7.292391071,4.862071311,7.989187883,3.018941998,6.033244826,3.527291336,5.417237715,4.451260225,4.514719833,6.534619025,8.613985543,4.976516307,4.488870922,3.523793298,5.65313521
IL1RL2,1.675259624,0.445041847,2.459528685,0.353399575,0.368667644,0.497513818,0.523042044,0,1.76086506,1.378780936,1.69948109,0.62473343,0.346603827,0.616441018,0.366094105
CBX2,6.062057951,6.265584645,4.326923041,5.449227548,4.554103774,5.982705879,5.537486598,6.070958144,4.899529919,6.238454328,7.103036728,6.617768016,5.747862295,4.88883356,4.855345874
CDKL1,5.286338412,3.194759542,5.697024952,4.360417348,4.873581783,2.693937914,3.636260781,5.180816608,3.272048754,4.606861873,6.256694427,3.765511093,3.771343901,3.419837028,3.865558474
HS3ST4,0,0.986095546,6.876218301,0.151893904,1.013683457,2.541933986,0.448004099,0,0.922867482,0.848191415,1.835504282,1.2765297,3.718751481,0.340897504,2.713812357
GALNT14,0,4.647074172,5.284890689,3.238489358,3.618525867,3.197982631,1.162284695,1.659723569,4.171664465,2.933952974,3.366320106,4.314672278,4.812604254,2.258497405,3.206717123
GRIN2A,3.289107468,0.695515793,7.083529477,0.783813362,3.099321568,0.81944879,2.424873872,1.955838395,3.399998315,2.722837336,3.495163702,0.492052541,0.076302898,1.765067248,1.007916987
BCL2L12,7.098175615,7.351831582,4.089012169,7.742625257,6.404434199,7.504575202,7.823257295,8.61161677,7.346920447,5.802622983,4.720743239,6.907950768,6.188046556,7.182431686,7.063185505
MICAL2,6.183150926,4.291596163,8.911535769,3.642851334,4.866399503,4.420378075,5.669275825,7.941048253,2.850285994,5.656925303,5.362470634,4.607067152,5.407374263,4.670657039,6.513183697
TAGLN3,6.240087603,7.850307313,11.07352265,5.593876929,7.791985877,7.464293689,4.603223344,4.30130851,7.580029301,7.25782259,8.240943175,7.408927479,9.219159423,5.637424807,9.560458242
CDKN2D,7.821626499,6.609345394,9.177875787,6.770040341,6.48519157,6.395393082,7.548084807,7.840422225,7.632645586,6.791726805,7.976104981,7.150802893,6.634599092,6.359007456,7.199140877
PIK3CB,7.010889622,4.480256242,8.111607577,4.884302136,5.856033398,4.989399771,6.416339282,7.113658556,4.18593723,7.004486083,6.194796998,6.557827497,5.122542149,5.671021457,5.787464347
SLC39A1,10.91660992,8.035698249,6.912296575,8.669959981,9.024566682,8.92939389,9.161314636,10.22914992,8.954901025,8.969103527,9.394686725,8.964743908,6.636962989,8.739862074,9.216662685
FKBP7,5.313121467,5.082497288,3.637102304,5.480058885,5.592178603,5.082509271,4.997874763,4.191916204,4.834578337,6.172759032,1.381616095,5.726753442,3.300560015,4.811517156,5.260589776
EXOC8,5.745518035,3.501361267,5.439964391,3.687048501,4.619644799,3.372012632,5.093298424,5.781071011,2.908824379,5.471615204,4.720743239,4.427971038,2.790790885,3.582751549,3.125480868
OIP5,2.613246987,4.817866969,1.048155552,5.582222271,3.099321568,5.104877106,3.803619788,5.180816608,4.484245396,4.2783998,5.305037368,5.836860076,1.914545602,2.967820311,4.41714623
NXT2,4.213358628,4.859508213,4.846242312,4.714720686,5.719207454,4.626829255,5.272519196,2.902783536,5.818265051,6.343129176,4.738206513,5.826564409,4.306861068,4.281317199,5.5255038
BMPR2,8.906808635,3.865579485,6.878090581,5.08875808,5.379094195,4.633682935,5.691811014,6.606743314,4.025886494,6.135473667,8.005247128,5.544029574,4.593188458,4.166089998,4.804057361
GALNT1,6.4233379,5.9653626,6.154849279,6.605426977,7.389644462,6.271236274,7.296650892,6.35091383,5.280431235,7.721534722,6.775295766,6.176542107,5.020017001,6.785765781,6.641862299
NELL1,3.055292985,0.695515793,7.031486008,0.41476451,2.830733424,0.304863828,3.160033927,0,5.763802191,1.333687703,6.459817915,1.864686845,1.640712301,1.695535936,1.904641176
CDH8,3.490260136,0.695515793,7.768751016,0.687641783,3.26141289,1.770552469,3.336825051,3.372686435,1.317959826,4.939649923,4.294618533,1.943025224,0.723998028,0.278859517,1.876543648
SYT2,0.791819137,0.072616151,3.096172172,0.353399575,0.522798811,1.304883477,0.196179818,0.782285482,0.162790913,0.713866604,2.18025032,2.155353399,0.625857325,0,0.282907114
CIDEA,2.77611423,0,4.880268821,0,2.16797394,1.61300955,0.523042044,0,0,0,0,0,1.453126763,0.400377392,0
CCDC149,6.347633214,5.206677314,6.710632112,4.729890685,6.123370899,5.540118543,6.13316945,6.35091383,5.599366246,6.310044863,5.182820144,6.33867523,5.323761733,6.0014504,6.226423987
PCSK6,6.691755396,3.726220948,6.743867984,2.20425911,4.17255571,6.087510671,3.522001657,5.991572503,3.881353658,8.375649529,8.596139221,4.103500667,5.024838752,3.483105196,3.761854725
B3GALT2,2.219177937,2.122813941,6.372355142,2.543415553,2.971268909,1.770552469,2.889292487,2.201403741,0.503936105,3.718491943,3.067942213,3.814956636,3.276502764,0.847702574,2.791106262
MAP7D3,3.66676764,4.299181895,2.289878834,4.344736307,4.442621139,4.906937521,5.144695825,4.073543647,4.7885548,4.248342092,2.828079749,5.063839972,3.718751481,4.593117243,4.441324886
KIAA1671,5.912452088,3.102393699,6.186923726,4.155473489,3.65232642,4.243500017,4.662509408,6.35091383,2.920252331,5.512654907,5.049282989,3.523538645,4.593188458,3.323254232,4.735316886
DNAH10,4.564923097,1.901480167,1.934428171,1.255704815,2.28032337,1.934940819,2.021079688,4.073543647,2.485130406,2.918765964,3.575080631,2.06481893,1.61536202,2.225987746,2.292661744
RILPL1,6.9004259,6.851072484,6.499422725,6.827582774,7.486516649,7.384260626,7.048606071,7.898157416,7.460860156,6.333140112,7.364321048,7.434575943,7.455830208,7.305677012,8.176687767
GART,9.297257852,6.387127334,6.641771236,6.805556615,7.304517883,6.612157659,7.491989194,8.643130003,6.467566288,7.468692604,8.882897605,7.870955702,6.0122541,6.317180628,7.381393078
SHANK3,4.810261851,4.774987999,8.668432458,4.738916704,4.957090734,5.705375066,5.014223478,6.86017474,6.30271277,6.045699197,5.006686542,4.903293543,4.380186115,4.012543154,5.516428042
SRGAP3,6.70192475,4.287788288,7.475439221,4.823374733,4.800097355,4.082507838,4.224794555,6.530154487,4.708427798,5.743513493,6.609654083,4.839869949,5.970377219,4.082306383,5.673691232
EID2B,5.114274547,4.496844023,6.416825334,5.49078511,4.859181288,4.91258409,5.384912942,5.264250032,4.209415802,4.995003606,4.119117811,4.092085172,4.787288816,5.107602521,5.693958474
MAPK3,9.921713475,9.085163437,10.16565367,9.386448064,8.957920394,8.85528336,8.332057319,9.670928907,10.04061941,8.796281479,9.170241118,9.179353929,9.536309503,8.692315035,9.116236779
RPS2,12.28196555,14.3276473,11.30373489,13.71062258,13.22712688,13.66018866,12.9890323,12.33079089,14.60696961,12.9051098,11.43718472,13.81901494,13.70740067,13.46069268,12.97601057
CBX3,8.952243596,8.568122236,8.610204751,9.603462365,10.12609179,9.493079763,10.36905916,9.14303866,8.745006539,9.803728743,8.822781378,10.84540383,7.903805411,11.24893339,9.493671531
OST4,10.16349656,11.04543532,9.914262901,11.33776831,11.57993277,11.55582183,11.4899464,9.026395934,10.85756985,10.82631837,8.786520805,11.42286158,10.39353213,11.54789653,11.36849821
PLLP,6.541302116,7.766256698,9.196376705,8.638351679,6.321515328,8.711664795,4.333021498,5.907562921,10.66504911,8.603469308,8.321352384,6.568163794,6.091379934,6.223541192,8.527218029
CNN3,9.923887244,8.521865086,8.642231238,10.33962413,10.98162881,9.859765966,11.60579527,9.603110133,9.903220134,10.45769504,8.432800528,11.26546854,7.59242409,8.888122895,10.4491413
KCNJ4,0,3.440924458,8.261854627,4.32489224,3.660654257,6.266834454,3.584647679,1.955838395,2.789271549,1.585254253,4.553262921,3.293708276,4.705562902,2.158684571,6.15511934
ARMCX4,5.803335697,5.285171012,6.235928483,5.093457312,5.266293062,6.094979345,5.117713677,5.941755994,4.849598932,6.503145268,6.485896382,6.379157472,6.167481303,4.358328777,5.896419625
ODC1,6.809297696,8.920633821,6.483523211,8.211610441,8.716172536,8.509241236,8.630533239,7.200949721,8.229320637,8.96402645,8.244002604,9.645691033,7.589986014,7.727896254,8.58641839
CAMK2B,8.915573949,3.326801947,9.921089488,7.274004631,3.325667896,5.478638651,5.936183107,8.653483281,3.307293351,5.760650481,6.556503744,5.704436441,6.448856065,4.667634159,6.328476165
SYT9,1.300130847,2.373335674,5.005454026,0.077945045,1.994358384,3.000042475,0.662335622,1.955838395,1.210362059,4.025439525,4.008329831,1.2765297,2.610085596,1.975258539,2.087347542
SLC52A2,9.431653215,9.150179589,6.394761577,8.430524572,8.565216083,9.246300048,8.559066214,9.981501825,9.693099371,8.254992426,9.17425616,8.3968693,8.096188231,8.917685513,8.877508597
MGAT3,6.281362353,4.679405049,7.773285246,5.062635079,5.092521858,4.895577646,5.892632292,6.929972608,6.29943452,6.591992816,7.023369675,4.314672278,4.306861068,3.016153536,5.21643748
ATP2B1,7.402491094,4.302959855,9.114765134,6.194226492,5.649788398,5.126903434,7.319196253,6.669302591,4.312752337,6.7440562,7.08608814,3.743790126,3.833124113,4.811517156,6.475043912
LINC00320,0,2.549043829,7.369622849,0,3.512096056,4.207203823,0.961100566,0,0,5.31802014,4.171476587,3.661225902,3.392967492,0.930737728,3.769514491
TMC5,1.300130847,0.072616151,1.10041383,0.63703992,0.789019453,0.436111778,0.196179818,0,0.162790913,0.310424829,0,0,0.625857325,0.616441018,0.444744842
PDIA4,9.874167267,7.995991483,5.540326233,8.181581723,9.314082899,8.564534185,9.421387523,9.266211897,8.345929466,9.068785153,9.021282816,9.3099642,6.370525219,7.981725482,8.55490736
BCAS4,4.519647722,5.281346117,6.672303065,4.702468779,4.383473519,5.723156418,5.29677895,5.762060184,4.846607298,4.587784397,5.976734637,4.929185983,3.928838549,5.149374347,6.15511934
PDE2A,6.732009666,5.248418455,9.746077621,3.800604642,5.877627311,3.758072165,4.149826666,5.642413409,4.137801749,5.953695784,5.771544096,5.22668255,4.735285003,3.276398873,5.937797595
KLHDC3,9.192967411,9.50665269,10.44775343,8.761199999,8.953267039,9.002863464,8.198582432,9.312680101,9.314236184,9.131676459,9.551080214,9.460846513,10.24628757,8.234747822,8.900364181
PPP1R12B,7.907616195,3.949921855,6.988802389,3.723883132,4.781126142,4.560042071,4.01983902,7.090984802,3.383579931,5.910203433,7.286336358,4.919530693,4.139117728,3.72331036,5.439291146
RBM47,8.204399691,3.703534065,3.417817046,3.296699397,5.110871629,3.519911784,5.331115955,7.228911269,2.38970381,5.109785491,5.049282989,3.462789061,2.461517754,4.524600114,3.769514491
TEX2,7.522102996,4.592554548,7.717387865,5.2405226,6.684161808,5.39841386,6.075131943,7.717520838,4.137801749,7.98479737,7.341650692,6.061263287,4.270782981,5.112056946,6.81470002
YPEL2,6.574889175,2.97557855,6.519953466,3.741953676,4.777301779,3.866778685,4.196419885,7.186763059,3.714161938,6.412536514,7.424887921,4.762769994,2.971480512,3.813593355,4.241019421
SNRPF,3.747532772,8.411366498,6.59813836,8.71239232,8.070358681,8.519684664,8.07933686,4.402987571,7.997120654,7.196175916,3.495163702,8.864520149,7.819251827,7.950663918,8.671410315
CENPM,6.518468317,8.562026502,0.993932964,6.015113853,5.064552029,8.035090001,6.099853942,6.388587799,6.774275482,6.185505231,7.315713338,5.84368326,6.148828983,5.519983873,6.493661878
PKD2L1,0,3.615131834,4.253819709,0.99945397,0.662041154,3.674133132,2.573486814,0,1.68249994,2.993151069,0,1.465326296,1.828915678,2.351849282,1.201548641
GPR150,0,1.290078974,4.618810376,1.321272834,1.338332738,1.436129718,0.90609332,1.955838395,3.65382953,1.028792263,1.381616095,0.345921971,0.464866145,1.222013982,1.201548641
TCERG1L,1.300130847,0.207725252,5.072395353,0.077945045,0.368667644,0.436111778,0.196179818,0,0.96761507,0.310424829,1.69948109,0.858290467,0.983772248,0,1.33142328
SYT15,2.219177937,1.591323147,6.157934896,1.473232232,1.637336219,2.570789014,1.856743655,3.875506047,2.515586351,1.799399177,4.685169445,2.742054059,2.991323702,1.222013982,3.272883315
CACNA1A,5.487851759,4.982391848,7.390104664,3.229978543,7.069865615,6.327270333,7.469637163,6.518873607,5.697272618,6.296889448,5.893456161,5.03432162,5.155892423,4.463164499,6.144849413
RCN1,8.270803669,9.318962716,7.162466461,8.514391552,9.654216905,8.779478119,9.56978916,7.999030678,8.595316539,9.688547481,7.330180509,9.378374255,8.727324217,9.287051106,9.60542153
CACNA1C,6.168558596,3.392102732,5.769422022,3.765700946,5.363874097,3.745472097,5.023944513,5.15189764,2.469657889,3.727235777,6.175697796,3.408601089,2.824366382,3.954197079,3.573424926
SPSB4,5.929861958,5.840955133,2.764916559,7.089322268,4.536111356,6.746265998,4.739260042,6.758331649,6.030863381,6.205980589,6.900786434,5.97066528,4.875350464,4.894016045,5.974712302
GNAI2,11.96349514,10.38392194,9.323764836,10.42639598,10.73987209,10.14425686,10.6635447,11.68166474,11.02264293,10.78687036,10.79558253,10.17413909,10.05013076,10.31842317,10.77519438
ZSCAN9,5.114274547,5.87434724,4.559377259,6.113244253,6.529062068,6.603456212,8.077004119,5.44199275,5.922806611,6.729986254,4.822486166,5.97066528,5.539595882,5.303378656,5.613252986
MEX3A,5.339416354,5.549677971,1.905346475,5.546682513,5.332943557,5.369965407,5.211441332,4.965037913,6.292855589,6.857917262,5.629040232,7.045989669,4.11218524,3.143458976,4.840877118
ICAM5,5.173938592,3.242754726,8.424747216,3.998976023,5.077050057,1.122016764,4.867172091,4.587083175,2.560097671,1.864255849,4.553262921,2.958670779,3.989293002,2.957956272,5.749237308
TMEM39A,8.369800123,4.874818942,5.065839276,5.342737233,5.554688897,5.514355428,7.260103263,8.495561793,5.037100805,6.788597305,7.762308112,6.619756895,4.143557997,5.316947783,5.434480936
ARAF,6.541302116,8.476168397,6.608325247,7.738880926,7.936161952,8.602583549,7.847638365,7.593957421,8.357797611,7.854181912,6.13012441,7.626814062,8.812747458,7.977459637,8.006035609
FA2H,3.176931778,5.97723307,6.561324408,2.255476168,3.717640735,6.536466669,2.28095873,4.402987571,4.317081594,7.258576745,6.103421178,3.462789061,4.55035698,2.548709282,5.342470892
ADAMDEC1,3.176931778,3.202870442,0,0,3.010892035,2.467165775,2.608365476,2.411187474,2.037634034,4.147719614,0.715665279,3.342696882,0.283626714,4.633957605,2.011859248
CCK,2.77611423,5.684668366,10.9201181,0.41476451,1.796954393,2.667465563,1.496083183,0,2.158359156,1.08429547,4.917524151,5.937562279,6.738784704,3.93421197,7.720113199
ERCC6L,1.675259624,1.940808306,0.687257517,2.304937137,1.856164574,2.122027916,2.302418049,2.201403741,1.541619007,2.411781606,1.191866241,2.451775185,0.574164306,0.889817461,1.985792458
RAB31,7.769395252,8.044751599,7.872884296,7.843356727,8.464763995,8.321711261,9.032806686,7.207991078,7.811672147,9.028453312,6.732369823,8.245373912,6.958826226,8.594833094,8.825179393
RFPL2,0,0.648779606,4.559377259,0,0.789019453,2.234503482,0.196179818,0,0,0,0.715665279,1.3550371,0,0.512450247,0.282907114
ANXA5,10.4113707,9.885131907,8.682696406,11.22217251,11.3834442,11.1067654,11.75783298,9.873826962,10.38645371,11.30615721,11.0084444,11.27559588,8.678436368,10.44458755,10.94826115
LSM5,7.24449468,8.923857594,6.586734588,9.19544342,8.890481738,9.023395136,8.743934311,5.092260311,7.611211947,7.690573181,6.256694427,9.508452997,8.45529187,9.997063526,9.050363297
RPS27,11.64099684,15.58622584,14.79337535,16.06720903,15.36956044,15.00821451,15.50135166,10.31072786,15.35169771,15.7517965,11.31740053,15.95864484,15.4375905,16.0828688,15.64844898
FBXO5,5.083490966,4.577037264,3.545825601,5.791898444,5.435994257,4.372014976,4.930561772,4.629657238,4.685171058,6.383791061,4.977573752,6.183282034,3.114050229,3.752135403,4.543145341
LMAN2,10.95484897,9.898770904,8.026383713,9.726073148,9.659160882,9.306512301,9.557291881,10.54424563,9.988051217,9.821318111,10.32412243,10.25506018,8.925173241,9.531005933,9.699016955
SYN1,4.26913805,3.720582586,10.10828856,3.383676197,4.383473519,3.278902915,3.7960755,2.411187474,2.322388627,4.154218362,5.232956148,4.744657377,7.157959315,3.929172134,6.354173921
DNAJC6,9.278693731,2.937199493,9.650044441,3.028788867,5.161629925,4.61994286,4.849058036,8.291936481,3.863705311,7.740553603,9.99241414,4.339021139,3.077387871,3.405392523,4.659018633
CCBE1,0,0.141751753,2.961381406,0,0.10136765,0.160469782,0.594369296,0,0.083690366,0,2.279008263,0.094561382,0,0.214033467,0
TSPAN6,5.643687594,6.595549655,5.396212596,7.578857869,7.940870717,6.78910221,7.290623555,5.29102232,6.774275482,7.531192698,5.021025556,7.674474428,6.833204401,6.531038188,7.804554582
CPNE9,3.176931778,1.488909829,6.234467688,0.736528786,2.404523895,1.40442046,2.096722457,1.955838395,1.68249994,0.713866604,3.453481398,1.500292121,2.014895965,1.695535936,3.101404816
ELK1,8.78534182,5.628569622,9.101003442,6.949229444,6.886762627,5.871137588,7.508240307,8.489795493,6.250477512,7.810107335,7.488184105,7.278409104,4.798594999,5.277835169,6.591975557
NDEL1,8.123486748,5.694768569,8.006836485,6.16996066,7.359267324,6.271236274,7.822329138,8.573959639,6.468539607,7.577259746,7.312802413,6.327766442,5.214046401,6.580896693,6.979799527
CA11,7.098175615,8.32621736,11.06136962,8.490763864,7.090816911,8.356565097,7.161533292,7.367428245,7.558707693,6.276184009,7.330180509,7.063630682,10.01519662,7.963353812,8.590748496
KCNG3,1.675259624,0.141751753,3.003157162,0.077945045,0.10136765,0,0.285095627,0,0.083690366,0.214185173,0.715665279,0.420836661,0.076302898,0,0.282907114
SYNGR3,5.622429688,2.907729974,9.224978555,2.699515546,4.718685403,2.855093498,5.539747059,3.944583493,3.966495349,3.384445503,4.363754933,4.289905407,4.729389367,3.919039334,5.869942478
GINS4,5.894829554,2.221925937,2.439381809,5.242639499,4.251863878,2.541933986,4.715461197,7.48802978,2.356438793,4.523980539,7.216409059,5.972222825,0.40694644,2.997014115,2.961286119
GPR22,3.055292985,0.072616151,6.161013927,0.151893904,0.368667644,0,0.368848086,1.659723569,0,0.214185173,0.973325103,0.62473343,1.690114442,0,1.959246011
PCDHB9,5.664636811,4.567646144,2.61131162,5.383597737,4.79253878,4.304900669,6.177394329,6.585272512,2.838287794,4.518953656,4.5132489,5.132313225,4.73822381,2.721904064,4.715626332
WBP2,9.904204393,9.824410468,10.907684,10.13625568,10.13003314,9.692099822,9.54889981,9.802351884,10.60700811,11.06089016,8.813543921,10.27759561,10.73298726,9.635938953,10.8191059
TECPR2,7.272058439,3.615131834,6.993991602,5.772982613,5.911170092,5.17702696,5.548753652,7.593957421,6.753662295,6.191836349,6.93904487,5.969106052,5.360463096,3.85670091,5.901657239
ELMOD2,6.334620341,4.570783314,5.563781009,5.37975574,5.954149601,5.239013904,5.68569988,6.606743314,4.232518392,6.368502186,8.460683048,5.723057833,4.200071291,4.939839246,5.630180071
TACR3,0.791819137,0.141751753,1.10041383,0,0.196078129,0,0,0,0.620612558,0.310424829,1.191866241,0.492052541,0,0,0.100593785
MAPK9,8.232732661,5.404262016,8.479419028,5.326861771,6.445980261,5.723156418,6.611637533,6.217716052,5.478955065,7.042640847,7.184915762,6.871691176,5.643570678,5.05536299,6.637683139
REEP5,7.83554921,7.626643424,9.626848399,7.747478404,8.401575556,7.875481501,8.303408155,5.958553354,7.610771193,8.77113353,6.705987502,8.425007666,8.113550036,8.240608033,8.865943574
CAMSAP3,3.393186765,5.416519904,6.346893817,3.932342059,5.52990119,2.388309861,4.607539814,2.201403741,3.960972923,1.239039056,2.828079749,3.523538645,7.070304832,1.046963903,4.908346943
PCNA,6.373312044,8.138118834,6.662559551,9.391823009,8.86052111,9.207637045,9.294779819,6.777391348,8.104017952,9.100468324,6.942815499,9.173103559,7.432886329,8.439350481,9.065220757
CBFA2T3,1.300130847,1.566393289,5.625267823,2.058063641,2.424222882,2.667465563,1.735769516,3.560445827,2.589026794,1.506174465,3.41055889,1.150126322,2.846323649,1.955565053,2.598133446
PHLDB1,9.540491199,8.790952681,9.393981527,8.799270859,8.693015374,9.681493615,8.900983733,10.34945182,9.416757875,9.584873459,9.75463684,8.355098262,8.514342608,7.960886484,8.798051321
MDFI,9.028971274,10.41888724,4.391265532,9.73032234,8.034361015,10.05045736,8.09363934,9.541732183,8.648032634,8.437231156,10.73163125,7.221920305,7.59242409,6.662878587,7.026097152
VSNL1,4.155335548,2.574272675,11.64030991,1.18701437,4.476036234,2.160502357,6.267439864,4.247648942,3.307293351,0.910937516,5.182820144,5.168089212,5.405526813,2.844752618,6.862935473
KBTBD7,4.564923097,2.034679376,5.388352049,3.458438682,3.847330909,3.179366884,3.653062817,4.133943638,2.058469548,4.909235949,5.316708391,4.103500667,3.114050229,2.779044073,3.013826346
BZW1,9.268466251,7.694727295,7.998684699,8.61872291,9.3087939,7.882691387,9.540740807,8.935991134,7.314808608,9.61345294,8.380934494,9.119994945,6.605121361,7.480791019,8.085277975
APOBEC3B,3.490260136,0.600478562,0.878962309,3.636425455,4.678241467,3.849220273,4.762672661,4.931398644,3.448161297,4.081069411,0,4.003462237,1.893609875,3.419837028,3.6910228
PPP1R3B,7.312441123,3.311880336,2.312208553,3.988922836,5.149846461,3.534633333,5.05903818,6.777391348,3.341697425,4.538956943,4.738206513,3.758307046,1.784116149,3.645553237,4.326585818
NPY1R,0,3.289204495,5.880063238,0.530178722,2.641748929,0.37197981,2.259175389,0.782285482,6.164198517,1.189279515,2.458298626,1.534430512,0.520550028,0.278859517,2.632141758
SIK2,6.183150926,3.885872915,6.291775617,4.259492291,5.877627311,4.567219683,5.211441332,6.101528367,3.833802997,5.94247575,5.19551843,5.312799527,3.682593612,4.040854534,5.056581774
CSMD1,6.15381716,3.356190002,5.653963304,2.038701859,3.939191175,2.770559583,0.84890533,3.645892097,3.280940951,3.362163403,5.813336625,4.850071431,3.759821263,2.258497405,3.346427025
PHACTR1,6.639804765,3.720582586,8.201079162,2.077169014,5.080157719,2.404429629,4.453011014,7.193873828,3.272048754,5.827232583,6.262740579,5.060915167,3.010897662,2.381670843,3.528989126
PRIM2,4.847382177,2.750614161,3.016817851,3.458438682,3.668934297,2.527287125,4.443384365,4.825501948,3.141435525,4.644276295,4.145534714,4.715195723,2.779423135,2.274481585,3.682933548
SLC10A5,1.300130847,1.290078974,2.355857149,0.687641783,1.419090777,1.371998565,1.296666987,1.659723569,0.828980142,0.910937516,0.715665279,1.150126322,0.943596455,1.046963903,1.007916987
ITGA1,5.70564415,4.719532526,4.212866212,5.74637515,5.5321723,5.665801495,4.758796848,8.378738566,4.634035718,6.019243045,5.006686542,4.748298138,2.108717845,5.080583225,3.879783012
FAM149A,4.692801364,5.348689083,6.978367628,4.182189703,5.895378578,5.993402468,5.120736735,5.958553354,5.89556467,6.723445861,3.687222679,6.367368392,5.615077134,4.494209303,5.946270627
AP2A2,9.639047381,7.799062995,8.173520113,7.680346703,8.303275712,8.132963857,7.889005827,9.12641095,7.626990072,8.574083646,8.719961755,8.265839093,7.953648149,7.777461631,8.289202617
GABRG1,0.791819137,0.600478562,7.168598716,0,0.594099211,0.556408883,0.368848086,0,1.247126869,2.367723875,0.401761701,1.105404881,4.169916395,0,4.132343268
KIF15,5.622429688,4.429316915,2.071643674,5.121335732,4.891382592,4.530969104,4.113866881,4.073543647,4.162070235,5.005823973,5.06320683,5.656803462,2.090435245,1.915352779,4.241019421
KNDC1,3.66676764,4.056709139,7.700557784,3.296699397,4.710686811,4.556439829,5.036804833,7.893797358,0.675593016,3.021863449,5.049282989,4.856832563,5.493379785,4.5673977,5.878822295
VAMP1,6.4233379,5.467905096,8.003838552,4.32089046,5.832269393,6.057243216,5.179904539,5.511939281,5.260339011,6.613375333,6.256694427,5.717496609,6.327267422,5.62032846,6.87363637
SLC9A7P1,4.322840891,1.094697358,3.895544744,0.222236434,1.532336487,0.612993681,1.532859968,2.201403741,0.620612558,1.506174465,1.381616095,0.492052541,0.520550028,1.046963903,1.201548641
ARHGEF37,5.70564415,3.058371217,6.18238509,2.610521236,4.877159559,4.828463372,5.074711947,4.587083175,3.019223825,6.05441119,5.82155179,5.417119804,3.979391548,4.144509074,5.129823379
PEX5L,3.176931778,0.740785346,8.276479276,0.41476451,2.658478313,3.021104179,1.797524218,3.645892097,0.083690366,6.804177359,6.741057797,2.451775185,1.453126763,1.286490299,2.509430799
TMOD2,6.211900125,4.362099281,8.987864156,5.800545875,4.960467529,4.810429428,5.883762116,5.209167265,5.269303452,7.282503871,5.853952497,6.531658046,5.072190127,4.44914943,6.147791146
USP35,6.88265494,3.925622981,5.974093753,4.417748452,5.445664833,4.773670833,5.963381143,6.93846461,4.634035718,5.619841717,5.939475594,5.814459192,3.613854631,4.265408993,5.484205584
TNRC6C,7.774222463,3.915787669,6.443622785,3.845866956,4.754140225,3.764331171,4.867172091,7.207991078,3.667456461,6.800039102,7.405891037,4.954621906,5.086097698,2.967820311,4.352316968
SNX30,5.556709373,3.639240434,6.44993043,3.794845687,4.558567035,3.41242703,4.770393188,5.209167265,3.539916469,5.894762993,5.571750358,4.700236164,2.295875346,3.090268851,4.173340399
SLC35A4,8.459443577,7.473315396,6.584442977,7.266741893,7.722585054,7.63026188,7.740678617,8.706651557,7.471094694,8.327584653,8.338628408,8.446177401,6.997973002,7.132878512,7.767261948
PIN1,10.90400207,10.6352099,11.12232142,10.61509987,9.708820407,10.23486593,10.16042154,10.99306911,10.90350161,9.761123789,10.62800513,10.30821075,10.25734108,10.4345639,10.69104515
EVI5L,7.589382187,6.739802288,7.9761361,6.770040341,6.929603263,6.919612568,7.633110667,7.906838201,8.477939638,7.258576745,7.998016593,7.040803476,6.875193186,5.983329777,7.176272778
LCNL1,3.824015197,7.328853647,5.607321113,1.114889176,6.44236218,6.369965994,4.13195881,3.156782629,3.487104203,4.508847035,4.886535278,5.728597703,9.17768108,3.651685625,8.159665036
SV2A,8.652700112,6.662510815,9.556835595,7.222916715,7.289157401,6.879811549,7.637866407,9.004320271,7.429713569,8.43889555,8.658232242,7.997190479,6.472873193,5.956334256,7.904902512
CPNE3,8.28778204,5.174043682,6.479829075,6.143014885,6.709468667,5.659099062,7.168123525,7.354794509,5.021268409,7.986163991,7.681114894,6.928956216,4.963376661,5.263891332,6.356718699
HOXD9,4.847382177,6.667647914,0.106050045,3.668272404,6.130883089,7.053415107,4.369061076,6.146202409,3.815559521,6.934478676,5.417704765,4.957770094,0.464866145,5.50142824,4.284436895
SPRYD7,4.155335548,3.818847864,6.586734588,5.137352783,5.504680136,4.909763568,6.371358027,3.372686435,4.855563653,6.042199615,3.224831257,5.257667121,4.282909534,4.914561801,5.436888046
IPCEF1,5.339416354,0.695515793,7.421897522,1.557274237,2.364300155,2.270127643,2.302418049,4.402987571,2.016493197,2.63263525,5.384818679,2.635995027,2.920644588,1.407393255,2.182221614
SLC10A7,3.490260136,2.01638744,3.583032091,3.884339105,4.388496168,2.807396531,4.550392518,3.944583493,3.071409072,5.267962046,4.270816682,4.707735333,2.179615869,2.88695246,3.658390035
REPS2,4.155335548,3.834593863,7.207090778,0.829597233,2.258542534,3.092489101,2.385199041,4.010504033,3.733724795,4.08787471,6.400729938,2.087990724,4.513094513,2.625494669,3.376833195
NES,12.2990232,10.04573028,5.828710267,11.145689,10.21350633,11.03399778,10.36754884,14.49899629,9.560850673,10.12160807,11.91650697,11.04291574,9.498135965,10.55774606,11.46968043
EPB41L3,6.82798965,6.150782586,9.599022624,2.840362445,6.556097801,5.619943847,6.452781177,6.786827597,6.277387063,8.9670287,9.072950318,4.459407248,4.217023833,5.694973151,5.725805248
AAK1,5.390610612,3.370662546,7.186840621,3.077039635,4.17255571,3.62682729,7.468451092,6.44927069,2.454017632,5.030760297,5.728504696,3.032192215,2.89979782,4.867915422,3.865558474
CNKSR2,6.660810031,2.761637959,7.946553637,4.897797635,2.957815624,2.667465563,3.636260781,5.264250032,2.373167175,5.726170495,4.947861361,3.146968856,3.712787751,2.410888434,3.682933548
RPN2,8.71929382,8.503103022,7.653782931,9.433653358,9.380659028,8.956638136,9.770916835,8.424796796,8.925431267,9.66470656,8.293568418,9.021133613,7.984605023,9.402009667,9.301498072
ANK3,6.013892745,1.798197072,8.01110847,2.937649704,4.77346725,2.978668734,4.620412273,4.451260225,2.801682619,6.30858906,6.422497507,4.427971038,2.162215317,2.20945401,3.052012755
FNDC3B,10.18631196,5.206677314,4.76357986,5.691641214,6.265285657,4.934951928,7.77081961,8.632701889,4.785433726,7.017910793,6.920042469,6.481136175,3.276502764,5.697939345,5.282169336
SSBP3,5.622429688,6.479325986,9.731135436,6.697044108,7.092356823,6.641356065,7.73081983,7.386173801,7.603700754,7.816267232,6.361828055,7.532311678,6.792079573,6.654505223,7.184890849
PPP1R14B,10.76056042,11.2484977,7.453632748,10.86824511,10.66675595,11.20497922,10.87910306,10.3707858,12.70768676,10.23016935,9.562766431,11.58923146,10.73560909,10.56867475,10.51042121
ME3,7.637859425,6.76740961,7.366291927,6.352558049,7.010833118,6.869687328,6.865198191,8.031146384,7.348507429,6.00852323,6.865464328,5.937562279,6.464024511,7.029531652,7.0148627
TF,7.370971713,8.67091972,10.69858781,4.800565464,8.836372118,10.94579357,8.645041477,8.248203804,6.594253455,11.29650475,11.16816049,8.880782472,9.45937014,8.973218081,10.29381266
SLC25A44,7.43333655,6.008803875,7.302892326,5.607082262,6.645873622,5.962433473,6.542307789,7.028719289,5.813676534,7.205592526,7.295212432,6.686746317,6.03871722,5.470540061,6.665660338
SEMA3G,2.613246987,2.314664523,5.256384201,3.570541622,3.023861548,2.62682336,2.344402204,5.122387111,3.55465728,2.176663575,4.738206513,3.232637942,2.685104914,3.099271174,2.864468799
HBQ1,3.393186765,2.750614161,6.518753829,0,0,2.497539607,2.555726089,0,2.373167175,1.765843659,4.246615546,2.635995027,6.114182392,0.713437379,3.707066494
HTR1A,0,0.141751753,6.311307425,0,0,0,0,0,0,0,0,0,0,0,0
CCDC85B,10.12999524,10.99059902,10.51095814,9.955365661,9.290128197,10.42489405,9.937795449,10.75482737,11.79280125,8.879774863,9.440079241,9.499839675,11.71290377,10.02242728,9.793380452
RNPEP,8.021616594,6.677867558,5.815092678,6.54752728,7.275666217,7.495197884,7.080008977,7.012723764,7.772407356,7.675969153,6.946576299,7.513714938,6.371471924,7.155172484,7.57029608
POPDC2,4.651422041,4.306727948,3.070202708,3.729931831,3.52127131,4.556439829,4.620412273,5.872539729,4.152411773,3.778614292,4.008329831,4.995022056,3.465695019,3.797090056,4.001860986
DOC2B,3.824015197,1.776622566,5.559120461,0.222236434,0.905720275,0,0.368848086,3.645892097,0.503936105,1.464947336,4.630107942,1.05925267,1.203831446,0,1.246151947
FLYWCH1,9.084438379,7.868267582,7.712674215,7.089910279,7.449746587,7.874035189,7.667110551,9.661983035,8.994632373,8.156873142,8.139449791,8.087984813,7.285983973,7.6746864,8.564020286
HOXC10,3.393186765,1.320216828,0.204835494,1.916734782,5.897141751,5.850694187,7.014067715,0,0.162790913,0.565739117,2.458298626,6.283287235,0.625857325,3.062919851,6.33881026
GSTO2,2.429625731,3.1701496,5.43233927,2.443893258,4.378433322,3.207201195,3.011592816,2.411187474,5.326252707,4.248342092,3.122156516,3.691798745,2.635527947,2.745032343,3.792252758
SHISA9,4.564923097,4.201366853,6.380303092,3.522564701,4.082447375,2.819469421,2.145033751,4.010504033,3.448161297,5.706407127,5.351165437,1.943025224,1.06091559,0.400377392,3.160857957
DOHH,8.72678359,7.66934222,7.548972557,7.821217824,7.343188894,8.137792967,7.611782286,9.190025002,9.391706137,7.883323306,9.46323575,7.359795018,7.256052645,7.408393003,7.696199321
BAG4,5.487851759,3.844996524,6.776355399,4.095833128,4.807616536,4.146202637,5.530683886,5.907562921,3.383579931,5.576950576,5.542229076,4.903293543,3.588023711,3.791546735,4.552055085
ADAMTS6,8.546665308,1.881406617,1.962935206,3.6994315,3.336104243,2.878363385,3.037418048,7.060187936,1.973258817,5.437388845,7.853266894,4.932390107,2.162215317,1.154520761,3.546928015
TMEM132D,0,0.648779606,6.027366851,0,0.196078129,0.160469782,0.101421946,1.286707618,0.620612558,6.11729506,4.611277001,0.559917738,0.283626714,0.074928529,1.201548641
BIRC5,8.001173805,7.968305242,1.461728422,7.089910279,5.754649605,7.147402791,6.232931596,7.276576677,6.653655616,7.032094117,8.152533857,7.474688018,4.859243154,4.685677156,6.059946916
MYL12A,8.407571843,10.1491718,7.703728416,10.04064396,10.00101137,10.03152673,10.78820764,8.495561793,9.3132884,9.737109611,7.839174308,9.26460628,7.285481802,10.71173896,10.16161809
HOXD13,0,4.99412359,0.106050045,4.356513038,1.670703954,4.585009021,4.058188637,0,0.237779012,4.759577283,3.757416586,3.557137668,0,0.214033467,4.552055085
BCL11B,3.747532772,0.331257742,3.91025799,0.222236434,1.338332738,1.527278705,1.968353894,2.201403741,2.016493197,1.287139424,3.122156516,1.63225092,1.424220954,1.083714391,0.519328577
FLRT2,3.824015197,2.877645915,5.935056936,1.829290015,4.442621139,2.745468477,4.419032904,6.007802941,4.209415802,5.371985901,3.687222679,2.604203071,4.778750651,3.774787822,3.45491615
ETV6,5.286338412,4.548678498,3.619303117,4.40268154,5.662284064,5.092493369,5.831211027,5.180816608,4.522238913,5.979541426,4.196960214,4.919530693,3.415173273,4.854685873,4.707674241
AKAP11,4.733026863,3.406221195,7.910875192,5.135075492,5.611638599,4.486230724,5.894399802,4.629657238,3.977477185,6.601535303,4.592197014,5.351612542,4.57686495,4.289206001,4.81520229
SORCS1,2.922446151,2.156613492,5.893083871,0.151893904,3.840016411,0.66744264,1.065196689,2.594303188,3.463864826,7.176358323,4.533394633,2.604203071,2.144602329,1.695535936,2.820900419
TYRO3,9.149044551,6.470114795,9.079603201,7.673693843,6.175152863,8.235358717,6.880439043,8.019186618,6.703285543,8.602281537,9.227779568,7.601877152,6.115313109,6.945917956,8.211548789
NRXN3,5.60085386,1.979092741,7.853982709,1.22176837,5.516198938,2.287615191,5.394936387,5.600219657,0.876687424,3.618640632,5.130878909,1.864686845,3.500728596,1.671593662,3.633421746
RYK,9.910795226,5.099974874,5.713896057,6.11440071,6.460362529,5.904106737,6.748874321,8.526870941,5.345453558,7.247982534,7.942600652,6.865837643,4.842953977,5.486066814,6.146321029
GOT2,7.305788686,7.650191307,8.539802892,7.530728274,7.922808508,7.508309129,8.024705742,7.533582315,7.062315297,8.00785569,6.576058447,7.108937451,7.128022345,7.054046445,8.021354206
ANKRD65,4.733026863,5.853889878,7.400563237,5.91646365,4.645049626,7.014560998,3.417708814,5.762060184,6.653655616,6.432723879,7.344504045,3.453897897,4.560354632,5.066881417,7.913570373
SYTL4,5.803335697,5.895769963,4.164592883,5.603792243,6.352689217,5.289794991,6.418797589,4.587083175,5.096231364,5.908282391,4.533394633,6.435571099,7.948899221,6.284994971,6.755183328
TRIP6,9.683346573,8.304474374,6.937653581,8.541297703,9.491745908,9.729569268,9.779071924,10.2360553,9.398616502,8.623805914,8.816629649,10.30411969,8.821087349,9.581668719,9.336405604
FAM168B,8.207971892,6.469274491,9.424569469,7.095191629,7.758915298,6.889149416,8.031949958,8.61691701,6.354176302,9.087793559,8.340058782,8.577074389,6.623516071,6.232774415,7.57029608
FER1L6,0.791819137,0,0.466117858,0.077945045,0.284952208,0,0.101421946,0.782285482,0,0.111063732,0.401761701,0.094561382,0,0,0
MYPOP,3.96579551,5.677410396,7.041544872,6.060220275,5.164560814,5.695582974,6.03723601,5.663056373,6.344665688,4.866341417,3.949572998,4.744657377,5.186338788,5.553121839,6.118100359
SYT16,4.608820744,0.784677521,6.112534339,1.529800635,1.940658678,1.304883477,0.594369296,1.659723569,1.094088111,1.926321879,4.341075609,2.635995027,0.67576203,0.278859517,1.372240513
PANX2,3.055292985,4.463475519,7.102871974,2.557088723,3.293898089,4.697218676,4.235989987,3.645892097,3.815559521,3.14443448,2.76131997,3.135893483,5.616674959,3.427005407,4.47450836
HMGN4,6.108666948,4.972937278,6.589022565,6.863103256,7.82709266,6.19798726,8.523245407,5.31730683,6.186848317,8.164538494,5.845920284,7.920202553,3.193284992,5.036740061,6.310211442
MMD,3.824015197,5.462848158,8.258265036,5.033587211,6.930464451,5.278906666,6.385251692,2.201403741,5.249054557,7.861150274,5.257385569,6.128459827,4.628463001,5.893034603,6.089316631
RPTOR,8.069528847,5.571767596,6.525936732,5.995162931,6.038047207,6.142605451,6.552418363,7.822182482,6.450918605,6.982743277,7.669783834,6.336258173,5.886768673,5.544908433,6.327179183
KCTD8,3.490260136,1.686945791,5.697024952,0.530178722,3.283150759,3.102404609,1.968353894,3.726559379,2.954002881,3.753153739,4.648696253,3.283707727,0.346603827,1.571641668,4.126390261
SNRPC,7.648414458,9.833009726,8.087131477,9.234790812,9.096158273,9.226177274,8.992529931,7.004659001,9.463763665,9.148862573,7.875137953,9.207067576,9.020442835,8.576818584,8.734408673
NDFIP2,6.267734888,3.370662546,8.018766308,5.467443323,5.828578398,4.878368336,6.690051074,5.534520956,4.562907633,7.00538496,5.647642216,5.577160154,4.290937642,4.87579531,5.350153707
PLEKHA4,8.500804056,9.349651236,3.780135326,10.79557892,8.511266589,10.04299534,9.560495942,9.382805835,10.40519256,7.290638017,6.920042469,6.879182417,7.580601701,9.962639043,10.40556403
NBPF14,7.180480557,2.253505827,4.380739092,4.267831263,5.65604976,3.726363226,5.986765951,7.075668544,3.226746584,5.728349806,6.571194564,6.463525499,2.311744664,3.006615564,5.282169336
BMF,6.459750835,4.047730749,3.030350402,3.687048501,4.452247544,3.647291448,3.855353228,7.871797196,3.759402678,4.553779476,4.703065986,4.228670413,3.010897662,4.224853684,4.167554513
SH2D3C,5.60085386,4.685206333,6.301574574,6.260494577,5.826729354,5.835912338,4.235989987,7.702641894,6.741634711,5.881115706,5.829720441,5.796987906,4.061463996,5.073748587,5.395410741
GABRD,2.922446151,4.982391848,8.338986822,4.603814695,3.717640735,3.443962702,2.121080318,4.191916204,4.964445357,6.364304219,4.429729158,4.137214996,7.469600251,2.897312331,5.787464347
ZNF536,4.322840891,1.639926564,6.419399025,0.222236434,3.416983688,4.01587051,3.840760567,3.802954053,1.094088111,5.285828607,6.590552477,2.301284072,1.169407711,0.930737728,1.727210185
GJD2,0,0.141751753,3.254454267,0,0.368667644,0,0.84890533,0,0,0,1.959800392,0.266903103,0.815885726,0,1.201548641
ABHD4,6.741900153,8.197420933,5.893083871,6.921748877,7.730023591,8.025025022,7.441503416,6.988392953,6.661337519,8.078319852,6.417086328,7.78228591,8.683019137,7.405220509,7.454492099
MCM3,6.952461954,6.942916459,5.472548661,7.493436075,6.867106325,6.796755784,7.060462407,7.631102788,6.387492929,7.874002893,7.716787578,7.771144534,5.998838257,6.107871724,6.975666551
NECAB3,8.909004961,5.999521373,7.951896776,6.535490519,7.083866898,7.744684322,6.674705619,7.289911035,7.379885888,6.185505231,7.721185277,6.863321697,7.203858816,7.466512185,7.241753944
PPP2R2D,5.487851759,6.028333093,6.871526941,5.851369456,6.05709845,6.094979345,6.014661456,5.663056373,6.629491377,6.280645973,5.961946289,7.028878844,5.425719795,5.68454318,6.343949681
NAP1L5,4.986991323,5.532081407,8.660023556,5.767112106,6.391983552,4.716714877,6.196145306,5.061490953,6.259503247,7.178750858,4.572861303,6.952819233,5.864078274,4.621514028,7.302412947
GALNTL5,0,0.827273665,5.17037992,0,1.208029878,0,0.594369296,0,0,0.713866604,0,1.3550371,2.126771655,0,1.695394753
EFNA4,5.390610612,4.711027242,2.123072901,4.062667749,5.389152448,5.428284413,5.419694493,4.451260225,3.863705311,4.223836734,3.122156516,5.757789676,4.413659794,5.514946868,4.962814309
PIP4K2A,6.650345627,5.252331532,8.854432119,4.762713607,6.135371699,6.614757892,4.59889392,6.376138802,6.325454279,8.32254466,7.931257375,6.150639318,5.304063562,5.477461478,5.422384774
TNFSF13B,4.42459766,4.679405049,2.961381406,3.661959007,7.424294496,4.541940238,5.911956808,5.578650816,4.634035718,5.429373795,4.720743239,4.520296436,1.784116149,5.509892216,4.479187158
CAPG,10.9993338,11.3654285,7.737121881,9.677998138,11.24721661,11.32723789,10.68304067,10.15183891,9.897449614,9.641910836,9.324886234,9.720693169,9.696830693,11.84891497,11.05112244
GPR155,6.629186321,4.272455478,7.271897398,3.823413296,4.606772632,2.967861933,4.611843408,4.825501948,3.440244965,5.734868055,4.318034062,4.463842736,2.802069762,3.929172134,4.229957773
TNIP2,9.150901619,7.970385393,5.369842485,7.501414099,8.154583527,8.271511414,7.930512766,8.741038787,8.744604827,7.785724604,8.378152359,8.104767741,7.353180055,7.959342259,8.149427532
NDUFAF4,3.055292985,7.837340263,7.251098695,7.109181432,7.529779317,7.184048396,7.673300767,4.35304363,7.261894998,7.67427452,3.979250518,7.687807405,6.899680873,6.931498776,6.940474007
KLHDC1,8.344058145,1.162807259,5.136367835,3.168954138,4.295299237,3.000042475,4.207836808,6.980190635,1.810839303,4.296138353,7.079252558,3.614116426,2.721200678,2.844752618,3.492427981
DUSP7,7.493116818,5.03103665,6.943923802,4.735914302,5.493068624,4.810429428,5.965064116,6.689567036,5.219295097,6.545783567,7.026926494,5.135096942,5.129274165,4.32033679,5.27411478
PLCXD3,0.791819137,0.389271261,5.447549423,0,1.338332738,0.81944879,0.285095627,0.782285482,1.053150085,1.378780936,2.891886412,0.858290467,2.756415337,0.146156915,1.155522235
KIF3A,7.451532152,3.494769742,8.290957161,4.480083347,5.161629925,4.334648062,5.842241836,5.368481417,4.491924566,6.685812908,6.321848056,6.012139802,3.833124113,3.330917619,5.355252947
NT5DC1,1.300130847,2.205872926,6.030737203,2.458538007,4.963836438,4.169970848,3.283868606,3.035365724,2.26975742,5.349509019,1.69948109,1.968220424,2.53095031,3.376062275,2.434320015
BLOC1S5,4.692801364,3.97381824,4.095464015,4.665076123,5.368965325,4.602581675,5.33372372,5.092260311,4.020587203,5.831293677,5.090657735,5.262767131,3.561721854,4.10035392,4.600098757
GSN-AS1,5.876989096,1.195693164,4.271021473,1.501793674,1.670703954,2.04185693,3.593379113,5.264250032,1.011016389,4.236141443,5.316708391,2.281319017,1.66562482,1.518942907,0.784208081
RPL13AP20,0,3.639240434,0,3.6994315,3.397184925,3.843319658,2.659151638,3.156782629,4.846607298,1.926321879,0,2.742054059,0.902269731,2.721904064,4.19625466
KLHL1,0,0,3.288640243,0,0.10136765,0,0,0,0.162790913,0,1.69948109,0.420836661,0.283626714,0,0
S100A16,10.65851916,9.806391394,7.730919199,10.39319259,10.91971276,10.4432968,11.15597422,10.48895203,9.604893009,9.963622262,8.44879932,10.90073906,10.46412557,10.21046402,10.9635241
PLEKHA1,5.231232854,3.520957048,8.192076613,4.443742748,4.898441869,4.742306623,4.902731851,5.343121017,4.103125068,6.436727674,5.845920284,5.53562667,2.920644588,3.813593355,4.347207322
COL4A2,11.08049644,8.214320206,4.734938597,10.91395773,10.00867701,9.73684832,9.270996454,14.32861366,11.96454451,9.848246175,10.46713104,9.312733064,3.57493272,8.938212871,8.812258646
LZTS3,7.370971713,4.914870538,9.205538949,6.49166324,7.256564064,6.880531996,7.205622011,6.955300112,6.693328692,6.517078386,5.916649362,7.91737553,6.570089163,5.869549293,8.061685975
C1orf112,5.202870123,4.118040388,4.108281787,4.225645874,4.235232447,4.126902044,4.997874763,4.010504033,3.612159011,5.505048362,4.755460927,4.586875837,3.736496167,3.569856361,4.506945708
S100A2,4.772161144,5.809430229,1.199572972,5.28022194,5.506991266,5.943252049,6.886668189,5.264250032,5.588662961,5.027224245,4.318034062,7.374004431,7.449568135,6.632194172,7.363157518
MAP1A,7.972058343,5.972496596,10.19702277,5.248971621,6.16201398,6.617353447,7.050192557,7.599322816,5.938346295,7.693364779,7.687871057,7.352039415,6.782858377,6.768233799,7.383890335
HOXD3,5.643687594,3.844996524,0.384171225,3.195424142,5.325106185,3.660774713,4.000275033,5.818357244,2.500438744,6.524621932,5.754482102,4.148280268,0,0.847702574,4.455639935
GINS1,5.231232854,4.354838078,3.332996813,5.641181914,4.60245626,5.59733332,5.612422249,5.31730683,3.875494831,5.415915626,6.480718264,5.525053743,3.132037846,3.903705432,5.260589776
WDR7,9.623081837,3.363444422,7.302195241,3.70558337,4.131204445,4.00533982,4.731370634,8.640530032,2.942840198,5.547631274,8.625761614,4.063144891,3.706799267,3.993355457,4.41226149
SBF1,8.932946411,8.984955439,9.187910834,7.395043256,7.482998935,9.099318903,8.069200962,9.207696882,9.55902415,8.471135915,8.154161053,7.552755242,8.859887839,7.80523494,8.414793235
ADAMTS8,6.585913317,4.043220514,5.805286528,3.428996952,3.548452063,3.934950341,2.816582997,2.411187474,1.35211345,2.963855635,3.650802018,2.017328019,2.247192361,3.84068614,3.699066949
UBR3,7.561729468,4.325422187,7.2811245,5.370105746,5.918133439,5.067402363,6.045213504,6.833104664,3.733724795,6.47486873,6.411654776,5.903681847,4.69954429,4.48736796,5.334746944
CDK2AP1,8.981757614,9.257503216,8.696290215,10.42982564,10.30017951,10.68973823,10.42133155,9.843627322,10.24138429,10.11849579,9.512274115,10.76102432,9.973094508,9.394944187,10.91146599
CNTN4,0,0.550504229,5.960020456,0.41476451,1.532336487,0.81944879,1.253248978,0,1.511713379,1.864255849,3.575080631,1.193503044,1.237452911,0.665754212,1.289417523
PRCD,5.313121467,3.765084278,6.059071675,3.636425455,3.832664639,6.68159655,4.013347124,4.451260225,3.89878872,6.427368141,3.949572998,4.829595816,5.147074127,4.095863157,5.640659525
HOXA2,4.519647722,1.709892961,0,0.584598503,5.319857516,3.041862825,3.686091,3.372686435,0.162790913,3.952742908,0.715665279,4.863562158,0,0.512450247,2.94784655
ATXN7L3,9.24952546,6.194148112,9.830083058,6.61035362,7.337356511,7.020456242,7.895198172,9.607110624,7.320210463,8.181339808,8.718862654,8.157060659,5.689843943,6.081993266,7.407401145
PBX3,7.487249036,4.661859903,4.265310311,5.286391587,7.339951592,4.984046531,7.273068448,6.767892974,5.349685931,6.828760683,6.18845865,7.189480411,3.771343901,5.210886974,5.053447848
RBBP4,8.582883105,5.766295976,8.302505474,7.839165903,8.425902091,7.328327168,8.512352181,8.119685618,6.502198558,9.199618411,7.065483458,8.916210363,5.308024771,6.325835332,7.775368745
MCM5,8.532489647,8.361969331,4.861464366,7.525956181,7.097733605,8.219501653,7.348504042,8.965375404,7.575519104,7.651487121,9.107795323,6.670528181,6.999810899,7.032472018,7.052237268
HIVEP2,4.651422041,3.289204495,6.778361776,3.550175131,5.013448234,3.197982631,5.397431405,5.31730683,3.198866351,5.79224378,6.238402435,5.135096942,2.857178223,2.957956272,4.09014696
RAB42,6.585913317,4.043220514,1.962935206,3.867976503,6.492207797,5.447859966,5.267072288,5.556754613,3.071409072,6.823673587,4.755460927,5.764996301,0.815885726,3.861999904,4.818898216
NRIP2,3.96579551,2.53626201,4.928043324,2.771657132,2.518874467,4.077489753,2.944931794,4.010504033,2.26975742,4.419956052,3.650802018,3.532012044,3.095835507,2.86600683,3.113493065
ITPKA,5.980865409,4.702471518,8.761387857,5.408324378,4.628162879,5.940490908,5.693842319,5.061490953,6.435072744,5.155850762,5.460418306,5.75417282,5.369968153,5.58070275,7.239687389
CRY2,8.200818623,5.140654762,8.112800672,5.076942593,6.085211755,5.469090661,6.003240319,7.48802978,5.515203514,7.249500764,7.646851183,6.513587744,7.010789383,5.291645525,6.489029863
ORAI3,6.506914449,5.966554052,5.052637062,5.551813538,6.657363118,5.962433473,6.420025174,6.606743314,5.345453558,5.970363901,5.117596055,6.293290689,6.409761466,6.512625098,6.540301812
WASF1,0,5.899517641,9.10440621,5.242639499,6.389480476,4.64050421,6.061037362,4.629657238,6.160589502,6.898158408,4.611277001,7.19215608,4.637935508,3.26043604,5.377979084
CHRNA2,1.675259624,0.331257742,4.108281787,0,0,0.160469782,0.101421946,0,0.44185729,0,2.617750481,0.911215713,0.40694644,0,0.900394324
SMIM6,3.824015197,1.059397375,2.196934495,0,1.37927676,3.693941665,0.523042044,0,0,2.613897765,3.791273016,1.723857793,2.144602329,0.930737728,2.729605978
ORC1,3.96579551,3.885872915,0.687257517,3.204140641,2.641748929,3.261308794,2.831421007,5.030051028,3.208219755,4.114779369,3.824353104,3.743790126,2.557813944,2.175806999,2.49101652
ANTXR1,7.463536298,6.040830219,5.647391748,6.893060998,7.109188243,6.393375326,7.611245015,8.039064834,5.949543669,7.517395878,7.28336549,8.058228207,5.916910225,5.962514108,7.334396583
RASL10A,3.824015197,6.201250642,7.843959346,5.731378397,6.102126253,6.266834454,4.967971938,5.31730683,5.897011354,5.890876924,6.310218705,7.55743213,10.49567354,5.451333145,7.300431538
AJAP1,2.429625731,2.401800091,6.326470467,3.177831544,2.404523895,2.234503482,1.458344316,4.133943638,3.89878872,2.275354251,4.492817865,3.489138436,1.169407711,0.565382398,2.249494819
PIGW,4.42459766,3.818847864,4.442775586,4.826200701,5.122976416,4.440060472,4.739260042,4.629657238,3.358596611,5.771258639,4.294618533,4.707735333,3.370414572,3.757831939,4.40244211
WDR37,6.935324301,3.657061126,7.098863617,4.567121051,5.293323868,4.367910571,5.242303463,6.484491858,4.634035718,6.172759032,6.546626093,5.643179483,3.999126964,3.993355457,4.671337235
OIP5-AS1,8.721794733,4.376512961,8.762908589,6.152052845,5.592178603,5.855099369,6.662310639,8.606296986,4.688516491,7.512978166,7.618841979,6.600750918,4.823714528,5.217103187,5.877050698
SLC35F2,8.74164748,2.927443053,3.428077346,5.524234748,5.672615075,4.326211211,6.311762455,6.574416083,3.471652953,5.730525829,5.745874835,5.170804812,3.822086343,3.802612158,3.573424926
MYRIP,5.0198803,1.940808306,7.327080517,1.806574815,3.436514419,0.956954814,1.703871737,4.073543647,2.158359156,2.993151069,3.453481398,3.055889682,1.61536202,1.78751909,3.942112863
TTC3,9.978239792,6.772868241,9.444764899,6.631510108,7.74380707,6.569903641,8.172962589,8.781721954,6.244807619,8.139782755,9.598463339,7.923024048,7.205452419,5.814583273,7.412913822
IKBKB,8.311221003,7.109112493,5.98976383,7.264139172,7.948968014,7.585894525,6.828689198,8.350380889,7.37626004,7.751310015,7.987102385,7.572913156,7.007139163,7.497485801,8.085277975
ASB14,2.429625731,0.445041847,2.220737943,1.077427737,1.419090777,0.912559914,1.568722506,0,0.503936105,2.176663575,2.074231976,2.261073791,0.283626714,1.378104069,1.876543648
EFR3A,6.281362353,3.834593863,8.194332523,5.006436238,5.806231898,4.723155499,6.235722837,6.039726099,3.869612114,6.723445861,5.90122873,5.396386508,4.233779483,4.627749232,5.257869494
ZNF667,2.922446151,4.340205103,6.067300528,4.803436422,4.645049626,4.5199139,5.805139665,4.997910656,4.17643776,4.602116103,3.122156516,5.433042192,4.225425983,4.463164499,5.539011276
OTP,3.824015197,3.1701496,0.106050045,4.53293347,4.494788739,0.770538241,4.554869735,4.35304363,0.376986657,3.646565316,0.401761701,4.53723155,0.148772113,4.002981205,4.213204633
CDCA3,6.360529761,6.727204522,3.438265191,6.824759514,5.970989185,6.82172832,6.042027798,7.128578812,6.158178466,6.389310724,7.364321048,7.292192347,4.028232943,4.841333884,6.12707193
FLNA,11.80476568,12.95226463,6.933158108,11.30582428,12.73782554,12.66789058,12.23052802,12.7268862,11.38469065,10.62910158,10.23005176,10.92692799,11.79252654,12.61633681,12.20585457
DIP2C,7.463536298,3.384991347,6.827635234,3.834683808,4.485442955,4.11225524,4.800868654,6.895495737,5.015952096,7.14733408,7.902502742,5.958144011,4.391430525,2.927952925,4.654888946
NPAS1,4.26913805,5.208692613,5.561452617,6.5398009,4.915940403,5.174679203,5.667209609,4.825501948,4.544563844,1.895622605,3.824353104,2.995899789,4.644216135,5.399435817,4.829929522
CHIC1,3.581211572,2.599067908,6.495769128,3.543321904,4.149071739,3.321971784,4.101678309,3.156782629,2.965079857,5.023679505,3.41055889,4.239058446,3.058701288,3.143458976,3.893868669
SATB2-AS1,0,0.868648125,3.52685623,2.038701859,0.96071155,0.866755392,1.114557245,1.955838395,0.376986657,2.687430353,4.703065986,1.23561356,0.67576203,0.340897504,1.107978918
DNAH17,1.972701591,2.415824431,4.970781359,2.20425911,3.474800139,4.351375176,2.831421007,3.802954053,2.789271549,4.805714414,5.22058454,2.198575572,3.001143878,3.044394842,3.416402868
SOHLH1,0,0.90886903,5.883795425,0.289308085,0.284952208,0.436111778,0,0,0.237779012,0.310424829,1.191866241,1.663437338,4.098528077,0.565382398,3.464385943
P2RX5,3.747532772,2.599067908,5.690647074,3.328937278,2.902711717,2.719933256,1.496083183,3.035365724,3.778365544,1.028792263,2.952990191,1.567779727,3.039769487,3.888206799,4.184843022
NOS1,4.564923097,2.574272675,4.082531341,0,2.78575713,0.37197981,1.253248978,1.659723569,2.776752784,1.378780936,2.828079749,1.193503044,0.574164306,0.074928529,1.488189448
CACNA1E,4.564923097,3.384991347,6.340118108,1.383989996,1.603178421,1.693930411,2.145033751,3.156782629,0.675593016,3.293174708,3.613438057,2.78522496,3.123072071,1.831400987,4.09014696
LPO,0.791819137,0.445041847,0.817848003,0,1.37927676,0.234472535,1.338816413,0,0.237779012,0.214185173,0.401761701,0.62473343,0.40694644,0.400377392,1.488189448
SYT1,5.114274547,2.836532396,10.96622682,1.321272834,4.640846434,1.584994863,4.804633218,6.413168089,3.131637453,4.230002206,7.347351765,6.217830911,4.485376967,1.378104069,5.958049888
SREBF2,8.853068053,7.282726725,9.33964767,6.719257371,6.266650246,7.379171748,7.143810727,8.952855357,7.526823564,8.121658705,9.292006854,7.23495427,7.264231176,5.433647606,7.326629169
IDH1,9.090256741,7.906637957,6.640668772,8.804116631,9.057853893,7.679114374,8.345686945,8.58481949,7.19643051,8.927029218,8.507262616,8.145717745,6.951247741,7.539430508,7.897930531
TAOK2,9.543321769,7.453057066,7.798219157,8.009828533,7.934445856,7.918560858,7.896962543,9.801188317,9.256096572,8.370426147,9.136066202,8.449815441,7.310378691,7.414266333,8.485388282
DRAM1,4.733026863,5.142764362,3.343876094,4.696303586,6.395730041,4.846274669,6.01303539,4.75032338,5.088654741,5.413208861,2.952990191,5.81619474,4.208572462,6.028800694,5.915531955
OSR2,3.896646329,4.118040388,0.466117858,4.741912872,3.709636332,3.467170164,4.179123288,2.594303188,3.350171762,1.864255849,6.837380935,2.13324682,0,1.809626875,5.424812133
SPINK8,0,3.885872915,0,7.055403133,4.251863878,5.408439586,0,0,4.63056138,1.585254253,2.952990191,5.398704977,0,3.510357697,5.695969626
MBLAC2,1.300130847,2.034679376,5.849852976,3.556995957,3.660654257,2.831442119,3.905295604,3.035365724,1.859140262,5.203626886,3.495163702,3.661225902,1.93518186,2.561794019,2.94784655
DLGAP3,5.60085386,4.351193725,8.920420776,2.169075531,2.84541924,3.141398891,2.482412456,0.782285482,2.251778182,2.774369963,3.613438057,3.60611309,4.804215036,2.06988472,4.167554513
ANKRD19P,2.613246987,2.77257816,5.713896057,1.321272834,1.994358384,0.436111778,1.671252726,0,1.247126869,0.848191415,1.191866241,1.392744771,2.108717845,0.457501815,1.932201921
CIT,7.894375003,4.291596163,8.580041452,3.6994315,5.104780934,4.067400916,5.11164849,8.035111042,5.387228724,7.314768852,8.624588323,6.827629841,4.43916832,3.569856361,6.415264141
CXCR4,7.136169962,6.227329502,3.85809145,8.235457122,7.952363852,6.109801692,7.69729323,7.012723764,7.49803707,7.040888404,3.722746498,7.677819242,5.461725499,7.419217466,5.868159937
RFWD3,7.37733092,3.590613502,4.288020549,4.128253187,4.784940395,4.000045509,5.774755243,7.012723764,3.333173016,5.762778362,5.522207187,5.11267534,2.961455621,3.090268851,4.150056311
FSTL4,1.300130847,1.960077513,5.607321113,0.41476451,2.424222882,0,0.196179818,0,1.011016389,0.910937516,3.224831257,0.62473343,1.333857146,0.759594841,2.355082941
GMNN,4.772161144,7.271201897,6.266268367,7.451498424,6.756847594,6.889149416,7.103120565,3.944583493,6.367804107,7.466083158,5.035223454,7.847809885,6.543455244,6.231751415,6.834005525
FLVCR2,8.057699129,4.233394999,2.377196014,4.476490205,5.224772849,4.220922129,3.171741276,6.070958144,3.707581589,5.374771048,5.208105923,3.721737127,3.429789489,4.974499742,3.900860259
DCPS,6.70192475,7.326071539,5.065839276,7.158226117,6.542643264,7.492372762,6.815689603,6.70955078,7.054557961,6.512027353,5.316708391,6.890758687,6.849603406,6.462051928,6.560311039
RASAL1,1.300130847,3.145112557,7.870535097,0,3.512096056,3.63368098,0.727243551,3.802954053,1.511713379,4.707503847,5.049282989,2.971187498,5.549668125,2.321398252,4.556489407
EFEMP2,10.23439534,10.0125886,6.948385906,8.859134907,9.79361796,10.29763915,9.845105439,9.701186052,9.461076568,8.785594793,7.694595727,9.071774201,6.815225901,10.14662799,9.596567195
TP53,8.021616594,6.527752162,4.23056025,7.278138411,7.350285489,7.583684175,8.139446269,9.09447038,6.855392546,8.23443922,8.042624088,7.470836813,6.115313109,6.768233799,7.038830307
TEX29,0,2.717028171,5.078921771,2.736037219,3.239342468,3.77056314,2.708210639,0,2.885693265,3.257402457,0,2.867874431,4.978368123,2.88695246,3.039395925
HLA-DMB,9.35961056,8.739608065,6.183899555,6.76857196,8.156793009,8.047011839,7.146779648,8.138234796,8.703651401,7.720440319,7.742974912,6.021196656,7.350301775,9.306008045,6.918249955
CTIF,7.816955576,8.676209086,8.283559811,6.153178619,7.945138117,7.911880887,6.893754433,7.835883863,7.504220241,7.321280538,7.791876288,6.62966037,10.1069405,8.253518123,8.564295539
SYNGAP1,6.267734888,5.786675827,7.513276809,5.923078411,6.544894419,6.325154943,6.756668844,7.741983072,7.145610206,7.064368643,6.389721739,7.405472972,6.205140149,4.289206001,6.751320294
SERPIND1,1.300130847,0.740785346,1.71735235,0.353399575,0,0.234472535,0,2.411187474,0.162790913,0,1.549285232,0.62473343,0,0.214033467,0.282907114
HAS2,6.926678523,4.314234737,1.10041383,4.968568956,5.570243995,4.384258592,7.574784319,4.711212082,3.680955883,4.885997169,4.772511417,4.450495153,1.453126763,3.898557699,4.747003498
SAMD8,6.563780144,4.387229498,7.152445618,5.003942441,5.729140151,4.664127846,5.807017611,6.363581447,5.328398798,7.495810563,5.737215908,6.742572094,5.194921024,4.300958907,5.36792275
MICAL3,8.182778725,4.272455478,7.868182065,5.536365389,5.309302544,5.162882765,7.002641858,7.6876079,5.083581463,8.035399928,9.376679762,6.129856079,4.945687431,1.915352779,5.804341509
FUT9,1.675259624,2.623444182,6.553144584,1.687302794,3.63552513,1.693930411,0.594369296,0.782285482,1.810839303,5.219207025,2.540226333,4.646621292,4.165556636,1.491853626,3.799753233
GTF2H2C,7.527830995,4.513243246,6.114123893,6.084027396,6.230744591,5.63709858,6.042027798,7.020743695,4.718281339,6.879649527,7.009054057,6.778624174,3.600996982,4.624634999,4.804057361
CABLES1,4.213358628,4.109436802,7.699499356,3.414047667,4.189921178,3.77056314,3.627785808,4.073543647,4.623587501,4.336699334,5.728504696,3.435949474,3.949272805,3.669927926,5.072150098
FAM87A,0,0.331257742,3.310988993,0.584598503,0.848549546,0.304863828,0.101421946,1.286707618,0.083690366,0.111063732,0,0.746233097,0.217774517,0,0.657838811
CELSR2,6.771171178,6.072161022,8.195834505,6.876115938,7.109948661,7.181127368,6.825913414,7.677497488,8.50024148,7.817291329,6.912370869,7.31262341,6.27054383,5.533330537,6.853957026
UNG,6.471687072,5.93768407,6.935857073,6.42704792,7.184757198,6.718329113,7.310617519,6.963644759,6.166599521,7.143256355,6.571194564,7.346045067,5.241231888,6.067158326,7.457458963
RPLP0,12.05583881,13.53928244,10.74054967,13.45409946,13.65669042,13.32948216,12.6523725,11.73138146,13.49451877,13.00023325,12.52177471,13.16477954,13.93077988,13.39047926,13.16677159
RUSC2,8.033744654,5.755307849,7.973949277,5.155442854,6.212451001,5.5382935,6.239899599,8.112198649,6.856136493,6.30858906,8.549915083,5.721206473,5.877468747,4.870546836,6.938776567
CPEB1,5.202870123,2.139812696,7.321587433,3.320945091,5.070814576,4.541940238,5.860441137,3.875506047,1.570917289,6.403018193,5.571750358,5.192347533,3.422499891,4.31648198,5.072150098
HRH2,3.824015197,0.270813296,4.321429356,0.077945045,1.457835492,0.866755392,1.766977269,1.286707618,0.503936105,2.345179971,0.715665279,0.746233097,0.148772113,0.565382398,0.657838811
TTC9,4.213358628,3.334205273,5.981079253,4.472888091,4.589429116,3.606068673,5.424595535,5.209167265,4.299686066,4.939649923,4.870787599,2.854424157,3.581493064,3.125945928,4.279080632
PXDC1,8.34080786,8.280244281,5.561452617,8.692978006,7.699531417,8.647083523,8.570166632,8.55751503,9.397467071,8.234822508,8.907225062,8.24633973,7.11168496,7.292491627,8.028554002
SLIT3,3.896646329,2.221925937,4.898831323,1.18701437,1.25278463,2.831442119,3.57586308,3.156782629,2.38970381,3.118082241,3.011610803,1.105404881,1.737880769,2.957956272,1.33142328
MS4A6A,10.40826874,9.696154158,3.488152421,7.480489065,9.165462265,8.609987585,8.01539599,9.004320271,7.976742035,8.280093205,7.681114894,7.250441165,6.915994395,10.1368247,7.893993935
SLC16A8,4.651422041,2.670994863,4.917158021,2.429098324,3.171030069,2.946002404,1.827437769,2.594303188,5.634481013,2.740220208,4.196960214,3.179693791,4.107647202,3.338540513,2.665366828
KCNAB1,5.440050317,2.599067908,6.925936087,1.711959102,2.658478313,2.355519713,3.283868606,1.955838395,3.008556372,4.348081773,5.305037368,3.765511093,1.955527096,2.453634446,3.240179508
MAP7D2,2.219177937,1.921278244,7.845873934,0.829597233,2.213968827,1.436129718,2.537743988,1.286707618,2.672488404,3.316539419,3.067942213,2.04126888,1.914545602,1.222013982,3.501655497
WEE1,6.864662346,4.846623967,2.764916559,6.410196151,6.443569215,6.01193276,7.645757968,8.149250895,5.705552159,8.435898258,7.178533756,6.553672154,2.779423135,4.086839477,5.655204043
PSMB9,7.689878905,9.771709902,6.448671105,8.232797292,9.604362065,9.532690885,9.127147647,7.599322816,9.960555377,8.984456376,6.274757394,9.5393835,8.519476446,9.432047543,8.85630966
WDFY3,8.385658692,3.533874577,7.397955693,4.271982744,5.095596407,4.283270616,5.559933394,7.440991915,3.667456461,6.98730013,7.766569421,5.327477045,4.089350943,3.543714966,4.587153804
BCL11A,0.791819137,5.015003273,7.954117257,4.717767473,2.902711717,4.994733221,5.108606309,0,4.54086693,4.995003606,3.575080631,4.941960001,3.83861149,3.323254232,4.422014488
HNRNPA1,10.2800795,11.20060146,11.07806014,12.33319675,11.89500628,11.66402514,12.1569701,10.98386818,11.51167164,12.55563058,10.90012925,12.4786381,11.02634418,10.42536523,11.77493137
FBXO34,5.964063811,2.966079077,7.068850494,4.567121051,5.353637422,4.188707445,5.505462527,5.180816608,3.778365544,5.099720047,5.869883998,4.780658028,3.377971453,3.227970531,4.179103175
HEY1,9.092190993,8.256574687,6.727345754,9.240627924,7.043838261,7.87113821,8.10780142,9.084939921,8.957503214,8.3620292,7.683370465,8.559567496,9.021950919,7.524052736,8.709737541
FASN,8.642176503,8.508021046,8.59235363,9.160041524,8.397532856,8.527295415,8.46228845,8.60362972,9.647523133,8.618821996,8.885838653,9.334997407,8.245915657,7.584203427,9.793497855
LRP1B,7.251435148,2.070581843,6.197458677,4.786124346,4.383473519,2.745468477,4.997874763,6.175234621,1.541619007,5.957416488,5.305037368,4.472673008,3.777070891,2.439526035,3.076920148
C17orf107,4.692801364,2.48397128,5.46010319,1.662217761,2.258542534,1.819462544,2.237058091,5.030051028,3.517518944,2.475443793,4.064787019,2.451775185,2.053159952,1.975258539,2.414914994
ZCCHC2,6.046180883,4.160305128,5.284890689,3.550175131,4.63663096,3.77056314,5.242303463,5.799834582,4.232518392,5.228474981,6.194796998,4.578719516,3.541675922,4.18735285,4.241019421
TMEM191A,5.0198803,5.123665984,6.373682844,2.748008507,5.52990119,5.057242487,3.855353228,2.594303188,3.863705311,4.653480234,3.919272139,1.891275092,4.44637439,4.688662505,4.08401689
DMXL2,7.285645317,5.348689083,7.597507789,6.361351937,7.070647039,6.394384557,7.073782841,6.023852816,5.207683682,7.283245237,6.775295766,7.56416098,5.701936864,5.789774162,7.174831414
USP27X,5.534120039,3.093696012,5.492240765,3.304826654,4.166720458,2.989395186,4.670783412,4.825501948,3.416231952,4.720699473,5.829720441,4.202368298,2.779423135,2.508727593,4.150056311
CHRM5,0,0.270813296,0.878962309,0.151893904,0.447790586,0.234472535,0.90609332,0,0.309061226,3.67395974,2.952990191,0.858290467,0,0.616441018,1.289417523
PCSK2,3.393186765,1.462128811,7.621176518,0.99945397,1.532336487,1.819462544,1.766977269,1.286707618,0.563453521,5.312220309,5.090657735,2.301284072,2.744772363,1.254612304,3.013826346
PITPNM1,9.445337267,7.26201233,8.758595679,6.712400129,7.746743617,6.666637592,7.995771247,8.76032679,9.310712701,7.298726558,8.106210868,6.027203125,6.082157072,7.472154062,8.144649598
SHC3,8.108275024,4.415423754,7.892467996,4.876143823,3.77246152,4.680768134,3.826018794,7.113658556,5.698932332,5.931167772,9.031942424,4.254501581,1.914545602,3.427005407,5.156357936
DNM1L,7.180480557,6.117917267,8.801155329,6.703974552,6.415548645,6.780636114,7.470229833,7.004659001,5.703900048,7.552873831,7.541378063,7.711314065,5.771005809,5.764530949,7.22792066
KLHL11,6.552584907,0.207725252,5.506835433,1.783496236,2.462831839,0.556408883,2.958512688,6.729261493,0.876687424,5.072530401,6.749693765,2.920455563,0.283626714,0.146156915,1.372240513
PFKP,10.04267171,8.592057849,9.393817948,7.918437725,10.10211934,8.850327217,9.637973017,8.635315992,8.937607853,9.751512457,8.625761614,9.114010667,9.110234455,8.185668814,9.614088916
TINCR,3.289107468,2.088203495,5.182551809,2.019076693,2.754974579,2.062321199,2.424873872,2.411187474,3.11183939,1.895622605,2.18025032,3.333031336,2.584186495,2.305928272,4.184843022
CELF5,6.818673945,5.010389388,8.821243747,3.968603827,3.643950233,4.512496417,4.481511446,4.35304363,6.460734609,5.203626886,4.47209333,5.361154807,7.169435742,1.85285135,5.574424891
AIDA,6.435577945,6.259764861,7.154764306,6.630702108,7.246225767,6.195673393,6.831459651,6.413168089,5.79051245,7.611312568,5.666007398,7.509430384,6.024342998,6.299713887,6.844015765
IL34,5.202870123,5.80410845,7.211552472,3.884339105,5.233173037,4.710245373,5.077826369,5.061490953,5.461461591,3.828225818,5.991372935,5.151687386,5.864078274,6.012214523,6.135988054
TMEM130,5.25904872,3.234865592,10.12671364,1.783496236,3.643950233,3.467170164,5.544257384,1.286707618,0.675593016,1.799399177,5.19551843,3.201105164,5.769570166,4.618386291,5.625966883
AURKB,6.712022924,7.111807235,2.439381809,6.867225218,6.047604275,7.644752885,6.099853942,7.40467891,7.244385274,6.874739043,8.305332212,6.410515023,4.932918143,5.265891579,6.420138743
RS1,0.791819137,0,1.292352831,0,0,0,0.523042044,0,0.237779012,0.310424829,0,1.105404881,0.346603827,0,0.590245317
VPS53,7.237520661,4.189170581,6.766281446,3.95833599,5.460050229,4.700486394,5.453657207,8.160183515,5.615273741,6.38102329,7.929358127,4.829595816,4.662895611,4.57709634,5.813633094
PDPN,8.382500893,8.90393966,3.689219033,8.51789164,10.64554113,8.508542313,10.55179146,8.850830951,7.226660424,9.695526141,5.006686542,9.744244122,4.080115059,8.394116701,10.02270262
MMP9,4.918874833,8.666527601,0.817848003,9.023741683,7.527504435,9.464173745,7.37025944,10.1371585,11.12372199,7.089169639,7.933154125,8.32524373,0.770673314,8.090405174,6.998660188
GPRIN1,7.027157656,5.134307391,7.1777485,4.771537212,5.128990935,6.099937067,5.660993145,6.35091383,5.663670953,6.183918101,5.29327116,5.60954696,5.135974913,4.068621008,5.266015003
NRG3,0,1.840401665,6.796294699,0.958827589,2.191154672,2.420371274,1.671252726,0,3.971996716,4.032511705,4.363754933,2.451775185,5.060497186,0.512450247,3.564646583
CSRP2,10.98691173,9.293434644,6.97662114,9.494764273,9.393988026,9.732565106,10.94710015,8.421771575,9.808290359,9.464206557,7.721185277,9.542401071,7.743760702,10.06454795,10.86177624
PPP2R2B,7.522102996,7.603470895,9.018318586,7.991063593,7.345127793,7.73873669,7.361979892,7.256341169,6.764798287,8.229831802,7.207033045,7.465317195,7.273376942,6.882801179,8.182795794
HTR6,1.300130847,0.445041847,2.812686992,0.151893904,0,0,0.90609332,0,0.563453521,0.214185173,0.715665279,0,0.283626714,0.512450247,0.194628402
PARPBP,4.692801364,3.533874577,2.732167575,4.038502542,3.925433965,3.606068673,4.230403131,4.191916204,3.383579931,4.364988799,4.630107942,4.472673008,1.563284679,3.211459633,4.150056311
HECTD1,10.03766188,4.854368314,7.567655208,6.847192393,7.492360513,6.679942083,7.572026062,8.66119977,6.182109399,7.163530692,8.582910169,6.607782284,5.40921935,5.200466726,6.479720976
NGEF,5.622429688,4.592554548,9.265594436,6.209458551,4.674134009,5.841843264,5.217101957,2.902783536,5.407671272,4.962046893,5.754482102,3.699341786,5.379410998,2.987348338,5.743414876
ARL6IP6,7.427219992,4.702471518,5.390976993,6.549238648,6.784736139,5.547395714,7.102356114,7.316215615,5.313308685,7.64458012,6.556503744,7.649868147,5.053435659,4.224853684,5.997721032
FRMPD4,0,0.072616151,6.27482099,0,0.368667644,0.160469782,0.196179818,0,0,0.111063732,2.18025032,0.420836661,0.625857325,0.214033467,0.955157119
CHST14,6.294862299,5.184321211,4.194952466,6.940779354,6.309649238,6.836655463,7.754368706,6.472846749,6.078817525,6.914520076,5.351165437,7.27588885,4.851121555,6.372065647,7.004351789
GLB1,8.506617075,6.389794265,6.414247043,6.372027734,7.45034715,6.668307378,7.467264046,7.826764083,6.955288173,7.595879329,6.697085084,6.753482629,5.392527999,7.20450004,7.086369927
CDHR1,3.393186765,4.006621851,5.078921771,2.794924353,3.959584102,3.372012632,1.296666987,0,3.235921536,5.312220309,4.667048107,5.457713365,6.540091164,1.671593662,4.246518601
JPH1,4.692801364,0.695515793,5.270707852,3.937578448,2.301780258,1.745461239,5.049551527,4.997910656,2.037634034,2.299006989,2.279008263,0.62473343,0.574164306,2.823180595,1.450565796
RPL39,10.77868977,14.49287917,12.7286607,14.80596635,14.12796954,14.10613512,14.24584858,9.130122594,13.84678372,14.29826809,10.54857256,14.86597723,14.09944636,14.29897598,14.11138116
NIPAL4,4.26913805,1.259298084,3.865660298,0.687641783,3.493568614,3.83739481,1.603715153,2.7567727,0.779641157,4.587784397,4.5132489,2.397163986,1.893609875,2.12381774,2.111657357
RUNX3,4.692801364,3.067283834,1.379524834,2.058063641,2.675015925,2.719933256,4.486207257,4.587083175,3.32459794,4.114779369,1.959800392,3.417774941,0.770673314,3.626998103,3.240179508
GPR26,0,0.141751753,4.697258343,0,0,0,0.196179818,0,0,0,0.973325103,0.094561382,0.148772113,0,0.194628402
CALU,8.981757614,7.475827802,6.777358937,7.814829517,9.144461801,7.65067772,9.827288813,8.400415514,7.014466706,8.871910731,8.132862989,9.225306357,5.368072145,7.846251681,7.932458313
KLHL38,0,0,0.617244132,0.151893904,0.368667644,0.160469782,0.90609332,0,0.309061226,0.782591765,0.715665279,0.68676193,0.574164306,0,0
MAP3K10,7.976253842,7.081884568,9.358043163,7.972370292,7.221107338,8.512963122,8.248841791,8.595598205,8.833606051,7.588700228,7.879079131,7.358604559,7.30988494,7.593790117,8.806918203
WDR83OS,6.846442521,10.5399304,8.105227683,10.02150778,9.859759752,10.10047895,9.856824343,6.638362019,9.795839313,9.138452584,6.783729789,9.392548146,10.54837273,9.927688928,10.07955635
SEC14L5,4.651422041,0.947998962,6.643973639,0.584598503,1.826863221,3.912582478,0.90609332,4.896956245,0.083690366,5.463788576,6.027331767,1.781849211,1.589558318,1.222013982,2.227417143
LHX6,1.300130847,2.139812696,6.523546403,1.038967573,2.020476823,2.934947167,1.379769288,4.965037913,1.570917289,2.226852642,4.592197014,1.011575107,1.203831446,0.847702574,1.985792458
REEP1,6.935324301,4.354838078,7.053192253,4.504987852,5.010193334,4.131751453,3.862594578,3.372686435,4.90529214,5.804689893,5.182820144,3.60611309,5.534533267,3.791546735,5.520973058
CISD1,5.365240551,7.487079797,7.891541443,6.74636498,7.532050619,6.881252083,6.054728631,3.268769603,7.071313117,7.678225571,3.122156516,7.026631961,7.927816209,7.267252246,7.295797641
FBXO41,5.822104555,3.226933081,8.728038811,3.288526097,4.869995113,4.097458209,5.53522259,6.44927069,2.037634034,4.924523081,5.845920284,4.490173048,4.008894348,3.589156176,4.268308075
SEZ6L2,6.253977472,6.039698579,8.723099503,7.942078154,7.621689945,5.710246301,8.346978314,6.189534538,4.317081594,7.013449755,4.429729158,4.269781157,7.527230591,7.750215182,6.649146826
FBXO2,4.26913805,7.662006539,10.18695672,4.732905637,7.360545891,8.803039886,7.246328641,4.543214445,7.169748786,7.513610096,8.432800528,7.835026609,10.30035442,8.419271697,8.374237141
KLHL2,8.956497031,4.493541689,8.489864236,5.362339006,5.914655967,5.267935539,6.004877456,6.258982277,5.121203199,7.324885482,7.146193253,5.700683145,4.13019598,5.066881417,5.925851121
RAB11FIP5,8.013474206,6.086479364,7.72364887,5.419595291,6.738279056,6.048294255,7.015692618,7.316215615,5.505752399,6.35868786,6.853495464,6.738001573,5.086097698,6.199673156,7.080223753
MAP1S,9.082493698,9.931399764,8.346106049,9.046185214,8.620159345,9.975475029,9.050749074,9.357698183,10.11887704,7.744327477,8.398888758,8.322804047,9.828396103,9.478822476,9.138405733
RAB6C,0.791819137,0,3.764025564,0,0.196078129,0.436111778,0.196179818,0,1.011016389,2.887903749,0.715665279,0.266903103,0.283626714,0,0
CLEC2L,1.972701591,3.202870442,7.370288112,0,1.16184219,2.000036408,0.78935652,0,0.237779012,0.310424829,2.540226333,2.727371831,4.066149415,1.935599016,5.539011276
HTR5A,0,0.141751753,5.247721248,0,0.368667644,0.082464857,0.101421946,0,0.237779012,0.111063732,0,0,0.625857325,0,1.289417523
COQ2,5.365240551,5.633078651,3.811825026,6.039670672,6.05552042,5.623391151,6.032428254,5.762060184,5.203012822,6.405744127,5.384818679,5.750546872,3.91851185,5.247788728,6.15511934
FSTL5,0.791819137,0.389271261,5.671342502,0,1.16184219,1.436129718,0.727243551,2.201403741,0.376986657,4.186280111,1.381616095,0.746233097,5.124789646,0.340897504,1.932201921
RIT1,6.97779267,5.897020271,5.200619231,6.078112345,6.955217875,5.90693833,7.165198249,6.437336592,6.197454308,7.308227641,5.501903518,7.244653044,5.364272637,6.435640436,6.897427072
DZIP3,5.725718845,4.422387058,6.951945678,4.797688782,5.744891582,4.786028055,4.766538089,4.30130851,3.626183344,5.329550319,5.130878909,5.488514925,5.133744787,3.929172134,5.659332828
CDKL5,4.42459766,0,6.240302012,0.41476451,0.447790586,0.082464857,1.856743655,4.451260225,0.237779012,3.195737438,3.979250518,1.42949193,0.217774517,0.074928529,0
JAKMIP1,4.42459766,3.540290227,7.664670795,0.783813362,4.212754694,2.082499242,1.496083183,2.201403741,1.385477202,2.475443793,4.196960214,3.889386928,3.759821263,2.453634446,4.460380227
GDI1,11.51400476,10.57218249,11.27697737,10.08127958,10.49285855,10.33300648,10.67669963,11.40703756,10.77220028,11.02870264,10.8483002,11.47656065,10.86673409,9.502342715,10.80415066
SCAMP1,6.9004259,4.667732025,7.520486964,5.758261312,6.180954177,5.107341148,6.487154399,6.217716052,4.772881468,6.981830176,5.428502291,6.536930049,4.714544003,4.781071166,5.481876205
AGBL4,1.300130847,1.059397375,5.035962563,0.917023935,2.707533078,0.81944879,0.662335622,1.955838395,1.133896458,1.137742235,2.371436809,1.316317353,1.536523669,1.78751909,1.058815287
TUBG2,6.741900153,7.11234558,8.845608429,7.249476519,8.12291347,8.226035481,7.998649869,6.921430324,8.275933922,7.68104114,6.110143465,8.176107483,8.267181459,8.137048456,8.492348243
GJC2,4.26913805,5.08907622,6.373682844,4.927050704,5.042416521,7.778705274,5.014223478,6.055426635,6.097813238,7.416261302,7.800214214,5.280476516,5.58926829,5.32080135,5.188139979
GALNT18,7.251435148,5.163692412,7.080280363,6.024986796,6.312294594,5.396400327,5.055882888,7.004659001,6.066013327,5.927378663,6.13012441,6.308167005,3.928838549,5.681549286,5.968070412
FAM228A,3.393186765,1.059397375,2.172731709,1.077427737,1.419090777,1.745461239,1.253248978,0,2.233572051,1.378780936,0,2.555161652,2.475674167,1.975258539,2.334574504
FBXO27,3.747532772,3.703534065,7.534800065,4.328882949,5.241524598,1.866768702,5.168263514,1.955838395,5.629267975,5.434722106,5.501903518,3.985065128,3.210316994,3.035042365,4.331768893
NAPB,5.440050317,3.468098292,10.04688416,4.942760399,5.462433911,5.690661892,6.310439161,3.944583493,3.89878872,5.619841717,5.571750358,5.613544665,6.083313159,4.825146654,6.426208924
VPS25,8.092901198,8.76293953,7.251820905,8.289442117,8.738226316,8.365598909,8.313351574,7.953670736,8.447410404,8.580431157,8.324246126,8.839137667,8.134056329,8.445540646,8.968500318
SVOP,6.13892354,1.162807259,9.313770145,0,1.826863221,0.81944879,1.827437769,0,0.083690366,0.713866604,4.630107942,1.80999357,4.840221143,0.457501815,3.658390035
SIDT1,0.791819137,1.320216828,6.120464653,1.979006842,2.020476823,2.160502357,1.208483649,4.451260225,2.119229279,2.651132492,3.722746498,2.219710572,4.008894348,2.192728593,4.279080632
CETP,0,3.058371217,1.048155552,4.762713607,2.859957068,4.234511218,1.162284695,4.402987571,4.031166391,3.157432265,1.549285232,3.801001411,2.622862856,3.227970531,2.94784655
SYDE1,8.215089867,6.247074207,4.497390152,7.032339075,6.998566886,6.808917673,8.027929885,8.753123974,8.218947178,6.845923853,6.83332402,6.596717554,4.958344689,6.140943328,6.815625212
CCNB1,8.729271564,6.891152192,4.906189963,7.638756338,6.59789444,6.886282658,6.003240319,7.416885083,6.301620848,6.883565916,8.733086063,7.705239082,3.57493272,5.173016503,5.808065327
CD99P1,0.791819137,3.703534065,2.071643674,2.68713327,4.246341344,3.556437766,2.860646906,2.411187474,2.997809456,3.118082241,3.174407097,4.159261316,3.086641175,4.501018357,4.565317372
NAT8L,6.168558596,8.182886437,9.553910454,7.112657788,7.350928906,7.277814238,6.512695028,7.667315723,7.583178071,7.802887388,8.308258233,7.767112482,8.535825254,6.372993867,9.025788811
LGI1,0,2.221925937,7.815419985,4.368194413,3.512096056,3.745472097,3.124330828,3.268769603,1.541619007,4.611592084,4.572861303,5.010264225,4.042568651,5.463585278,5.875276924
SLC1A5,7.209282492,6.838112341,4.447826867,6.309786696,5.737037363,6.912585299,7.993299277,7.283259262,6.799247794,5.209879147,7.253315399,4.07479076,4.596431113,6.966972713,5.49117124
STK38,5.202870123,5.952191275,4.502254102,5.506726387,6.665662014,5.871137588,6.554655567,5.236971518,5.347571297,6.573928728,5.144040583,5.848779554,5.412902459,5.073748587,5.332163078
METTL7B,8.618213904,7.310673296,3.343876094,9.354138126,7.786764284,9.012919427,8.908218895,10.32941284,5.854457096,8.511556508,5.384818679,7.104683304,3.670336765,7.930314207,7.631996999
NEDD4L,7.251435148,5.840955133,7.286068603,5.288442287,5.626594738,5.723156418,6.631908971,6.325239949,4.147558186,5.91977046,6.912370869,4.938777084,4.831991443,6.504177188,6.255351929
SERINC3,8.304562924,5.862875689,9.197501744,7.246842435,7.741355373,7.228301036,8.671052009,8.058672876,6.859108452,8.822019313,7.265410649,7.628296657,6.411603504,7.380048005,7.791446946
TNFRSF1A,8.962853763,9.14663613,6.539013218,8.892548639,9.676974169,9.212509084,9.685832803,9.805836968,8.889908118,9.173264356,7.541378063,8.217736864,8.041326428,9.249637172,9.040108783
ITFG1,7.383662219,6.149734018,8.584921623,7.013866522,7.221107338,5.929393193,7.843527119,6.42530295,5.71214175,7.750237976,5.428502291,7.186128831,5.704944323,6.763286423,7.279796035
HEBP2,7.481357291,7.583807317,6.261972967,7.768934189,7.971317924,7.378661872,7.987100758,6.461106878,8.706335584,7.92334721,6.470305937,8.986100984,7.064462563,7.481651877,7.954886175
NR4A2,3.289107468,3.553036564,5.095109806,1.414354929,3.643950233,2.420371274,5.691811014,3.268769603,3.298562592,6.599155592,2.617750481,4.751929734,1.364611608,2.258497405,2.892800176
CHGA,6.79986011,3.797582247,9.635313958,0.783813362,1.856164574,1.889852527,1.671252726,3.035365724,2.215133229,2.807730022,7.231901598,5.516539257,8.056710865,1.955565053,7.240376569
TMTC4,7.358168586,3.454575353,7.081093328,4.497916039,5.317226004,5.476734102,6.214655696,7.452895939,2.645200853,7.619554893,7.044580229,5.637301018,3.561721854,4.228960903,4.284436895
GFRA2,5.60085386,5.202638251,6.620678991,1.783496236,4.494788739,3.243497455,0.90609332,2.7567727,4.031166391,3.384445503,4.886535278,2.301284072,4.156797392,5.103134299,6.36052747
NUP37,5.643687594,6.168492621,4.276710116,5.96855152,6.453189317,6.255770782,6.256486764,5.092260311,4.930941066,5.994105102,5.961946289,6.487685148,5.534533267,6.413255389,6.953141549
ACTB,12.42177112,14.99136844,13.02789433,14.13249155,15.48953689,15.40765216,15.88765933,12.87400347,13.41575568,14.36945959,11.60883299,14.92791458,14.31492517,15.07257495,14.65687825
SLC30A4,3.66676764,1.378667118,4.568681699,2.862555864,3.159323444,2.912579255,3.742131086,5.092260311,1.928688664,4.457223832,4.196960214,3.598065107,1.690114442,3.517091138,3.137369881
NRGN,4.031781373,9.670154659,13.13769867,6.983809466,6.992806756,7.741515303,8.623890044,5.511939281,7.777128809,7.20246048,5.581458053,7.717363573,9.931091828,7.095126309,9.707390682
SLC35F3,2.429625731,1.129154206,5.673500255,0.151893904,1.25278463,1.889852527,0.368848086,1.659723569,0.828980142,2.536415067,4.145534714,1.465326296,1.424220954,0.804321213,2.135564323
CAMK4,1.675259624,0.784677521,7.280416814,0.63703992,1.967758367,1.843309511,2.323562845,2.7567727,1.88269756,3.844390981,4.145534714,3.232637942,1.509256863,2.548709282,3.026667783
ZNF599,4.651422041,5.730274233,4.276710116,6.184348841,5.56803208,5.19567273,5.747633587,5.264250032,4.181195313,5.767024732,5.245222566,5.382396904,5.201324362,5.748884248,6.552562615
PCP4L1,2.922446151,2.034679376,7.652142641,0.353399575,2.555062178,0.436111778,1.797524218,2.594303188,0.620612558,1.956381487,3.722746498,3.253283296,3.201826127,0.847702574,6.192637243
PLA2G6,8.557906396,7.439391729,7.375599197,6.954405005,7.736439444,7.877648252,6.71426927,8.9146298,8.546374237,7.952536394,8.189502752,7.246584999,7.667572961,6.925817024,7.942657541
DRAM2,6.03012714,6.598626796,6.156392913,6.780277379,7.365011972,6.90055982,6.901685075,5.44199275,6.485947981,7.03913383,4.5132489,7.406049298,5.689843943,6.810643326,7.61615377
PPP3CA,6.741900153,5.798766967,9.648948283,6.116710845,6.680071195,5.169972196,7.646806922,6.574416083,5.981260309,7.130129639,7.099662902,6.752576562,5.916910225,5.453089833,6.775296273
CD320,8.423022788,9.798886188,7.482225164,9.803667409,9.014246118,9.554863016,8.816577385,8.714089562,10.09157623,7.853682882,8.186325408,9.1263043,9.192756384,9.493087313,9.469626901
SHISA8,3.581211572,1.921278244,4.133580666,0,0,0.866755392,1.766977269,0,0.876687424,2.014684594,0,0,2.311744664,1.348207919,2.292661744
DENND5B,6.873686692,2.994391883,6.112534339,4.008959641,3.446181521,3.895576015,4.947686741,7.090984802,3.254098227,4.671713807,7.213290487,4.654403632,3.077387871,3.211459633,4.479187158
NCS1,8.64481461,6.96275489,10.50157625,6.23200928,6.914013319,6.795228314,7.224714625,7.588571997,7.005106092,7.381372177,7.662942233,7.494333441,7.280450447,5.789774162,7.219556572
AMER2,5.556709373,2.897771496,8.476641415,4.539836105,3.685353163,5.252434431,3.136330303,6.574416083,4.573802985,7.379293361,8.222449085,5.942338037,6.183741324,3.556844873,4.922157778
IRAK1,10.3689208,8.99330925,7.548972557,7.885286364,9.066889503,8.787758979,8.780951905,9.791845835,8.722336647,8.787947441,9.449386494,8.674531315,8.659570828,8.876060645,8.992835047
SERPINB6,8.453436938,10.30723288,7.801182473,9.601092479,10.00724918,10.18054274,10.52094522,7.871797196,9.979370891,9.511636192,7.521344278,9.445510062,10.03101051,9.668341617,9.744421651
SLC13A3,4.472905331,3.049403197,5.161183134,3.288526097,5.013448234,4.716714877,4.984661077,4.497969831,3.32459794,5.187876654,3.224831257,3.765511093,3.759821263,4.442090506,4.450884017
NBPF9,7.098175615,5.049144943,4.747283114,6.165504502,6.667729301,6.287624512,6.397767228,7.121137972,5.739816506,6.421992448,7.089493824,6.792796474,4.778750651,5.664970882,6.738693515
DAP,6.909229961,8.043058417,7.118794956,7.356955032,8.612130582,8.117156671,8.09479281,7.036651035,8.205290813,7.670312619,5.837843101,8.439718311,6.128813036,8.36058167,8.971616584
TCEA1,8.232732661,6.410078579,7.560677536,7.666221807,8.115738194,7.000048164,8.857247007,8.027170802,6.268472866,8.732298639,6.20739076,8.375546549,6.236654782,6.877578177,7.793796346
CD44,9.988661168,8.9444116,4.101887136,7.670945488,11.20518008,8.674552279,11.65328179,9.713608279,9.745534286,9.940192662,8.647874739,9.507513415,6.196618669,9.190315737,9.906798416
SPIN1,8.356986547,5.359613517,8.776774436,6.253163334,7.132576818,6.204906677,7.116054636,7.098582383,5.860401807,7.755055893,7.556222922,7.963914751,5.581107415,5.53166894,7.121211138
BUB1B,6.30823709,3.553036564,0.878962309,5.109785122,3.530388579,4.55282857,5.068462859,5.907562921,3.727233273,6.029883794,6.983654741,6.354288157,1.169407711,2.088087338,4.001860986
EIF4A2,10.70981201,8.422913573,11.86527517,10.17854136,10.40868382,9.386037718,10.77039174,9.915286909,9.67960856,11.52237154,10.34314987,10.5947957,8.610296439,8.761466501,10.08647215
HOXC6,0,2.205872926,0.204835494,2.352758457,4.31125617,3.884125968,5.349272093,0,0.503936105,2.226852642,0,3.232637942,0,3.669927926,4.612928591
TBX15,4.519647722,3.770551698,1.782777024,4.072221625,5.550213604,3.000042475,4.934003067,3.944583493,3.18945191,4.909235949,3.687222679,4.642714323,0.520550028,4.354574285,4.982720841
B3GAT1,8.021616594,7.363184752,9.900972531,7.849967402,6.939048175,7.663292449,6.809145615,8.731297214,7.185225025,9.413641754,7.381093052,8.194572567,7.578143548,4.573870699,6.479720976
GFOD1,6.211900125,3.040379083,7.518687801,2.829136381,3.583914372,2.758068577,3.742131086,6.8512077,3.160834269,5.096349233,6.531681641,2.867874431,3.210316994,2.225987746,3.346427025
FBXO44,9.088319893,8.471140391,9.659872557,7.560307547,8.353262695,9.103953327,8.251947159,8.460613134,8.074275458,7.942246407,7.747293624,8.521245688,10.08921079,8.955666752,9.706642774
CENPL,5.083490966,3.786830725,3.343876094,4.300713348,4.246341344,3.946005554,5.065328135,5.209167265,3.494768212,5.67285437,5.384818679,4.850071431,1.893609875,3.338540513,4.642428483
TAGLN2,10.75812587,11.06795146,7.396650152,11.11619057,11.14528664,10.96426196,11.38887488,11.41808578,11.41996181,11.51576278,9.643760577,11.05844199,6.770710269,11.45142124,11.48007568
SLC4A10,3.055292985,1.349737964,8.499930421,0.63703992,4.347816673,1.556425387,3.710375206,2.7567727,1.449975563,3.157432265,5.675103058,3.598065107,1.270308653,0.713437379,2.632141758
RPLP0P2,2.219177937,2.599067908,3.265939835,0.289308085,3.932328968,1.527278705,4.327798699,2.411187474,0.237779012,1.985827543,1.191866241,0.962267907,0.520550028,2.175806999,2.204996352
PPP4R1,11.41702717,6.322526605,6.935857073,6.822638437,6.447184275,6.946696455,7.401046741,9.683613257,6.864294695,7.620728533,10.31433186,7.048944858,6.113050788,6.265133201,6.87185839
CMIP,8.297873975,5.180218981,8.340006008,5.91778903,7.058093176,5.660777592,8.604314981,8.855322609,6.728693793,7.203244129,6.055467146,6.552631445,4.242084893,5.795324284,7.10767765
FGFR2,4.42459766,5.049144943,7.917717789,4.25530466,5.83778824,9.748537345,5.014223478,6.007802941,3.517518944,9.790101165,8.231725765,7.682108354,7.247311853,5.509892216,6.318067511
CD99,8.480272031,11.27758872,6.97662114,9.528665099,11.16805617,10.24322249,10.18644342,8.814385193,9.588758105,10.19721147,7.521344278,11.64863793,11.14641927,11.48435542,11.51064091
NELL2,6.38598207,4.558193493,9.638907185,6.596350869,6.301683941,4.463330287,6.942406865,6.574416083,4.769726265,6.57028861,5.829720441,8.296624375,4.258553635,5.032046524,7.812918466
CERKL,2.613246987,3.834593863,1.905346475,3.717808966,4.623910126,3.83739481,4.585827146,3.469618468,3.494768212,4.55868667,1.191866241,3.303639979,0.815885726,4.224853684,4.426866373
STIL,6.732009666,1.798197072,2.267198061,3.40651453,3.123622588,3.06232701,3.742131086,5.890157601,2.079008433,4.198907929,4.854866129,4.744657377,1.134142481,1.831400987,3.026667783
FHOD3,5.556709373,5.560765061,6.147106241,4.90583475,6.342372585,5.034117738,5.144695825,1.659723569,5.437802026,5.600936234,6.923863025,4.982711303,5.203452508,4.57063783,6.450237425
DNAJA4,5.556709373,4.343877285,8.513845907,5.46563206,6.183846109,4.633682935,5.351847275,4.073543647,5.280431235,7.268345049,6.18845865,6.251571743,3.201826127,4.216604,6.63139161
FN3K,6.837245588,7.181699785,8.472310025,7.341729925,7.526365647,8.90905909,7.236607551,6.258982277,5.044952322,7.265346455,6.719238968,7.182769447,8.137955949,8.181701192,8.930356913
FAM102A,8.884659489,6.839413607,8.829491747,6.929654026,7.930577161,7.490958124,8.699637686,8.691659505,7.890769422,8.743385955,8.17514927,8.885336331,7.357486736,6.396007389,7.438364743
ANO3,0,1.819453695,5.609576699,0.873972735,1.114126763,0.160469782,0.285095627,0,0.728554886,0.713866604,2.18025032,0.962267907,0.574164306,0.074928529,0.657838811
WNK2,2.922446151,6.423155469,8.079015279,1.151402449,3.65232642,3.404434214,2.642420777,1.286707618,3.416231952,4.414552617,4.854866129,3.589971977,8.02847958,2.75645891,6.297022172
SGTB,6.281362353,3.565671272,7.512071605,4.263667802,5.311948536,3.825471614,5.004436498,5.924760756,3.700971089,6.49420816,6.136723698,5.267849177,3.260238799,3.939234262,4.904873477
LMTK2,6.267734888,3.1701496,7.073760102,3.9427959,4.734550767,3.71993694,5.523848945,6.437336592,2.885693265,5.440050663,5.813336625,5.344414194,2.991323702,3.252387897,4.392555438
MAPT,8.331012839,6.243146825,10.10429524,5.959570839,7.45992231,6.569903641,6.406463947,6.472846749,7.165553584,9.582315488,8.524978373,8.946635587,6.644814786,5.494621125,7.482725232
TMEM251,5.390610612,6.534195035,5.98455936,7.020050358,7.894842821,6.891295752,7.504194658,5.31730683,6.307072214,7.116882389,4.630107942,6.815533598,6.70988407,6.604799295,7.111449704
GLP2R,0,0.207725252,3.706181132,0,0.284952208,0.082464857,0.594369296,0,0,0.111063732,2.371436809,0.559917738,0.40694644,0.340897504,0.444744842
FZD7,7.481357291,4.325422187,2.918359793,6.702437328,6.888536355,5.607812998,8.748338944,7.604668331,3.949864248,7.322002248,3.979250518,4.427971038,4.093946807,6.260124738,6.083183024
KCNA4,0,0.331257742,4.767625445,0,0,0.082464857,0.448004099,0,1.247126869,1.985827543,2.540226333,1.60037543,0.283626714,0,1.107978918
PYCR1,10.91333152,7.911904549,5.215504476,8.045126421,7.427958116,7.76355363,7.587404816,9.302847854,7.492784377,8.169358868,10.4866355,8.54995168,6.681919768,7.562397584,8.125378035
MTFR2,3.896646329,3.925622981,0.204835494,3.62348719,3.787749457,3.278902915,3.531119365,4.35304363,2.997809456,4.128045855,4.222001502,4.381839565,1.737880769,2.305928272,2.472364162
ZNF28,5.313121467,2.927443053,4.089012169,5.703985024,4.279163836,2.680762456,5.867657057,5.799834582,5.443753392,5.767024732,4.008329831,4.37243358,3.860354637,4.712325478,5.069049844
NOX4,7.43333655,5.512637163,0.993932964,6.90380231,5.781626084,6.074976311,4.5901959,8.807447914,5.776433347,4.325226377,6.256694427,5.332336554,2.53095031,5.508203389,5.188139979
SYP,10.01132661,7.033815839,11.70364097,7.027436142,6.634291891,7.393375614,6.600852837,8.258414263,7.260209766,7.622487205,10.14627555,8.021088875,9.146219996,6.489701227,9.160785356
CNTNAP5,6.552584907,0.498736499,5.148828839,0.077945045,0.368667644,0.082464857,0.101421946,0,0.503936105,1.546256126,3.919272139,0.962267907,0.40694644,0.074928529,0.282907114
BARHL1,0,2.694195112,0,3.472937259,2.72352088,2.512490037,1.014087292,2.411187474,3.487104203,2.097946171,2.074231976,2.78522496,1.893609875,1.831400987,3.052012755
SMIM13,4.26913805,4.415423754,6.964336164,5.408324378,5.389152448,4.956978258,6.512695028,3.469618468,4.33853513,6.701427896,3.888321195,5.349217081,4.26671804,3.361170469,4.352316968
EPHB6,5.144414981,7.13477656,8.794726978,2.711792451,4.946912665,4.875480054,3.9936943,5.343121017,6.627749773,5.453286582,5.104189769,6.555751321,7.065632911,5.891739845,6.272973304
SIK3,7.946625849,5.461158566,7.941190635,5.974932236,6.508447505,6.47482758,6.564680275,7.106140163,6.311418524,7.513610096,6.373050328,5.91182108,6.763516245,5.629678846,6.289050342
DSTYK,5.487851759,3.377844736,6.494549203,4.159960689,4.628162879,4.036704056,5.222740459,5.578650816,3.765751368,5.728349806,5.257385569,4.954621906,3.754025248,3.835308133,5.764649883
SLC45A3,4.322840891,3.226933081,5.409219076,1.806574815,3.832664639,5.390342811,3.967067024,4.711212082,2.177533168,6.345970536,6.674585694,2.770977716,2.263603232,2.73351455,3.251163355
PRNP,7.821626499,7.426894709,11.13348396,8.9406097,9.157025147,8.671641522,9.756169093,7.6876079,7.315349705,10.01350857,8.341487739,8.32524373,8.746607177,8.459590646,9.437682411
KCNQ2,9.989699177,7.637156629,8.809518645,10.16123007,8.32308538,10.15292981,9.139869033,5.15189764,1.511713379,9.119689232,7.318618401,6.642434082,8.614900632,3.973909121,8.51957324
EFR3B,7.358168586,2.034679376,6.761217968,3.255361831,3.939191175,1.912572808,5.277945616,8.210134774,2.454017632,5.572105217,6.825175806,5.252549017,2.295875346,1.154520761,3.625002024
ARHGAP21,7.967850606,5.236615137,9.217234117,6.26362517,6.73433925,6.452713186,5.652662639,7.722446579,6.223056482,9.190162598,7.814690627,8.264568489,6.029150336,5.196277461,7.159609512
