,0,1,2,3,4,5,6,7,8,9,10,11,12,13,14,15,16,17,18,19,20,21,22,23,24,25,26,27,28,29,30,31,32,33,34,35,36,37,38,39,40,41,42,43,44,45,46,47,48,49,50,51,52,53,54,55,56,57,58,59,60,61,62,63,64,65,66,67,68,69,70,71,72,73,74,75,76,77,78,79,80,81,82,83,84,85,86,87,88,89,90,91,92,93,94,95,96,97,98,99,100,101,102,103,104,105,106,107,108,109,110,111,112,113,114,115,116,117,118,119,120,121,122,123,124,125,126,127,128,129,130,131,132,133,134,135,136,137,138,139,140,141,142,143,144,145,146,147,148,149,150,151,152,153,154,155,156,157,158,159,160,161,162,163,164,165,166,167,168,169,170,171,172,173,174,175,176,177,178,179,180,181,182,183,184,185,186,187,188,189,190,191,192,193,194,195,196,197
e.tdm,1,0,1,0,1,0,0,0,0,1,1,0,0,1,1,1,1,1,1,0,0,0,0,0,1,0,0,0,0,0,0,0,0,1,0,1,0,0,0,0,0,1,1,0,1,0,0,0,0,0,1,0,1,0,0,0,0,0,0,0,0,0,0,0,0,0,0,0,1,1,0,1,0,1,0,1,1,1,0,0,0,0,0,0,0,0,0,1,1,0,1,0,0,0,0,0,1,0,1,0,0,0,0,0,1,0,0,0,1,0,0,0,0,1,1,1,0,0,0,0,0,0,0,0,1,0,0,0,0,0,0,1,0,0,0,1,0,0,0,0,1,0,0,0,0,1,0,0,0,0,0,1,0,1,0,0,0,0,0,0,0,0,1,0,1,0,0,0,0,1,0,0,0,0,0,1,1,0,0,0,0,0,0,0,1,0,0,0,0,1,0,0,0,0,1,0,0,0
t.tdm,723,6591,524,6255,3822,6507,5947,5816,6007,1233,1136,5984,6249,4066,690,994,434,1743,2863,5693,5823,5785,5661,2909,1171,5110,5533,5571,5519,5379,4675,4652,4227,910,4472,1206,7057,958,5359,5945,5651,528,796,5685,1023,4791,1215,3779,5306,5678,421,5612,3121,1104,4691,5238,5101,2809,3296,3555,5433,5228,5316,4925,5012,4642,3311,4863,1815,803,2105,530,4830,1721,4720,1259,3976,4050,1740,3608,3900,1554,3544,3721,3771,3293,3800,4415,649,4952,1693,4603,4857,4681,2965,4596,1112,1918,1731,4327,4352,4181,3188,2672,730,1591,1920,2647,269,1290,4568,4537,5035,2604,394,6777,2549,4085,2892,5236,5406,4279,5359,3964,289,6298,6399,5683,6240,6161,6132,4212,4980,1703,5014,880,8711,4672,6943,6135,805,5917,5909,2196,5860,2349,5779,5779,5723,5714,5653,125,5678,1742,3614,5602,5768,5684,5530,5551,6352,6295,7185,6281,3313,6003,2972,6232,9108,4353,3914,5181,3855,5156,4744,794,1598,5038,4874,4555,4487,4297,4866,4178,4618,4052,3782,3492,2561,2454,2879,5137,7023,5673,404,2225,2722,1781
X200726_at,10.92636082,12.24208956,11.66171595,12.17402096,11.48401143,11.54862825,11.55836942,12.27728776,12.26656978,12.04788858,12.01872502,11.93151056,11.96736417,11.72673554,11.32326931,11.07610696,12.0839872,11.76215281,11.92613632,11.8969182,11.82522601,11.9543851,12.14531198,12.26276906,12.09769028,11.02793745,11.88778449,11.94579303,11.42302303,12.10010366,11.65217223,12.0377214,11.36982669,11.69855222,12.18498392,11.3938134,11.35068315,11.91024544,11.91614811,11.72600646,11.80292801,11.48745809,11.95245177,11.08120851,11.22390274,11.41361785,11.1051855,12.00915492,11.57327918,11.20343163,11.35157412,11.72304621,11.78993699,11.17565049,11.41647946,11.46425663,11.42937434,11.6650311,11.67722809,11.62727782,11.82809028,12.03048842,12.38348276,12.05139661,11.88550758,11.94953296,11.9215532,11.9377262,11.1045958,11.7195661,11.76922067,11.94120204,12.53995663,12.24225498,11.25331086,12.12215262,11.58140097,10.58986507,11.83059292,11.85199257,11.55135574,11.42338534,11.52573504,11.87161296,11.92741161,10.61675127,11.79788557,11.84461441,12.5044654,11.52693505,11.80610123,12.04513087,11.39243046,11.84131485,11.34611807,12.41485031,11.27167448,11.90487948,11.72467159,12.23251814,11.75409081,12.41402032,11.40316838,12.46696943,11.6418142,11.24615405,11.94034366,11.10707285,11.80119235,11.57146153,12.19617491,11.80094213,11.33733088,12.01826683,12.17465014,12.03084768,11.99932707,11.87580473,11.91147917,11.98252578,11.9695452,11.6196184,12.29356871,12.01766287,11.27339708,11.79343554,11.99732211,11.95905707,11.88849993,11.84065187,11.52064068,11.52098797,11.7368732,11.89630298,11.71151502,11.45622303,11.7032878,11.98097066,11.74199776,12.01367439,11.94527901,11.45989867,11.18042253,11.5920123,11.60733094,12.27129515,11.67615138,11.8270504,11.73555473,11.99897396,11.84079503,12.00891378,11.55468664,12.0205861,11.65391703,11.77954441,11.71503322,11.55625999,11.27643181,11.51579253,11.63756616,11.76752421,11.52020003,11.68915094,11.82496941,12.06602669,11.64543116,12.52865143,12.16825045,11.70756374,12.31364872,11.5016375,12.27101396,11.72162462,12.18218269,12.12760307,12.20313234,11.99536369,12.10315571,11.56182856,11.86527891,11.55933363,11.71426291,11.75472235,12.5354729,11.12546699,11.81121664,11.77756182,11.20361962,11.53710731,11.93166644,12.10335353,11.95784953,12.01829192,11.7114149,11.93961589,11.84844908,11.4257784
X200965_s_at,8.962607657,9.531718073,10.23867976,9.819279379,11.48923346,11.18877311,10.11002069,11.02937201,10.93496996,10.5565843,10.1535643,10.33476029,10.8259874,10.70482236,10.78504006,9.76550055,9.553340129,11.67697584,9.852755853,10.81150366,11.18495715,11.200689,11.0372717,10.87679471,10.06453437,9.972833203,11.01038403,11.09246979,11.39207176,11.18790413,11.20659919,8.399008879,10.67147077,10.14610821,11.62080597,9.651317283,11.18943969,10.45881186,10.20666239,10.4259416,9.404234999,10.33751264,10.69224867,10.71730802,10.20599392,11.25594404,10.63934529,10.37249211,8.391586711,9.501856616,10.36423142,10.35967986,10.3530826,11.61068731,11.67436276,10.06480445,7.844739623,11.21138717,11.06998245,8.213251306,10.43915257,11.79030498,10.34928602,9.618597745,10.10820055,10.50519933,11.42689865,10.50873883,9.231099293,10.7982008,10.25741268,9.626678177,10.84678764,10.0817022,11.26801262,8.786889155,10.94393066,10.35986518,9.586947075,10.45752856,10.7911254,10.16284841,10.65600698,11.24126958,10.73232801,9.408573836,9.595232989,11.33792347,10.57783104,11.52147655,10.92027502,11.21064399,10.42599657,10.3345268,11.10249196,12.20325758,11.18693728,10.62207686,10.23997667,11.10512115,10.0246212,11.44450474,11.25188381,12.59508207,11.39198878,10.89302064,11.97338052,11.13395148,9.357498336,10.24707938,10.38708324,11.20217166,10.54373658,10.18984582,10.65325034,10.57295618,10.77815848,10.51145022,10.30146617,11.05664178,10.24618738,11.94065998,11.35840634,11.62622749,10.69573645,11.3682301,11.38680891,9.852093603,9.553782602,9.810051501,10.29856637,10.96550226,11.4098312,10.30079078,10.67664103,10.68711134,9.998826904,11.00729534,10.78864407,12.39632428,8.741980006,10.35488513,11.07767831,11.67496705,10.96875277,11.34729126,10.75522035,11.74094123,10.53652001,10.11089487,11.57199281,11.06916004,10.87163041,10.65308375,10.09771217,10.18273686,10.71334431,10.37342065,11.56606114,10.48634483,10.51867347,10.24928848,10.75602791,9.777997744,10.59825729,8.235103382,11.25986006,11.09712084,9.316993639,11.60223048,7.780265709,10.30536679,9.73848719,9.451370723,10.80815169,9.703684999,9.896104732,9.304904418,12.01204156,10.82458714,10.86321248,10.82549179,10.32677218,8.955634436,9.44149316,8.879155046,9.9789194,10.66078487,11.89859281,9.692619953,9.276641421,10.15668931,10.66188658,8.323876264,10.42848236,9.615586545,10.52891128,9.901486155
X201068_s_at,11.63007782,12.62610618,12.57291911,12.10988765,11.77928509,11.88729638,11.71926311,11.72746426,11.63652874,11.80665443,12.23993084,12.13784604,11.0863246,12.11010248,12.26996559,11.97216574,12.3064179,11.93230785,12.34430671,11.69867879,12.16978227,12.33802359,11.86499655,11.95441392,12.68696901,11.48354575,11.9898359,11.49212169,12.30103557,11.96325912,12.11511703,12.15934689,11.73992342,12.03233227,11.39413701,12.67893782,11.70103078,11.97917035,12.3240731,11.64919867,12.69812517,11.66342527,11.98315633,11.98905066,11.92427959,12.00961016,11.43323776,11.84335257,12.08963137,12.16825235,12.60261603,12.08088464,12.56298034,11.89017698,12.3002437,12.11923789,11.58148393,12.19892702,12.5641063,12.79103484,12.01436937,11.91894877,12.38816947,12.73642831,12.27139876,11.95197381,12.17997541,12.52936887,11.83238182,12.83995073,11.96533808,12.00402805,12.14015874,12.06681443,12.22537118,12.07892838,11.63122883,10.86941115,12.48522387,11.84489583,11.80857949,12.25107586,11.7343128,12.36007528,12.11902892,12.60663378,12.32388739,11.85590442,11.90229352,12.0313747,12.6499574,11.89278245,12.79341406,12.38247217,12.13287299,12.37121762,12.13847977,12.42969297,11.60735807,12.14488605,12.14640107,11.9929814,11.2939256,11.7477931,12.96496066,11.49457992,11.24660982,11.59296808,11.70524395,12.5319186,10.67857192,11.94897246,12.50112926,11.69285773,11.26255321,11.94368893,12.49837807,11.89801213,12.58042076,12.1747478,12.03526469,12.33596358,12.03504165,11.63752068,12.06788913,12.24571125,11.54063407,12.03701083,12.6294127,11.9221036,11.92295002,11.94523915,12.5153364,12.29794167,12.16206478,11.91025925,12.5513672,12.00284032,12.58261782,11.56275039,11.53724245,11.83584244,11.43517843,11.99293655,11.90881192,11.87858336,11.15009051,11.82622031,11.78714095,12.87191905,12.48685312,11.83291746,11.50690376,11.77384967,11.43988484,11.34433049,12.12802853,11.48966392,11.04944249,11.65961027,11.64069102,12.25617459,11.73709231,11.83917053,11.86611724,12.39235635,11.70571627,11.62236876,12.2411254,11.79181636,12.99806894,11.9042627,12.24747421,11.80800623,12.12989556,11.80516128,11.690972,12.16109674,12.31185225,11.78379856,11.64732351,11.81712022,11.76929451,11.79409882,12.02241237,11.98437338,12.00359002,12.0273256,12.20772306,11.90064432,12.40452635,12.22195148,12.15096473,11.95527403,12.4208769,11.9628121,11.31845319,12.16755036
X201091_s_at,10.96410699,11.59471556,9.166087942,9.086937081,8.887616421,9.853283644,9.803191647,10.37644651,10.5457025,9.61304814,10.33612493,10.45148103,10.39907639,9.693087799,10.93175473,9.987399881,9.505779603,10.13369024,10.39310947,9.933908985,9.978905654,10.43327904,10.39359257,9.840433243,10.23597008,9.058498463,9.518521181,10.0039854,10.42863902,10.37917708,9.109595877,10.58761832,10.31308515,10.0127147,10.12417586,10.11010544,10.67343277,9.738341449,9.867869454,10.06121408,10.30273622,10.37937724,10.19572437,8.199741086,10.74436272,9.574618879,8.601962146,9.789077901,10.58001115,10.17068176,9.824782249,9.994536056,10.12010676,8.968335026,10.08944967,10.02424159,9.442839874,10.46171922,10.63801034,10.63552752,10.57352169,10.96881072,9.654252751,10.58763968,9.842596594,10.21480709,9.579991697,10.88136865,10.18918363,10.55057487,10.49651999,10.0204539,11.3873761,10.4063501,10.37049732,9.962079664,9.097899866,7.362833509,10.68565957,9.425590706,9.919276692,10.80671787,9.104565164,10.33211394,10.37761285,8.64483126,10.94250526,9.628263004,10.8260699,10.28675319,10.65276366,10.07519054,10.4270904,9.98227366,10.47799337,10.69683907,9.743844278,10.82571694,10.47707395,10.34032817,10.32266028,10.31305374,9.896497293,10.14670674,11.63500728,9.690409398,10.05253828,9.985151645,10.49305558,10.30551139,9.72361177,10.05278846,10.00288877,9.867317025,10.03409792,10.09679806,9.950119021,10.0434946,10.32074474,9.600396358,9.945149289,10.37104027,9.916621001,9.876145081,9.385213717,10.15727429,9.818956106,10.08230206,9.306234938,10.32607644,9.527677122,9.116803589,10.35990591,10.0773357,9.564602523,11.04149516,10.72519576,10.28767511,9.892751367,9.662046825,10.43224954,10.37085568,9.432837854,9.979726021,9.313081173,10.34729836,10.07937461,9.468286932,9.033857263,9.849192682,9.61907447,9.934274008,9.514374134,9.835169816,8.939366925,10.06735948,9.824356798,9.775367681,8.894958063,9.901890272,9.792803985,10.7066248,10.3479439,10.0799669,10.35335627,10.74710347,9.755184995,10.39381973,9.743679416,9.719216806,10.85151386,10.23494949,10.75118124,10.45664448,10.74160706,10.93630276,9.744815852,9.744775661,10.79491134,10.43599269,10.48028126,9.904451498,10.21409374,10.03415181,10.12820944,8.288579311,9.795935113,9.75372845,10.58675936,9.951361832,10.06831901,9.943351662,10.35532773,10.7400201,11.1459928,10.46317052,8.6096311,9.011729551
X201288_at,11.51830517,12.31765852,11.69865849,13.13261664,10.42966316,12.97952511,12.72894208,13.02953793,10.27498643,11.86015383,13.26235663,11.9517,11.49692289,12.95302912,11.7867251,11.25324889,11.46889018,12.33174167,12.65890788,12.46779696,12.76010595,11.95771661,11.86748811,12.66695844,13.06893596,12.84869783,12.58712867,11.54191257,11.5987394,12.83177649,13.27528318,11.08688944,10.96717866,12.43233966,12.85700591,11.16145824,12.4772467,13.00450964,12.83439998,12.77916713,12.37191231,12.09323522,12.00817685,12.63224004,12.79786649,12.13831384,10.93742571,11.1466342,11.70215106,11.92355283,11.96413975,12.10429418,12.25773377,12.94938996,12.51084804,11.484064,10.87349256,11.4884059,13.73039579,11.16065685,12.12980967,11.99964553,12.11526494,12.93750039,11.74512974,13.35464172,12.66351703,11.9778374,12.21548499,12.31796395,13.02455979,12.79983905,12.69584537,11.89512144,13.01355927,11.43410301,12.37624527,12.5887158,11.97463577,12.3269601,11.9732784,12.12897809,13.09259092,12.08707597,12.29827373,12.1942456,12.21179108,11.31590443,12.30885721,12.70236494,11.71070979,11.91472281,12.59734648,12.63056455,12.1134015,11.21269185,10.85134268,11.9553346,11.5416574,12.86844695,12.30145443,12.35676658,11.43567759,14.0129437,12.28457822,12.17527967,11.16036392,11.97418695,10.90093242,11.08657565,13.18220714,12.7145988,12.53991846,12.60607335,11.36161654,12.26326855,12.01565602,13.13202725,12.67832161,12.6569758,12.02131609,11.84455161,13.10181182,11.9152223,11.59058005,11.99161782,12.77172178,12.19078626,11.10050109,12.44042778,12.22011502,12.81769316,11.79828056,10.29508837,12.96547869,12.47884752,12.48622636,13.18130379,12.27906585,11.43267263,10.446244,10.56997809,12.89434713,13.63376294,12.29544994,13.31462035,12.73761963,13.01845229,12.57602892,12.57749459,13.57518981,12.6397955,12.91221702,12.02296136,12.16318087,12.47592173,12.85459235,12.1655521,12.0949603,12.77575787,12.67620959,12.02581815,12.25391517,11.25211642,11.4597469,12.08971256,12.91867251,11.83971576,11.8231386,12.83750043,12.20829912,11.2720272,13.58367196,12.28206783,11.91939812,11.20662759,12.770918,12.35878616,12.33027824,11.91491766,12.62578902,13.674177,12.42295262,11.54802882,12.82084303,12.12792708,13.10881441,12.49746747,12.28255035,12.32562985,12.83144929,12.56155876,12.30223388,11.15042801,11.08468474,11.5145387,13.71903483,12.01369183
X201368_at,12.03852721,10.7769106,11.35333308,11.85939354,11.40113905,12.49043625,11.08015811,12.43571933,10.39424471,12.10276157,11.70996535,12.25103207,12.5590706,12.56671296,11.32588487,9.977634815,12.54957976,11.22332302,12.08139828,12.71359913,12.15449312,10.86518659,11.64445385,11.53795114,11.76328325,11.74391719,13.69671277,12.43745967,13.30253141,12.7240984,12.49224374,12.06180687,11.22390244,11.50490721,12.19105118,10.94480101,11.83541966,11.42258115,11.67496479,12.25576379,12.25728784,10.13688867,13.02266743,12.11128709,11.86590638,12.57543904,12.18530523,11.39401098,10.86906699,11.10585642,11.29437727,11.20602405,11.58956034,12.11714868,11.85649349,10.75180844,10.43728883,11.67100267,12.05683708,11.70395717,11.89511722,12.05193405,11.6007601,11.59392859,11.08673017,11.71920685,12.18893995,11.2028537,10.69732217,12.82730743,12.27650236,12.5734633,11.92336997,11.80429783,12.32035645,11.01117259,12.87588418,11.96166198,10.78058357,11.8447586,12.22908408,12.3894232,11.69844543,12.04348911,11.40390497,12.26910165,11.63157995,12.44781542,11.23130638,12.60427659,12.04173554,12.39967198,10.67712817,11.66769717,11.99454106,11.54319215,11.69148945,12.77128328,11.80500731,13.0206522,12.03268298,12.26009751,11.78805019,12.77015969,12.55991991,12.18634603,12.69643441,12.78576516,10.80557991,11.4885067,11.05689888,12.32742053,11.93301287,11.78675436,12.73457493,12.02321367,13.01194491,12.65008528,12.19512143,12.66203586,11.54583624,12.02477851,12.58093058,12.07034098,12.3027254,11.19322292,12.65903139,12.18129487,12.28327667,13.35686492,11.19606639,12.18797149,11.9153729,11.14458809,12.49064875,12.1099803,11.91230333,12.65082565,11.598679,13.20437888,11.16074265,11.17796013,12.66175327,12.23823932,12.32214427,12.34824473,11.73384441,12.50469699,13.03900001,11.75933343,11.85346031,12.49434502,12.96231262,10.0996325,12.10795778,12.52926571,12.14454717,12.71036427,12.94801365,12.99972112,12.0545967,11.94239738,12.03206128,11.2217712,11.4673141,12.24936978,12.57714264,11.35976242,11.05684385,12.61325749,11.55351367,10.26118942,11.42491547,11.40420733,12.31677045,10.47213933,11.32351532,11.3640096,11.37128513,12.09704321,11.58755556,11.88955173,12.29147364,10.88697158,11.54723106,11.20596807,11.27006232,11.87380597,11.51724577,11.27782545,11.22165889,12.08932077,11.7481403,10.65087293,11.16975001,11.48739414,12.90981415,12.04608966
X201663_s_at,9.62351846,10.60457687,9.384926599,8.400838796,7.741091955,8.184889768,7.892031453,8.987552773,8.041853414,9.219456619,9.840365354,9.044541365,11.15650976,7.765459192,10.63911418,8.815351381,9.161568703,9.467579203,8.329404001,9.205161399,8.642037952,11.01185078,9.254444365,10.88649909,10.37494074,7.872881839,7.946499017,8.057086443,8.435197148,8.388060638,8.406654397,9.716014365,10.41765873,8.210077562,8.2807429,9.501588462,10.1081171,6.508908128,9.859614286,9.025853323,10.55641898,10.50790251,9.951927393,6.591551183,10.1566232,9.011660122,6.336848041,8.435451305,7.248337312,8.794110963,9.730670045,8.376104529,10.92643255,8.329342821,10.352131,8.606079995,8.6375103,9.952511786,9.610561799,10.68759745,10.08572331,9.661823743,9.315160389,8.102172066,7.999364363,8.663495584,6.410699498,8.534262253,8.255254868,9.12552331,8.425158837,10.1462173,9.268891707,10.64399929,9.334022453,10.09746997,7.94470323,6.917931502,9.3307409,8.855732448,8.267514018,10.6555432,7.977224435,10.10107497,7.968936682,9.947190969,9.288146847,9.044847576,9.253069992,10.51200756,11.34511261,9.649326049,11.02138795,11.65086255,10.97253449,11.23859546,9.788687864,9.393905825,10.3320807,8.831099825,10.08367933,10.07184769,8.988874147,10.34157723,10.36947933,9.390482918,8.875428171,9.367489453,10.12571047,8.554764013,9.543472878,8.540947023,8.670881753,9.492730447,9.381289373,9.445029932,9.783005157,9.673196167,10.10589744,9.34245284,10.15921416,9.949772936,9.818261637,10.49463707,10.00452577,9.513762156,9.214734357,10.74071691,11.09473639,10.21934247,8.366575187,9.088186373,10.013935,10.45038507,9.406496299,9.812049052,11.33173816,9.740822294,10.23191799,8.879986023,11.02233277,10.07367338,9.338302996,9.576044563,8.219652452,9.765750766,9.46022015,8.950804634,7.66839978,11.66413034,10.7619565,9.205436794,8.770548036,9.830178825,8.290812504,9.295505497,9.191782843,9.561707463,7.501099841,9.223961031,9.522406462,8.483944549,8.558973637,8.88881366,9.900698716,9.77377034,9.504906414,8.993053021,8.43125458,8.748034555,10.35832731,9.117460232,10.0707086,10.27773685,10.03401026,9.792682723,8.598132247,8.274578197,10.36300298,10.76695142,11.91548564,9.965993598,10.13000088,9.68587906,10.01701206,6.613392637,9.42242338,9.308924813,9.631381663,10.32466461,10.17899346,9.074705141,9.6129084,8.787548899,10.87053029,10.44356884,7.525994294,9.254448158
X201664_at,9.814798223,10.70432878,10.16165409,8.670721027,8.64201815,9.253347722,7.770374909,9.51535327,8.820112851,9.771621173,9.987542968,9.963763492,10.84201171,8.364175058,11.36691223,9.550790303,10.12823006,9.847232162,8.777120599,9.635563864,9.651677117,10.9122727,9.628411917,11.33134201,11.13487544,8.54689388,9.012071691,9.333990514,8.782166466,9.731923192,9.74263245,10.48649417,11.61040198,9.358218997,9.316670646,10.35381226,10.69661644,8.087344463,10.57705415,9.680414588,10.81653565,11.09460979,10.86629788,8.531538292,10.73842076,9.411929665,9.01688218,8.895532397,8.787649174,9.493514322,10.11223958,9.943575046,11.39956113,8.979396141,11.00628332,9.165250754,10.17235933,10.72479601,10.27821053,10.69024675,10.63586732,9.557783012,10.34087469,9.423486828,9.43113934,9.411216286,8.534698805,9.615729003,8.622352344,9.413912598,9.245505265,10.3713889,9.76781571,10.89410427,9.674483968,10.43076271,9.072266694,7.478219048,10.44046893,8.989836621,9.375104964,11.08380038,8.975777373,10.62302415,9.521236921,10.44914186,10.07210486,10.0523448,10.90560428,11.25488976,11.329939,10.43397191,11.29172924,11.75356359,11.66057048,11.52651109,10.37659469,10.27174513,10.69627875,9.755027833,10.75819509,10.7296461,9.811035747,11.07152729,10.95636534,10.34119576,9.735412683,10.59111575,10.50147352,9.656860394,10.03180354,9.58836636,9.637873831,10.0292466,9.977571701,10.08387734,10.29517173,10.14726328,10.27895964,10.17705301,10.55520908,10.7153563,10.1798398,10.8554797,10.60601489,9.932351143,10.26805325,11.06289318,11.96580706,11.32558072,9.065992371,10.12908359,10.32117669,11.23378109,10.41268022,10.18546746,11.23198088,10.63492226,10.59411095,9.795320968,11.56084789,10.68080671,10.15890608,10.00710698,9.532789459,10.45767443,10.09534681,9.682690583,9.448637331,11.87769021,10.72110899,10.07411553,9.593288525,10.89510211,9.373191228,10.36336837,10.22636632,10.15920195,9.144627078,10.82194958,10.20811528,9.06193247,9.623118887,9.131098756,10.4261821,10.09940524,9.67806857,9.519797639,9.744828047,9.619571429,10.39011818,10.26426466,10.44479542,10.39747299,10.71993092,10.15969194,9.166367031,9.136655208,11.19532834,11.1645112,11.8115779,10.72324759,10.59834808,10.14546241,10.25491254,8.361000905,10.21054187,10.0273384,9.837380409,10.72482889,10.70752342,9.377675393,10.56232843,9.747181952,11.1288823,11.1042272,8.255545767,9.751309692
X202239_at,10.01673207,10.16183758,10.03272086,10.72742655,9.556685805,9.416866777,10.19639259,10.24697444,10.28399368,10.45528571,9.652883944,10.04163515,9.863416466,10.45577986,8.832100709,9.629731037,9.567035527,10.1453006,10.05017958,10.38281573,10.18256556,10.39891213,10.6416152,10.25051711,10.36421803,9.701470093,9.803735491,9.639579111,11.31454643,9.717169192,9.509403173,10.05817124,10.28525558,9.410271,9.868791769,10.34649153,10.57298983,9.955558456,10.26169403,10.2471127,11.2752956,9.313521995,9.688307518,10.10085317,10.06619481,10.00296823,9.640502549,10.101997,9.175757153,10.56287266,9.663920065,9.733216112,10.83761662,9.967325265,9.67081669,10.8502029,9.120109561,10.12275227,10.25985629,10.81489281,10.27616191,9.648379323,10.08428697,9.015854985,10.15286254,10.31030827,9.959810521,8.977692743,10.37138272,10.02100026,10.31767669,10.79060364,9.491324234,10.23492288,9.710042101,10.28570629,10.04114149,9.994082444,9.492888597,9.75937166,10.23080244,11.38870211,10.22280951,9.740720004,9.11351298,10.06561215,10.00416315,9.934219151,10.1275923,9.592923961,10.38324022,10.50085319,9.073227429,10.4443744,10.3688204,10.77636771,9.352840153,10.182092,10.48281012,10.22753891,9.876319161,10.1160368,10.51315801,10.95735506,9.585609361,10.70063905,10.73045326,10.48535383,9.814503835,10.85684254,10.19214921,10.2441244,10.0186539,9.780321938,10.19054119,10.4236016,9.719504462,10.15040437,9.946077887,9.764796858,9.931442179,10.53021422,10.36254343,10.45116311,9.819531192,10.19035386,10.61721906,10.1048537,10.47829958,10.35814009,10.0289136,10.30906637,9.620334479,9.916484387,10.082372,9.848257758,9.85633688,9.944208919,10.29226691,9.88504982,9.175155708,9.703068513,10.37859689,9.962538469,10.12534507,10.65696383,10.42423121,10.02976249,10.31738018,11.05875229,10.51667842,9.886617204,9.512298462,9.849442253,10.29642443,9.841202087,10.43818476,9.917259628,9.698334137,10.04915997,11.84969778,9.973690085,10.61499424,10.1570173,9.54485011,10.1208752,10.41511307,8.803921483,9.831013185,10.54012053,10.60066832,10.1764366,9.589035926,9.633382732,10.19609482,9.744555367,11.12544664,10.38235661,9.736787664,9.325230849,10.21867963,9.509278847,10.64264419,10.05701362,10.22758078,10.44836417,10.19891137,10.34889366,11.03739119,9.807100727,10.37827847,10.1035437,9.615671864,10.17630614,9.573702296,9.051648815,9.788902611,10.70103157
X202240_at,7.847382605,8.744875054,8.125486581,8.650810077,8.478862274,6.852817724,10.66137935,7.031066926,6.702363534,7.981534867,8.250370223,6.274905894,8.945260121,7.182619815,7.970871186,7.934495808,8.041710369,7.733162129,8.394262335,7.017847499,7.175052704,9.26717816,6.991197367,7.464737866,8.239589479,7.936077,6.747441487,6.684630734,8.516141633,6.913727477,7.236728966,7.153682659,6.981615404,7.318156282,6.770341689,8.332845017,7.419844564,7.475083611,8.484484075,6.949726387,8.344862838,9.210370552,7.47947027,6.591077932,8.056242985,7.177604415,6.939915873,5.100259589,7.115667548,8.306085849,8.613315545,6.650622554,7.897460059,5.981564697,7.730545187,6.900934281,7.16890855,7.893352706,7.762090979,9.120029647,7.353997967,8.666365377,6.760043679,5.375804335,7.847634287,6.60445928,4.399054731,6.45503365,8.144293201,9.44239156,6.735832818,8.24740382,4.559900501,7.83546917,6.586038666,7.922304221,6.455549043,7.654419275,7.299997891,6.384388595,5.099494337,8.616001025,6.074125134,8.630637831,7.16530496,9.265349032,7.42533366,6.81317975,7.738968743,7.759768972,8.358800544,7.000845214,8.381868845,9.137140139,8.81175701,9.072700439,7.955232044,6.193339226,7.263134374,6.955263098,8.25377065,7.649574733,6.760507384,7.663261521,7.14993531,8.344907309,6.280751099,7.889577248,7.491344524,4.874338031,7.553240668,4.627878161,4.793362025,7.944494892,8.150680783,7.149364612,7.909198257,7.140349841,8.753999696,7.444739496,7.851530331,6.673118037,6.744989347,8.014558443,7.733712964,7.964907951,7.922767351,8.722650657,8.503908832,6.135985095,7.325060417,6.031171307,7.418481647,7.786652723,6.481716098,8.345199959,7.868124231,6.564193967,7.417457251,6.584083281,7.925258178,8.261768886,6.994616699,7.794678182,5.264898455,6.277984745,8.005773494,5.329065668,6.452712629,8.673450189,8.803661044,7.714643812,6.335943597,8.443802331,4.737071559,6.235791605,5.995671826,6.797401404,4.965323702,7.592600698,6.643782613,6.702876194,7.777835297,6.053330344,7.689531253,9.378330209,6.645412943,8.146141002,7.261276472,6.527086063,9.258836973,6.654086123,7.02368188,8.178464895,8.787764209,8.415541401,7.543097083,7.197013094,8.30257292,7.734786541,8.380895718,7.954191488,7.601696485,9.168981966,8.513080289,5.300783589,5.054857896,7.382918378,8.401054831,7.053795841,8.581136806,7.403803405,5.039777245,9.240307475,9.287522257,7.279063398,7.343499078,8.075517982
X202418_at,11.05308333,10.59645668,10.83484788,11.62706621,11.50077274,10.86286594,11.8747255,10.29331151,11.18780794,11.08980572,11.05038957,10.72577468,11.32128817,11.09252379,11.5349909,11.39595719,11.39677639,11.49944437,11.27746724,10.29741222,10.20770719,10.14898461,10.04483864,11.05439489,10.19117401,11.14307595,10.519533,10.17307102,10.26667136,10.39224273,10.47449389,10.22072907,10.30976079,11.11350289,10.52304196,10.63420884,10.54470354,10.64825362,10.63592625,10.78599192,10.77744142,11.11963659,10.86518906,11.07454856,11.07475247,10.61645923,10.93622345,11.07899335,11.23161366,12.41505262,11.24997171,10.42500241,10.91890759,10.69378945,11.98282781,11.40187523,11.1630086,11.6277833,10.71722019,10.90401299,10.86650006,11.06178541,10.79516661,10.53280679,10.6258486,10.38024409,10.39679052,10.98320628,10.94635794,10.28707258,10.66612033,10.51241442,9.721139507,10.84133401,10.8211545,10.62463989,11.01847398,11.65273718,11.21098623,11.0416674,10.58963396,11.1853942,11.07442513,11.25958775,10.51989057,11.04589694,10.3536361,10.05533597,10.79750165,10.6134626,10.7981303,10.53447006,11.00715554,11.18721323,11.05384759,10.5158668,10.91521586,10.17894212,10.93719074,10.18380248,10.71862323,10.00439958,11.29320778,9.449665215,10.38661604,10.75244406,9.958269259,10.8177848,9.831884647,10.78313,10.90148138,10.7382677,11.1519849,11.03872402,9.920189318,11.07901801,10.9003259,10.08782074,11.06903973,10.56750493,10.94827885,10.58385353,10.11252982,10.56186021,11.0660807,11.00379694,10.19975323,10.07704115,10.34500437,10.37070288,10.92775102,10.94094733,10.84589957,10.871493,10.52190749,10.75588926,10.52351463,10.2270322,11.02805736,9.786681615,11.67262209,10.86223719,10.74070501,10.92878856,10.48810159,10.13529875,10.54496759,10.15995211,9.844612658,10.66489374,10.73570891,10.42710444,10.34196928,11.17114921,10.41789685,10.20308893,10.33882926,10.66740781,10.78714521,10.62100739,10.34329754,10.59930987,10.46467129,11.30624599,9.941327857,10.86190423,10.51495351,10.80216241,10.45269274,10.16860624,11.31997679,10.32630672,10.30323466,10.40914186,10.67783236,10.82806955,10.48790429,10.66390646,11.08502559,10.79499895,10.56864222,11.336852,10.32785399,10.46237252,10.88255882,11.30496701,11.01900971,10.88375551,11.29370578,10.47505422,10.87203834,10.80331034,10.44734993,10.88853707,10.90874492,10.4645721,10.89458064,11.69212333
X202687_s_at,9.750477403,9.826114329,8.798452995,9.066485441,9.900628179,10.37514629,8.065975845,10.27098776,8.841883877,9.582561936,8.998526432,9.988294674,8.62451406,10.5004108,10.4647152,8.984351708,10.36612804,11.55744161,9.813946806,10.40949203,10.44103936,10.63326887,11.54645023,12.84227042,10.62553299,9.779326375,9.924952273,10.79356594,9.681997476,10.42114629,9.976979745,9.114265982,10.01571163,10.59216981,10.73880191,10.34888575,12.20282793,10.79635995,9.982170086,9.340767329,9.413347489,9.661819203,9.103419263,8.741565735,11.74783641,11.27682881,8.563218374,8.713993656,9.244006831,11.61164331,9.615090763,10.20867676,11.62609674,11.74701102,10.97894866,10.03716833,8.163172242,10.78028612,11.25666199,7.440496404,9.995565222,9.30619046,10.44819582,10.85965379,8.538698399,11.62277685,10.39804296,8.686447862,9.294728359,9.257220969,11.11337675,10.03141846,11.3688711,10.15234864,10.23841468,9.720978079,9.608261511,8.972844085,11.36250348,8.945107862,11.43853041,11.32879814,10.89855174,10.39651222,10.59891238,10.32444808,9.437706834,10.03426324,9.909859542,10.23307215,10.68014949,9.807587634,13.1452657,11.45702923,11.96188753,7.338910397,10.43576478,12.32695378,9.596412069,11.84161878,9.535142891,9.102053692,10.67440126,9.418247309,10.61034067,9.038349349,10.16747185,9.665682103,9.045293352,7.734029315,13.09879257,11.22665345,10.60523282,10.75974285,8.738567409,10.24454149,10.08427523,11.41641613,10.25906776,10.41364027,10.34068499,10.42129519,9.994007381,9.937099894,11.50752508,10.71829327,11.32607569,10.81249702,8.695425929,10.49653435,9.734097904,10.71029103,10.4643456,7.085483171,11.16086328,11.87866048,11.24737443,10.3675115,10.71231751,11.20141745,8.362977592,8.233624686,9.837070115,10.94349287,10.82065214,11.21443398,10.38517864,11.29756903,11.15425155,11.18215381,9.084563556,10.12158306,10.43464716,10.29852599,10.86150334,10.83624063,10.30184718,11.88900419,9.578859826,10.9047338,10.87999203,9.96343925,9.821499124,9.618392188,8.672053937,8.324475794,12.08537117,10.85930753,11.04107248,9.711805406,9.198265233,10.13342332,10.45683706,11.41634405,10.40293456,9.094807085,10.96414885,10.00341653,10.33303555,11.79896039,11.30667612,11.78244867,11.21392797,10.50122125,10.01312479,8.714129817,10.76855119,10.81388312,10.27618003,9.020878276,11.24944525,10.26596167,10.43558808,11.58740221,9.479914352,10.47239963,9.578317248,8.749422832
X203306_s_at,9.640372456,10.21215831,9.353904314,9.818331284,9.723173674,10.22993223,9.349551915,10.13027925,10.6057534,10.01345482,9.167512876,10.53635624,9.978729927,8.731544089,11.11022455,9.513625581,10.10068261,10.13637797,9.477451064,10.00810966,10.29349937,8.942818389,10.35154502,9.32108353,10.2136093,10.01790288,10.91659654,9.886479173,10.19244494,10.69323582,10.67538027,8.79015806,10.77764192,9.596130253,11.15303218,9.828324518,9.963345326,10.43289467,10.13245828,10.41870915,9.732748077,9.440975165,11.07741654,8.949752177,9.522839543,10.57792559,9.861315217,9.496457067,9.677026269,9.626005843,10.18433469,9.81288349,9.222220766,9.905628766,9.657196698,10.05596703,10.08337575,10.62715567,10.20806239,8.956761354,9.568201115,11.02351734,9.766094604,10.47959209,9.54850671,10.64936144,10.19774344,10.4104553,9.911090837,9.955518948,9.846839425,9.09361546,11.01657814,10.09142965,11.10170985,8.553517055,10.197457,8.56248922,9.932934449,10.02427484,9.880529855,9.713287805,9.541260044,9.761257818,10.60130385,8.5290478,10.00163528,10.00747701,9.395880013,11.08282661,9.446399503,10.07665877,10.52934729,8.923301085,10.02910116,10.83232502,9.87308847,9.862846935,9.695282233,10.51446906,10.19349013,10.46121641,10.60634779,10.40962087,10.1645971,10.47121675,10.3261533,10.60082028,9.706593464,9.74680174,10.04204814,9.903372122,10.45191559,9.570108952,9.06570062,9.289475163,10.82322441,9.840247037,10.11865895,10.01935793,9.524254495,10.10616478,10.05981137,9.559688874,8.964103928,10.44054157,9.613061846,9.884610363,10.71290879,10.62765862,11.22044657,9.994005512,9.605856193,9.2746135,9.259998687,9.957886181,9.373855497,9.484403285,8.567415369,10.65070212,9.717711917,8.872448835,9.663560511,9.802811782,9.613027144,10.00405314,10.05952355,9.891123891,10.12619611,10.52284305,9.630306463,10.07186427,10.4095045,10.05349875,10.00715637,10.09742,10.18593961,9.848403534,9.383701485,10.31589373,9.413143631,9.948797693,9.309528377,9.569368429,10.07736345,9.397341566,10.21450469,9.275768616,10.35492271,10.17817314,9.659932458,10.20953341,10.75739656,10.64385909,10.86474161,9.760734341,10.00281006,9.043135678,10.2242181,10.14639074,10.57696934,10.232737,9.974089335,8.961389289,9.234519413,10.59140333,9.262651521,9.656587439,10.79170192,9.430730903,10.05876289,10.43961935,10.23596939,10.83961529,9.308771932,9.803907658,9.177713537,9.49623607
X203391_at,10.73699759,10.63407997,10.05343542,10.53843971,10.8300138,11.08808211,10.64767084,9.948577682,9.371837969,10.05882008,10.92372349,10.34340752,9.00250289,11.32664086,11.31294959,10.67106889,10.11647636,10.96053839,10.5562952,10.25072212,10.54319629,10.98146369,9.89933421,10.08970848,9.183093401,10.5984872,10.44864487,10.6388954,9.106198504,9.910345716,10.87232233,10.58857482,10.45097303,10.99741174,11.67398346,10.17620257,9.947688496,11.32995676,10.8568171,10.69740848,10.50654871,10.58169345,10.38977122,10.41646326,10.18141722,10.05436572,11.27579581,11.17491974,11.85983258,9.655538287,9.787556377,10.96200511,10.72009147,10.53534815,10.61376209,10.45614733,10.10560132,10.84299554,10.03456406,10.26815639,10.22575214,10.102797,10.24200394,10.76616174,10.71862703,11.87637493,11.10466044,10.82277751,9.817509761,9.660635649,10.99212882,9.870780245,10.12951616,8.958766621,9.444083214,10.22364747,10.96006794,10.97580897,10.48399966,10.7120144,10.86667321,9.873420768,11.36129536,9.923160843,10.89335219,11.02964054,10.19434857,10.24676809,10.29340581,10.72506146,10.26904533,10.3089352,10.24473334,10.15208207,10.86607825,10.49353693,10.40754263,10.05963159,8.870780668,11.02381798,10.26360286,9.502332131,9.623428399,9.653228482,8.607188325,10.19826299,10.33135514,9.52078,8.607962948,9.358302827,10.03125746,10.97767433,10.51584579,10.17939896,10.45019133,9.724504663,10.7790163,11.03249934,9.072214613,9.824855727,10.55141286,10.75920577,10.34274181,10.90754732,10.22795117,10.55191173,10.50184345,10.06942471,9.96635592,10.52044455,10.62048136,10.49083213,10.54690368,10.76792123,11.24809559,10.611485,9.640089289,10.23267748,11.8258794,10.7313898,10.29542443,10.87465949,9.233126605,10.69478793,10.74570464,11.40110373,11.41030515,11.25836849,10.70648221,9.850166151,10.12618574,9.836430409,10.13740001,10.47174576,10.11420047,11.19148573,10.39150357,11.08814667,11.36278303,11.13373913,10.25673215,9.690263715,9.186157105,11.54956256,9.683806386,10.83738526,10.28480789,10.19437126,10.09662312,10.26341019,10.55293296,9.916859147,11.27508031,10.33563712,9.506481832,9.939560022,10.46146728,10.29674555,10.61276452,9.881609208,10.52232645,11.31995946,9.813057814,9.693343848,10.22913425,11.31628302,10.45938231,11.21108084,10.52065691,10.02726371,11.00783832,10.500117,10.81204617,10.53457459,9.633749578,10.96946908,11.25507528,10.86038841
X204014_at,2.617891006,5.601265834,7.337780945,8.139873516,3.130879468,10.54044784,7.705730456,11.09376202,10.51578713,8.535759572,10.069854,11.4442084,6.07689941,7.750527723,8.859252087,7.581500434,9.525328833,9.665213924,7.87837792,10.46664171,10.85983102,6.048935919,7.640031665,12.5173088,7.496102531,10.07398984,10.60127825,11.92707997,3.671429803,11.46252757,10.3551204,10.13520304,10.48388836,11.87062505,11.90625049,9.25007662,11.9284409,8.735204092,8.491758165,12.16900644,8.024690177,8.187066866,8.699922729,9.373758592,9.045883863,10.18341038,8.865101007,6.717289604,7.029251767,9.948050547,5.090760462,12.11405907,7.674381014,11.59946024,9.274675046,8.315240919,8.990854708,9.039851009,6.66685232,7.640554322,10.44801306,8.04463298,8.714698983,9.294332849,11.73355739,12.86635839,8.864774693,8.259148366,6.224627514,7.053265812,9.475642791,6.369030535,9.558247869,7.432471083,9.604501796,7.187530624,10.75381981,10.14242533,3.981100795,10.12089543,12.10115842,6.386380745,10.89061019,9.147924042,9.059864465,7.445060514,9.082358532,10.24664229,10.54445742,10.2788981,7.313943732,9.146492401,9.401828179,8.057801951,8.269037359,8.540588264,11.14375033,10.74842775,6.336345869,10.99627899,9.116448661,10.88594099,10.56341815,7.584131202,10.0516094,10.14875948,10.06745663,10.3949364,7.52382654,7.971895333,9.731753573,9.941837845,9.673713341,9.840072259,11.87709394,8.189234488,9.631258006,11.42872127,8.232536471,11.12323646,9.418290679,9.261608146,9.844019073,11.43619893,7.788870894,8.281044025,8.652789583,8.630724772,7.224482896,12.48325218,11.86229679,11.26295509,6.696823282,9.724542557,10.57157073,7.255049035,5.127701513,11.95175072,7.94140846,11.77696575,8.747781557,9.448400333,9.147985124,9.622167808,10.53790242,12.50989593,11.48563443,12.10275631,11.60988542,7.710061767,8.046739588,10.73824803,10.38054119,8.147740505,11.69975495,9.972823047,11.01093775,10.59159891,10.47854593,10.04219002,9.726809018,9.958693015,9.568636737,12.83091522,9.144295833,9.90139249,10.48069233,10.46805954,8.561571731,10.34769775,7.407218238,9.559974055,11.95034598,9.158961168,8.767521892,9.857441899,8.702189388,8.689747382,10.63000681,8.311532742,8.901930662,9.781553694,10.52424993,7.692588848,9.610433278,10.09779358,8.536715664,10.75775945,7.693167616,13.09105226,8.311724827,9.934199736,8.945662307,1.993742748,1.643969432,10.52201156,10.8227735,9.012812719
X204015_s_at,6.244279752,6.542129709,6.586000484,8.47733457,7.398170018,10.51194071,8.720467597,9.854572218,10.66341318,8.687730179,9.484188655,10.18310751,5.954572789,8.319230865,9.58277949,7.511748799,8.669764124,10.45271096,8.082752121,10.08134376,9.599909845,3.59892753,7.703322193,11.89343255,7.611031854,10.06819479,10.10007867,11.19532213,7.303095771,9.662543392,10.3726454,10.05184495,10.49185089,10.88750861,10.78938919,8.906913917,10.97465081,9.738188949,7.94060032,10.53030395,8.454543379,7.984297714,8.497184944,8.841122089,8.977981258,9.938542768,9.767148998,7.323090511,7.812533462,9.341970688,7.020874693,10.86973571,7.97994462,12.02679587,9.808060828,7.570472596,9.093417468,9.25139041,7.226988348,6.573284147,9.85094988,8.172868929,7.941895462,9.196238074,10.40442466,12.19110272,8.451258458,8.848980737,7.594261377,7.717428022,9.528668806,8.015859985,9.013587641,8.075418253,9.863707974,7.93395927,10.22983979,10.6706756,7.114041804,10.40525474,11.49611513,6.727766046,9.711662334,9.071526756,8.960534214,6.566797763,9.091798493,9.061421944,9.418798448,9.59031553,6.793447784,8.683164115,9.412670718,7.791575409,8.385756286,8.786162683,10.73473623,9.016528599,6.212212458,10.3447279,8.883649949,9.304561111,9.367360145,6.962303707,9.467840225,9.479832918,9.368310961,10.55502777,7.258780344,8.350677527,9.244210296,9.530468746,9.289787704,8.398325777,11.50369751,8.198744124,9.332176446,10.96055094,8.415344679,10.36923211,8.646526395,8.532771203,8.520475685,10.59482983,8.01599351,8.319144533,8.111891137,8.365762946,6.510086857,10.57990421,11.19833896,9.657408974,3.126174199,8.61103366,9.690955772,7.833534756,6.638772729,10.73993707,8.158213194,10.01179912,7.884177749,8.544923393,9.067347263,8.571406052,9.432976639,11.29337727,11.36088213,11.40643263,10.34004867,6.960963819,7.333859399,10.20504254,10.2802626,8.237157994,10.5219969,9.266076776,10.03348972,10.23860342,9.768416092,9.310734443,9.253041312,9.631947927,9.580702433,11.87465797,8.686066135,9.432587419,9.803724729,9.382656557,8.4509848,9.784623697,7.921932823,9.331113751,11.08255,8.567736955,8.849342442,9.471701617,8.645595028,8.282218005,11.02755339,8.756178083,8.719988117,9.692348409,9.216567764,7.575764764,9.23964031,9.07718075,8.618549895,10.97209574,7.76655504,11.30358947,8.237597177,9.530816115,8.443904732,6.139044395,7.044179081,9.980030058,10.52821604,9.160088205
X204073_s_at,6.16820704,5.933586308,5.571377985,6.509023806,7.58221766,6.036382299,6.933556139,6.019230758,6.362822102,5.774420316,7.055388381,4.478110327,7.395585131,5.445660224,4.517892045,6.613744802,4.389609628,4.044604205,4.43661505,4.179444455,4.404349912,7.809097929,6.741098928,7.822177669,6.801218074,5.456657575,4.477350575,5.430907387,7.094358956,7.087225706,4.033990147,4.641539317,4.757882803,4.828735259,3.977032596,7.586228539,5.544527502,6.2348995,7.44299465,3.446166157,4.946831779,4.238045205,3.311329986,3.114270229,7.400859219,5.815427641,3.268781403,6.612517453,5.757965211,4.657443996,6.863646671,4.747659382,5.959232889,7.504429516,6.658350212,5.643137171,4.696072955,3.297531679,6.143192951,8.15965444,6.056288019,4.235316024,4.392142783,3.589546483,5.516975503,2.955751864,6.033009996,3.485111109,6.650331873,7.204970501,5.115734087,4.90416858,4.798513502,6.425865265,6.511523423,6.791061473,3.891220598,7.068468645,4.379641832,4.761693173,3.753934524,6.228431097,6.528408278,5.957903623,6.100035461,7.651812778,7.492092237,6.614583577,4.722745033,3.632636945,7.212068814,6.658174621,3.738195375,7.220957275,5.941276537,7.056076759,6.415802697,5.063835496,4.765333079,4.406683679,5.936148948,3.452111463,6.223520745,6.746524782,7.015103442,5.46697314,6.868131613,5.266473371,4.839224993,4.055411278,7.093601292,4.330348071,6.251012481,6.918046307,7.535686114,6.988620978,2.871583977,6.157988792,7.135498964,7.569792046,4.472194304,7.381426937,4.046381276,6.296623657,3.786474888,6.607698768,7.30524427,6.198915962,5.847359143,4.814587265,6.527808951,3.690673475,5.878833859,4.800376896,6.403920305,5.795145533,7.830265479,6.426225447,3.48990134,3.694721936,6.010850351,5.236670874,6.121776012,5.858812497,6.517230097,3.572443888,6.215455719,2.688576413,5.87639406,7.989682191,7.241769764,5.838361938,3.777977176,4.478620035,4.964291637,4.549699595,3.877337298,4.209053001,4.089468127,4.690889069,5.826730568,5.260863282,4.831022573,4.771279069,5.852107026,6.179180362,5.605549872,4.485814468,6.122504674,6.509112459,8.334911711,3.703643766,3.613094276,4.863871817,6.354004797,5.925401919,5.604744546,7.360555699,5.962280323,3.575891045,4.569165746,3.800934802,5.955895072,4.260578589,6.117552524,5.101771534,6.426962103,6.532389324,6.393011016,3.567580319,5.385118061,6.903423838,6.104620094,5.367964486,3.779639375,3.383649711,4.153233,7.279516321
X204218_at,8.319660965,9.118091394,8.927673236,9.29211197,9.166667717,9.260799578,9.891907039,9.730070309,9.445414959,9.343077865,9.436837803,9.118541873,9.620426347,9.106190917,10.30624275,9.1702027,8.328720677,8.676681394,9.425059598,9.632831711,9.296254113,8.849917274,8.707352812,9.954795059,8.409297124,9.314847321,9.12995137,9.271147307,7.811377648,8.816601415,9.12280003,9.081592513,9.556921323,10.11403015,9.240270496,8.257791066,9.249528135,9.532345289,10.01385801,8.697707028,9.850594119,8.472877348,9.070878884,9.648295188,9.26255452,8.634996078,9.111228502,8.717793864,9.021067955,9.266999186,9.217121218,9.51183363,9.466976082,9.108643025,9.460904094,8.866016446,9.749378822,10.5415206,9.073004926,8.55461553,8.834006999,10.07053819,8.874653902,9.323714615,9.740213811,9.564358305,10.09049103,10.05540041,8.837189783,8.627213411,9.411554089,9.132608746,9.160788149,8.655834951,8.774728955,9.480505276,9.487980417,9.959316062,9.790249482,9.238212561,9.267330889,8.708204532,10.39899399,9.163487003,9.657156863,9.526618386,8.68785655,8.510022064,9.877618869,8.887157297,9.340180763,8.8316346,9.451561679,8.730312588,10.28852192,9.481613776,8.748182479,7.752855211,9.297490752,8.723509901,9.821523792,9.325965171,9.127749018,9.249628007,9.53811963,8.781351159,8.590579353,9.500145364,9.232367568,8.849535714,9.877430812,9.216604472,9.005317468,9.366844017,9.202301442,8.664500145,8.635888576,9.276101609,9.506032284,9.09422825,8.888207542,8.285795104,9.117581232,9.313995859,8.783430355,10.42282097,9.368882681,9.121587519,9.498214969,8.566599629,9.410439776,9.403501521,9.311387149,8.784183001,9.304624567,10.06797007,8.397955733,9.031326109,8.537037845,9.041592096,10.31340559,9.297138522,8.802447572,9.042244854,9.090571694,8.938243264,9.180849177,9.001568028,9.219887898,8.578277311,9.398058796,8.975558281,8.88318907,9.087317633,8.911776964,9.102622859,8.910490399,9.209221878,9.001920819,8.915187554,9.241587483,9.101763137,8.89788696,9.008192886,9.054575053,9.896710349,9.292872559,8.845811161,9.051920969,9.228412263,8.770007649,10.39018587,9.105797225,8.596710667,8.710342641,9.321898168,9.876772064,8.753016982,9.449334972,9.009089337,9.767466138,9.686058199,8.550138192,9.276354059,9.094832075,10.10574134,10.12913319,9.368946903,9.092811311,9.06034047,9.105054363,9.315384825,9.224727581,9.6811363,8.937583632,9.0793872,9.504684442,8.687782793
X204540_at,9.905931533,9.343767767,6.923999893,7.198628437,12.99991658,7.976971949,6.162827226,7.020898055,7.134262046,7.320730725,9.933662776,6.647673439,5.1876897,6.739801386,7.724794614,11.64642202,10.21429095,7.725860439,7.19524381,8.664650443,11.93557839,6.488096134,9.137406432,10.54879155,2.788441362,11.54230424,9.16530095,9.491848991,5.374552717,5.994187345,6.691312289,10.84053377,11.48212753,10.70963836,10.0810893,10.45512411,10.68966577,9.642721196,6.725709691,10.70481523,2.5260354,10.97685561,9.512785213,10.83920827,11.6232062,7.772248966,10.94541101,13.47566294,12.02830799,6.098545933,7.965695914,8.822754656,7.79979869,9.581931408,8.38104074,9.320292148,11.57795072,6.575947741,6.066752713,6.305516612,11.69293183,8.113390197,8.541587661,8.396578569,8.584265544,9.628680145,8.005924195,8.955679388,10.97675129,7.295838996,6.81216811,5.525982765,6.263374196,6.853474817,10.78850391,11.84386833,9.679545052,9.066400228,5.630156737,10.01458352,7.433068504,5.331614022,6.844854095,9.066434387,9.739842962,5.53679123,7.979768868,8.604323813,9.08029064,6.779008401,6.57115088,7.747691636,7.735242171,3.135577516,4.027823588,7.399209662,9.485544454,8.521858425,10.41676752,8.539976648,7.207264071,7.692114105,7.906138844,3.264805959,8.649550402,9.846769945,7.333833474,8.511793409,5.232602689,6.014314307,9.851109536,8.191397532,9.262185574,10.795837,6.622652759,11.10761829,5.338740629,8.711041288,3.670129854,8.65425216,8.017792038,7.321858157,5.158606613,8.264365169,8.952136419,7.370782925,5.52798665,7.476757368,6.864657709,8.732314695,9.060385884,7.930670023,6.269174636,10.35117504,8.296749377,10.8453432,5.188283702,7.46767183,6.584556412,8.891758369,7.842256191,10.38703989,6.382315911,7.950944137,9.794688996,9.827675153,12.17956304,8.673144259,9.46692141,5.032926652,8.577788254,8.621619989,8.978123994,12.01830262,9.547000683,9.554944093,6.25345184,10.4613617,8.039065801,8.377059504,11.4077923,11.17405151,9.571287478,11.28693824,12.17812981,12.08305827,8.472300272,9.864162885,2.154890216,7.935663081,6.994214756,8.204102262,10.44477208,6.489635714,6.341212997,9.286410728,10.51964223,10.36822597,7.57627793,5.990467926,7.47350853,9.856075474,7.838604869,12.87275789,7.998779997,11.24193497,10.47812556,9.207395675,4.558765183,11.49136539,5.079100465,8.686328863,6.884782824,2.516564409,9.257450402,9.770737133,6.639936414,6.97661086
X204631_at,6.560597861,6.041688294,5.013382328,6.674452977,6.039881774,4.616024485,5.897371223,5.591253398,5.513102461,5.130115086,4.516733379,6.246266098,6.701935862,5.278332565,3.440936537,5.32827695,5.544137113,5.413903244,4.065099477,6.826184644,6.556676217,5.984707143,6.596717017,5.824449446,3.711555392,6.993054048,1.719718833,7.342521924,5.113595756,5.27861358,5.652317342,5.656735044,5.423160262,5.443869014,6.267820061,3.722886038,6.072411232,6.379018512,3.397728108,6.346273835,5.559705833,5.007632467,5.031267144,2.156987054,1.396581355,6.713269879,4.6826912,6.234775662,5.916930253,5.831780295,5.285344569,4.144482225,5.625902664,5.003211466,5.433960889,6.330347859,5.572770746,6.71863868,6.569472461,3.792361067,6.068708421,5.104407883,5.494105634,5.605751281,2.862206371,4.237707976,6.390658184,5.710261522,6.505229849,5.300292535,5.417175541,6.473763591,5.237328254,6.429793565,6.108507909,6.60703992,5.048036035,5.969594951,1.906923223,4.351431808,5.743588418,5.821460432,6.979381043,6.295620171,6.034765757,6.465675158,5.55600591,5.487568689,6.19799644,5.214071884,6.685814321,5.737531922,5.483116554,4.165835246,6.564622823,6.364343553,6.363764223,5.655513514,6.748943583,5.249863471,3.271610256,5.911475809,6.3005638,6.273029408,6.372799927,6.854652305,6.502422297,6.226648153,6.46761379,6.823404825,6.727803749,5.924035724,5.57917871,5.82521978,5.870336771,5.477570601,6.356258083,5.735895569,4.91109081,2.442113226,5.16833273,4.694713937,3.771806882,6.215267779,1.790605535,6.095193898,3.328095112,5.103525796,6.354469079,4.888122193,2.774544559,5.387685975,5.868038005,4.935448649,5.706283072,6.202741728,6.427660424,2.507045801,3.177055735,5.68540722,4.92802769,5.735980144,5.26349238,5.526045768,5.965274204,5.77361351,5.045970294,5.665717274,6.365810145,5.909154257,6.084151037,6.111218851,6.476767191,5.082875709,2.166477468,4.382981559,3.732470383,5.120201813,6.529138694,6.148081898,6.192923164,5.028838976,3.594680207,5.960263433,5.488383545,4.882152839,3.10618563,6.11421321,4.842602209,6.377276974,6.607341181,5.100271085,6.368811422,6.077471026,7.810295218,5.995040256,6.52137762,6.223120264,5.298281229,6.179307692,6.51152026,3.462691381,5.160393136,6.020825398,5.972612402,5.181565747,5.985956955,5.827892075,6.077092867,6.00767472,6.556756037,4.59638633,5.794647251,5.343951325,5.422090274,5.045852067,6.414144531,5.366291504
X204740_at,7.601908493,8.19517112,8.416697867,7.922824805,8.860148219,8.360486652,8.204228678,7.929458451,8.32447329,8.352054421,7.986988279,7.80143032,8.212557892,8.058675921,7.073787364,7.327943804,7.903715252,8.392397832,6.961235134,8.512260013,8.569379857,8.577034932,8.453921655,8.66089862,8.265114877,8.372128493,8.382808501,8.891195733,8.780993755,8.480884342,8.237635028,7.979441215,8.381049007,7.861769709,8.907449075,8.162896282,8.692153542,8.062176456,8.005498114,8.398102157,8.076673361,8.06962902,6.856569291,8.41004172,7.973651379,8.767299765,8.638994155,8.59609909,6.944152703,8.173744428,8.277079686,7.731041368,7.768019109,9.089990694,8.542517779,7.93608306,8.779409584,7.536541375,8.124938485,5.150139297,8.592808679,7.961877756,7.885584982,7.251085909,7.978298083,8.34164254,8.2272207,7.52683609,8.653911834,7.828311706,8.556632041,8.192284131,7.69151317,8.497281132,7.625416849,7.440999077,8.665903549,8.874869405,8.16863435,8.568656624,8.825943732,8.093592002,8.424613719,7.946955344,7.945199115,8.851503694,8.027020779,7.68534942,7.481793814,8.911718468,8.276320221,8.58875942,8.45904995,8.580360767,7.891018888,8.509144215,8.367290218,8.895583793,8.747822734,8.892158566,8.335671925,7.902472847,9.467526416,7.284458756,8.580732686,8.957413765,8.440781703,8.90911483,8.775271199,8.333637575,8.721696828,8.444519228,8.755629684,7.86277595,8.646692844,8.472887972,8.614992368,7.935657454,7.535177502,8.288164114,7.123986446,7.470290586,7.832832853,8.681856511,3.429709743,8.356272304,8.063672857,8.387608883,8.718481933,7.847169762,8.046080244,8.56385604,8.1803185,9.172491895,8.346771188,8.726970322,8.121579524,8.199038845,8.231498512,8.596300418,7.408819937,8.478019907,8.799105405,8.298263176,8.476547482,7.392086346,9.430824395,7.784878388,9.548874301,6.993283261,8.193840026,8.869880804,9.13769173,8.357578288,9.082743827,8.794646175,7.93574782,7.482047595,8.71109453,9.018263511,8.594331179,7.960447627,8.908562885,8.082575035,7.702489278,5.717293456,8.0570747,8.595207754,6.519604448,8.608521577,4.882631152,7.448261513,8.152121071,6.624871197,8.012738667,7.94297842,8.689926241,8.711947038,6.90346376,9.184112621,7.739155898,8.442929727,8.497417836,8.81922647,7.370648751,8.472542736,8.58814614,7.444891339,8.457043953,8.511804053,7.855202995,8.503216275,7.782341681,8.531956968,8.474050671,8.162863162,8.43577031,8.174501576
X204768_s_at,9.15488918,9.589404864,9.035383861,9.327680874,9.200265037,8.731870709,10.47637519,8.667221138,9.166649358,8.763037278,9.649219643,8.400250231,9.193340406,8.833890231,8.423108229,9.684607152,9.165004995,9.325613311,9.038088641,8.544606731,7.647379418,10.24644578,8.372478799,9.806168208,9.091739339,9.113807235,7.200105518,8.026643736,9.550675507,8.550486061,8.158849484,9.202511872,8.03241677,8.289600455,8.877171283,8.177844461,8.557182595,8.105964291,9.365412556,8.499571247,9.820814502,9.943148893,9.432516299,8.777375061,9.981198639,8.551210759,8.595350958,8.783651945,9.082676811,8.522767496,9.105837709,8.525693896,9.020047372,8.688673845,9.157074375,9.068323305,7.498037021,8.783424718,9.151350982,9.409672596,9.174855091,9.104668866,8.928038566,8.520002114,9.075062211,7.786716173,8.222862122,8.568053002,8.149522539,8.85656527,8.863901198,8.970890272,8.829293178,7.968354165,8.90079851,9.000758767,8.415622912,9.212439984,8.92989601,8.280363096,8.548886834,9.790197636,8.09025698,8.802937473,8.231496265,9.20777422,9.790756947,8.27144752,9.254256578,8.438952037,9.167586798,8.345957207,9.446167794,10.19810404,10.00262686,9.684954037,9.053649052,8.068629386,8.44368994,7.488705925,9.396853153,8.561403948,8.040765739,8.926453883,8.775269437,9.427580457,7.917376387,8.384942641,8.209033891,7.871063808,8.297353947,7.605836946,8.437208444,8.777878146,8.802481512,8.959565814,9.693003635,8.654849071,8.2873871,8.300304148,8.879339841,8.844015252,8.319881478,8.64045783,9.372153576,8.304737246,9.34543527,9.097424132,8.750933946,8.332486879,7.975634529,8.048840614,8.888023828,10.12766166,9.009756367,8.959768092,9.978484611,8.845282388,8.756458094,8.069777391,9.085982588,8.922080801,8.772533423,9.347986617,7.740986698,8.440611426,8.40611922,7.646517013,7.515701928,9.933144645,9.510531395,8.672434819,8.591187482,8.91605568,8.098142671,8.37456267,8.530872409,8.466614917,8.495462097,8.633404353,8.941803026,8.973260853,8.04753703,8.852498233,8.060762782,9.662738918,8.006130003,9.151336674,9.178180145,8.521021475,9.311891276,9.077718199,8.797920873,8.951447683,9.256083358,8.959150334,8.322523563,8.997411236,8.779816769,8.486643922,8.51447414,8.608687571,8.524712958,9.445747883,9.143523358,9.137661111,8.983275632,8.752146875,10.26817426,8.817655508,9.582293656,8.551100864,8.466943354,10.13119573,9.598646006,9.587067889,8.619717209,9.185994736
X204888_s_at,6.650902251,6.051767693,4.022376419,7.980358744,7.652953485,6.508527889,6.631097064,5.715842522,8.665163872,6.581086198,6.040625291,6.00665654,4.886418225,6.550820612,4.980344362,6.393600443,5.822990567,6.006721784,5.528590417,5.400417412,5.846863134,5.962743679,6.286460607,6.528982928,6.773913681,7.254206563,6.111701304,7.065046147,5.74024621,6.091458679,6.383074157,7.43398609,6.760328936,4.511076589,5.858579918,6.283264546,6.41054431,6.645654882,6.118657975,5.857534129,5.648871963,7.360903959,5.238527677,5.838528325,5.725012809,6.627540775,6.683795171,6.986479377,5.416330855,6.802181928,6.201580151,6.351565907,4.106750389,6.92000723,5.498123045,6.474872829,6.63545771,7.463541842,6.303663329,5.925502409,6.911516423,6.60205539,5.200964564,6.643785281,5.514516035,6.349428816,6.78070531,6.160772128,6.411035031,6.884385956,6.226039368,7.008924544,6.303143249,7.271068145,6.52070283,6.975760936,5.127203242,6.258049963,3.332576316,7.341346389,5.741431512,5.496840094,5.641680098,6.402705025,5.828083356,6.409682241,6.247322596,6.885960531,5.331571547,5.773487203,5.126696873,5.346571489,6.505428581,6.749647221,6.432689757,3.947061782,6.965776205,4.637167994,7.337120912,5.668550937,4.635246966,6.501080449,6.512177584,4.946503588,6.809545692,5.955854951,6.539938755,6.573518122,6.1256736,7.008376115,7.049850564,5.519793268,5.919023192,7.07939341,6.00486589,6.419804279,6.047342852,6.161856559,6.589894927,4.25522227,6.530190509,6.011424151,6.817186394,6.601317224,6.273216432,5.451902465,5.690608234,4.826056935,6.768597045,6.878407046,6.161067573,5.714828412,3.609213014,6.742249414,3.708320576,7.11213232,6.922739492,3.741133605,5.2834212,6.023137453,5.508785459,6.456467944,6.260082964,6.593812556,7.198307672,6.738965091,6.464811445,2.573139961,6.544455315,6.036430777,5.808349398,6.796527033,5.985849759,7.278589996,6.478092222,7.132561429,6.010070099,3.290689295,6.210506648,5.001248139,7.00494564,6.018444829,6.848561192,7.669081254,5.743695746,5.985827271,6.057451527,6.532376476,7.337504359,5.568301091,6.637271717,7.659571838,6.489419874,4.245542214,6.279613183,6.304798787,6.713699318,6.107679109,4.384016817,6.592037751,6.390029831,6.926182745,5.880739138,5.531619338,6.658898252,6.988624209,5.979496008,7.532064363,6.427170662,7.054160049,5.230281466,5.509374247,3.226724696,6.320023546,4.644638921,7.079467026,7.490995926,5.536176505
X205034_at,8.060232214,9.964649467,9.017518274,8.455317964,6.53963351,7.118444342,9.14032988,7.838059406,7.513901581,7.908155122,7.957535543,7.465973127,8.820008515,5.902680749,9.161126299,6.120682105,8.130442929,7.465061838,7.188209031,6.716627352,8.432438371,10.22192105,7.621047887,8.746748032,8.760064634,6.185486639,6.830291409,6.51142819,9.278156096,7.185078504,8.501791871,8.504933645,8.293093472,7.931965145,7.243263068,9.072597757,8.784577934,6.303859609,8.9342393,6.924858071,8.948153676,8.911574072,9.603139192,6.372265879,9.385817554,6.336382457,6.144903956,6.220761592,7.102273991,7.040765801,8.879539703,7.762842462,8.525297683,5.411716749,8.264650038,4.654294911,6.370935081,8.911082819,8.458051324,8.417048871,8.061816225,8.776591038,7.577994102,6.314541618,7.22720378,7.04270281,2.360472805,6.854715845,7.671704735,8.011741062,7.806844832,7.901512389,7.818320794,8.144533949,7.677321404,8.862371231,7.053112359,6.968727813,8.213379892,5.092550699,6.926053883,8.925761728,6.468297522,8.5600216,7.036748793,7.219781463,8.818211114,7.189579028,8.707744186,8.806622073,8.477562532,7.453398726,9.228632923,5.906866721,8.372607276,8.633227687,8.385010965,8.282192195,7.800045998,6.531566011,8.016153481,9.006814429,6.783389421,7.318290207,7.883488938,7.327557313,4.556370654,6.924327525,6.683240503,7.663516362,7.875046212,5.998718309,6.332157199,9.06998476,8.144408069,7.477177082,8.013494498,7.169984062,6.17676332,7.911832416,8.538341584,8.232560466,6.851797218,7.009794485,8.467417112,7.440486994,7.231964171,9.394030381,8.788363364,9.429369659,7.936401772,7.123887495,8.404382378,8.04204695,7.049167726,7.800381591,10.44332035,7.256433802,7.922746727,6.7367067,7.15864002,8.950428283,7.079567918,8.392721901,7.127070735,7.598658701,8.195174169,6.813061881,6.921806866,7.540816921,7.103475578,8.029215784,7.448780895,9.881371274,6.355773729,7.525012637,7.285257836,6.423229542,7.132746958,8.843669642,8.059315956,7.336321936,7.056430124,6.907350682,7.935011596,8.688960045,6.736422614,8.679812629,7.583867506,6.366821349,7.87771578,8.172837208,8.183867552,10.58136794,8.163266427,9.386890262,6.964144543,7.189250536,8.521193555,8.391238036,8.01031315,8.747948149,6.629636878,9.273581718,8.580785999,6.342113021,7.185344955,7.539221934,7.665845879,7.344919075,9.643250977,7.167069233,7.882685296,9.843616717,9.326456593,7.994452244,5.652260106,7.769465788
X205848_at,3.919304167,1.769561492,1.555957737,6.168657982,6.360841842,5.669307926,4.162914134,6.132850421,5.542789509,5.285121314,2.021620464,6.392665855,1.120144163,4.530012808,4.944740955,4.048856824,5.401789265,4.738834299,4.681184219,1.693145058,1.933612827,7.359331616,6.76505343,2.897000922,6.119730826,4.841389752,6.059014227,3.414134385,1.164543428,2.582415787,3.976145246,3.824226881,6.011510559,4.592767305,4.595542202,6.160036025,5.075436008,5.303881161,5.305467753,4.488059032,8.677299632,1.500828894,2.452468149,1.924302437,6.320996179,6.529493444,4.655082449,3.167816581,2.554511248,2.191142589,5.339001522,3.304412196,5.691640715,5.743818353,5.238421886,4.135815673,3.216971453,2.71145699,2.815634569,1.412119047,5.764359689,3.271232773,6.134580264,5.084887279,5.830372197,5.647097097,5.747294622,2.642234177,4.507969862,3.289431351,2.9675435,4.829677156,6.620946547,3.232104231,1.22481892,5.448654557,5.428439113,2.992936226,6.049337244,3.486323143,6.969086069,6.824562668,4.253812444,4.791705194,5.781855308,4.392078905,6.835856489,7.881209733,5.308155341,0.832806463,7.357204062,6.309236088,4.397567763,2.472177745,5.033576215,5.361043425,5.716137442,3.258959586,2.961089531,4.461932116,2.071195228,6.490537771,7.309034794,7.830135086,6.335619211,5.713903639,7.062172565,5.070897871,7.901115072,5.347408808,5.384222292,5.863704902,6.526791769,2.726254465,6.64478382,2.744384538,6.619905704,2.70607522,1.646731939,5.143947207,2.401315941,6.622682677,5.017618211,1.823207196,2.014167867,1.127827093,7.339597671,5.65125184,7.064130536,4.920320467,4.887959719,5.90861287,6.292342734,5.852323023,6.042761559,3.659002656,5.908447789,5.886329118,5.716819377,6.768034422,0.772163574,6.153302722,5.070381746,3.354587025,5.777540908,6.571943266,5.046577968,3.613990267,2.153762621,1.442225911,2.86674672,5.495424615,2.869111549,5.777069537,6.442952532,5.145242866,5.328960316,6.284788737,2.899389112,1.172264202,6.437803034,3.898303858,5.63565534,3.628322776,4.714396696,3.429701951,6.455230521,5.20660839,5.721096024,5.794420056,6.492968056,3.040313841,5.232718746,1.330129966,4.79352291,5.526957791,5.021481335,5.727474121,4.111312136,5.367247098,2.288238518,6.322461755,6.639599161,1.381581242,5.3528361,5.754291369,6.169226431,3.664932721,8.064192391,4.266959785,4.777655576,3.768253498,4.288413189,5.79023564,3.80037741,4.55902458,5.477455666,6.440051276
X206295_at,5.326000508,8.290122754,5.73116949,8.538247089,5.979281656,6.223989328,7.20252877,7.250203998,8.131631727,6.525141892,6.858567341,7.243308925,8.238131422,7.078910585,7.927440467,3.910207629,5.446200014,6.639045644,7.508039008,6.379476714,7.566960598,5.245146369,8.74284133,2.343763024,8.12890152,7.536250655,5.845646806,5.553310784,7.432744756,6.922930811,8.173271223,6.014733892,6.39838812,7.630419999,6.563478636,6.432356634,6.876941723,7.599435871,7.660476894,8.069664092,6.890903817,2.89548236,7.055174081,7.276593199,7.488091469,5.637033953,5.016107136,5.819150309,6.613154509,6.72342606,7.017188156,6.940808464,7.26330135,6.106177736,7.337750146,6.032588545,1.540421417,7.524301946,6.895767959,6.263940387,6.262412639,6.505677483,5.512153492,5.959924596,7.044997597,7.773133599,7.9968388,6.669625749,7.693462843,6.736805956,6.482784413,7.843861924,7.062893373,7.191109015,7.230341281,6.950764236,6.11351226,6.076068911,7.617384345,6.825941058,6.195584533,6.097064764,7.407453467,6.891620024,6.421395144,7.241932127,7.598546973,6.51238128,6.704499075,7.366865071,7.76595941,7.158513621,7.178919864,6.359202044,6.372996374,6.663978878,5.740124434,6.589880682,5.202720826,5.418014369,8.060349584,7.148313655,5.509513065,6.757706325,6.450042964,7.265539155,5.699626613,6.791562861,6.629935091,6.455174067,6.521720134,8.148647268,6.938052081,5.769063012,5.82647113,7.223842754,4.952316887,6.911608142,6.452417575,6.996202873,5.478377839,6.150247664,6.857978978,7.00934832,6.152419546,6.997956415,7.365046447,6.563610767,3.620359341,7.196183271,5.295303976,7.114964999,5.498737702,3.460181856,6.256419126,6.159261993,7.503284342,7.828161905,6.187404558,2.894268886,5.211027876,4.950496881,7.173975277,6.197794206,5.609649877,7.201088586,7.048659226,5.0119254,3.636092904,7.416368737,6.371583203,6.511586813,6.659168509,6.231603996,4.829869533,7.497160259,6.560824969,6.63434401,6.72095323,6.91850874,7.273127683,5.878521364,6.705602845,5.432690695,6.781867326,6.83613376,5.725318648,7.005205073,7.464064605,7.533918334,7.016846576,3.088494469,8.161632077,6.446153185,8.091335875,6.390180984,7.086603692,6.404897526,7.000092117,6.504506581,8.677198725,7.498478344,7.331218776,6.56651713,7.513234646,7.013857408,7.658187807,7.192494406,7.055076124,5.491644722,7.44060652,7.112591948,7.776571251,6.915913444,6.655799329,6.845962364,7.33832402,6.939690809
X207118_s_at,3.279890604,2.601027638,3.913436391,2.946790656,3.282291588,5.68445473,3.038015637,6.238883306,2.731101828,3.682423928,4.566880056,3.384380279,2.811112458,3.908142783,2.470618653,3.824015804,3.184992754,2.327398074,3.616914715,2.917847786,3.612516528,2.984671404,3.207979095,2.973425511,3.271520877,3.563967516,6.362655581,4.856363309,3.449927312,2.960307855,3.638558381,2.76412925,4.34789304,3.662583211,3.034209241,2.847139429,3.157132469,2.791061481,3.009656947,3.402974613,3.075975396,3.136921529,4.603284781,5.312707795,2.217207014,6.398528692,4.443968613,4.342704129,3.406656911,5.234191734,2.598079633,3.844918405,4.462808184,2.962786072,2.606245192,4.10835338,4.452462781,5.421350171,3.508987599,2.579982356,3.060162723,2.729903118,5.103119792,3.359826143,3.060439249,3.629713328,6.709960766,6.339964625,3.617886625,2.926607205,4.064967833,3.729211712,5.000530763,6.474974265,3.13794002,4.561182613,3.414123198,5.720030524,5.153285014,4.084202904,6.140569349,2.873276464,6.00777901,3.663997714,5.150007184,3.054208765,3.211798635,3.813378095,3.509800881,3.82422511,3.475475792,4.056259568,2.733379228,3.125005209,3.514371629,2.867481136,3.610548456,4.705910334,3.726728933,2.840476415,4.055969416,5.29456813,6.530589131,2.796967385,6.045591128,3.536698611,3.33424516,4.554466771,5.14225456,3.980138596,3.52105862,5.26951627,2.451749386,6.572861742,3.012863391,3.937404873,3.555471375,3.860693326,2.561775739,4.493769977,2.675512303,2.518839111,3.67533951,4.057085068,5.892782828,2.98217754,2.796670367,4.021713773,2.84392212,2.200824106,3.077354582,4.201758806,3.966809218,3.140604396,3.739421926,4.4870507,3.151991625,2.84463628,3.395842218,3.670009016,3.930276394,3.204321179,5.734191378,2.56699765,3.913620122,2.300319932,2.706687165,2.815101755,6.850120228,3.000877573,2.77216095,5.528013359,3.080560845,3.395875024,3.53374504,3.215398251,2.989405106,3.333658462,4.263324441,4.450681875,4.341892461,3.660081471,4.148616759,3.287443806,3.142609624,3.358673599,3.680555504,3.57154133,3.444887677,6.81846253,3.354949651,2.969020955,3.234321156,4.170193742,2.73336839,3.363289916,7.594480082,3.898233805,2.955084688,2.920045339,3.32026044,2.646032517,3.536956007,2.652071611,3.008782639,2.668470328,4.656586293,2.524441668,4.116160076,2.459260893,2.984625376,3.609549827,2.952128985,3.088407927,2.914199179,3.244653448,4.545402675,5.891667124
X208180_s_at,10.79296856,8.451001478,6.942269271,7.56374462,9.368707046,7.324821434,9.500243067,6.445178269,7.406964727,6.566241389,8.110759728,5.066149713,10.45870757,11.11323459,8.492644939,7.613587716,6.717425845,10.56861451,8.48153628,6.693726637,5.928553689,10.65271912,7.73513256,10.05128089,8.148735513,8.147998976,5.376178035,7.137747639,6.70167451,6.820877278,6.844146316,7.691161617,7.148618737,8.319776472,7.555341057,6.081705467,10.67171712,9.572729052,7.229729195,7.146305206,7.042431899,9.545228122,7.663804493,7.631511386,9.428564194,6.453883109,7.887377517,9.772508751,6.535371484,9.406821365,9.545174229,7.133428754,8.588179531,9.182986862,8.808057008,7.517164963,9.344452464,6.118754997,7.294107721,9.111132999,8.218503811,6.679898021,7.714371965,7.675555344,8.929000838,6.003372734,6.420595471,6.169544179,8.242018409,7.462729635,9.091892635,6.35994763,7.236272003,8.92626023,5.407809266,7.971678441,5.456911783,6.760381054,7.60179065,7.996722941,9.833053643,7.758269638,5.499110696,8.50614971,8.971540876,8.838571198,7.493165932,8.863618043,8.435976865,6.675728333,7.75914109,8.143755425,6.816782912,7.458556506,8.658592288,8.990652033,7.91497732,7.23373073,6.055523263,7.100265644,6.708805285,7.714073348,6.395832801,5.574205712,7.941359602,4.974386631,6.428255854,5.375808075,6.582476542,8.691709703,9.755860427,6.517710219,6.116490341,6.184366045,6.26179658,8.379008439,5.742845979,8.445832366,6.228260797,7.269976699,6.808895732,7.301106362,7.035089709,7.66374524,6.80094954,7.953985384,5.517695011,6.522139136,3.191488572,7.678687479,7.058636165,6.807104018,11.65171742,8.31586553,6.354968527,7.173390554,6.278720289,6.343060034,6.237012877,7.398793119,8.780807224,8.994885137,5.762300214,6.995670556,7.487496481,6.395810594,7.153629679,7.080736692,6.52059835,6.437876791,6.263754683,8.224351319,9.881396318,8.72433192,5.944205291,10.3049746,5.62907278,6.39658172,5.945334553,6.4958714,6.514775065,8.506926952,7.063956445,9.962349384,9.414992203,7.593029595,6.853616519,8.374274279,8.012731113,6.866974785,7.289655015,9.680613327,7.581040309,7.63032658,5.28651162,12.11066596,7.494984301,7.488326132,7.27454491,7.614851564,7.395302462,8.413232616,6.376428647,9.065879593,8.386029039,8.020625217,8.679503817,5.162248742,6.808865366,11.22043431,7.377163864,6.911703714,6.324130289,6.828883675,8.087755999,7.84565928,7.086102452,11.0065491
X208683_at,13.35999287,12.15087174,13.25088665,12.80244407,12.48117439,13.5818316,13.56687802,12.61193011,12.97250804,11.97318079,12.83883844,12.43738115,12.38147786,13.29881062,13.03449214,11.97410841,12.16753763,13.24172706,12.77484288,12.5076707,12.26960302,12.22012766,12.22773705,13.50014494,12.00013389,12.93781006,13.27422407,11.83499933,13.30427598,12.30554524,12.77082011,12.58517696,13.07833851,13.52959821,13.64636271,12.53035787,12.42696059,12.62852489,12.38107792,13.50118895,11.82511598,10.51131907,12.27241226,12.91889783,12.71756127,12.70535302,12.41511821,12.64090505,11.8835997,10.97004471,12.62371167,12.34324145,12.22451427,13.63471871,13.1677259,12.82537516,11.70301737,12.78297942,13.15340341,12.30018537,13.15559635,12.1291926,12.4640659,13.09585407,11.87127313,13.79133042,12.78762703,12.39632249,12.36450887,12.71580928,12.86512213,12.88908545,11.8455603,11.99068095,13.33508241,11.53197222,12.04398516,13.37290239,12.99857373,12.04265509,12.74218599,13.05488562,13.23809715,12.96628922,12.79063115,12.48809784,12.16351221,12.40873532,12.54828355,11.75215744,12.06378642,12.40936046,13.83904004,12.5437413,12.86008735,12.5513022,13.49896276,12.31618192,12.95633452,12.82100883,12.6033394,11.69594328,12.33649556,12.07064566,12.01148991,13.0924048,12.25937091,12.45772122,11.79108982,13.78070323,13.53104823,13.10518917,12.85751934,12.53121912,13.14526115,12.85525489,11.59141339,12.88836239,13.38880469,13.83441219,12.29250542,13.50757814,12.27120118,13.38611078,13.3044123,13.73548822,12.8049216,12.27047269,12.42575989,13.00059316,13.3699186,12.99880289,13.13362533,10.07663359,12.73530362,12.47121173,13.45712266,12.19969613,11.88961786,12.58586188,12.37270873,11.11188134,12.47740828,13.00391191,12.57983357,13.25828363,13.79131071,13.31517752,13.1165052,13.53043368,13.3427668,13.46314845,12.30385141,10.17116437,12.77501987,12.46797224,12.47533889,12.41774756,12.72039811,12.52337013,12.04949768,12.50515802,12.79342689,12.33404054,12.76595008,12.37811333,12.40233555,12.30278208,11.9452738,12.94949654,12.86136004,11.2620868,12.9034908,11.95061553,11.86038945,11.12766697,12.54912952,12.79144515,11.91547746,11.71471643,12.49557816,13.80617191,12.5977638,12.22480859,12.31024206,12.42232176,12.64039921,13.10028544,12.81537655,13.06177952,11.86354054,13.22081876,12.46959806,12.70608709,12.90115453,12.23044923,12.43100312,12.09521229
X209500_x_at,10.9532401,10.83506395,10.83186104,11.06762913,10.09849278,9.812552517,10.34315345,9.95891932,8.993118497,9.677878507,10.21058774,9.361025386,9.532921651,11.32239194,10.33031112,9.213512615,9.289716876,9.554957806,11.69544081,9.922261201,8.985283295,9.183789914,9.638446951,9.27719087,9.747423814,9.671723126,9.225285272,10.01006392,9.787835481,9.506999935,10.38398736,8.970479672,10.56137639,11.13739996,11.00909255,10.01763277,9.533264931,10.52294432,10.05880235,10.0669424,8.93094014,9.257714554,10.05137403,10.43329087,10.84360376,10.00117176,10.05421293,9.386521763,10.37507701,9.675811538,9.890379676,10.51451233,10.48954481,10.82809333,9.845827657,10.61320167,9.075032267,9.868275288,9.823898206,8.555572995,10.24092156,9.727232737,9.686256403,9.952156501,9.269389765,10.69679779,10.43958743,9.40244988,10.27612125,9.491970778,10.23955492,10.78400283,9.545728879,9.749926037,9.946591069,9.785556322,10.44497223,10.63005798,9.692717486,9.877037459,9.732681654,8.912508628,10.2623851,9.728775882,9.52067486,10.01530847,10.91647796,9.289737464,10.78164561,10.39927026,9.435417098,10.05251835,10.01072096,9.642197005,10.72030551,9.697006098,9.571739318,10.38015566,9.035927927,9.738734974,10.7016217,10.26396143,10.2281303,10.02553988,8.789369704,10.2466367,10.66116739,9.395975291,9.084615191,8.909198504,10.42036779,9.898176917,10.88065734,8.867009384,11.18552723,9.188878974,8.826141444,10.90223601,10.20209119,9.899892285,10.320126,9.841914393,10.1681836,9.96299644,10.1483235,10.5780116,10.0812009,9.647208286,9.029172624,10.66230291,9.212314996,9.579609218,11.15557298,8.509883026,10.50186007,10.47379963,9.75283824,10.21878166,9.514538036,10.00069985,9.543348931,9.253804348,9.64217115,9.588443065,9.852977422,10.98115474,10.67843361,10.23493744,9.767666777,10.78612919,9.675976365,9.901693227,11.16776562,9.943191477,10.45338523,10.18034154,10.27684053,9.794221285,9.837179032,9.590888354,10.13478564,9.235308318,9.96353928,11.14379033,9.798333169,9.837631143,9.315915132,9.068237645,10.09122337,10.01852524,9.345368014,10.87785089,10.85994775,9.259471573,9.421237516,9.480636758,10.31689978,9.907685035,9.717000324,9.310254466,10.74719323,10.05905064,9.517977165,9.381274383,10.33987901,9.682668035,9.956545196,9.493350477,9.800689151,9.73805546,10.15250691,10.25204854,9.832565695,9.221279545,9.856103273,9.844385126,10.56105287,9.634540152
X209524_at,8.210563473,10.06528895,10.23988584,9.761373605,10.90946141,10.10858703,8.484804133,9.912086885,10.07951832,9.766332799,9.852802926,10.25708698,9.474898891,8.088489178,9.881172192,11.57083668,9.363080747,9.312822814,7.827954741,10.12363917,9.727041484,2.208375496,10.5640408,7.913550972,9.2358766,8.286637428,9.982665901,9.228595418,8.840401135,8.103926774,9.353653693,10.5393706,9.780111666,9.442072706,10.27525155,10.18040869,9.984572881,9.489347845,9.523966065,8.88239387,9.498530648,10.35574608,9.842645833,9.35687167,10.12756959,9.111558552,9.364337302,10.92183545,10.74253026,9.994572578,9.727814735,9.294951508,9.497343195,9.07368648,8.35474565,10.3154636,11.30690819,9.805375112,9.538889417,8.944985488,10.65461262,8.907335914,11.12296929,9.982285924,9.878352212,9.997375926,8.968926964,10.17872799,10.26568721,9.614395791,10.19418927,8.756896747,10.14486348,9.934357254,8.217912769,9.961885426,9.550135347,8.492562613,9.628321617,9.25668163,9.228000579,10.78667267,9.980913367,9.308893455,10.44873406,9.02375957,9.788329726,9.599727582,10.15989456,7.953901327,10.16372828,9.935593476,7.857787375,7.671468186,8.435332262,7.135630004,10.06125034,9.167399506,8.95925588,10.33822049,10.21869927,10.72315378,10.11723932,8.414456025,8.682995862,9.272545269,9.847038579,10.065964,9.623186323,8.985225018,9.979341726,10.20675847,9.320797339,9.571879743,6.703218624,10.0007936,9.031609587,9.860202602,7.106138204,9.137955102,10.04782902,10.32302393,9.701392635,10.01072833,9.178527448,8.136377245,9.28660342,9.17099441,10.70178852,9.798169536,9.529862716,9.621882562,7.277647616,10.44165844,10.01218116,9.62806898,11.09776346,9.30106664,7.825428705,9.994564745,9.054667141,10.82507551,9.587285697,9.635615099,9.749459405,10.02733093,8.650593091,10.16941979,10.39531768,10.57155634,8.04733443,9.687987596,10.33285047,10.38719126,9.224545274,10.0443653,9.364607607,9.499315312,9.596941006,10.24886,10.35455523,8.846971248,10.43671538,10.16950283,9.537710221,8.885090018,9.794475183,10.254701,6.54499353,9.541990779,9.077223347,9.873267701,10.06682482,9.856180754,9.318384238,10.43514691,10.46261567,11.10201575,9.694652301,9.548642909,9.48747115,8.981102108,9.62953983,10.62055278,10.41899103,8.317274691,7.177955106,9.135945579,8.025397983,9.991261665,6.624618131,9.186977473,10.27135833,10.00760088,10.27612166,9.841012718,8.143583753,9.220844356
X209835_x_at,10.85369657,9.931996939,12.10576104,11.28492364,9.681588971,11.41009888,12.2810821,11.03543187,7.064815457,11.02436972,9.90883635,11.35286989,10.73630623,12.42588031,10.39900864,12.6954165,10.84352557,11.36597917,10.66103961,9.92783662,10.13709605,11.42727518,10.75954007,11.18982857,14.38958431,11.21592001,11.24772446,10.82951709,10.95451227,10.8928156,10.41361084,10.14294727,10.38271637,10.95867546,10.10056347,9.646534687,10.4355754,11.5980006,10.80159632,10.88349751,10.8044391,12.0674569,9.43665253,10.8950549,9.931792206,10.51923252,11.29601283,10.5490894,9.21886298,9.824793556,10.33263633,11.05601903,11.10770721,10.19447277,10.7841191,9.121200559,11.1859512,10.54328844,11.54987359,10.29065408,11.38624104,11.01263522,10.1445919,10.22329074,10.67143736,11.07588433,11.18349285,10.81955892,10.8711151,11.32456264,9.952655877,11.27395554,10.29005935,11.11272679,10.56372467,10.79858353,11.22979188,12.33275157,10.50172719,11.41316769,10.98846163,10.84193599,10.87724533,10.88777995,9.712877762,12.17544661,10.57505291,10.68435694,9.155936423,10.9409664,10.70115219,10.82715494,10.00744097,11.28299073,10.94701499,11.55706093,9.755650799,10.6800794,10.8144491,10.04312672,11.21035526,10.1036735,10.53024266,11.28022962,11.71541785,10.6576562,10.44186692,10.50294709,9.853602053,9.690443288,8.699723895,10.57899588,10.37956656,10.86671322,10.96354441,10.97956965,10.58766334,10.99225164,9.962717095,9.438655968,10.45876173,10.3516063,10.16079074,11.0160984,12.0549061,11.19418092,10.94310838,10.2151679,10.65640298,9.534372817,9.581041781,10.0487005,11.26818754,11.50370634,11.28375416,10.13559447,12.90311052,11.10941042,9.520737958,10.57325417,10.31835114,11.8342582,11.31682685,10.52997338,10.38758169,9.972560992,10.99118096,10.60914835,10.74086866,9.346743619,11.34886351,9.947988848,10.26284204,12.81358774,10.26222415,9.630487179,11.14508876,11.48015711,10.70405112,10.8438978,10.52061911,11.68056188,11.41274118,11.22792299,10.69645394,9.992612576,11.06315829,8.267794406,11.50517615,10.17405521,12.1704977,9.68095035,11.02859135,12.30209093,9.851317723,11.34961081,9.936909714,10.19643995,10.57009858,9.647673857,11.22658899,10.85086623,10.71154177,9.15324136,11.24917798,10.13250124,10.94582084,11.02109514,9.927411651,12.12546765,11.12869932,10.71926344,9.947397861,11.17288995,9.81650792,10.50884846,12.06682792,10.71389984
X209862_s_at,8.180318708,8.33204271,9.023475377,8.374399115,7.599664074,8.711535206,8.616892042,8.561982817,9.433273394,8.26264454,8.785062191,9.293404716,9.682762394,8.198623915,10.06292299,8.080327926,7.756216257,8.748297675,8.188241665,8.955649735,8.151283827,9.396165271,9.339885797,9.040738112,10.09476219,7.44479899,8.032323322,8.949822723,8.21981177,8.746362928,8.498091913,7.932027213,8.773633172,7.795575792,8.347427949,7.637282207,8.167642621,6.857984314,8.879638728,8.157194147,9.056445894,7.70569294,8.891327616,6.763409414,7.647388027,8.682210538,7.488307562,8.182370647,7.747801906,7.530870199,9.701192622,7.602955789,8.427524734,8.003140749,9.520689796,8.311931349,6.85727798,8.281418549,9.334799394,8.379943682,7.871597374,7.904867073,8.49825542,8.700787171,7.591059663,8.006136299,8.339987966,8.568534388,8.017892595,8.155817203,8.603165868,8.948883018,9.475842914,8.61973014,7.900985964,8.183798319,7.694713534,6.756218225,9.135589723,8.46520066,8.335655228,8.434047244,8.177120713,9.007673589,7.92366193,8.367097613,8.083125848,8.379235953,7.78135913,8.275150706,8.214065285,8.615549109,8.173969549,8.944678748,9.462771104,8.836575259,8.442474495,7.796872834,7.430696399,8.659263894,8.128878933,8.819595023,8.339937389,10.0239111,8.772464837,8.657866987,9.016533679,7.542023503,8.756131139,8.227265189,7.879850843,8.069215269,8.616131355,8.21297804,8.498557655,8.274173184,9.350136955,8.603028686,9.390238676,8.53863744,8.325319999,8.677551972,9.354693352,8.154049031,7.896805594,8.528846566,9.162744466,8.57150227,9.633718539,8.51281858,7.691005969,7.85178182,8.969325617,7.769551512,8.733828964,8.881547747,8.431859691,8.005683207,8.23866208,8.455174758,9.254544837,8.307342059,7.734030457,8.301484836,7.785919356,8.392586729,8.413513087,8.266127402,8.248601247,9.219032811,9.436890815,8.881479312,8.015190585,7.875845812,8.490657318,8.195240276,9.069135423,8.79056873,7.797598109,8.52481853,8.626595128,7.742909733,8.189584652,8.688909691,8.333208848,8.46415067,8.957939372,7.969390291,7.705223067,8.54586917,8.904061538,8.328424348,9.332483333,8.650368561,8.770010609,8.238731735,7.655653858,7.784029618,9.19830115,8.717173281,8.580495616,7.670354662,8.992049764,8.539070896,8.659358185,7.05213619,8.786365551,8.798823315,9.096875453,7.942820589,9.581501517,9.049354734,9.317472136,7.888976986,9.26344849,8.577322511,8.079925964,7.909081741
X210028_s_at,8.72791509,9.132981437,9.007883236,8.539763797,7.830245325,9.785876239,8.457892434,9.326914237,9.796465706,9.197658457,9.001302443,10.07997493,8.930504216,8.353233359,9.946247835,9.392102063,9.808169037,10.03425434,9.146881987,9.53248214,9.83466463,8.941308171,10.15024104,8.902161114,11.11260262,9.433382929,9.620130145,9.176937323,10.5685291,9.415700388,9.651505253,8.377366861,9.352724957,8.790360667,9.480298137,9.018325637,8.397611507,8.29587218,9.585477882,8.963411578,10.12048671,9.048958015,9.725902645,7.847870936,9.013682463,9.963816883,8.441905778,8.588875793,8.489211684,8.828003102,9.717104055,8.313097272,10.10507885,8.917731848,9.846804347,8.856673991,8.70430011,9.432142578,9.982426407,9.406132878,7.938903207,8.962346873,9.267898713,9.990243542,8.455983891,8.819614339,8.739254547,9.413250383,9.826599326,10.67634187,8.788877338,8.700062597,10.09166695,9.00030547,9.570577614,9.285729879,8.999564492,7.248629829,9.709116543,9.00653213,9.46180798,10.26152536,8.994392226,9.570692292,8.583119776,8.787029427,9.240465487,9.356448023,9.241294321,10.29367307,10.04573445,9.53741937,11.39938074,9.989734194,9.334788851,9.488736188,9.408247384,10.11446355,9.738437229,9.68688463,10.61489631,10.11977646,9.750441942,9.766473256,10.10692461,9.396366093,9.808133839,9.244572404,9.455119472,9.124046027,8.741328581,9.453645802,9.311663981,9.544288044,9.019705986,8.619032438,10.28028114,8.799156275,9.900056319,8.785317955,9.884604991,10.00637397,9.642913145,7.816319167,8.645637521,9.302395483,9.631235058,10.34458137,10.98626201,10.05656761,9.422546172,9.968163406,10.05378469,9.543408825,9.599293336,9.709517664,11.69040333,10.22350766,10.74066342,9.457401417,8.495048916,9.070574854,8.861401453,9.256582414,9.188860411,9.871713213,9.637033087,9.511212691,9.945116663,10.64944271,9.49560462,9.181744524,8.206354799,9.005613517,9.867447702,8.814330399,9.514650102,9.792547657,8.541200781,9.351792999,9.079907297,8.888312969,8.485612936,8.563528708,8.691169868,8.349691877,9.858505456,8.875043411,10.10608453,9.238629711,9.789569502,9.497274831,10.18486713,9.961898632,10.29264025,9.703271969,9.168609429,8.432651108,9.343990357,9.481598021,9.85260948,9.544093784,9.630459531,8.756893446,8.86496585,8.718009735,8.848927762,9.166452341,9.201574074,8.309745821,9.723612837,9.352012787,9.563805642,10.23201709,10.82882255,9.229651313,8.29360894,8.176479603
X210314_x_at,10.52385899,10.34261416,10.14487512,10.88825086,9.702689769,9.696091999,10.12685233,9.431067409,9.229874674,9.489612895,9.677720493,8.833872628,9.27636398,10.73107949,10.0749844,9.20439294,9.16612823,9.401100967,11.48849325,10.11326025,9.416697191,8.845120142,9.582497997,8.666178308,9.771723982,9.388218315,9.179101011,9.71239082,9.568849627,9.297606932,10.15927142,8.701074695,10.1453422,10.59259328,10.54966697,9.557944201,9.229476089,10.53223362,9.613765214,9.793777676,9.178489086,8.689558735,9.651061077,10.50182725,10.61703158,9.66150104,9.977456498,9.177093201,10.06931301,9.612424828,9.918327221,10.37652333,10.2128629,10.65997748,9.871114404,10.43110937,9.027912444,9.938028702,9.107206339,7.946873578,9.761435009,9.57134182,8.98893936,9.439503678,9.229535512,10.36279684,10.48010604,9.163974268,9.876342491,9.563599874,10.35737875,10.55304456,9.096968798,9.799965157,10.29169282,9.586999138,10.56170204,10.76544143,9.701804681,9.830375975,9.680506444,8.747015566,10.23075055,9.82583733,9.322897996,10.19333973,10.67215074,9.269994276,10.55497646,10.01765169,9.307134546,9.53061551,9.170539094,9.557332464,10.11320444,9.566736599,9.181086373,9.618070059,9.440775551,9.420914889,9.910991075,9.835506009,10.0032224,9.872826706,9.146838554,10.11340177,10.66126181,9.093136231,8.857563969,9.319932908,10.45817954,9.786212607,10.6257189,8.36042273,10.87430806,9.047728089,8.898538603,10.80606993,10.00959591,9.59023087,9.777743512,9.979942386,9.870243048,10.1609095,10.09799991,10.21631369,9.981361314,9.462077024,8.629810869,10.52457408,9.499723282,9.205444375,10.91825037,7.505640428,10.00994514,10.47040961,9.602701762,9.762024874,9.98855438,10.03135335,9.625954571,9.049334425,9.513942592,9.389868977,9.819483368,10.89041193,10.85954353,10.00135766,9.397822771,10.46303561,10.07361937,9.666219334,11.1256769,10.03889837,10.16647319,9.937065767,9.678575417,9.628915751,9.975086145,9.973911565,9.960912019,8.950763355,9.527660696,11.02458677,9.855486067,9.668689686,9.629267345,8.886984537,10.15532044,9.769894214,9.357637925,10.55661545,10.38323761,9.14022278,9.342087114,9.385619114,10.50057618,9.944393473,9.737207998,9.007223898,10.79421803,9.900587365,9.213116958,9.705910217,9.960905062,9.800896288,9.971853367,9.583603029,9.84449302,9.459548792,10.02930618,10.23287685,9.744419733,8.839213185,9.634662947,9.424510057,10.51722205,9.631856492
X210593_at,4.528973367,4.190049793,6.538038364,7.230221746,6.421427216,4.177920252,6.439569796,5.688305198,3.999390676,5.007805631,6.109454422,7.160936318,6.05131357,6.222143859,5.556261765,3.370117909,5.079202708,5.522286536,7.07997536,5.889264824,4.324330457,6.282090001,6.62663734,5.371328547,5.826286395,3.833937674,5.007528904,7.249667643,2.998326311,6.69408149,6.207331148,3.971668671,5.841372428,6.052483131,6.188238793,4.06289961,4.373853717,6.795379541,4.789416464,4.967425071,5.394309904,4.050738999,7.017405998,5.962237768,5.128559442,5.93220671,6.715240483,5.493787121,5.475678574,6.29917448,6.493922967,5.869073259,6.083950551,6.674713465,6.549842088,4.314705808,6.544422377,4.207555647,5.975126055,6.364962741,4.218189355,4.518608286,5.021476625,3.934330659,4.975468613,6.649949644,7.030333476,3.557082217,7.489165313,5.732665223,6.89685844,6.737950466,6.566546219,6.412380411,5.93574264,6.483468598,6.672151822,7.286734708,3.934646749,5.712735462,7.111604291,4.368745208,6.410625812,6.093005437,3.783257792,6.761107144,5.152036077,7.018771472,5.72755325,2.80096335,5.88561304,4.518656959,6.071630762,6.502856815,4.421016685,4.56290889,7.035110779,4.038570332,5.01154629,5.078330989,5.501357809,4.084450205,6.751711811,4.981083301,5.875357365,5.773809298,4.074874275,6.653254819,6.947946316,5.875633174,6.480956472,5.4136002,5.985566661,5.39178054,5.688161944,5.832476098,3.131409994,5.394586813,5.675484931,5.615785287,5.678157733,5.961062777,6.133837314,6.660591398,3.473584609,7.061137179,6.089140871,4.421001658,3.320663806,6.016044966,5.578045202,6.62003516,4.122599708,6.418983174,4.285192956,4.789666492,6.729906687,6.589524546,6.013594531,4.199577201,3.989129015,4.165705731,5.708125947,5.920546537,6.885942663,5.666143071,6.454456496,5.255903788,5.099595823,5.410986051,6.712646331,5.375373461,5.678910006,5.139162522,6.293949551,5.916896097,5.47791366,6.218490518,7.088951782,6.31397863,5.708056707,5.871051564,7.225722976,6.048536864,6.375363934,6.268226458,6.036055401,6.720049262,4.126014312,6.201769315,4.917897234,5.958540234,4.181495321,5.935516972,6.703190178,6.345336901,7.03335639,6.404952117,6.495590401,6.877486232,6.349899512,7.188875696,6.093004552,6.518206291,4.203105027,6.426464011,5.643277042,7.071170658,4.784832872,3.955820665,5.528952052,6.475993549,5.878318877,4.429036535,6.215172287,7.436808813,5.624853651,3.87688511
X211040_x_at,9.871713004,9.720057851,11.12422838,9.641586523,10.6827951,9.977270092,10.49020013,9.71841504,8.758143679,10.24726009,9.65607852,10.17282695,10.35939216,9.448416481,9.922933466,9.271976946,11.08650774,9.614339441,9.551345628,9.453628591,10.75289284,11.98899299,9.948584084,9.852764571,10.75634671,10.07030991,9.388962674,10.48231595,10.14117429,10.23569638,9.787263256,10.63304691,10.47904172,10.73072783,9.984556233,10.46348371,9.818560819,9.34987159,10.65210562,9.255968232,11.22123263,10.39769817,10.16446683,9.35287942,10.31090741,9.208799152,9.744244155,9.211047874,9.705142074,10.34826199,10.80450923,9.798654468,10.67417833,9.068397182,10.15117394,10.2516262,9.86104739,10.36792313,9.763116563,10.86912326,10.15063963,10.75224459,9.228202952,9.30958905,9.719896755,9.879335021,9.551248011,9.420028259,9.931609233,10.75081514,9.238761671,10.56917602,9.806633574,9.866750272,9.067187073,10.39640413,9.417764159,9.037737563,9.614469256,9.025310701,10.4039894,10.41250624,9.306485823,10.32575089,9.886697346,8.981421003,10.38144706,10.61943089,9.657006744,9.67889175,11.17160459,9.728342069,11.12242048,11.10272934,10.00676477,10.24867189,11.26796239,10.30899119,9.981145937,9.418040768,11.21395416,10.13465134,9.906225343,10.67550938,9.554534379,10.15594091,9.744476592,10.28825319,10.73326929,9.853988028,9.54839514,8.678762517,8.867567333,9.526811254,10.15811047,8.373595464,10.2724419,8.824653303,9.856511032,9.133349814,9.375332923,9.685845781,9.398648242,9.675182335,10.08352311,9.580367809,10.65006352,10.87891223,11.49962762,9.339489478,8.897128122,8.652796895,9.09745891,10.10521821,8.8583144,9.943284762,10.17350151,9.405525827,11.0361406,9.517948353,9.933875466,9.579538003,9.650296626,10.56605011,10.06511294,9.739231675,9.566249741,8.559312098,10.20964618,11.20834567,9.885656265,9.37514314,9.599660387,9.511920964,9.594060209,9.755820608,9.653570284,9.659367788,10.74532156,10.18987629,9.742941926,9.424932409,10.24741845,10.26238584,9.984687925,11.16680683,9.802229043,10.82484803,10.71199934,9.415753075,10.54590327,9.537404532,9.823946035,10.68989383,9.981963101,10.20292019,9.545604279,10.3020391,10.59878635,10.69518024,10.2015934,10.17055176,10.57836206,10.41726012,10.76162195,9.323250853,9.46565513,9.612076365,9.929525397,10.24281101,10.37346123,9.868374599,9.387811868,10.56429354,10.20866681,9.847672379,9.697426692,10.08430368
X211382_s_at,8.514465784,7.694750912,6.930861335,8.407961618,9.078133681,8.563054258,8.927203894,8.426044172,9.635926535,8.389414604,8.437087903,8.398604526,9.171666044,9.519338163,7.666956019,8.33937828,7.59128433,7.971211124,8.915169758,8.833957113,8.171329252,8.083513536,8.500702416,7.999189358,8.257689231,8.704613471,8.145909297,9.176286717,8.879706123,8.950250814,8.617032188,8.609840526,9.048617451,7.298109517,8.705010239,8.776767035,7.855992249,8.239007888,8.706183549,8.118456664,9.303198671,8.731797929,8.349893935,8.524061439,8.467097512,9.058033687,9.284849941,8.132242787,8.162713443,9.159030957,8.57063266,8.12053964,7.573473283,8.824541267,9.503243224,8.302894251,8.813046672,7.851445037,8.50957574,7.275744192,7.570454652,9.025510234,8.230496757,7.448608807,7.689811411,8.556109943,8.053126976,7.608048353,7.500640597,9.32821455,8.743691717,8.131022438,6.691707631,8.189111682,8.505742614,7.674987294,8.639575575,8.642336346,6.161502393,8.447967025,8.33518569,8.974767916,8.994417811,8.48907706,7.821548461,8.525529594,8.218580515,9.269893676,8.147594547,8.679634456,8.733753927,9.596086014,9.100331988,8.855281547,8.131301258,9.642367691,9.280147912,9.117499323,8.794669847,8.634844508,8.354102774,7.975838335,8.837187971,6.416199082,9.200698668,9.668647088,9.358399109,8.888653472,8.976616137,9.700701438,8.436640815,9.096036061,8.37531822,7.659903263,9.168513021,7.823027911,9.181078394,8.390808394,8.119815315,8.47000015,8.95478627,9.153047463,8.134804309,9.002986524,8.412670049,9.141815157,8.252176181,7.03805548,8.797086054,9.711112495,8.070742646,8.047749115,10.15846991,8.860254798,9.028894579,9.070370414,8.384285413,8.437411479,9.333683032,9.264736983,8.900246992,10.82743019,8.862290758,8.877992,8.849486537,8.150239615,8.893801068,8.508794504,8.520539024,7.323550302,8.81881414,8.43728344,8.144074305,7.536825787,7.630086557,8.697291844,8.327538175,8.532016634,8.648578274,8.561582221,7.421204506,7.732601546,8.544676832,8.544630805,8.458704521,7.50291147,8.039278811,8.734322313,8.103935636,8.154985633,7.13506153,7.709890774,8.000046127,7.945902964,8.617241315,7.060792861,7.472494646,7.911240711,8.80102407,9.591507466,8.453919033,8.724860297,8.014219029,6.836289074,7.385853609,8.601402854,7.82208461,9.126318409,9.23991978,8.254734434,6.971095825,7.202778665,8.329384183,6.923681956,7.495961824,8.521464814,9.894300875,7.770836219
X211762_s_at,11.05347485,12.67515205,11.45168132,12.4745226,11.17596047,10.66904755,12.58173585,10.84907278,11.51420174,11.44122954,12.10289809,10.27226837,12.14199628,11.25899869,11.30900077,11.64636904,11.75723374,11.684094,12.05125164,10.99762363,10.40150052,13.02339219,10.65388046,10.65983499,11.57032784,10.0649288,9.972588474,10.10862355,12.0741997,10.73591444,10.2338875,11.22658747,10.5745309,11.97239187,9.576248207,11.31880436,10.81712164,10.4287336,11.46423526,10.80766574,11.29807178,11.92647854,12.13274827,10.31471766,10.7382776,10.32183018,10.38204163,11.43959071,11.5755885,12.84274083,11.46535761,10.77002355,12.35843211,10.04443895,10.61186446,10.72868135,10.89399045,12.33355134,12.06204856,11.95412544,11.36768174,11.33902859,10.09491391,9.805377256,11.56308003,10.2102562,9.783923741,9.762341347,11.81654523,12.04273229,10.37370037,11.4057368,10.6459959,11.69474544,10.9212111,12.11913111,10.36404188,11.29620489,11.09294503,9.998953197,9.654405099,11.93647149,10.11180022,11.74721206,9.93762893,11.92002191,10.59329196,10.55895681,11.44364799,11.56655246,10.64133629,10.44609675,14.08208431,12.28943157,10.97813766,12.67325649,11.89866292,10.52638285,11.43199166,10.56691696,11.8056232,12.68379558,10.54371062,11.24887771,10.38698035,10.56187373,10.10515872,10.87224309,10.51693924,10.95771983,10.72211481,10.23760239,10.16279965,10.29875102,11.01231523,11.02790223,11.58409733,10.33168397,12.30080807,10.58393525,11.5917671,11.5352064,10.72704133,11.15922884,10.59189102,11.77212017,11.13876241,12.22440425,11.83295386,10.12442077,10.69791056,10.320736,12.02179726,12.25434399,10.65432902,10.56960176,12.55092906,11.49108849,11.20996445,9.919992059,12.49799396,11.19543567,11.28444643,11.00065319,9.380144352,11.24649746,10.85716732,10.35546046,9.432205494,12.77260216,11.86412128,10.81258609,10.43376431,11.12613673,9.721092625,10.16585172,10.42201731,10.267269,9.643006112,10.04492607,10.54188511,10.9484118,10.84618559,10.83020777,10.58238076,13.25830151,9.671862251,11.67835626,11.19526133,10.34885427,12.09388504,11.39412588,10.75835799,12.37870704,12.09361873,12.56799468,11.53726735,10.90088792,12.70428128,11.47514754,11.68425529,11.78778199,10.28203262,13.26745808,12.31038339,10.41126023,11.11134291,10.56728168,13.29404749,11.18350354,12.10420753,10.54483596,10.71049719,12.16466659,12.05594431,11.0121284,10.61760066,11.84449295
X211779_x_at,9.987269189,9.178234964,10.12105411,10.01276766,10.7292221,10.62425588,10.65034272,10.10536002,10.75130831,10.35532312,10.40526216,10.25738011,9.625834027,10.59856536,9.331722515,10.12757617,10.08062713,10.11208117,9.790143276,10.3938995,10.05421987,10.84867394,9.88086841,10.2746421,10.60146799,10.60060552,10.3506902,10.43563065,10.53998164,10.13662877,9.955329711,10.42244572,10.34605377,10.03225797,10.55402365,9.849868314,10.07700976,10.26804197,10.53012474,10.28984003,9.983066139,10.19988556,10.47220511,10.55038323,9.936940311,10.76311235,10.8557881,10.46134117,9.85061844,10.79358837,9.483727666,10.3134099,10.42406329,11.0824537,10.1112112,9.8997095,10.35562447,10.20298421,10.09650715,10.18878756,10.49620093,10.56622229,10.57582496,9.957907272,10.89455848,10.42640952,10.05973252,10.0054415,10.4652853,10.05311282,10.35417395,10.19714868,9.64706089,10.52355731,10.55824529,10.34439487,10.49308241,11.17861362,9.517920292,10.84815401,10.14798836,10.45296357,10.46919571,10.28530134,10.29552179,10.65327766,10.53122726,10.65937944,10.43983078,10.68129249,10.03931336,10.641456,10.28993126,10.37761634,10.20374582,10.98452042,10.96768487,9.99717703,10.52836964,10.52703803,10.40602455,10.82455067,10.65034013,10.69459701,11.06196038,10.60902693,10.78042964,10.5949039,10.11513431,10.64593112,10.1424325,10.74392436,10.52061324,10.36530753,9.30419716,10.48043914,9.972683366,10.72308888,10.43179907,10.26877428,10.44620915,10.77256228,10.4572573,10.83991281,10.67334776,9.94007605,10.30050403,10.21104246,10.09178584,10.46818888,10.54637549,10.16525015,9.563123802,10.7269366,10.68462962,10.78150601,10.11754608,10.2327964,10.34763407,10.679434,10.12787559,10.1959759,10.75810669,10.04350911,10.64926999,10.60557887,10.80633854,10.2850553,10.29981928,10.08109868,10.21975625,10.41188305,10.23268002,10.53670194,10.54392174,9.710206108,10.46867233,10.64911687,10.49739788,10.04489613,10.26088062,10.55398719,10.849996,10.57379939,10.47756735,10.5034279,10.38279457,10.54054643,10.50903399,10.95171503,10.91915093,9.736238112,9.756392236,9.920829629,10.42984645,9.511095082,10.39853942,10.37790421,10.02701566,10.41542984,10.55415086,9.822492887,10.24500828,10.24171387,10.2381801,11.10132332,9.843650044,10.46413945,10.39427996,10.73694482,10.59209959,10.11671702,9.966114377,9.464865123,9.723909267,10.49916607,10.77678749,11.17566946
X212014_x_at,10.61793548,9.866305163,11.97444856,10.69941798,10.02616043,11.11167142,11.42591169,10.52026772,4.101372716,10.56899979,9.699583064,11.18896303,10.3948124,12.03143926,9.774676773,11.87201483,10.86150117,10.50198677,10.30033292,9.472617107,9.892341208,11.05744319,10.94172745,11.22776498,14.26988853,11.10860581,11.30830099,10.69227846,10.42972205,10.86526971,10.24649881,9.267555248,10.42687547,10.56489587,10.17602054,9.308937964,10.26419472,11.23945843,10.97632219,10.72874094,10.67053789,11.86591612,8.966517974,10.26740669,9.864660744,10.44402008,10.96436139,10.53310468,8.49834667,9.882205234,10.40225977,10.5457303,10.29195459,10.03230581,10.51242247,9.211413054,10.21915952,10.24551398,11.64055937,9.777682803,11.27496527,10.50165948,10.12251465,9.844877445,10.60482816,10.82528608,10.77873982,10.21514178,10.21815267,9.775855043,9.715442165,10.59145948,9.762619148,11.07136866,10.00224192,10.20212596,10.65696851,11.27598462,10.33287205,11.29138073,10.48941434,10.60394103,10.31638478,10.86497603,9.742581358,11.54936416,10.11589905,10.42383748,9.057407697,10.48424493,10.71756195,10.52851936,9.85222382,10.70370141,10.78981777,11.43629877,9.699460126,10.88184299,10.89967635,9.885707666,10.92678576,10.01489137,10.23829919,10.60969231,11.52689184,10.37186267,10.12632126,10.20419865,10.04340256,9.536578261,7.887520451,10.61084042,10.03239196,10.44018442,10.86494188,10.4859746,9.933527361,10.66415055,9.696190963,9.287845848,10.07066378,10.06307827,9.596928951,10.65137015,11.30246079,11.17489259,10.300507,10.13797405,10.7994226,8.924192466,8.706181731,9.16513904,11.11318306,11.38886497,11.15894777,9.762810175,12.02655335,10.9213512,8.506751577,9.877501809,10.00769091,11.48443224,10.70371957,10.34500013,10.24311146,9.264860405,10.66478568,9.852637303,10.48584906,9.026090343,10.55197501,9.907086051,9.76823177,12.28434012,9.785683635,9.40696921,10.71873764,11.15819705,10.2142904,10.19401936,10.06072059,11.2217802,11.3813061,11.08805989,10.47421321,9.05900925,10.3224794,7.862975908,11.3623955,9.388058463,11.54396128,8.802626072,10.51450302,12.03512439,9.038692504,10.61330636,9.772921198,10.18649273,10.24086727,9.020208409,10.81846109,10.79445844,9.607563289,8.81950184,10.92928565,9.576794228,10.52811948,10.30640473,9.329842728,11.92824503,10.51422256,10.4540208,9.747015055,10.91096398,9.965481525,9.739048951,11.63385124,10.02384969
X212567_s_at,8.425573724,7.401253575,8.87639058,8.441689063,8.899744508,8.835418128,8.557122611,8.606056393,8.575238579,8.995743621,8.637303723,8.323835914,8.012609361,8.085873003,8.24879151,8.510768682,8.317331496,7.99956709,8.591122357,8.40403038,8.459357434,7.865877653,8.410966735,8.135060527,8.345484036,9.118462462,9.541384492,8.900098467,8.747716841,8.330785876,8.682411285,9.360787501,8.897743497,8.60307206,8.436293826,8.798429957,8.24611014,8.494956246,8.290465403,9.070183296,8.662952249,9.034759464,8.77340696,8.633543666,7.530845464,8.805415643,8.582353253,8.893840612,7.518259882,8.021391717,8.06818133,8.780967989,8.350471144,8.518252966,7.935025495,7.999746151,8.640805891,9.001327795,7.155128214,8.755853068,8.746908293,8.386519833,8.843055869,7.903576569,8.588182277,8.158811963,8.745871146,8.203564126,8.359509913,8.361702374,7.79075055,8.321626063,8.350404377,8.034701565,8.327751361,8.467260767,9.297494516,8.298371691,8.00582228,8.860784799,8.717157235,8.558591479,8.820347836,8.39672409,8.448344179,7.876333545,8.544049064,9.116630061,8.966625819,9.039950805,8.414018215,8.403756386,7.638369739,8.896048992,8.498651109,8.230032884,8.905459435,8.354882839,8.808192869,8.802142369,8.504977235,8.888791371,9.093681728,8.413577694,9.077788126,9.069786816,9.238258891,8.109484615,8.791945661,9.470484877,8.744467416,8.719911333,8.659687465,9.134916437,8.705027727,9.635493132,8.734371153,8.181048057,8.241776593,9.002566246,9.003863857,9.072050857,9.127977034,9.228644333,8.854971471,8.754333748,8.98709221,8.177286266,8.231184324,8.515972677,9.007093877,9.433111873,8.412550294,9.034521633,8.810147506,9.324208316,7.95230709,8.982206167,9.178645629,9.279429258,8.592507926,9.674580421,9.252145009,8.737140515,9.401267312,8.568978296,8.82248119,8.936742167,9.210787683,8.143771981,8.748165022,8.795802832,8.569719918,8.642380811,9.648577299,8.82561928,9.026056694,9.359257555,9.423671771,8.861095329,8.385501552,8.336040606,8.861254817,8.511722615,8.05341895,8.345498885,8.599926872,8.283100524,8.653097138,9.169010732,8.740071649,7.373218489,8.263126817,8.018122612,8.543860746,8.45241447,8.741152192,8.713458638,8.024458546,7.425421038,8.576999625,8.822370636,8.707212433,8.562992523,8.509523472,8.628510478,8.644561695,7.961961992,8.579129093,9.001053972,8.490800547,9.065554818,7.319398276,7.358639239,7.739575958,8.62649835,8.67636764,8.760953297
X214806_at,7.297196057,6.09310716,8.780673119,4.734516209,4.456223625,6.994572222,5.120589583,7.339436751,7.58131009,8.338804028,7.50872416,6.724652963,7.112155174,5.379225659,6.02652786,7.226162117,8.538638959,5.626260782,7.039750247,7.926657429,8.783171226,8.26182869,7.902294182,5.656461156,8.653644436,6.596504489,7.494608656,7.927757469,8.168665116,7.840905626,7.250168768,8.858722791,6.998407407,9.300485132,3.16595291,8.651247504,7.902126093,7.30460626,8.424330167,7.036552283,8.147323622,6.35691773,7.658912575,8.21528089,7.434080755,7.814659787,7.362833686,6.294439958,6.59179546,7.544102093,6.157629078,7.640021528,7.484845517,7.226447237,7.523147172,6.219458144,4.696365494,7.235398948,6.928430103,7.788029943,7.039435242,8.061407296,6.900149213,7.777895316,4.586488557,7.374206308,6.830582102,7.493821252,7.707256668,9.236946166,7.141125655,7.89624062,7.138060121,8.338774694,7.847242666,6.356511291,8.170382477,5.861485265,6.100468537,7.368163682,8.715167342,9.325779797,6.650586076,8.174683989,8.576254377,6.258131065,9.106322012,8.280603429,6.978778942,5.77785476,9.557859161,7.249559037,6.298554406,7.575682984,5.827992672,7.08606047,8.863034547,7.434042744,6.866758748,7.323184371,8.61082534,5.586397705,6.890415031,7.670359379,7.506819851,6.035794537,7.1298546,9.020798609,9.783689921,5.088392127,4.306166139,6.801132837,7.760612782,7.347464184,8.182887764,7.136589747,8.606049482,7.065715599,7.579314875,7.37073409,7.321046621,7.990331723,7.653172864,5.915658519,7.413566881,6.970737405,7.535029944,7.423262004,7.844105954,7.94085081,8.392901962,7.437477433,4.966383024,6.746278515,6.540885357,7.245887016,7.847408029,7.955987965,7.368883,8.302665203,8.247795213,7.125035126,7.894965461,8.59775206,8.663446279,8.172984771,5.91346783,6.595350971,8.149805652,5.692318425,7.710251819,6.403341671,7.008289522,5.511473574,8.065521374,8.64668914,7.155043323,6.331085279,8.17073609,6.911119529,7.874774182,7.722837192,7.924032421,5.223259629,7.205386273,7.615802058,7.247181897,7.667007373,8.052407178,7.737903739,7.406504509,7.758199871,6.642299136,6.067881479,8.05308303,7.215030635,6.797677104,8.139439032,7.275782485,8.891479057,7.070922735,6.622548969,8.302287083,6.895221156,7.153193267,3.809877398,7.390825691,7.138814174,6.565691816,7.260749815,6.958236092,7.794190496,7.196886013,7.478066839,5.096207884,7.639743105,7.187571362,7.81323776
X214915_at,6.892773565,6.004262695,7.548750688,6.234465877,7.955684704,6.408295217,6.135944846,6.798236895,5.736496773,5.794555741,6.400761267,6.335357968,7.189772828,6.265107471,6.229570389,5.752933452,6.54357474,6.224892749,5.88617429,6.719026045,8.05858222,8.008490974,7.282618648,6.319536236,6.268211112,5.265456024,6.287460323,7.909486521,6.60324722,6.414192683,5.44232548,5.617316078,5.872422972,7.044087244,7.165172321,6.507085283,8.232325689,7.185886465,7.48454633,6.3394801,7.30285489,7.662978247,7.294328955,6.696400911,6.486858176,6.94032227,7.418544377,5.987542372,5.479291323,7.17710109,5.96867762,6.338935305,5.677438209,6.94002086,6.38736484,5.761113983,6.222660996,5.415849484,6.18499998,6.402373584,6.085658238,5.837104622,4.555540217,6.44685213,6.182583594,6.737348803,5.805002124,3.059091543,6.888471679,6.041809143,7.259419138,6.887367423,4.684281909,7.770080415,6.4229264,5.529756819,6.542439528,5.305599804,3.970920217,6.636326133,7.842368373,7.461901283,6.539688812,7.2113195,7.489261823,6.48104471,7.785638215,6.714702767,5.010670012,5.064971836,8.178895691,6.064083124,5.862628755,6.624265223,6.187524511,5.867189308,6.994534647,7.834409222,6.886915678,5.59484245,6.915190287,6.027214145,7.987476466,7.261277056,6.930089992,4.939543014,5.68237369,8.040112853,9.058130073,5.944084724,5.897452626,6.570734933,5.158746008,5.484771596,6.598758617,4.643511164,8.390940127,5.383667109,6.667287414,5.619052817,6.453918721,6.251426475,3.79594168,6.886071703,4.627792254,5.231964199,6.271646737,6.214740348,7.325022738,5.888537263,6.778418659,4.398758829,5.406375756,5.961617242,4.868390395,6.476658269,5.374438381,5.554618005,7.420636356,6.60919217,5.356099927,5.747334974,6.770096351,6.368255423,6.138974906,5.697395087,6.425778525,6.808183219,3.38280857,6.286740335,4.954613995,6.387842919,6.72766383,5.756318605,6.185868166,6.673281281,5.465604583,5.707805792,6.574933882,5.873029024,7.095560024,6.376789031,7.844695712,6.587974897,6.566779075,6.36938195,7.232786078,7.629793889,5.512500983,7.651705339,6.292031864,6.882537901,6.362283283,6.959642097,7.752165387,5.778286439,6.162465387,6.964612367,7.155327835,7.569750471,7.863616475,6.700839514,7.800437592,5.259141937,6.972926259,4.943225505,5.86870732,4.051519803,6.839139408,6.740200903,6.302517108,7.185438804,5.72818116,6.489249513,6.712589937,5.496002292,6.474043374,6.385966801
X214919_s_at,7.766241545,9.217588198,8.137280898,8.688414915,9.285114994,9.600625451,8.837309853,8.835547835,9.990430123,8.997813919,9.127232811,9.563966678,7.80155276,9.224232354,9.026464099,9.284723331,8.242977502,9.130596602,9.144431141,9.226265163,9.070348804,8.604928051,9.89105346,8.607936432,8.877411221,10.11045501,9.624442878,9.838462298,8.644186754,9.260854658,8.586233374,9.179275212,10.06861752,8.083592138,10.55195012,8.27280946,9.933161816,9.462892138,8.80651016,10.34198341,7.63464115,9.384945301,8.433695477,10.09127773,9.193981865,9.792601863,10.78288012,9.778071077,8.016243999,9.568650364,9.031073519,9.370491427,9.05504332,9.642096241,8.521286153,10.79295426,9.61001947,9.547151777,8.598298013,8.398994391,9.138337079,8.977434612,9.91319604,9.36463774,9.305823125,9.489711425,10.14508013,9.188474181,8.59953534,8.51772662,9.447384069,8.661726471,9.26464814,8.393951784,8.87433788,8.372546817,10.02838127,10.25086202,8.596096527,10.48948468,9.668233123,8.546535546,10.16848906,8.446154931,9.082004383,9.035053756,8.687420666,9.449955556,9.263392459,9.272982334,9.194776527,9.446719653,8.293239816,8.153586989,8.489673081,8.505259588,9.501463757,9.334264857,9.659973872,9.765706916,8.240794257,9.668351709,9.812470632,9.353476211,9.114609882,10.45340694,9.764884243,9.678754428,10.01125924,9.255448784,9.979612883,9.980972515,8.638175993,9.589635861,9.791499923,9.075127932,8.36049314,9.485719233,8.218992944,9.075342344,8.833164248,8.994824138,9.336976914,9.431298772,8.674208571,8.829727124,9.274661836,8.915310888,8.761501052,10.1735984,10.10824558,9.269893083,9.072023059,9.645504274,10.07445887,9.171087323,8.186138222,9.111250509,8.006860256,9.72625938,10.2098667,10.08702401,9.271454411,9.238178699,9.239516491,9.585849796,10.40857131,10.17179368,9.837572944,8.277210032,8.836621965,9.345221573,9.727150402,9.984278519,8.955266815,9.218593349,9.215342334,9.376107837,9.464820838,9.439178885,9.57594239,9.25596535,9.657287663,9.373860257,9.218689906,8.443846666,9.765014225,8.429202319,9.150475691,9.442355313,8.15315542,9.166385613,9.989020054,8.861858393,8.089661409,8.305384881,9.178126576,9.067641214,8.734409051,8.640305646,8.174028718,9.24236641,8.995400737,8.743718666,9.052704001,10.83016938,9.32306913,9.954981413,8.963228841,9.226433265,8.94511539,8.588915039,9.582231629,8.951589679,8.832451951,10.0670579,10.14180932,8.87946539
X215510_at,3.613518319,5.703180574,5.641967409,3.330261008,6.378768688,5.458308754,5.992873096,6.174905533,2.912981891,6.552673365,5.803102725,5.642544948,6.345277413,6.539366936,7.206690852,5.688988129,6.843920651,3.527262636,6.916524601,4.375422031,6.535070251,5.371646367,6.070200456,4.535541311,6.886929938,6.870261382,2.992024262,6.501270178,6.601502401,6.038263035,6.586744082,6.120762013,6.524862146,2.118566047,4.110155781,6.258530193,6.763089936,6.545193944,3.705788275,4.449788981,5.83768421,5.963305305,3.889679056,6.443943173,4.831025644,4.427407443,6.314712598,6.006333421,7.639811876,5.559929417,5.938742282,6.652305497,5.719580875,5.941060251,6.039956383,3.784554186,6.883123053,4.028858433,5.525597578,6.638724188,5.294256414,4.272193859,5.096645889,6.815069246,6.030680907,5.86006078,4.249242419,6.597968458,4.459617107,4.402657556,4.159741581,4.281440781,6.125452345,5.483341916,5.753362628,7.027169318,6.207438978,3.951712086,7.400107024,5.659629983,6.596825037,5.914477238,6.158442986,6.021756243,6.29130884,5.06189825,6.922746727,5.807774281,3.993701191,6.047466078,6.989061283,5.9288997,3.393932186,6.597726951,6.312568201,5.747038887,6.83840998,3.948709556,6.295898497,6.227306076,6.92805455,3.706257373,7.067415551,6.433867105,6.556099473,6.575949033,5.969381074,5.024602927,3.582547726,6.182484781,6.823091238,5.527874781,5.102790442,4.248298134,6.229952166,5.859853051,2.49733928,2.961868767,5.735768206,5.84866722,5.824950574,3.926903563,4.743319051,5.586434281,2.062873884,3.754021909,5.901730145,5.237340375,2.819276526,5.46554804,5.832271845,6.111203491,3.540374717,6.875347749,3.868164116,6.849217969,6.310136073,6.105664285,5.309928481,6.731094351,6.786750841,2.695672963,5.561243677,6.304409639,5.289164675,5.703621253,3.840864297,6.395555118,6.271153524,5.861131689,4.035443142,5.987949401,6.20424341,4.919594918,6.480480957,6.328481182,6.014423874,4.727638405,7.497667292,4.745136254,3.302883418,6.416151984,6.756821104,6.571057435,2.712345501,6.003873567,3.110170476,6.329251182,4.09020504,3.483122238,3.558857909,7.023061519,5.21409676,6.348954948,3.038668006,6.988360182,5.722873768,6.156572344,4.511049374,3.935962188,6.342315771,6.437592516,4.156886499,5.544583725,6.85365563,4.224213768,4.083301136,6.275133204,3.014444984,5.08953286,4.360283815,6.16148298,6.371355278,6.300325208,6.087118453,5.569279036,6.882320962,4.634291156
X215633_x_at,7.384924567,9.101167765,8.560007234,9.774373745,8.083944153,9.195041683,8.894579955,9.424998986,8.091929627,9.488010955,8.893754054,7.848743719,9.246416046,9.114414904,10.20827363,8.936885935,8.472976242,7.229800436,9.229199897,9.292992959,8.48833233,3.583218946,8.867454319,8.168806973,8.865798748,7.83818425,8.459894199,8.40067272,9.112816048,9.069219929,8.929806795,8.800607604,7.268468176,8.441278374,7.121729539,7.713940116,8.498100065,9.619047507,9.675814589,7.829662076,8.711936688,5.312073443,8.529533646,8.358418203,8.686596876,8.764760923,7.519557734,8.314206696,8.813456891,9.287962914,8.634171425,9.294934477,9.398752738,8.773170187,8.840826984,8.729539475,7.986178502,9.168559159,9.254889186,8.134302071,8.714551425,8.477621224,8.527261347,9.001985422,8.838059188,8.721758039,10.67401895,8.587835525,9.412733936,9.184222393,8.529284764,9.709978599,8.931508305,9.303375371,9.099157519,9.009966843,9.040199587,9.354022948,8.541151201,8.881802749,8.355179231,8.506651716,8.990819688,9.255352151,9.057226551,9.837034076,8.752313751,7.403404841,8.866481675,8.944425686,8.66607616,8.541219721,9.09751424,10.04958032,8.450817372,8.136910984,8.304621635,8.086833682,6.877026408,7.450177715,9.271990263,9.203114917,8.119290459,9.669121571,7.634747296,8.470620742,7.906105955,7.858756557,7.095190753,7.624010398,7.582076556,8.296346817,8.592750433,8.258619284,7.689354137,8.224739107,7.411394014,9.294593793,8.568021826,8.670311634,9.065059807,8.140819808,8.840949787,7.267161257,8.625096941,8.504751211,9.386725738,8.813489943,7.650778657,8.532888761,7.561859598,8.737345272,6.781496806,7.691632794,8.906195631,8.814640922,9.466668294,8.905390883,9.175316858,7.365420144,7.79474563,8.445249184,9.18820341,7.575838306,8.539515129,9.054353842,9.040127882,7.609870193,7.545126807,9.446173451,9.137228168,9.165190881,8.485499294,7.811931042,8.471170714,8.782916266,8.561540168,9.303017781,8.266741247,8.455026427,9.455255245,8.373937837,7.939793165,8.378079402,7.969344727,8.89879363,8.848014793,8.40016143,8.380736169,9.088104719,7.744959983,8.308813907,9.930250057,8.303466039,8.727969581,8.610845699,9.166819615,9.162405798,9.305165234,8.818664427,9.074077034,9.138672405,8.687652041,8.92361181,9.216059614,7.950150057,9.119944985,9.256662197,9.064540726,8.278137823,9.836730363,9.957285558,8.786920407,8.916651793,8.811984721,8.90359216,10.44516995,8.666865511
X216010_x_at,7.158913895,5.628870247,6.716973954,4.861297737,2.374820459,2.87044372,6.620155042,5.691821315,6.333406665,6.268202163,6.18603059,2.218940952,3.64961214,8.000651689,6.030767875,4.994046505,3.72343728,6.971969898,7.800781859,5.446785681,4.597999192,7.816330089,6.172557098,4.424475564,3.454152185,4.327958956,3.577622885,3.490261612,6.166815467,6.859699963,5.661735411,2.862581873,6.007629564,3.813772896,7.226004102,3.567377069,3.545856333,5.738629501,7.497422038,6.223233153,4.516275881,6.315759841,3.676447847,2.22062329,5.639854953,6.837474263,5.825850238,5.072806949,3.721930695,4.633104991,3.429172689,5.844628542,6.170130367,6.6673915,7.259534583,5.948335338,4.514579211,3.518313607,6.626894861,5.783881398,3.606746821,5.626499521,4.923804201,7.327864537,5.628087814,7.867475199,6.112427463,5.126736046,3.424913177,5.13617342,4.955693305,2.970245576,6.847338541,4.258093455,6.970366449,5.253858349,4.579341592,7.702371299,7.50831306,4.634725872,8.61696559,4.39470333,6.002743338,6.301006901,2.516375657,6.763988455,2.677748226,6.434204758,2.573332857,4.619761441,6.372326185,5.813258373,7.252117949,6.078932023,6.291995606,3.26102268,2.988332535,5.890065842,4.90224157,4.035346314,3.036785369,5.139400882,4.770711934,3.865902035,6.209879914,5.645593576,4.041670183,2.449084764,4.699972884,6.689647631,6.077029944,6.506017627,5.87921144,3.435938256,6.894493941,5.79626626,2.470263509,6.106783659,7.921693026,6.688323084,3.665676347,6.892127407,5.275701719,6.097279891,7.740343506,8.043611814,3.120595744,5.932394889,3.433711677,2.429361807,3.238166233,3.171315619,7.682851921,5.138267198,6.157845804,6.853795829,6.765280353,5.900383101,6.756383339,3.774477016,3.345478058,3.926163058,2.619764126,5.491431695,5.342244738,4.86766806,7.42659236,2.639616969,5.719537357,5.820317336,6.494085304,6.292700931,5.688364775,2.401660995,5.796005077,5.685446709,4.345764605,6.358545264,4.283288187,3.829003008,5.426712249,6.599488213,5.129961297,6.452214584,3.563145237,6.66752009,5.444694189,6.287637692,6.275007158,6.97872074,5.134875662,6.277825569,6.129762889,5.242482858,4.12272325,5.086752423,5.972399321,5.82454896,6.634437451,5.607415724,7.674048926,8.572612599,3.311602695,6.619332864,3.75528593,7.967299941,6.60952529,6.812140638,6.262422578,6.089680807,5.211813544,3.885838451,2.534201034,3.597591364,5.628827461,5.657175793,6.460224511,5.526000146
X216103_at,3.944943541,5.21523698,5.191880715,4.540211055,5.278598185,6.185509675,5.813755245,6.386002538,5.935238895,5.390897743,1.940553293,4.453155472,5.387328945,0.516941801,4.662502682,2.790165518,5.922188747,5.51471459,2.764790092,6.279461845,6.994046059,6.06182608,2.71205735,2.436629963,4.831546448,2.392938501,6.309450166,6.547207542,5.259534698,5.600039181,4.810161892,6.33003083,5.773517841,4.196648849,0.659800747,6.084112694,6.912232556,5.368790778,7.23175016,4.826832886,4.115337718,2.601791095,6.369868251,4.185915785,5.941807457,5.47945683,7.139072209,5.8003783,5.911100822,5.789759097,5.137650768,5.068239708,6.977328404,2.625730292,5.58518491,5.122424166,3.313320025,6.145967572,5.001269605,2.724671499,5.034425518,6.641367263,4.401232109,4.034255362,3.100714678,5.622408398,6.670012576,2.892203608,5.310019304,2.730553063,6.332953746,6.08673283,3.550921916,4.712035566,5.626630618,3.967707091,5.963376616,6.314847635,1.024496198,6.211190956,2.01527543,6.157472596,2.767557527,5.548315751,5.312322259,5.956549035,5.957345035,6.135044012,3.915144068,4.833240024,4.341357905,5.787237251,3.333940983,6.987167559,5.160167962,5.595577764,5.315281434,5.740139138,5.888518095,5.553143844,6.071247531,4.210683544,6.297646444,5.083038303,5.515669597,5.633688495,3.123401125,5.739319075,6.121881078,5.822978965,5.090409573,5.251661785,5.044545306,3.635061694,4.841117306,2.590908528,5.381591215,4.959343355,6.403561769,5.491865255,4.991123564,6.379116627,1.240450674,6.391173046,4.563749872,5.819004221,3.198282442,5.545041218,6.580384111,4.699734367,5.345263906,6.104379908,4.902924527,5.897930606,5.143185158,6.70305973,3.253985119,5.352140748,6.874883538,4.615544863,2.804766642,5.440126686,5.700422879,5.639044684,3.30920998,1.743617561,5.68935271,5.090132827,5.208199009,4.666276011,6.050554878,6.468641185,5.64885438,4.561015246,5.591659736,5.631849947,5.997118173,5.948593883,5.676185474,6.521943643,5.790355454,4.648930185,5.783061015,6.365216502,6.560128121,6.275984775,4.990245733,5.85111332,5.488167672,2.984887616,5.895070909,2.609291038,6.024899554,6.050130782,1.294085568,2.18671075,4.440687578,6.173731452,2.641682713,6.354593689,5.715881202,6.381055745,3.776115985,2.816494163,3.413640699,3.68881071,4.870683997,5.030390925,5.903824296,3.892768604,3.738169977,4.96783316,4.062672916,3.218511831,6.154911832,6.104234001,6.104977527,6.508480534
X216693_x_at,8.42144666,9.760750552,9.341144684,9.484364952,10.90945798,9.927909118,8.431712182,9.311090271,9.838844732,9.784771061,9.165536084,9.942948288,9.617124823,8.241841843,9.123594628,11.46115103,8.746080068,9.54538393,7.614439997,9.857347236,8.124889337,5.622861947,10.54363435,7.640113959,8.797078269,7.639701632,9.231726876,8.633241746,8.985419489,7.586649463,8.906670991,9.825343883,9.182737987,8.641909944,9.785417836,9.184422655,9.753769811,8.327057521,9.507856849,8.826191513,9.124320456,10.30945462,8.836217481,8.571113142,10.06827146,8.627778016,8.579635542,10.31301269,9.973669172,9.53239566,9.302007913,8.976764802,9.198366429,8.917520244,7.960273973,9.82876099,10.68020232,9.321280361,9.377791795,8.583910273,10.19222032,8.590924391,10.77218342,9.215302108,9.738923457,9.654946342,8.589299765,10.11162271,10.35141106,9.502809676,10.00607024,8.943269425,9.834206629,9.491470374,7.719021705,9.477581669,9.429924839,8.096477306,9.290013982,9.233803863,8.664049204,10.71786672,9.157809713,9.082934389,9.926596082,8.828481347,9.244969695,8.888083852,9.063112904,7.420909723,9.313215914,9.454956166,7.743377257,7.766796596,8.001481963,7.576653556,8.972746984,8.545379017,8.364860845,10.36323642,9.401824911,10.22719878,9.193864626,7.424872197,8.456218005,8.311336137,9.443131228,9.196268514,8.920372865,8.269132215,9.100610508,9.861652572,9.331877084,9.235430751,7.19216998,9.780085582,8.004330176,9.869341054,7.527813032,8.938450531,9.314762586,9.149702347,9.85863326,9.860335445,8.640525857,7.636120099,8.61410464,8.129983387,10.1609885,8.930379299,8.886966449,9.054207913,7.092242869,9.677866039,9.465693539,8.626922702,10.28149708,8.730213661,7.351130875,9.130552311,8.441051036,10.36283531,9.170557776,8.619901521,8.51085242,9.491396857,8.103281934,9.471443129,9.150746465,9.786779484,8.049615531,9.257452702,9.750805352,10.0414947,8.742045243,9.501107385,8.943499616,9.246016376,8.282938997,9.160438492,10.27514087,8.482493055,9.87610601,9.431683435,9.435943159,8.310083583,9.148058138,9.550054589,7.577530212,9.004035819,8.926572607,9.576623528,9.841557431,9.528739723,9.394140869,10.40919776,9.677316003,10.11184867,8.951572603,9.02343331,9.200821151,9.056080665,9.240817457,10.34114498,9.882398461,8.515728929,8.23933876,9.10696626,8.208449087,9.998009084,7.334443716,8.871785941,10.00750724,9.780506785,10.14030688,9.9808802,8.432205374,9.221764569
X217019_at,7.751753004,7.669778656,7.13481776,7.912451779,7.539716126,7.402978327,7.361121462,7.686869006,8.283179503,8.283223657,8.113650503,8.067110591,8.222402556,7.701054612,7.619398044,7.570988323,6.63006186,6.874975314,7.600341305,7.809639312,5.188134819,5.235280782,8.339376878,7.839642919,7.344018754,7.558986943,7.237341442,8.205595144,7.491331751,7.504237586,6.464426409,7.14387529,6.806849942,6.766745833,7.027826306,7.289360315,7.271255994,7.492285557,7.173255549,7.28832569,7.69606176,5.713676912,6.769604812,7.026420615,6.945892188,7.796979247,7.647412774,7.423937477,7.65633071,7.226879939,7.752570885,7.941302918,3.456431819,7.286759894,6.846123592,5.342860071,8.141947574,7.780876687,7.258440501,6.11729573,7.466112738,7.085546125,7.310230224,7.511528433,7.417546974,8.158556966,7.969904463,7.664692361,7.59026035,8.054648591,7.778434019,7.575252626,8.757200697,7.317838143,7.059954118,7.602539614,7.110014716,8.011163753,7.189187551,7.702333344,7.108050237,6.064206535,8.432630208,7.297086661,7.430339932,7.281421491,7.528683155,7.254781145,7.357627629,6.956256263,6.375073624,7.570496459,6.709533846,6.961249162,7.654250195,8.374339798,6.860163224,6.734765981,6.906491412,7.060674095,7.361459298,6.549697196,7.082565924,7.321632051,7.452737808,8.266911771,7.919160662,7.571206275,7.992298101,7.66809718,7.823054056,7.283668434,6.365354998,6.835498369,7.572293176,6.848108949,6.171176967,7.406738759,6.295294295,6.985657772,6.27476826,6.133188919,7.533752784,7.038703243,5.224269772,7.22232828,8.085088157,6.368936101,6.983375096,7.031499623,6.981452648,6.367191904,7.624544351,6.816331896,6.872215846,6.893303119,5.74600331,7.52075263,7.41097365,7.900088831,6.290678176,7.409045206,7.028715269,6.511894667,7.317859494,6.673417254,6.535813228,5.919191831,7.47531277,7.09308531,6.583554686,7.492678125,7.455324002,7.027877344,7.204638781,6.160702009,7.474416771,7.283134025,6.85702372,7.626366723,8.397587619,7.511679837,7.53397216,8.206100746,7.190395416,5.11807276,7.692289296,6.916790932,7.695993829,6.455808864,7.293160408,7.030454725,7.692068014,6.540917742,7.404097748,7.147763294,7.573958521,4.825780254,6.725329878,7.989803628,7.893560749,8.048431464,7.484883524,7.471958821,6.247596428,7.399987768,7.965411538,6.691562999,6.962424628,6.29311301,7.847921403,6.729318381,7.99506982,6.592585457,6.427915673,6.539374167,7.798233992,5.7120372
X217102_at,7.139759581,5.305186563,7.129177189,6.970846584,7.360453334,6.762416343,5.770991858,7.057587818,6.870624165,5.246095029,6.038557234,7.319611372,7.02287601,7.384835915,5.77471375,6.992422181,6.746383734,6.634766411,7.42795378,5.829916081,6.092398785,7.123481381,6.251798509,7.710409472,5.958174265,8.026806425,7.411909769,7.257755591,6.87830098,7.269144665,7.164974855,5.066092876,7.279062263,6.021725932,6.99996176,7.148051053,6.653878196,6.882168941,6.608808643,6.732166791,7.086017564,5.842012095,6.762170348,6.808049268,5.449396321,7.30966792,6.914917824,7.614897865,3.637794562,6.709870466,6.835989555,5.671265674,5.765885169,5.967304345,6.566721993,6.854268436,7.259776799,5.968552115,6.587064828,6.075443667,5.430130248,7.41750734,6.747646999,6.582065331,7.336979839,5.360460988,7.596825061,6.382923822,7.394677864,7.365581142,7.072536093,6.872492367,6.756175134,7.353086046,4.79587638,7.667985168,6.455767737,7.280699083,5.769739579,6.908328085,7.449143505,7.038644133,6.671639511,6.939489434,5.586696781,6.759953918,6.834631013,6.994336752,6.500525974,6.673264988,6.633764682,6.017738509,6.877186492,7.174282998,6.458315636,7.161624695,7.391226983,6.233149189,7.90333409,5.836272075,6.745487482,6.00497035,6.67266674,6.755985641,7.661391783,7.606605379,5.022453356,7.372910034,5.294068024,7.410266122,7.29837777,6.112706095,6.855742129,6.976995457,7.340458045,5.890378524,5.85684525,7.433486713,6.28961192,6.131571137,6.830705225,6.472533123,7.231540986,6.627639316,6.437509008,6.857111277,6.852728565,6.873257934,7.234584223,6.765410892,6.291438422,6.50260405,7.207456319,6.662604656,6.431617217,7.248890546,7.164758375,6.349356128,8.460749224,7.138691905,6.325506287,5.14114258,5.960672713,6.97325791,6.762331118,7.333210517,5.894940246,6.273243741,8.10037046,6.685638455,5.761369728,7.417052683,6.606637463,7.977916842,7.309451629,7.46840516,6.789072584,6.083074261,7.457182591,5.901830476,6.499510342,7.154440559,7.352400885,7.634642424,6.851693117,6.112435525,7.131353787,7.452552585,6.456083119,7.187858795,6.550482914,6.723494886,6.684269873,5.392482928,6.91682122,7.61449658,6.281649592,7.266044295,5.822034966,6.888230709,7.352970706,6.179166401,6.368768446,4.524321213,7.444674717,7.006375836,6.809601355,6.900884332,6.370871515,5.413180808,6.79136784,6.235301174,6.883750066,6.877322756,5.718032517,6.854857606,7.719281722,6.240433043
X217404_s_at,5.245019935,3.397536239,10.42495567,2.565533387,3.427745606,3.30908125,12.0462349,8.249345117,9.739567415,7.299443333,1.694454456,4.195920258,12.14380158,3.286620124,3.372238817,9.59604847,5.581653614,5.195487755,2.680865344,2.763594,4.252544066,10.00441182,5.775594908,4.320339697,3.272227391,6.062386059,7.05054586,7.688864397,5.818996856,8.352214924,4.46200798,5.780068194,3.988046456,6.342658772,2.636578234,2.345206631,4.051675219,3.536521669,6.093784411,4.074304018,10.69934343,9.718963068,3.126522893,6.970501888,5.833520108,6.017398076,4.046083477,9.295216076,5.237219172,3.939526462,11.32711865,5.750771783,3.16668959,5.493174006,5.625811806,5.198831717,11.54141641,4.558924589,7.909017793,7.053929412,5.409275467,4.009895627,3.274746435,5.721241943,7.610093364,4.943838237,6.744880189,4.492376379,9.216232407,4.038763176,3.021924443,6.304483552,3.706081006,8.508252756,5.741699332,4.463762309,7.876193583,6.429274928,5.165686932,5.478053898,3.709472819,9.019469089,3.048698542,8.908090337,5.569471034,11.30546266,3.548521402,7.344185135,7.912733673,5.345677671,6.038039746,8.200680193,3.964413916,5.754221669,3.205352428,11.77120761,7.557127031,0.670180387,5.559521471,4.298733655,6.858560778,3.682847441,6.361238163,2.196598175,5.238466253,6.243000708,7.755988884,7.625513893,8.898535474,13.99367909,3.92411318,5.760863457,4.89493065,8.226710661,8.615322402,7.346397509,10.45683842,6.346803288,1.777963637,1.691769453,4.90874739,5.781872585,7.173182654,4.116661679,6.22292056,6.367072651,3.951857596,6.241325724,8.541851428,5.938640078,6.033046465,6.644604463,4.407090471,5.89291431,5.521493174,2.235556128,3.240981765,7.994206685,4.726446178,7.812327435,2.925241023,11.01279751,7.586397455,6.481441196,6.657160427,6.493845256,3.387244629,5.772790635,7.400514355,2.154566109,4.606420957,3.207056153,3.514546265,7.632359953,7.794920584,3.890776752,4.08326497,5.954643745,6.628889798,4.824601137,7.068098326,4.082650946,5.860719214,2.174838278,5.029970982,3.173011076,7.05586755,5.728034573,7.203139231,5.208347583,6.36607976,6.351447434,7.318810188,3.415634855,5.989889957,7.280465026,3.373580448,3.071141891,5.247184829,6.598025333,6.455001543,5.288952051,5.882043067,5.673594749,2.743168959,2.262291643,3.721565513,3.364986303,2.465376311,7.70271359,3.934289837,3.925413442,4.006159685,6.008893331,2.818199931,6.920304932,3.701951393,12.47888616
X217471_at,7.109083945,5.702925973,6.343199942,6.857584122,6.417788301,7.478790061,5.346270416,6.471946176,6.32510639,5.973778696,6.743221241,3.394881625,7.834297012,7.084251116,7.070756219,5.787943503,7.359789455,6.309335339,6.946280446,7.047277453,5.955817846,6.840831232,6.431034076,6.715686834,6.256714312,6.677458446,6.324160961,6.350925596,6.782783894,6.476388087,6.993570428,6.87579973,7.64016141,5.880431441,7.016999784,6.218031857,7.130585165,6.739925735,6.853828374,7.497002102,5.538761236,7.215968859,3.849012488,6.018151618,6.448214497,5.667738899,6.985997848,6.980990863,6.474071031,5.152233357,6.375000615,6.385899674,3.48279671,6.863574595,6.929088013,6.993845383,7.006602409,7.2029311,6.442559208,7.202902524,6.63916572,5.888867616,5.388323383,6.321190823,6.197851599,6.875729275,2.916950009,4.220415288,5.864385087,7.444515252,7.179606201,7.212326872,5.46405266,6.632754384,6.749813504,7.820257765,5.010826888,7.241653721,5.161008766,6.354021588,6.03140535,6.271394345,5.608903318,7.155503858,6.755658556,6.836070639,6.855136522,7.732127651,6.904431685,6.024850181,7.008238696,5.882027179,5.549669169,6.988760412,7.29874733,4.435583899,6.660090523,6.022350767,6.056346116,6.761023032,6.864934635,6.462349808,7.645756937,6.520621134,5.813358085,7.032701091,6.507974068,7.504086783,6.137209152,6.878901251,6.811048167,4.425107566,6.381116449,5.90759494,6.480669207,6.384877296,6.993475767,6.728070312,6.747064154,6.636446544,6.179378638,5.441252088,6.177203498,5.476784272,5.601029798,6.335997061,5.962623415,5.926031177,6.466071975,5.911917045,6.054395982,6.561622024,7.316030592,6.892935307,5.844141074,6.152044384,6.02984801,6.229243467,7.701893254,6.709962754,6.744539221,7.217573624,3.546700466,6.229615761,6.734270826,5.783015169,6.688899641,5.613000132,6.805608655,6.39697815,6.257354978,6.820871155,6.896033498,6.869800579,7.296579779,6.827614278,6.36089909,6.8576696,6.563553786,7.037247672,7.060377947,6.299714706,6.654384876,6.601307724,7.119834035,6.680766997,5.258623938,7.030237173,5.780304863,7.081934313,6.924611375,6.738882942,7.046604336,6.235951784,6.393346735,6.608888763,6.730285992,7.052975883,6.092715888,6.914452723,6.909799761,6.425648114,6.842584255,5.644594321,6.095891283,7.0518023,6.521221725,7.042829526,6.932693843,5.928344796,5.225384556,7.213671736,5.888617138,5.972359871,7.005432655,5.618975468,7.11371482,6.70761743
X217767_at,9.724300455,9.894494102,12.84693432,12.13550726,9.966757267,12.78614836,10.40052307,12.74959717,9.303991478,13.07388094,12.68542634,11.54346882,9.408410136,12.70209411,11.43880347,10.2796212,11.6626834,9.52705647,11.85247756,11.39255021,11.71969305,8.562019271,11.86716156,11.37211697,11.96949008,10.57188206,13.14195376,12.10564044,10.49823714,12.9512762,13.18550201,9.468181527,11.19199373,12.63464246,11.50961331,10.39469601,12.33234582,13.45615368,13.00250294,12.0920867,12.06753057,10.29111604,12.21159749,12.08832475,12.21909961,12.57835531,11.7442071,11.31468214,10.92279114,11.14178211,11.13416215,12.476659,11.50243578,12.85571365,12.6983493,10.85687256,10.99555661,10.93628302,10.14747359,6.671745787,11.32251482,11.30255803,11.90865856,12.74237841,11.64054545,10.68069364,13.24779267,10.56582639,11.81218067,10.71812331,12.04253293,13.04187655,12.60837701,11.88591517,12.623039,11.84378777,13.646032,13.38189951,13.7758682,11.99201936,12.21228813,11.46887995,12.84762847,12.39308256,12.13821082,11.05092231,12.52939368,12.16960066,11.99025121,13.11599125,12.41655576,12.63056187,10.63129966,12.11450515,13.73012222,11.41897842,11.8126759,11.7688505,10.98362847,12.4297739,12.38429588,13.07972334,12.36881424,12.1049237,12.68985543,13.15056535,11.92449666,12.00619952,11.56311973,12.18999249,9.400113418,13.43580873,13.34456534,12.28499308,11.6089502,12.6626569,10.72647417,13.87598365,13.74716814,13.43712139,12.12928583,12.09046683,13.23674256,11.51863965,12.59719675,12.61181591,14.11864885,12.83462447,10.99588684,12.87654122,12.05378006,13.63888547,10.01620086,10.41164234,12.77984505,12.09219744,13.59345131,12.19283314,13.18032926,11.17278595,11.01622459,11.21032232,13.2941883,11.81671157,12.36561605,13.23981097,12.62209237,12.66027684,12.57378495,11.91928779,13.41530889,13.63335887,12.25689368,10.60200248,12.18502212,13.26204296,12.60764322,13.09384036,13.33737161,12.93342156,13.13085306,12.27326419,12.25313822,10.46490424,12.00537451,9.045151907,13.31638736,9.530858338,11.40962816,12.96053468,8.232421205,10.04785607,12.89639171,10.95396308,10.93218353,9.921551398,12.27778165,12.10860486,11.97367288,11.36906527,13.18896505,12.66381948,12.78142727,11.68201497,11.81215668,11.31038741,12.36602293,12.39877199,13.02688475,11.36165526,12.30721187,12.65623138,12.3185077,11.18366403,9.648372087,11.16031973,13.71656515,13.04032308
X217771_at,9.938704696,6.374728116,9.226756846,8.169182764,7.496745391,11.70295457,9.66129769,10.93322133,4.10801635,10.05433329,10.59920988,11.78481695,8.925814515,8.763439972,10.257966,9.666497896,11.11037342,10.95868057,8.908809246,10.60146737,9.870956438,8.560503167,10.29182167,12.47613278,9.96082546,11.80445181,11.33222515,10.08157281,10.5196436,11.43122373,12.65676495,10.41220708,11.08310443,9.154670847,11.64510183,9.952846857,11.45338774,10.89571491,9.747026899,11.37735971,11.15234724,10.76382549,11.19135954,10.74374007,10.27555157,10.95283703,11.54500037,8.656958694,10.25800186,11.81634455,9.873825881,12.00046276,10.9062585,11.78786012,10.69822462,9.985745343,9.204674675,12.43044656,10.42796998,9.855434012,9.828702232,12.52996977,9.500435698,12.46466673,10.89013127,11.07109683,10.12076392,10.37232897,10.73310424,9.943396523,11.03180473,10.53296031,10.78221723,10.45462705,10.35998712,8.861162637,10.50980763,10.86889165,11.08878275,10.96129808,12.10768403,9.812719119,11.15035344,10.67662972,11.04369979,10.06090444,10.33682065,11.35072921,11.63230479,12.00857701,11.18351182,11.34816991,10.37581764,10.43371103,10.79159182,9.06664166,11.95311277,10.35206847,10.76481102,11.46839069,9.866635481,9.905301866,11.17506391,5.771799787,11.89864173,11.67216564,10.58901492,11.76229565,9.156703006,10.19803084,12.96664234,10.7036707,11.05538283,10.6986876,9.762298704,11.28444794,9.848665624,11.21972878,9.246247506,10.05768626,9.809120782,11.0629791,11.1718436,10.39962778,10.29240167,11.54171345,10.06579686,10.3902612,10.44941063,11.31266717,10.53367497,11.84055293,8.578427705,10.78058071,11.61996355,11.57288326,10.01657481,11.69465577,9.771297689,11.50421767,8.490852782,10.09551006,11.66815631,12.85095079,10.70605788,11.58955197,11.61641105,10.60019782,10.38353037,11.40079098,8.100261165,10.9452119,10.90138631,8.577562905,10.79357095,9.845756905,12.20744489,11.06753611,11.99429794,11.08328952,10.57906545,10.54558619,10.48469252,11.22228964,10.07423321,9.136368712,10.57550303,10.38458307,9.879562703,11.24414621,10.24398669,10.01992437,8.460310114,12.58660297,10.97328894,10.24567338,8.865138164,10.06311145,9.227145385,11.57305453,10.61604389,11.51600397,10.51729699,8.532918198,10.17667627,11.29023596,8.476759324,10.70663098,10.29726451,10.67965465,10.30108655,10.34619806,10.29380776,10.12943788,8.701039434,10.94058595,10.03231415,10.72234314
X217815_at,10.65995928,10.54328003,10.26490703,10.343002,10.26508743,10.02876738,10.06721298,10.21881003,10.76298615,10.70093166,10.37810772,10.43559016,10.98219826,10.00790429,10.83022099,10.15331467,10.70693715,10.43857213,9.122372948,10.71028861,9.857497325,10.81791142,10.72267933,10.82450541,10.19816939,11.60462372,10.61329062,10.26274376,10.34606246,10.61452821,10.60465578,10.83664301,11.19945635,11.25395582,10.58164978,10.48277544,10.39720401,10.10270004,9.937163272,10.17100977,10.21462564,10.99366299,10.56627352,10.89861794,10.63722353,10.63396533,10.96718303,10.31144773,10.69133641,10.84713972,10.34153001,10.41000959,10.67042953,11.16130702,10.34967007,9.94792752,10.13001375,10.39119114,9.87185891,10.68513217,10.55967991,10.49470679,10.81378794,10.7376368,11.05819652,10.22088249,10.30868878,10.39069161,10.46476926,10.51393479,10.25108273,10.09389713,10.56952565,10.36289467,10.03396671,10.06883254,10.63818854,10.5111628,9.88220299,10.57489993,10.43206307,10.91750462,10.34093892,10.17926005,10.62803279,10.17372651,11.11399597,10.25145864,10.80906888,10.76172333,10.88336591,10.73641677,10.71775074,10.67637006,10.22587304,10.63816871,10.51473157,10.54840615,10.82139721,10.62642463,10.10485627,10.70276368,11.05462684,11.05810043,10.96418644,10.86121957,10.6479511,10.51382815,10.71278865,10.15783206,10.7635811,10.57787183,10.73829291,10.79596032,10.70245395,10.70423791,11.39250749,10.40868825,9.901774666,10.65657656,10.83925568,11.63708903,10.53093475,10.97834385,10.7956106,10.05127239,10.68942917,11.35784368,10.35867354,10.70095994,10.58243662,10.52501528,9.767579309,10.81662399,10.62046085,10.24752013,10.72238554,11.22550076,10.36568892,10.85785792,10.43788105,10.96560207,10.29848541,10.63122352,10.57528007,10.6423345,10.63888122,10.64135269,10.51867669,12.09062734,11.05018074,10.64198871,10.80926682,11.17345404,10.45590538,10.56182886,10.48800343,10.48792537,10.66727306,10.39751014,9.86056633,10.96670015,10.48399296,10.10844377,10.70137045,10.49173046,10.48572886,11.09327609,11.39404056,10.26304122,9.86277943,9.884337271,10.25879715,10.26659509,9.994698149,10.73186297,9.755083586,10.58966463,10.76227462,10.93592575,10.36790594,10.00111068,10.40978648,11.6256876,10.33642896,10.7957767,9.798835664,10.19304601,10.54093161,10.48043022,10.36501864,10.64848837,10.58801644,9.979740599,10.53817806,10.53449065,10.21241483,10.96368849
X218430_s_at,5.990596552,6.289187411,6.222329733,6.945983622,5.295721245,6.348791372,5.354849628,6.457547423,6.591255513,6.610707828,6.630729547,6.124459008,6.949978423,6.838781342,6.265860827,6.904942271,5.735916639,4.797319466,6.935107457,7.217221136,6.658892182,6.066669208,6.864796324,6.643168105,6.625947187,6.807696939,5.300435971,7.967086702,6.565274556,5.725817273,6.993309197,7.237332548,7.846002309,6.091618213,6.18368069,6.232100173,7.436268201,5.935971792,6.145208803,6.409870461,7.13195021,7.247169461,7.288662115,6.030427006,6.22912596,6.652831069,6.424781577,5.369014844,3.680983284,6.070038985,4.624341198,5.784191684,6.194844559,6.749238117,6.550710453,7.114841703,5.982775425,4.365784331,5.180502827,6.012131456,6.72076016,6.712852787,6.436571958,5.885210612,5.643334395,6.57963157,5.327469496,5.761361274,6.751016753,5.870797593,6.680575552,7.065777224,6.528937202,6.663926557,6.323917514,6.371445664,5.379243497,6.597352958,4.416043197,6.748297043,6.829314608,6.733611875,5.709584123,6.913648163,6.006150263,6.03509025,6.885000056,6.400335254,6.107485552,6.351396459,3.664971601,6.481862869,5.60992529,7.037637615,6.622400303,6.348773108,6.764574449,6.284838424,5.900028574,6.307252879,6.12554005,6.585815386,6.562543926,7.018708123,7.09134963,6.431807449,6.526448061,6.761788391,7.168553878,6.093205449,6.250969481,7.1963732,7.137334385,6.647195277,6.242907718,6.954088,6.638852791,7.292911946,7.158348514,6.294998248,5.608951749,6.981780131,7.501057539,7.076009916,6.588898348,6.030626004,6.286884057,6.618437982,5.845215881,7.208993763,6.472214472,6.180299098,6.648719189,6.69191048,6.847871328,6.660386465,7.181365593,7.290247139,5.820296023,6.292168724,6.883241928,6.820290787,6.993355529,6.925377727,7.11608368,7.522951528,6.741853761,6.383677709,7.461745043,6.865891047,5.702641395,7.00325793,6.94200804,6.613604695,6.870639536,7.317498013,7.117785754,6.400279955,5.942987182,6.598750137,7.33027111,6.35446871,6.977867071,7.287676925,7.141964666,3.452276966,7.040316703,6.727673744,5.166638423,6.964475999,6.718567529,6.060579984,5.6981649,5.261663622,6.787035105,6.127140235,6.80128988,7.308086597,6.421084747,7.317207055,7.232447934,6.739483366,6.96042598,6.757784517,6.040656474,6.342030795,6.623353696,6.967035559,6.987044573,7.006084433,6.712817077,6.821609034,7.138938317,5.975299581,5.740072403,6.704531534,5.550059283,6.759501006
X218478_s_at,9.994455594,10.16396446,8.873016314,10.18124883,9.728424743,9.752255538,9.864891638,10.29057046,10.24660236,9.687940292,9.447537091,9.504525019,8.975599091,8.705507267,9.258314144,9.220080156,9.02352125,9.610689223,8.677512637,9.873692901,10.2810312,10.45654388,10.21277631,9.925699639,10.05373837,9.317489075,9.705326243,9.279103847,9.744847477,9.864073514,9.385885601,9.382238468,10.05117061,9.207338338,10.19265519,9.864945314,9.972017565,9.123773098,10.15040383,9.616182144,9.876490416,11.03774584,9.918350613,9.523141663,9.973573469,10.23701583,9.934328497,9.970547245,8.699141551,9.607710266,9.276498564,10.30944265,8.898330971,9.839357675,9.427848666,9.903399174,9.517678127,9.203897064,9.113232822,9.364991436,10.2467608,10.05983599,10.33787702,8.926781685,10.370136,10.15919357,9.628230394,10.06587214,9.680849994,9.436236581,9.644850895,9.620459477,9.61530004,10.52436246,9.348764092,9.762709634,9.77511443,9.141261609,9.368934293,9.782377854,9.702476193,9.507063013,9.922234389,9.672687378,9.627644339,9.423489695,9.956086368,9.581597305,10.5410047,10.52564762,10.28284599,9.534046174,9.689619241,9.712336025,9.334395316,10.34541737,9.408236338,9.841957595,10.28045881,9.813103509,9.608819378,9.837312685,10.34050514,10.39697555,9.959253698,9.745635496,10.36085959,9.602477653,9.9415979,10.45576492,10.49887696,9.97328955,9.363870073,10.29601726,9.466774757,9.890207356,10.66170051,10.20081013,8.820510865,9.159949953,9.671701988,9.744296188,10.00061263,10.10830957,9.614684929,9.67574276,10.36593616,10.56329979,10.8366819,10.27862822,10.13874489,9.918340967,9.560687039,9.800568178,9.813469368,9.355268544,10.10080932,10.38847419,9.555545055,10.40581454,10.15270464,9.868050337,9.63135006,10.15738041,10.48337834,10.60964108,10.16644764,10.42394173,10.77137232,9.092802055,9.82864709,9.541518067,10.35603085,9.918053969,9.903783544,10.22318771,9.96387766,8.878223363,9.865037704,9.739976968,9.653513804,9.568507826,10.10040959,9.323075674,10.28241209,9.96484381,10.00880643,10.03282008,9.223301486,9.803815391,9.305564978,9.656145585,9.911802787,9.87546632,9.986228869,9.490195148,10.30116048,9.730921916,10.46891351,9.919843189,9.687351102,9.406400798,10.11174081,10.41057861,10.90474401,8.670548212,8.545482036,9.594555398,9.645378379,10.14106075,9.937743431,9.337641704,10.25207744,10.17415452,10.31139979,10.25269007,9.44350574,9.64467787
X218533_s_at,8.774758362,9.284399318,9.066064862,9.31250089,10.26712932,7.997859277,8.94227533,7.874240941,9.462382908,8.40803485,9.077974672,8.335843802,8.955485269,7.568662653,9.149930509,8.319535119,8.105870405,8.517899751,8.665747741,8.58398665,8.248874124,8.402714952,8.531711083,9.024714388,7.824446845,8.354558695,8.528647152,8.722445267,8.10460484,8.167299488,8.741326016,8.463892209,8.574051182,8.341893856,8.453749979,8.982585877,9.152524912,8.361922494,8.89977621,8.631384801,8.436059492,8.260966385,8.276914474,9.021503429,8.932168027,8.458503986,9.598019732,10.98440893,9.480066073,9.305397733,9.220263493,8.720761626,8.918161002,8.612973281,8.885281806,9.620448806,10.22355816,9.595482054,8.613982578,8.332700165,8.808140304,9.023903039,9.54649217,8.951180635,8.697815819,9.156741741,9.208082734,8.970891732,9.422651276,9.159532244,8.919280375,8.749246721,8.745124127,9.018163433,8.397525847,8.610112423,8.989428907,8.89042548,9.264772755,8.95310306,8.563738712,9.506879456,8.537884785,8.177773123,8.759196438,8.9324993,9.49988172,8.971980116,9.632874096,9.201768373,8.991454464,9.678532908,8.221235715,9.495352514,8.959230742,8.777465091,9.403820298,8.787280802,9.619300928,9.443072586,10.38146088,9.06039068,9.745050376,9.842191794,9.065644917,9.449809896,9.639225482,9.829423855,9.211916466,8.903668047,8.859276527,9.050697314,9.137634002,8.538978036,8.799515411,8.982602394,8.572369276,8.444582811,8.946448488,8.727235067,8.636785352,8.19428774,8.040374814,9.288015792,8.756620039,8.381125442,9.116658766,9.114497977,8.045528833,8.769871385,9.242881151,9.337641422,7.371149391,9.125878073,8.495369998,8.529637101,6.905892253,8.29944183,8.393313922,8.213302491,10.36704858,8.762929115,9.097387058,8.590660636,8.895165734,8.233260652,9.096495055,7.853074635,8.816242698,8.209260781,9.326991747,8.352862716,8.762203821,9.192646632,8.867408086,8.530650021,7.785045212,9.111060367,8.607611399,9.006779444,9.345399283,8.99601649,9.263654167,9.486206831,9.240859615,11.70929316,8.909503313,9.586055431,9.134840876,8.931386919,9.051578236,9.792202198,8.664044646,8.304680378,9.212075225,9.423113049,9.896165418,9.53787225,8.799666734,9.052708499,8.944634123,9.775858237,9.079869072,9.299309497,8.656870136,8.943919956,8.549027232,8.952582936,10.30820683,8.646903885,8.791295163,8.849368099,8.500895082,8.833268733,9.511460026,8.474993959,9.117699811,9.006915297
X218782_s_at,9.012148863,10.63115286,8.779378251,8.34057411,7.367397324,6.976865012,10.04533288,8.637612355,8.250286046,7.963785706,9.983147305,8.316287091,10.09813102,8.479801339,10.32808693,8.040643155,8.198298183,8.599228457,8.387897855,10.03852386,7.525569264,9.908851322,8.834498084,8.824638351,9.088578967,7.952588608,6.307773884,5.789652579,9.057297307,8.185103157,7.69854842,10.74761877,9.084642566,6.000860865,8.523645289,9.647445873,8.339092086,6.376796374,8.717039689,6.627204652,9.386982399,10.43991462,9.412753837,6.103890875,8.918544448,7.832157388,7.89365687,8.116637037,6.257443247,7.494654754,9.695141714,9.378394428,9.707950046,6.423154929,8.49144344,7.105990206,6.961393716,9.63205,8.754502611,9.473293327,8.752768049,9.098805824,8.38265407,5.206506279,8.168890577,7.608917071,5.812616147,6.710940364,7.294720046,8.636880493,7.778060968,8.226241668,8.654812407,9.167981462,8.34985532,8.785864747,8.076424071,5.805469736,7.812331544,8.489732393,8.434171895,10.01558448,7.329477043,9.586727788,7.166461056,8.39927808,9.777670182,7.668282207,9.180738009,8.842416726,10.15741665,10.41509061,10.86192814,10.02006361,9.067318451,10.49412887,8.365783489,8.480108597,8.272955881,7.831079331,9.543005462,9.74817664,7.972532405,8.248538044,9.470374575,8.51532116,6.379637905,8.235362191,7.607454035,8.467505057,8.13940381,7.17039008,8.113341979,9.578140665,8.608308332,8.646555705,9.928778219,8.50831768,8.782218085,7.44198807,10.25532789,9.826893959,7.748765688,9.919590067,8.122239758,7.025563953,7.610151464,9.830838818,9.334627984,10.00752267,5.881723081,7.168617678,11.12833614,9.412725402,7.659933679,8.195690349,10.73764772,8.30389961,8.477173726,6.695026266,9.893218785,10.64054247,8.539865174,9.668432993,7.186334723,8.560519095,9.836441663,6.200732114,7.382298544,11.24382515,8.544619115,8.263444194,8.462257632,8.755216803,7.000823307,9.064590263,7.159724815,8.620659357,5.68265264,10.06745261,6.992337713,8.348869437,7.994847081,8.308641574,9.572616249,9.356783209,8.253643366,8.143772008,6.728792521,7.779432026,8.862659013,9.121025348,8.852642459,9.857660397,9.02995108,9.506398724,7.721826487,7.648454763,8.791435214,9.444778434,9.258320324,8.809073483,8.405631151,9.563134763,10.48722028,8.261322609,9.08469051,9.002942255,8.221622768,9.10819555,9.033419957,7.590414331,8.203630831,8.720698324,10.78598074,9.123865077,9.634984324,8.604871207
X218883_s_at,11.0985667,10.42438742,10.24078678,9.458572379,8.993180781,9.046533288,9.33708071,10.0769892,8.683363548,11.02785532,9.251342719,10.06890729,9.208476435,9.870161334,11.22598111,9.680697252,10.45312321,10.57471762,9.057638532,9.224985485,9.541539604,10.77340461,9.563654571,9.492453558,11.52903156,8.587611532,8.556435694,8.284073874,10.03229549,9.240813352,8.842810763,11.41683608,10.2418536,9.649655561,8.471360509,10.68741315,9.498457299,8.239491691,9.897252388,9.516185302,10.6364335,10.99561455,10.65972999,8.060807481,9.94877097,8.547325336,8.96345619,8.734055128,9.638517077,10.32669779,11.00623228,8.365633325,11.52910331,7.843257437,10.42012944,9.733793295,9.153318565,10.34528944,10.70849504,11.10888857,10.46462627,11.09124764,9.938500433,9.068252311,10.76656107,8.186575976,8.450638258,10.04382387,9.151795633,10.57027567,9.786334569,10.28892606,10.24316337,9.905391162,10.0691842,10.98047911,9.112622361,7.973572233,11.90532176,9.22742359,9.090652748,11.14927454,8.707987628,10.36627815,9.784656837,8.703741885,11.45824915,9.187284158,11.3511106,10.59915866,9.522780854,9.756859094,10.08285432,9.993467448,10.89542204,10.58436131,11.19966228,10.56534222,9.305546543,9.29854957,10.06951977,11.02183651,9.516880437,9.586473311,11.40748636,9.491077519,8.246999464,10.46408514,9.739932751,9.999767593,10.14691031,8.029868006,9.491971581,9.969311569,9.244956328,9.620275269,11.09465096,9.346476552,10.70244566,10.45048696,11.09846489,10.76484738,8.873183954,10.28049806,11.71412998,10.67342904,9.322897151,10.35575153,10.28416239,10.40998202,8.676373251,8.367835082,11.90319818,10.8696985,10.05078867,10.43285213,10.29174855,8.940502054,10.7081238,8.533378731,10.55870762,10.37476456,9.196171753,11.0012811,8.743493276,9.94084619,9.77972952,8.582200282,8.995222183,11.61087875,10.70691464,10.10773105,9.577692317,10.5706759,8.801497371,8.652918976,9.939089893,9.935914629,9.385544217,8.856891014,9.601048537,9.035796557,8.465485882,9.578764694,10.38213197,11.35293105,9.386878076,10.72227721,9.78176855,8.855011796,10.61241589,10.96847443,10.65737418,10.44780292,10.21827581,11.97409546,9.494014128,8.91288247,11.65748947,10.6607976,10.35513918,10.10731572,9.582559692,10.80808694,10.59384792,8.9888267,9.374659866,9.952580438,10.76825644,10.22151714,10.51531937,9.853427144,8.657579879,10.21398561,10.99529119,9.906806476,8.428090347,8.274901512
X218914_at,8.416346109,8.630697233,8.566815771,8.732912238,9.049304789,9.106106589,8.756434619,8.200011453,9.50829314,8.297081015,8.946324018,8.766971104,8.664928274,8.51287482,8.248114638,9.478752388,8.251244702,8.643944403,8.70736627,8.652621559,8.768118129,8.498093118,9.42621057,8.854271853,8.942483448,9.977341489,9.169839843,8.924488623,7.988201279,8.302370371,8.854902815,8.205015554,9.494483874,8.719289313,8.983165318,8.573223761,9.0959353,9.938946317,8.114834227,8.419751289,8.710824325,9.145654703,8.847915466,8.905305286,8.146754444,9.202525902,9.084513471,8.669294572,8.792492891,8.87507694,8.690301745,8.722752795,7.507235186,9.271101278,8.616923762,9.080410779,8.172630935,7.697201295,9.064032589,8.313722105,9.363733021,7.571707008,8.732332472,8.495983152,8.515960718,9.108632965,9.267767793,8.087453347,9.808890296,9.063873472,8.857684244,8.330772573,8.988208752,8.142354161,8.667504359,9.176831843,8.381975294,9.450847959,8.931914548,9.127397596,9.134114859,7.978709313,9.352691985,8.171252448,8.682793353,8.800198974,8.469649132,8.84115879,8.372799889,8.589979838,8.845940705,8.836385011,8.648133165,9.028957651,7.910480198,7.776689475,8.686693438,9.178985909,8.793143452,9.09816841,8.319165827,8.216206567,9.133654536,8.798587964,8.566555019,9.467730601,8.540164106,9.019930434,7.796309514,8.479907569,9.114602008,8.83342425,8.621817203,8.48685829,9.23066038,8.395195438,8.065562449,8.022029732,8.456843313,8.233055835,8.418195442,7.606697917,8.172149871,9.116386313,8.130920755,7.859757747,8.835505099,9.224431949,9.33047873,8.300621818,8.47913324,8.222274566,7.970077482,8.928061077,8.951233946,9.207311866,7.666578038,8.849311032,8.297650882,8.299713898,8.623250599,8.272027682,8.349606434,8.605287774,7.998280499,8.893024056,8.62400946,8.534410176,9.574136744,7.817661787,8.474804189,8.67757006,8.319802464,9.598019459,9.031458554,8.648968148,7.811930589,9.077213031,9.006294592,8.723555847,8.609680894,8.563582816,9.503256185,8.806112878,8.937956928,8.354161422,8.705881665,8.77632753,8.804504459,8.834077609,8.066101109,7.837733422,9.8772058,9.550910367,8.874576242,8.812400887,9.075263827,8.857889737,7.91069173,8.988677831,8.558004701,9.137742164,9.340202509,8.802434673,8.452963133,9.480923983,9.053482545,8.611758525,7.932209168,9.297142343,8.771029373,8.668811811,8.569303372,9.078515071,8.50922735,8.558790792,8.425977023,8.49796716
X219340_s_at,7.014109506,7.326724181,6.974651004,7.703682978,6.581141297,7.767826605,7.612654817,7.782894674,7.960701843,6.789159263,7.450235036,7.42984325,6.887116334,7.245206509,7.409932238,4.155283769,6.605206763,7.302276069,6.92153969,7.362622541,6.524441518,6.488371536,7.317419605,7.109633597,6.238063652,7.955104552,5.437045583,3.986642727,7.466626134,6.377016667,7.62809358,6.367666895,7.801775352,7.737223173,8.281881216,6.865531439,7.199757983,7.189168597,6.753859823,6.952171682,5.623250455,5.591888629,7.74961709,7.665011993,7.730192888,7.997205782,4.169254609,4.626392072,7.271035205,7.298173777,7.000456329,6.687795844,5.066151721,6.897244411,7.117519326,7.768512346,6.914439295,5.953042225,7.498865839,6.306593407,6.809774113,7.627232039,6.278035499,7.45736196,7.222108041,7.461705259,6.754683619,7.771536326,7.419466842,6.727822193,7.999928368,7.378675343,7.037865694,4.842544474,7.803468636,6.385903899,7.178127366,7.993119553,6.577001222,7.432327034,5.695991545,6.976441319,7.84878396,6.908822072,7.675147551,6.513745952,6.419293405,7.457096341,8.137591342,6.45219023,7.134615416,6.392860617,6.959378075,6.653053046,6.923969751,6.080698327,7.853700712,6.533970931,6.92033247,6.595019745,7.316676037,6.536465381,7.184016236,7.164466555,6.629618764,4.132346264,7.082826899,5.625167975,5.553906185,7.165957785,5.66683396,6.718637646,6.423204544,6.923535714,7.108997526,6.746268036,6.517349615,6.88553913,7.570950664,7.551763552,7.087985501,5.924436257,6.953909807,7.541684298,6.044401913,7.371276244,5.622014698,7.196896592,7.076873336,7.02967967,7.782774651,7.404941195,6.536198629,7.627431343,6.059939825,5.16961225,7.078945139,7.144288938,6.576617416,3.618960966,7.001890416,6.010621661,7.639333128,6.768569414,7.207854011,7.241874364,6.513354488,6.944884349,7.369035359,4.15775829,7.156546067,6.310448807,7.440966909,6.986694749,6.732038928,7.033254893,6.040228698,5.417988495,7.445096161,7.331586462,6.659194534,8.031360393,7.082971662,6.301277691,6.817907417,4.167778446,4.544052255,6.228470589,7.321904745,6.973133543,7.274644778,7.070280711,7.089486414,6.913968125,6.762365217,7.548476289,7.174693764,7.15631965,6.467639503,6.245601375,6.78810849,7.639125678,7.465619537,6.108943931,7.609790924,7.219923998,7.524338719,7.800712881,7.869674628,6.103961311,8.153040012,6.875036076,6.947149283,6.954604397,4.108023496,5.66781908,7.466354838,6.429857592
X219510_at,7.402888854,8.035647049,4.379370545,6.148008275,7.004162643,5.75831534,6.583834779,5.334919965,4.450694119,6.301671991,6.749418394,4.909705837,6.441263482,6.757179526,4.642509487,6.423430467,6.59771859,6.801439699,4.465973025,5.883295765,7.218575754,8.191953833,7.337634946,7.824500129,7.025673167,4.759009007,6.173299043,5.898788322,6.681182032,6.492360422,6.052776906,7.887783271,7.330497438,6.433429274,7.161668465,7.922196006,7.819562782,6.530134331,4.839032019,6.642097782,8.274985277,6.416024369,7.13874522,6.381359182,7.969957929,6.092512171,6.935006905,2.911565969,7.354997492,7.573012351,7.480211127,4.321476086,7.857975443,4.232567889,7.04763676,6.510073553,6.422636525,6.895566024,4.205648262,7.962673937,7.059775565,7.820432155,7.459605573,7.114249927,7.048352712,4.887913035,5.747912282,4.806179111,7.52956032,7.156216006,7.399403002,8.053783601,7.238572099,7.532869288,7.664554785,7.920474746,3.427047224,6.813454352,6.916812245,6.945167689,5.16698899,7.304328213,6.612901628,6.46059122,7.244683354,7.599862391,7.768745331,7.190837218,6.872234206,7.52252589,8.516778603,5.945680386,7.979572862,8.888669382,8.288513074,8.145043055,7.601009334,7.552814972,8.271850549,6.360466986,7.317084172,7.212773258,5.552200617,7.667455345,8.135782212,7.630483959,7.196288639,7.741755277,7.545255243,7.818180947,6.89579397,3.94403043,4.142862328,7.06372659,6.686789255,7.115688249,6.566152065,6.535010234,7.138175443,7.054843432,7.588088038,7.091646109,7.240943458,7.370574358,7.472617355,7.628284886,7.931306686,7.662896398,8.109422376,6.97226105,7.337363455,6.977553528,7.201637739,7.879044221,6.709154583,7.389759058,8.285373841,5.624724417,8.2909381,5.031912353,6.918046458,7.455085104,4.213707763,7.543954218,6.355243524,5.985389408,6.605891168,6.717697644,5.212950553,7.8539615,7.038992198,7.216883825,7.055360042,8.347886512,7.329668718,7.754124566,5.932915173,7.142181105,5.198715753,4.989600707,6.771688684,6.438351976,7.163872375,6.186989234,6.878358978,7.275959778,6.346595705,7.820466775,6.05705077,5.566898459,7.528525477,6.647205103,4.203644551,6.960110623,4.562392945,6.464209777,4.469135601,6.141600086,7.853541009,8.013288515,6.658258717,7.374801789,7.206839713,7.020240664,7.22457702,7.207576494,7.584605528,7.01361817,7.330753529,7.610769225,4.008031898,6.768340783,6.544160725,3.839701997,7.395339153,8.102020705,6.58335396,5.382436881
X219588_s_at,7.810886395,8.95771426,8.114802416,8.102812024,8.232182838,7.493540118,8.898572522,7.795861129,8.496961489,8.223054959,8.362634959,7.494449643,8.02586076,7.819798542,7.618865605,8.148601334,8.414393019,8.688047964,7.474039432,7.829591103,7.269338913,10.00782775,7.770234973,8.992004528,8.018269495,7.81020544,7.512508417,7.518425683,8.014194582,7.686991371,7.894890036,8.158886122,7.894278509,7.614914129,6.934466028,8.30877122,8.165989839,8.129205674,7.959411304,8.035323204,9.539556428,8.977741445,7.3070997,7.683161459,8.595669663,7.988596283,7.888029119,7.922152563,8.157467105,9.193766434,9.11043396,7.581295167,9.06301291,7.85123586,8.600660281,7.248405791,8.05118821,6.976980025,8.143801983,8.423919412,8.880517886,8.724219438,8.232154232,7.419794875,8.764479977,8.063235356,8.273130748,8.562323675,8.026001342,9.32680577,8.115116891,8.419539466,8.023206756,8.36685287,8.683255858,8.012957757,7.587198045,8.312299022,8.559927554,6.964263669,7.500424435,9.317716097,7.741195661,8.565356456,7.244537262,9.47063576,9.100290689,8.412605378,8.799352051,8.660626456,8.992057704,8.407245193,8.261778092,9.261249851,9.387354178,8.083140001,9.129319661,8.574493582,9.305989875,8.413380586,8.245943302,8.497272535,8.606082116,8.737468464,8.030995604,8.322668566,7.915689938,8.468264569,8.637426723,7.310276048,8.273537575,7.158919734,7.479432043,8.301582447,8.207557949,8.657727684,9.484604714,8.597401409,8.827473871,8.99412479,9.029645773,8.844590541,7.650320306,8.781818236,8.742985897,8.710183923,7.980375507,8.846322271,10.03430869,8.520859365,7.690176936,8.090598333,9.586737641,8.680026906,8.086365992,8.580443204,9.023384326,8.560858235,9.100903351,8.177514725,9.229142574,7.748556137,8.403558607,9.223626824,8.331660647,8.620198936,7.719509488,8.209752918,6.89870773,10.72297165,9.374270327,8.245875162,7.838190507,8.692801345,7.754966681,7.603949205,8.783834256,8.538237759,7.196674968,7.977470372,7.961090778,8.871469943,8.411105459,8.669440233,8.825518143,9.292374652,8.177664115,9.077173458,8.97651831,7.911301326,8.355654781,8.43454548,8.266383415,9.04023807,8.765457513,8.658733673,8.373206625,8.634437611,8.858992544,9.126106861,8.644382896,7.51054188,8.092887095,9.235724722,8.214753216,7.972698745,7.875091847,8.725287346,8.500500939,8.619372736,8.214866182,8.534419306,8.143008849,7.98501813,9.138925921,8.148833122,7.351998996,8.919765887
X219724_s_at,5.345866325,6.137391106,5.305804835,6.743547184,6.919652528,6.739764818,6.584334184,7.019512743,6.89588038,7.073849634,6.377295261,6.853509472,6.222985127,6.875910793,5.771378844,7.011184189,5.354358658,6.060228492,6.588605251,6.549300141,6.97046184,6.596289125,6.488044262,5.740802793,6.245468885,7.322754232,6.466787577,6.972020213,5.814384185,5.485996366,6.834669667,7.225153922,5.885416441,5.891461205,5.863738671,5.894279994,6.421077176,6.787682079,6.916214803,6.318810138,6.47183821,6.383946389,6.415655009,4.990496405,6.332879286,6.479120559,6.188536582,6.450675858,5.421064566,3.715807732,6.390845832,5.951011775,6.501487287,6.178236489,7.079096264,5.82675479,4.332448204,7.501391123,6.087561756,6.606526044,5.897418049,6.495857199,5.649647144,7.111469685,7.366930247,6.319756358,6.886753254,7.178469793,7.137446124,7.042305261,6.916277368,6.353151854,7.186091861,5.890149778,7.459954348,6.536136178,6.299835839,7.182583097,5.769201481,6.71926035,7.044907658,5.789789107,6.358534357,6.658848707,5.914947892,6.479364346,7.071439602,6.267610884,6.341521954,5.964392038,6.138351934,6.506693315,7.184888961,6.800733303,5.805608258,6.874933562,6.335888686,7.200398453,6.706795664,6.330109949,6.439123048,6.124969061,7.675552234,8.111230549,4.792764474,5.895036013,5.870204384,6.105900644,6.365267182,7.005150735,6.752770651,5.988209739,6.768230367,3.442418236,5.821912576,5.89610049,6.627140397,5.660103318,7.442362175,5.792608738,5.417294454,5.929629088,7.374457966,6.018824824,6.345166961,5.939864404,6.553645454,6.874758184,6.450462325,4.719468875,6.365083839,7.025803005,5.582207794,6.89087994,6.304091062,6.826362134,6.524447324,6.925113949,6.95767941,5.826635646,3.577149572,7.295364112,7.453674774,6.225987859,4.173963898,4.923739217,7.238360242,2.895026274,7.412684628,6.814923311,6.867557836,6.415224726,6.478770161,6.566224047,5.109546937,6.131442508,5.399191493,6.254066095,6.504475151,6.876685823,6.757213156,5.761166047,5.898278173,7.382381982,6.179544437,5.971071726,6.120952363,6.715168136,3.891285487,6.410115705,5.071229195,6.742650614,5.791539459,6.657107405,7.059378868,4.62298444,4.339973231,6.558452124,6.557341663,3.855445862,7.002305715,6.837260001,7.045857715,6.571314785,6.462051782,6.578115248,6.705944277,5.106063939,4.326773413,6.706509764,6.945360826,7.311874595,6.199749782,6.038419186,5.615927703,6.733246066,7.065220189,5.685713221
X220886_at,7.164899736,5.948319823,6.469413305,7.32672983,6.559146683,5.6771663,6.116741221,7.175630454,5.953778854,7.025590633,7.021326948,6.79939205,7.254809723,6.857455063,5.627013982,6.428083196,6.885344331,6.102974828,5.181243106,6.130069442,7.027916345,6.913644953,6.852182664,7.15043737,5.105354248,7.318579329,7.562960242,4.978860169,6.335673688,7.061779844,3.184050473,7.009297727,5.848735081,4.919722058,7.357191503,7.427915692,6.715776807,5.021892851,6.721526293,6.717570031,6.0241026,6.063159621,5.611497053,6.058402157,5.554204106,6.477290934,7.147869823,7.395912663,6.301926784,3.997327855,6.635196165,5.333617202,6.670787897,7.203549342,6.025167185,5.957809585,7.298478276,6.87798432,6.92444813,6.599263634,6.325157671,6.016730079,3.604969115,6.278601196,6.033657089,4.646741383,4.524040094,4.928606776,7.473759268,6.749395513,6.605752362,7.024537213,5.859427249,6.681442785,6.135289579,4.759946836,4.411609413,7.390731784,4.243926747,6.556670849,7.361480021,3.933382035,7.316623896,4.569566281,5.953005541,5.201242654,5.460253926,7.358815306,6.041814078,5.907633475,6.565617242,5.959084423,6.202282251,4.147808953,5.732244793,7.004789362,7.951163529,6.277602597,6.391738406,5.877471857,6.705531034,6.009790231,7.032115642,5.663096325,6.758252551,7.719958906,6.140291096,5.955828358,7.184708749,6.567390257,7.580472355,5.275004877,6.042592277,7.301684924,7.676440199,5.990208415,5.668340238,7.067096883,5.622405378,6.023157206,5.901132219,6.758496846,6.884297062,5.67254295,6.468331863,5.367092736,5.131300086,7.032156149,6.916621262,6.116619665,5.616802413,6.782122958,6.636684858,5.652093805,5.7046195,6.49572275,6.383673153,5.34362854,6.618332058,5.565292915,4.042081892,6.899205146,5.962405789,6.418925813,6.955825368,6.303452833,6.408162579,6.445701515,6.532971668,5.174906751,6.362697576,7.385806624,6.834099772,6.558418767,6.555566202,6.115843044,7.378493058,4.898397207,7.759868826,7.040908895,6.637707366,7.192848787,5.295008216,7.018211616,7.419631239,6.859645887,6.886040641,7.583026439,6.854634282,5.827571962,6.554804472,7.246403145,7.001561288,6.267485727,5.398927516,6.190016581,6.637511036,6.719869625,5.978135858,6.854452106,6.357294541,4.048629507,6.870625687,5.81191716,5.919254472,6.62113683,6.829764138,5.89304566,5.676242802,4.923572956,6.492627347,3.952957151,5.262381357,5.498752125,6.284326742,6.663579423,5.465691533,5.465251871
X221028_s_at,7.129340464,7.189642444,7.222765464,6.584747789,8.052989964,7.316033742,7.32818444,7.027028357,6.477963676,6.166272348,6.793478226,7.240555745,6.841057271,7.352345813,7.21366075,8.317274172,7.369132918,7.733523841,6.902341388,6.80078782,8.088637594,7.61961349,6.756889302,6.485097398,7.043267468,7.330546978,6.775331389,8.055957671,7.509086608,6.408140667,7.021478688,7.061773136,7.190878121,6.667484296,6.505816344,6.480467668,7.515205884,7.728250308,7.618284896,7.103108513,6.977383722,6.887391665,7.703952603,6.6945178,7.342669922,7.664519081,7.432938284,7.556858831,7.937413101,6.187332398,7.585093784,6.572185856,7.419121583,7.679622705,7.810232598,5.548148929,8.004035298,7.729124641,7.28564623,7.092581616,7.443603137,7.18594664,7.622611758,8.018076497,7.02354464,6.580040158,7.722661921,7.26657553,7.279984828,8.043289476,6.958207178,7.418496692,6.381576852,7.483498765,6.613115528,7.480631543,7.079195411,7.907812881,7.173114224,7.666777027,6.807145798,8.238671488,7.883931248,7.225839353,7.508423932,8.384154412,7.952954969,7.864692243,6.99076288,6.822311812,7.679459519,6.579899644,7.339693162,7.661489494,7.625390742,7.193842268,6.950200115,6.924988807,6.678096573,7.224031033,7.201743098,6.369793444,6.798733447,7.831292646,7.199866065,7.625937543,7.067974711,7.492083879,7.694849191,7.971258995,6.571058344,6.252916415,7.05718735,6.943054037,7.550641124,7.611267754,7.518841545,6.434389933,7.709911247,7.390828436,7.083055759,7.658806858,7.08582966,7.358433097,7.119412999,7.888102923,7.628894364,7.277074852,6.494246356,6.624984102,6.176665038,7.032494079,6.936326659,6.081727922,5.488629149,7.575138732,4.493046233,6.775317881,7.049915651,7.188230755,6.598075384,7.649348604,6.899619948,7.816788793,7.160550462,7.212950426,7.549454607,6.914460848,7.323751436,7.242356037,7.800948694,7.517574022,6.947451507,7.320305153,7.471742133,7.413376259,6.767704706,7.178762081,7.773322472,7.651892647,7.73744954,6.92035615,7.64020441,7.975673571,7.36536594,7.563397856,7.952769528,8.072762561,7.274615287,7.424015909,7.350887944,7.618834475,7.470093013,7.790795878,7.520911011,7.89340555,7.357973853,7.883392883,7.161017222,7.362798886,7.614615599,7.728584728,6.19858485,8.074158686,7.244372598,6.700720984,7.815436526,7.096838146,7.685033136,7.36554671,6.217067171,7.505555132,7.428147959,8.055944952,8.391159262,7.02963074,7.570143197,7.578045411
X221241_s_at,5.64957334,7.59978803,4.987613107,7.20505078,6.973316217,7.17401111,7.951830759,5.146247406,5.084556753,7.311746155,5.867120548,4.37455825,4.829006781,7.830305802,7.33767348,3.96944863,7.194265869,7.476648382,8.214943764,7.398781819,7.114182807,7.874407396,8.115304509,5.866775089,8.044405225,5.329611971,5.626987913,7.972805594,8.051393606,7.569813037,7.380616593,6.19304261,7.634241588,7.280361068,7.769680006,7.484295062,7.533810079,7.379473852,9.335123928,6.811267576,6.587817572,7.021918989,4.689752449,7.160130781,7.186808682,7.239829364,6.388113706,6.030348858,7.638819233,6.297073911,6.922022867,7.120295076,8.625108058,7.266505789,6.980873103,7.57332342,4.617266504,7.49287172,8.809280027,6.010006713,4.385616358,6.113420194,6.919858353,6.603410525,5.990533882,6.156014625,7.273899384,3.419036703,6.904772058,7.811445623,7.857607252,7.924651996,6.699271595,7.280993048,6.321072684,7.129270129,7.409552146,4.746551453,9.180691062,7.380369842,5.277816673,7.85963362,7.711656085,7.56932353,7.612120438,7.718695996,8.025110911,6.570355483,6.322190646,6.996651574,9.330322531,6.389545327,6.623424097,8.326511708,8.693177651,7.525692153,7.392405354,7.813703696,6.912662144,7.051993834,7.340747056,6.800850406,7.547849565,8.578255999,6.134390611,4.81112161,7.736641256,7.397843855,4.700310842,7.298526735,6.52353092,6.731539376,3.975100903,6.776559098,9.375896012,6.849703282,7.943176647,7.984912567,8.890477699,6.34423216,5.592422844,5.22833535,6.991222089,4.817201154,6.218149767,6.608636496,9.622886345,9.324247136,7.047769347,7.144082783,6.036370076,8.433764712,7.250658621,4.321256017,7.487821333,6.85302264,9.360823614,7.746159265,9.418794285,7.638456853,5.561381188,4.105809544,5.906095329,6.579036593,4.36362469,6.615151692,7.16383689,6.307672908,8.092907029,9.15689624,6.542587732,7.480645003,7.682570588,6.780785298,7.722482797,7.404552306,7.106507314,7.655324782,4.06868072,5.601847048,6.934839887,4.439939917,7.185291771,4.667745504,5.296627759,6.276534722,7.131053006,7.293357178,7.12674363,7.821627316,7.487523698,7.17331763,7.84300942,6.975475477,7.238588757,4.661348165,6.304596628,5.968289059,6.87108537,4.368725787,7.5508191,6.739084767,5.012627194,7.068718324,5.937883905,5.605863337,7.175144198,6.891489773,6.567108271,6.804985155,8.242776963,6.975169494,7.351745544,8.542533233,6.457198571,7.138854825,8.603732555,6.446786544
X221344_at,6.313080767,5.126765226,6.936022378,6.787296771,7.31228706,5.794895992,6.877183309,6.89666623,5.509438811,5.314371887,6.104795658,6.344006632,6.733830025,7.184196536,6.572916796,4.533108415,6.591673619,6.416817512,6.809526355,6.185622019,7.276221088,7.186177309,7.099839447,7.221381413,7.148298634,6.30015386,6.333045853,7.742281415,6.059054481,6.10448344,6.358732779,7.227966386,7.475283343,6.508779507,7.057347991,6.044126457,6.849498254,6.882811695,7.348174316,4.878345063,6.627309934,6.402357631,7.01036813,6.416273001,6.198730059,6.976410316,6.814939977,6.299819353,6.85612979,6.114838745,6.949678144,5.741849731,6.162969807,6.436133909,6.127214073,6.728288196,6.346743279,7.650873069,6.844720243,6.874828634,6.217196496,5.114755681,6.914382749,6.680837223,5.817646557,5.677293732,6.551484796,6.895597629,7.258844628,6.649203766,7.39399174,6.553582979,7.304935054,7.112409814,6.728022987,6.599142675,6.805188334,7.192885766,6.664262062,6.693427983,7.264131202,6.739105571,5.680750437,6.601903486,6.563909856,5.871170009,6.853993057,7.52631766,5.303710432,6.393242762,6.665254907,6.798153363,6.304405955,7.627254341,3.650356578,7.176865113,7.119670986,7.210781054,6.565893426,6.512923781,7.310062324,5.56274498,7.679936345,7.04569934,6.648280721,7.575128924,6.981308907,6.829903678,6.370096128,7.144216127,6.818415884,6.175033276,6.183772599,6.496337079,7.440386256,7.054971327,7.416293294,7.101217384,6.823604934,6.882594567,6.368607797,5.689625033,6.411922289,4.705262757,6.226020687,7.418899252,6.10015777,7.198198236,6.528438786,6.557322902,6.850649642,4.811009852,5.656122573,6.4397914,6.554938803,7.386543713,6.375045278,5.685412593,6.362880851,6.917087675,6.667632079,6.93532629,5.949626623,6.216967885,6.645515964,5.977615251,7.184488375,6.33408831,7.476505626,5.563874813,6.335092839,6.148826452,6.773179474,6.945349826,6.401320346,6.527019578,6.501557462,7.603598245,6.065572646,7.084844656,6.766780445,6.389332355,7.33566491,7.204217761,6.822594721,6.467522123,7.009152707,6.734759707,6.550843039,6.614067106,5.896364764,6.461598816,6.782976283,6.460282995,4.130357085,7.073052497,6.936379787,6.989006086,5.755293764,6.328207037,6.402887727,5.927885706,7.083511336,6.954971893,6.288036351,6.626038293,4.251226448,7.265053136,6.886345575,5.392731363,6.550493614,4.972091573,6.620703111,6.354728367,6.48125656,6.750250946,7.13417672,6.23656495
X221634_at,7.842097303,8.780328475,7.855648764,6.678375459,7.358555884,7.425575901,8.655714818,7.779293473,7.869446747,7.362489778,6.700431076,7.896921984,7.786310682,7.230238072,8.147366853,6.95897901,7.557573879,8.226615422,7.61336129,7.30523964,8.007123147,8.162573091,5.175377134,7.017101438,7.807072428,7.353568125,7.275861276,6.849858535,8.322418175,7.791834284,6.972403337,7.672589801,7.964215044,7.434387914,6.683889495,6.598578402,7.017886314,7.406523955,7.001137927,7.468959341,8.010385242,7.121819534,6.775965094,6.575689308,7.311979255,6.30939477,6.786817795,6.325045368,7.380198419,6.966565774,8.665096342,7.836524225,8.323703587,7.012388853,7.201557389,8.320928116,8.302128043,8.165373468,8.675366227,7.406248196,8.139743708,6.861730943,7.888223839,8.246429176,7.250492885,9.26361613,7.951102094,8.883789181,7.961939995,7.131927165,7.736268817,8.66456523,8.192312153,7.003979278,7.041257031,7.815598679,7.776766917,8.501981437,8.486686823,7.320774886,6.780127366,7.418185052,8.335464846,8.123279697,7.875227114,7.527521219,7.655455624,8.109389827,7.005182497,7.499903797,7.167915302,7.36390869,7.071007719,3.905766148,7.621645687,7.828004804,8.00960382,6.986846885,7.286310067,7.006477317,7.013178069,7.157274578,6.888218638,7.093464247,6.527903363,8.229384678,7.084854244,6.151629702,7.700980799,7.213503033,6.705146223,7.115026875,7.627615822,7.235562859,8.265920983,7.052130957,7.210921512,7.415356657,7.252422742,6.498941469,7.042956265,7.203704135,7.098237292,7.127617467,7.742810587,6.328972682,7.797352659,6.817950227,7.840027842,7.770536441,6.865428609,6.751167426,6.553454828,6.735513698,6.752343754,6.682578188,7.275531222,6.341429588,5.822032468,7.830945051,6.827683233,7.568185403,6.850933635,7.476631503,7.754876449,6.80233114,8.482706085,7.664500605,8.11736061,7.631102817,7.669591362,7.303985638,6.297426097,7.375400235,6.496044743,7.266072964,7.118425109,8.217072596,6.750562774,7.253109495,6.65093398,7.430170634,8.35337639,9.172567332,7.049988796,6.956410987,7.480140574,6.937447187,7.5413043,7.532507733,9.740691683,7.042950651,8.258319696,7.500884104,7.653541674,7.916848795,7.545558953,8.485516658,8.055066479,7.485206884,7.452531122,8.201552309,8.524272668,6.265715111,7.427483411,7.564000023,7.742210318,7.888308217,7.361782674,7.647030151,7.951593203,8.017058716,8.142453976,9.240357612,7.645481364,7.642914907,7.536181369,7.898252296
X221816_s_at,10.13263456,10.21346661,10.16451411,10.66009189,11.57033008,10.39112186,10.48565673,10.8570465,11.58444675,10.78305725,11.18371817,11.29435423,9.793114218,10.08107922,11.60976445,10.61407963,10.82290394,10.02918508,10.46794114,11.97092835,11.74454265,10.47973162,11.23299165,10.87850454,11.32194286,10.8086469,10.96187052,10.42607194,10.64714477,11.3441684,10.74013931,10.42244004,10.7329016,10.05138243,10.97721024,10.7704786,11.27205111,11.07952772,11.40230186,11.22308248,9.050261496,10.42947669,10.37977134,10.79975548,10.87831803,11.13174992,10.71965339,10.54948678,10.1575377,11.48066091,11.62342702,10.78508816,11.47724834,10.8909048,10.69996585,11.35634021,9.332111498,11.57868271,11.01899868,9.025638055,11.39015979,10.62941627,11.11256328,11.51493108,10.84272553,11.60958044,11.57620786,10.8877033,11.14259123,10.96711994,11.53098408,10.96267955,10.98786789,10.64919088,10.78435076,10.54406167,10.93463267,10.81413351,11.75773186,11.12639318,10.90420677,10.43669338,11.16041852,10.73732469,10.85553,10.05755926,10.8286694,11.30497293,10.90159539,12.09957112,11.29874507,11.0307467,10.60947836,11.52471514,11.49999804,10.25310959,10.23507918,11.17420662,10.87020705,11.23239225,11.29281026,10.9460795,11.24274749,12.13729146,10.65669983,11.23650956,11.20334018,11.50642519,11.00614692,10.71143124,9.291638571,10.89753413,10.71528991,9.956173789,10.5148694,10.79273023,8.231834932,11.29994944,11.62245392,10.77462731,10.60487455,11.04628022,11.35929659,11.12263183,10.55574088,10.78148579,11.31905285,10.96397542,10.25619766,11.58579312,10.86923331,10.89069648,10.14705876,10.55926708,11.51313426,11.41923019,11.83354357,11.15004425,10.36769555,10.98041423,10.20449984,10.49047741,11.35301995,10.41631436,11.20102571,11.54126683,11.31900929,11.49102237,10.97409732,11.76283535,10.61092745,10.64436851,11.63955452,9.894828229,11.1686688,10.5545489,11.48197504,11.41876994,11.30143297,11.34708564,10.62909729,10.56435352,10.76063304,10.52450239,10.05768171,9.944402811,11.06015922,9.729764975,10.41567658,11.1564058,10.66647377,11.18337334,11.29596899,11.05732633,11.2445758,10.59396315,11.00886434,10.95124601,10.57568646,9.763744128,9.788348951,10.69221188,11.33982176,10.28670203,10.8251283,11.2583895,11.41396036,10.93815141,10.28415486,11.07376168,11.25570012,10.76373377,11.02233715,10.07457721,11.28967435,11.49097103,11.09221111,10.05232558
X221882_s_at,10.92636452,9.555091863,9.308047563,10.20824132,10.93184263,8.521186609,9.121285138,8.126522469,8.085639881,8.986964539,8.595651327,8.458605935,9.515933576,10.23794158,7.565631879,9.154628599,8.203297863,9.850618381,11.09516407,8.916612529,9.755736791,11.10129104,8.702129351,8.645962726,8.509914995,9.623241298,8.832500269,8.013333026,9.135447706,8.595445845,8.940264074,9.492571221,8.388944037,10.02126373,8.933418546,9.873941842,10.04027241,9.639008912,9.14227087,9.927604293,8.821050013,8.289969889,9.310841924,9.973213788,10.22030064,8.95385894,9.391119246,9.628356164,8.402144323,9.369727941,10.06410165,8.044378081,9.088891367,9.431203006,8.270551307,10.20314877,9.735808393,9.136137247,10.21366733,8.856108722,8.912751732,10.27240176,9.852236509,9.208514517,9.816840479,9.435098548,9.087800641,9.025959125,9.811365982,8.865768381,9.901445321,8.726542365,8.394062086,9.790640549,9.635829938,9.109303564,9.759545524,9.586942126,8.481989626,8.602406493,9.57339576,9.387047627,8.801252508,8.982965465,9.279745799,9.1747228,9.203965431,8.504069891,9.892234943,8.808850583,8.162715324,8.346396573,7.370091713,8.675788606,9.211054494,10.96490028,9.265023044,8.564036744,8.329697368,8.371310368,8.555115412,9.863785887,8.779735078,8.013519409,7.979606539,8.792798765,7.092396368,9.410698611,7.733410061,7.814351341,10.15420122,9.875488651,10.11867321,9.696693551,9.380935114,9.316847156,9.815267971,8.923420037,9.665497413,9.017790245,8.768454514,8.297237057,7.398198535,9.366900877,9.888280445,8.987313347,8.641247878,8.883654534,8.789920708,9.333853908,9.636987257,9.707783175,9.927650534,8.189240004,7.940157679,10.33521363,8.267047374,7.961261379,8.841235902,6.805716705,8.842270811,7.843632493,9.517508036,9.606367176,8.68308691,8.946223975,9.576276896,7.870158562,8.84444737,9.277233976,10.64203702,8.901359111,9.146144831,9.222949122,8.981423133,8.486260635,8.588723151,9.399420668,9.515414835,8.954649302,8.964949865,9.155253304,9.351893474,8.360873725,8.396888368,9.747152841,8.839762175,10.41450357,9.414598829,8.900971762,9.912215592,9.553018382,8.908810181,8.767491987,9.282206776,9.670497228,9.622276679,9.398424703,8.857409725,10.16890247,10.21027689,9.560203687,8.461732439,9.541445865,9.755739282,8.742821108,8.560502307,9.96282772,9.113779505,8.352496727,8.597376439,9.363153275,8.388651822,9.604668493,11.06782041,7.743568103,9.298177892,8.958376304
X221916_at,6.477749082,4.968049983,4.283777038,5.713404144,5.817265204,6.067041424,6.11588661,7.178019641,6.180757287,3.144646697,2.580117753,7.049258825,6.820374747,6.623014916,5.41274656,5.50355818,6.097773698,4.542398162,6.354684158,5.009398949,5.868221316,4.35850191,6.879589638,6.593786998,6.501129491,3.103765813,8.743188022,5.263702665,6.377365658,5.259808017,5.415382439,6.002268662,3.638115749,5.579862204,6.170577608,5.221948964,6.517876324,4.913656148,7.086641576,6.536008222,5.683195421,6.539190176,6.227335173,6.006036549,6.305865646,7.730872404,6.036602518,6.388987077,6.963622421,6.371758765,5.266848895,6.907908898,7.241994139,6.372038842,5.99913538,2.699639494,7.096017521,5.868178888,4.862177594,4.767436198,5.910103051,6.17796146,6.99362382,4.568818448,6.06850145,5.995876257,5.498060731,8.295618678,6.232389373,5.649720689,7.006627402,7.261040313,5.836560504,6.877317335,5.217793644,7.963605853,5.994904864,7.064486018,5.54293632,6.026535221,7.11675602,6.174090042,6.149178839,5.995965109,5.528164411,6.354109793,6.299383993,6.166931986,3.114869499,5.836644824,6.523676881,6.009742029,5.8237809,5.671502474,6.800940675,6.341450306,6.457485923,6.536538846,6.354410388,6.194540215,6.263831606,6.74139689,7.164730925,7.336265229,6.675211646,5.409309855,5.709871504,5.812962533,5.996817982,6.72153685,6.975577778,6.261637389,5.181455237,5.750308987,6.570948484,6.255515925,6.430061368,6.280042283,5.689070769,5.45742185,6.563193285,6.005774709,6.772867623,6.69412084,4.473140193,6.588091163,6.09236023,6.285645162,6.103261451,4.686502955,6.706234774,5.938418127,4.96384258,5.882790345,5.637268186,2.02003741,7.158125786,6.261260237,5.601427475,7.409564269,6.016095647,7.167128325,7.181871529,7.043507166,5.20312156,6.515673265,5.998636667,6.846145628,7.086540715,6.039190662,5.561945275,6.328161985,4.340214635,5.84991361,6.552665675,7.012221342,7.119729341,8.112124944,6.802049581,6.633152191,6.719716706,6.27014956,6.861839648,5.928317103,5.728395317,6.284008393,6.091323777,6.802654333,5.661027783,6.343647388,7.00802001,5.641917983,5.675502453,6.853589344,6.242353551,6.047879366,6.960717919,6.634184099,4.023075289,6.492921732,6.74684153,6.739205365,7.367778222,5.746710689,6.463946658,5.479934869,4.216325118,5.95834893,6.387179899,5.510646076,6.681836186,8.589132332,5.539609216,6.889179345,5.393927076,5.922924571,7.278382639,6.590988557
X221928_at,5.991885183,7.051129554,6.828985646,6.927250987,6.655447746,7.383624642,4.539654206,8.482437454,6.656660924,7.006747994,6.31818001,5.258353492,6.865614078,5.852012411,5.293173428,4.070145586,4.877793181,5.922958261,4.347073206,7.031229706,7.021614927,6.875374756,6.646715855,7.075856564,6.351634256,6.677496374,7.559933261,6.510839104,5.841543567,7.537693595,6.875906425,5.180424788,7.318724234,6.722829179,4.233993655,6.075057907,4.646787817,7.104098866,4.685702426,7.746964816,7.464745988,4.285795265,7.830505089,6.942364961,6.926325349,6.89169489,5.984480205,7.449108119,4.969156658,7.161944599,6.499153576,7.043811949,5.647518202,8.164377217,4.140716298,4.003496588,8.518649369,7.11741641,4.533825293,6.522819037,7.687884651,8.647008572,9.259539442,4.854094974,7.868157887,5.4986954,7.707318942,5.102109798,7.342745345,6.889921925,7.123565637,7.733029598,7.203084276,7.689931945,8.187954754,5.875610894,7.22027119,6.544039548,6.524838739,7.002640262,8.615299006,6.600690072,6.113801941,6.193052391,7.454998709,6.65790192,7.170008505,9.561840716,6.511976585,8.087664759,6.948858661,8.8558183,7.19066551,6.263661189,7.318480545,7.970486201,8.353217023,9.31007013,6.791619782,9.144178217,6.979530182,8.045957622,8.581775091,7.736590518,7.867970304,7.846061194,10.04356353,8.420919275,6.479997044,9.400025768,9.035981624,9.151099042,7.73874378,5.64801725,7.317880916,7.61684989,6.653050587,7.677773877,6.321750005,7.390847464,6.970999551,3.814468264,9.07426484,8.147052054,4.305146689,8.125557679,8.27630125,6.875294926,6.957693509,6.412932454,7.735036833,7.820868424,7.160988401,9.144055673,7.473961835,6.413400049,6.43857882,6.75540079,6.664729581,8.187180546,6.993397502,8.082944107,7.733561546,7.408381873,8.272061242,7.331286079,6.47911736,7.947651979,8.81790436,6.139275074,7.299550127,7.979492087,6.004129418,8.393071129,7.767308296,7.897087666,7.706234473,8.023868105,7.954015297,7.668025022,8.324824266,6.76013159,7.279310092,7.551826279,10.42268983,7.412581115,8.448171778,5.22407311,8.22319618,8.761844915,5.913003079,7.528859589,7.338576731,7.459809685,7.105208185,6.971889552,7.659270909,6.787367177,6.486208996,7.028871309,7.987813705,7.429095066,8.54916995,5.159248355,7.761339565,7.257989046,6.747951117,7.555290381,7.274053408,8.595516311,4.831014523,8.200635978,7.130597978,5.892039862,6.4210385,6.979893803,7.19579709,8.034221889
age,57,57,48,42,46,58,44,58,47,38,59,50,46,57,33,42,38,55,57,46,50,46,46,51,58,59,49,43,47,37,48,47,46,48,58,34,30,35,56,35,52,47,42,54,42,50,42,38,37,44,37,51,53,49,43,39,47,42,39,52,50,36,45,50,39,44,50,51,49,37,51,40,44,49,53,44,48,57,45,44,39,40,38,45,43,47,38,43,60,42,46,47,54,47,39,32,57,47,54,54,45,43,48,43,43,50,43,49,38,47,54,52,51,50,43,24,40,56,43,50,54,45,43,49,53,39,38,38,40,38,54,40,56,45,46,45,33,37,42,47,43,44,54,51,42,56,56,58,58,32,50,49,47,56,55,48,56,51,44,46,36,44,41,60,59,48,53,43,33,42,51,31,60,46,59,24,54,55,41,42,47,53,50,44,48,49,43,45,53,40,48,56,45,39,46,47,43,39
er,negative,positive,negative,positive,positive,positive,negative,positive,positive,positive,positive,positive,negative,negative,negative,positive,negative,negative,negative,positive,positive,negative,positive,positive,negative,positive,positive,positive,negative,positive,positive,positive,positive,negative,positive,positive,positive,positive,negative,negative,negative,positive,negative,positive,positive,positive,positive,positive,positive,positive,negative,positive,negative,positive,negative,positive,positive,positive,negative,positive,positive,positive,positive,positive,positive,positive,positive,positive,positive,negative,positive,negative,positive,positive,positive,positive,positive,positive,positive,positive,positive,negative,positive,positive,positive,negative,negative,negative,positive,positive,negative,negative,negative,negative,negative,negative,negative,negative,positive,positive,negative,positive,positive,positive,positive,positive,positive,positive,negative,negative,positive,positive,positive,positive,negative,positive,positive,positive,negative,positive,positive,negative,positive,positive,negative,negative,positive,positive,negative,positive,positive,positive,negative,positive,positive,positive,negative,negative,negative,positive,positive,positive,positive,negative,positive,positive,positive,positive,positive,positive,positive,negative,positive,positive,positive,positive,positive,positive,positive,negative,positive,positive,positive,positive,positive,negative,positive,negative,positive,positive,negative,positive,positive,positive,negative,positive,positive,positive,negative,positive,negative,negative,positive,positive,negative,positive,positive,positive,negative,positive,negative,positive,positive,negative,negative,positive,positive,negative
grade,poorly differentiated,poorly differentiated,poorly differentiated,poorly differentiated,intermediate,intermediate,poorly differentiated,well differentiated,poorly differentiated,intermediate,poorly differentiated,well differentiated,poorly differentiated,intermediate,poorly differentiated,poorly differentiated,poorly differentiated,intermediate,intermediate,intermediate,intermediate,poorly differentiated,intermediate,intermediate,poorly differentiated,well differentiated,intermediate,well differentiated,poorly differentiated,poorly differentiated,poorly differentiated,intermediate,intermediate,poorly differentiated,intermediate,poorly differentiated,intermediate,intermediate,poorly differentiated,intermediate,poorly differentiated,poorly differentiated,poorly differentiated,intermediate,poorly differentiated,intermediate,well differentiated,well differentiated,poorly differentiated,poorly differentiated,poorly differentiated,intermediate,poorly differentiated,well differentiated,poorly differentiated,intermediate,intermediate,poorly differentiated,intermediate,intermediate,intermediate,poorly differentiated,intermediate,well differentiated,poorly differentiated,well differentiated,well differentiated,intermediate,well differentiated,intermediate,intermediate,poorly differentiated,well differentiated,poorly differentiated,well differentiated,intermediate,intermediate,intermediate,poorly differentiated,well differentiated,intermediate,poorly differentiated,poorly differentiated,well differentiated,intermediate,poorly differentiated,intermediate,intermediate,poorly differentiated,intermediate,poorly differentiated,intermediate,poorly differentiated,poorly differentiated,poorly differentiated,poorly differentiated,poorly differentiated,intermediate,intermediate,well differentiated,poorly differentiated,poorly differentiated,well differentiated,poorly differentiated,intermediate,well differentiated,well differentiated,intermediate,intermediate,intermediate,intermediate,well differentiated,intermediate,intermediate,intermediate,intermediate,poorly differentiated,intermediate,poorly differentiated,unkown,well differentiated,poorly differentiated,intermediate,well differentiated,poorly differentiated,poorly differentiated,unkown,poorly differentiated,poorly differentiated,intermediate,intermediate,intermediate,poorly differentiated,intermediate,intermediate,poorly differentiated,poorly differentiated,poorly differentiated,poorly differentiated,poorly differentiated,intermediate,poorly differentiated,intermediate,intermediate,intermediate,intermediate,intermediate,poorly differentiated,intermediate,intermediate,poorly differentiated,poorly differentiated,well differentiated,intermediate,well differentiated,intermediate,intermediate,intermediate,poorly differentiated,intermediate,well differentiated,intermediate,intermediate,intermediate,intermediate,poorly differentiated,intermediate,poorly differentiated,intermediate,well differentiated,poorly differentiated,poorly differentiated,poorly differentiated,poorly differentiated,poorly differentiated,well differentiated,intermediate,intermediate,poorly differentiated,poorly differentiated,poorly differentiated,poorly differentiated,intermediate,poorly differentiated,well differentiated,intermediate,intermediate,well differentiated,poorly differentiated,poorly differentiated,poorly differentiated,intermediate,intermediate,poorly differentiated,poorly differentiated,well differentiated,intermediate,poorly differentiated
size,3.0,3.0,2.5,1.8,3.0,2.0,2.0,2.5,3.0,2.5,2.0,0.8,4.5,2.0,2.5,2.0,2.0,2.5,2.5,2.5,2.0,2.0,2.5,1.5,2.5,2.6,0.6,2.5,2.0,1.7,4.0,1.9,2.5,2.0,1.9,2.0,4.5,3.0,2.6,3.2,2.7,3.0,1.6,1.7,2.5,2.5,3.0,3.5,2.5,3.0,3.1,1.5,4.0,2.5,3.0,2.2,2.0,1.9,1.2,3.0,1.5,2.2,2.5,1.7,2.3,3.0,1.3,1.8,2.0,2.0,1.8,2.0,2.0,2.0,1.5,2.9,2.3,2.5,3.0,2.0,1.5,3.0,2.0,2.6,2.6,1.5,1.8,2.0,3.1,2.0,2.1,1.0,1.0,2.2,5.0,3.0,2.5,3.8,1.8,1.8,4.0,2.2,1.0,2.0,2.0,0.8,0.8,1.3,2.0,0.9,1.0,1.9,1.4,0.9,4.0,0.9,1.4,1.0,2.0,1.1,1.0,2.2,1.2,2.0,3.8,1.1,2.2,2.0,1.2,1.5,1.7,2.1,1.0,2.0,2.0,1.6,2.8,2.4,2.5,1.1,2.0,1.6,2.3,1.8,2.0,2.2,2.5,2.3,2.2,1.5,1.9,1.3,1.9,2.2,1.0,1.8,0.9,2.0,1.2,1.2,1.2,1.3,2.2,3.0,3.0,2.7,3.0,4.0,1.5,2.6,4.0,1.7,3.2,2.0,2.1,3.2,3.0,0.8,2.1,2.5,2.5,2.2,2.4,2.2,1.5,3.0,2.5,2.0,1.4,4.2,3.2,1.5,1.7,2.2,3.2,2.5,1.2,2.5
